# Renewables.ninja Wind power (Point API) - 68.504, 17.889 - Version: 1.4 - License: https://creativecommons.org/licenses/by-nc/4.0/ - Reference: https://doi.org/10.1016/j.energy.2016.08.068,,,,,,,,,,,,,
# Units: time in UTC, local_time in Europe/Paris, electricity in kW, wind_speed in m/s,,,,,,,,,,,
"# {""units"": {""time"": ""UTC"""," ""local_time"": ""Europe/Paris"""," ""electricity"": ""kW"""," ""wind_speed"": ""m/s""}"," ""params"": {""local_time"": ""true"""," ""header"": ""true"""," ""lat"": ""68.50390159087434"""," ""lon"": ""17.889360554624993"""," ""date_from"": ""2019-01-01"""," ""date_to"": ""2019-12-31"""," ""dataset"": ""merra2"""," ""capacity"": ""32200"""," ""height"": ""80"""," ""turbine"": ""Vestas V90 2000"""," ""raw"": ""true""}}"
time,local_time,electricity,wind_speed,,,,,,,,,,,
1/1/2019 0:00,1/1/2019 1:00,1138.596,3.514,,,,,,,,,,,
1/1/2019 1:00,1/1/2019 2:00,2045.741,4.083,,,,,,,,,,,
1/1/2019 2:00,1/1/2019 3:00,3849.732,4.913,,,,,,,,,,,
1/1/2019 3:00,1/1/2019 4:00,5545.222,5.52,,,,,,,,,,,
1/1/2019 4:00,1/1/2019 5:00,7540.391,6.121,,,,,,,,,,,
1/1/2019 5:00,1/1/2019 6:00,9060.387,6.528,,,,,,,,,,,
1/1/2019 6:00,1/1/2019 7:00,9381.364,6.605,,,,,,,,,,,
1/1/2019 7:00,1/1/2019 8:00,8835.652,6.465,,,,,,,,,,,
1/1/2019 8:00,1/1/2019 9:00,10762.759,6.95,,,,,,,,,,,
1/1/2019 9:00,1/1/2019 10:00,13752.402,7.638,,,,,,,,,,,
1/1/2019 10:00,1/1/2019 11:00,16978.841,8.374,,,,,,,,,,,
1/1/2019 11:00,1/1/2019 12:00,18218.378,8.66,,,,,,,,,,,
1/1/2019 12:00,1/1/2019 13:00,18389.531,8.7,,,,,,,,,,,
1/1/2019 13:00,1/1/2019 14:00,20831.105,9.293,,,,,,,,,,,
1/1/2019 14:00,1/1/2019 15:00,19023.678,8.85,,,,,,,,,,,
1/1/2019 15:00,1/1/2019 16:00,15076.786,7.944,,,,,,,,,,,
1/1/2019 16:00,1/1/2019 17:00,9165.52,6.555,,,,,,,,,,,
1/1/2019 17:00,1/1/2019 18:00,5858.284,5.621,,,,,,,,,,,
1/1/2019 18:00,1/1/2019 19:00,5830.142,5.612,,,,,,,,,,,
1/1/2019 19:00,1/1/2019 20:00,8560.175,6.398,,,,,,,,,,,
1/1/2019 20:00,1/1/2019 21:00,12667.173,7.389,,,,,,,,,,,
1/1/2019 21:00,1/1/2019 22:00,14043.418,7.711,,,,,,,,,,,
1/1/2019 22:00,1/1/2019 23:00,13601.718,7.61,,,,,,,,,,,
1/1/2019 23:00,1/2/2019 0:00,12966.853,7.466,,,,,,,,,,,
1/2/2019 0:00,1/2/2019 1:00,13394.035,7.563,,,,,,,,,,,
1/2/2019 1:00,1/2/2019 2:00,14014.592,7.704,,,,,,,,,,,
1/2/2019 2:00,1/2/2019 3:00,13926.94,7.684,,,,,,,,,,,
1/2/2019 3:00,1/2/2019 4:00,12720.879,7.4,,,,,,,,,,,
1/2/2019 4:00,1/2/2019 5:00,11773.416,7.185,,,,,,,,,,,
1/2/2019 5:00,1/2/2019 6:00,10306.156,6.835,,,,,,,,,,,
1/2/2019 6:00,1/2/2019 7:00,9204.09,6.565,,,,,,,,,,,
1/2/2019 7:00,1/2/2019 8:00,8939.333,6.487,,,,,,,,,,,
1/2/2019 8:00,1/2/2019 9:00,8429.81,6.362,,,,,,,,,,,
1/2/2019 9:00,1/2/2019 10:00,7762.317,6.181,,,,,,,,,,,
1/2/2019 10:00,1/2/2019 11:00,6860.817,5.927,,,,,,,,,,,
1/2/2019 11:00,1/2/2019 12:00,5796.169,5.601,,,,,,,,,,,
1/2/2019 12:00,1/2/2019 13:00,4791.898,5.265,,,,,,,,,,,
1/2/2019 13:00,1/2/2019 14:00,4002.047,4.973,,,,,,,,,,,
1/2/2019 14:00,1/2/2019 15:00,3656.438,4.836,,,,,,,,,,,
1/2/2019 15:00,1/2/2019 16:00,3099.014,4.599,,,,,,,,,,,
1/2/2019 16:00,1/2/2019 17:00,2507.152,4.323,,,,,,,,,,,
1/2/2019 17:00,1/2/2019 18:00,2160.582,4.136,,,,,,,,,,,
1/2/2019 18:00,1/2/2019 19:00,2332.876,4.235,,,,,,,,,,,
1/2/2019 19:00,1/2/2019 20:00,3073.716,4.588,,,,,,,,,,,
1/2/2019 20:00,1/2/2019 21:00,3695.986,4.852,,,,,,,,,,,
1/2/2019 21:00,1/2/2019 22:00,4035.577,4.986,,,,,,,,,,,
1/2/2019 22:00,1/2/2019 23:00,4343.013,5.102,,,,,,,,,,,
1/2/2019 23:00,1/3/2019 0:00,5138.414,5.385,,,,,,,,,,,
1/3/2019 0:00,1/3/2019 1:00,5869.823,5.625,,,,,,,,,,,
1/3/2019 1:00,1/3/2019 2:00,7026.54,5.965,,,,,,,,,,,
1/3/2019 2:00,1/3/2019 3:00,8491.693,6.372,,,,,,,,,,,
1/3/2019 3:00,1/3/2019 4:00,10179.089,6.809,,,,,,,,,,,
1/3/2019 4:00,1/3/2019 5:00,11636.838,7.149,,,,,,,,,,,
1/3/2019 5:00,1/3/2019 6:00,12294.607,7.311,,,,,,,,,,,
1/3/2019 6:00,1/3/2019 7:00,12770.67,7.416,,,,,,,,,,,
1/3/2019 7:00,1/3/2019 8:00,13326.03,7.548,,,,,,,,,,,
1/3/2019 8:00,1/3/2019 9:00,13686.05,7.624,,,,,,,,,,,
1/3/2019 9:00,1/3/2019 10:00,14277.074,7.757,,,,,,,,,,,
1/3/2019 10:00,1/3/2019 11:00,14511.701,7.816,,,,,,,,,,,
1/3/2019 11:00,1/3/2019 12:00,14485.284,7.811,,,,,,,,,,,
1/3/2019 12:00,1/3/2019 13:00,14399.641,7.791,,,,,,,,,,,
1/3/2019 13:00,1/3/2019 14:00,20991.084,9.334,,,,,,,,,,,
1/3/2019 14:00,1/3/2019 15:00,21813.562,9.549,,,,,,,,,,,
1/3/2019 15:00,1/3/2019 16:00,18602.529,8.748,,,,,,,,,,,
1/3/2019 16:00,1/3/2019 17:00,17701.178,8.537,,,,,,,,,,,
1/3/2019 17:00,1/3/2019 18:00,16123.113,8.175,,,,,,,,,,,
1/3/2019 18:00,1/3/2019 19:00,15497.954,8.029,,,,,,,,,,,
1/3/2019 19:00,1/3/2019 20:00,16696.57,8.306,,,,,,,,,,,
1/3/2019 20:00,1/3/2019 21:00,16608.574,8.287,,,,,,,,,,,
1/3/2019 21:00,1/3/2019 22:00,16608.406,8.281,,,,,,,,,,,
1/3/2019 22:00,1/3/2019 23:00,15541.667,8.044,,,,,,,,,,,
1/3/2019 23:00,1/4/2019 0:00,14304.852,7.762,,,,,,,,,,,
1/4/2019 0:00,1/4/2019 1:00,12115.551,7.267,,,,,,,,,,,
1/4/2019 1:00,1/4/2019 2:00,9738.994,6.694,,,,,,,,,,,
1/4/2019 2:00,1/4/2019 3:00,7825.101,6.198,,,,,,,,,,,
1/4/2019 3:00,1/4/2019 4:00,6182.366,5.723,,,,,,,,,,,
1/4/2019 4:00,1/4/2019 5:00,4926.308,5.303,,,,,,,,,,,
1/4/2019 5:00,1/4/2019 6:00,4428.482,5.134,,,,,,,,,,,
1/4/2019 6:00,1/4/2019 7:00,3382.681,4.722,,,,,,,,,,,
1/4/2019 7:00,1/4/2019 8:00,2504.241,4.321,,,,,,,,,,,
1/4/2019 8:00,1/4/2019 9:00,2059.986,4.091,,,,,,,,,,,
1/4/2019 9:00,1/4/2019 10:00,1863.833,3.981,,,,,,,,,,,
1/4/2019 10:00,1/4/2019 11:00,1850.501,3.965,,,,,,,,,,,
1/4/2019 11:00,1/4/2019 12:00,1876.76,3.989,,,,,,,,,,,
1/4/2019 12:00,1/4/2019 13:00,1839.585,3.958,,,,,,,,,,,
1/4/2019 13:00,1/4/2019 14:00,1651.906,3.856,,,,,,,,,,,
1/4/2019 14:00,1/4/2019 15:00,1454.677,3.732,,,,,,,,,,,
1/4/2019 15:00,1/4/2019 16:00,1377.11,3.681,,,,,,,,,,,
1/4/2019 16:00,1/4/2019 17:00,1332.126,3.651,,,,,,,,,,,
1/4/2019 17:00,1/4/2019 18:00,1329.752,3.641,,,,,,,,,,,
1/4/2019 18:00,1/4/2019 19:00,1332.346,3.651,,,,,,,,,,,
1/4/2019 19:00,1/4/2019 20:00,1301.112,3.621,,,,,,,,,,,
1/4/2019 20:00,1/4/2019 21:00,1258.117,3.6,,,,,,,,,,,
1/4/2019 21:00,1/4/2019 22:00,1467.128,3.74,,,,,,,,,,,
1/4/2019 22:00,1/4/2019 23:00,1741.567,3.91,,,,,,,,,,,
1/4/2019 23:00,1/5/2019 0:00,1995.043,4.055,,,,,,,,,,,
1/5/2019 0:00,1/5/2019 1:00,2460.214,4.293,,,,,,,,,,,
1/5/2019 1:00,1/5/2019 2:00,2951.973,4.527,,,,,,,,,,,
1/5/2019 2:00,1/5/2019 3:00,3264.979,4.672,,,,,,,,,,,
1/5/2019 3:00,1/5/2019 4:00,3164.021,4.619,,,,,,,,,,,
1/5/2019 4:00,1/5/2019 5:00,2865.96,4.494,,,,,,,,,,,
1/5/2019 5:00,1/5/2019 6:00,3032.111,4.569,,,,,,,,,,,
1/5/2019 6:00,1/5/2019 7:00,3191.925,4.631,,,,,,,,,,,
1/5/2019 7:00,1/5/2019 8:00,2853.933,4.488,,,,,,,,,,,
1/5/2019 8:00,1/5/2019 9:00,2844.363,4.484,,,,,,,,,,,
1/5/2019 9:00,1/5/2019 10:00,3088.072,4.594,,,,,,,,,,,
1/5/2019 10:00,1/5/2019 11:00,4281.802,5.073,,,,,,,,,,,
1/5/2019 11:00,1/5/2019 12:00,4987.922,5.333,,,,,,,,,,,
1/5/2019 12:00,1/5/2019 13:00,5300.977,5.44,,,,,,,,,,,
1/5/2019 13:00,1/5/2019 14:00,5796.543,5.602,,,,,,,,,,,
1/5/2019 14:00,1/5/2019 15:00,6557.199,5.837,,,,,,,,,,,
1/5/2019 15:00,1/5/2019 16:00,8416.405,6.352,,,,,,,,,,,
1/5/2019 16:00,1/5/2019 17:00,8340.598,6.33,,,,,,,,,,,
1/5/2019 17:00,1/5/2019 18:00,7499.378,6.102,,,,,,,,,,,
1/5/2019 18:00,1/5/2019 19:00,6266.551,5.749,,,,,,,,,,,
1/5/2019 19:00,1/5/2019 20:00,7324.849,6.06,,,,,,,,,,,
1/5/2019 20:00,1/5/2019 21:00,8758.323,6.442,,,,,,,,,,,
1/5/2019 21:00,1/5/2019 22:00,9914.436,6.734,,,,,,,,,,,
1/5/2019 22:00,1/5/2019 23:00,10842.707,6.962,,,,,,,,,,,
1/5/2019 23:00,1/6/2019 0:00,11986.451,7.235,,,,,,,,,,,
1/6/2019 0:00,1/6/2019 1:00,12570.919,7.368,,,,,,,,,,,
1/6/2019 1:00,1/6/2019 2:00,13249.716,7.525,,,,,,,,,,,
1/6/2019 2:00,1/6/2019 3:00,14126.276,7.729,,,,,,,,,,,
1/6/2019 3:00,1/6/2019 4:00,14393.787,7.785,,,,,,,,,,,
1/6/2019 4:00,1/6/2019 5:00,14591.253,7.827,,,,,,,,,,,
1/6/2019 5:00,1/6/2019 6:00,13375.913,7.559,,,,,,,,,,,
1/6/2019 6:00,1/6/2019 7:00,12214.898,7.293,,,,,,,,,,,
1/6/2019 7:00,1/6/2019 8:00,12335.519,7.32,,,,,,,,,,,
1/6/2019 8:00,1/6/2019 9:00,13686.817,7.63,,,,,,,,,,,
1/6/2019 9:00,1/6/2019 10:00,15014.414,7.92,,,,,,,,,,,
1/6/2019 10:00,1/6/2019 11:00,16341.824,8.229,,,,,,,,,,,
1/6/2019 11:00,1/6/2019 12:00,21751.326,9.533,,,,,,,,,,,
1/6/2019 12:00,1/6/2019 13:00,21550.397,9.479,,,,,,,,,,,
1/6/2019 13:00,1/6/2019 14:00,19534.837,8.972,,,,,,,,,,,
1/6/2019 14:00,1/6/2019 15:00,16916.189,8.356,,,,,,,,,,,
1/6/2019 15:00,1/6/2019 16:00,15414.121,8.013,,,,,,,,,,,
1/6/2019 16:00,1/6/2019 17:00,14393.366,7.781,,,,,,,,,,,
1/6/2019 17:00,1/6/2019 18:00,13793.799,7.645,,,,,,,,,,,
1/6/2019 18:00,1/6/2019 19:00,12942.577,7.46,,,,,,,,,,,
1/6/2019 19:00,1/6/2019 20:00,12312.44,7.316,,,,,,,,,,,
1/6/2019 20:00,1/6/2019 21:00,12793.382,7.418,,,,,,,,,,,
1/6/2019 21:00,1/6/2019 22:00,13845.718,7.656,,,,,,,,,,,
1/6/2019 22:00,1/6/2019 23:00,15117.617,7.953,,,,,,,,,,,
1/6/2019 23:00,1/7/2019 0:00,16828.353,8.333,,,,,,,,,,,
1/7/2019 0:00,1/7/2019 1:00,18435.871,8.705,,,,,,,,,,,
1/7/2019 1:00,1/7/2019 2:00,20063.447,9.101,,,,,,,,,,,
1/7/2019 2:00,1/7/2019 3:00,20790.387,9.283,,,,,,,,,,,
1/7/2019 3:00,1/7/2019 4:00,21183.183,9.384,,,,,,,,,,,
1/7/2019 4:00,1/7/2019 5:00,22082.991,9.622,,,,,,,,,,,
1/7/2019 5:00,1/7/2019 6:00,23252.227,9.946,,,,,,,,,,,
1/7/2019 6:00,1/7/2019 7:00,23610.579,10.056,,,,,,,,,,,
1/7/2019 7:00,1/7/2019 8:00,22561.056,9.753,,,,,,,,,,,
1/7/2019 8:00,1/7/2019 9:00,21849.192,9.559,,,,,,,,,,,
1/7/2019 9:00,1/7/2019 10:00,21629.763,9.491,,,,,,,,,,,
1/7/2019 10:00,1/7/2019 11:00,20739.699,9.261,,,,,,,,,,,
1/7/2019 11:00,1/7/2019 12:00,21652.577,9.503,,,,,,,,,,,
1/7/2019 12:00,1/7/2019 13:00,22008.454,9.601,,,,,,,,,,,
1/7/2019 13:00,1/7/2019 14:00,22015.453,9.603,,,,,,,,,,,
1/7/2019 14:00,1/7/2019 15:00,22909.915,9.851,,,,,,,,,,,
1/7/2019 15:00,1/7/2019 16:00,22971.383,9.869,,,,,,,,,,,
1/7/2019 16:00,1/7/2019 17:00,22366.666,9.689,,,,,,,,,,,
1/7/2019 17:00,1/7/2019 18:00,21472.571,9.454,,,,,,,,,,,
1/7/2019 18:00,1/7/2019 19:00,21547.216,9.479,,,,,,,,,,,
1/7/2019 19:00,1/7/2019 20:00,21409.906,9.436,,,,,,,,,,,
1/7/2019 20:00,1/7/2019 21:00,21483.44,9.456,,,,,,,,,,,
1/7/2019 21:00,1/7/2019 22:00,20024.674,9.092,,,,,,,,,,,
1/7/2019 22:00,1/7/2019 23:00,18428.846,8.705,,,,,,,,,,,
1/7/2019 23:00,1/8/2019 0:00,17787.814,8.554,,,,,,,,,,,
1/8/2019 0:00,1/8/2019 1:00,18304.171,8.675,,,,,,,,,,,
1/8/2019 1:00,1/8/2019 2:00,18833.042,8.797,,,,,,,,,,,
1/8/2019 2:00,1/8/2019 3:00,18124.843,8.638,,,,,,,,,,,
1/8/2019 3:00,1/8/2019 4:00,17787.813,8.554,,,,,,,,,,,
1/8/2019 4:00,1/8/2019 5:00,18602.552,8.747,,,,,,,,,,,
1/8/2019 5:00,1/8/2019 6:00,19445.669,8.951,,,,,,,,,,,
1/8/2019 6:00,1/8/2019 7:00,19185.298,8.888,,,,,,,,,,,
1/8/2019 7:00,1/8/2019 8:00,18983.034,8.836,,,,,,,,,,,
1/8/2019 8:00,1/8/2019 9:00,18808.502,8.794,,,,,,,,,,,
1/8/2019 9:00,1/8/2019 10:00,18513.605,8.729,,,,,,,,,,,
1/8/2019 10:00,1/8/2019 11:00,17222.619,8.426,,,,,,,,,,,
1/8/2019 11:00,1/8/2019 12:00,15724.68,8.085,,,,,,,,,,,
1/8/2019 12:00,1/8/2019 13:00,13597.492,7.6,,,,,,,,,,,
1/8/2019 13:00,1/8/2019 14:00,11384.478,7.094,,,,,,,,,,,
1/8/2019 14:00,1/8/2019 15:00,10460.001,6.869,,,,,,,,,,,
1/8/2019 15:00,1/8/2019 16:00,10866.2,6.975,,,,,,,,,,,
1/8/2019 16:00,1/8/2019 17:00,10968.974,6.998,,,,,,,,,,,
1/8/2019 17:00,1/8/2019 18:00,10878.599,6.978,,,,,,,,,,,
1/8/2019 18:00,1/8/2019 19:00,10470.166,6.874,,,,,,,,,,,
1/8/2019 19:00,1/8/2019 20:00,9738.655,6.692,,,,,,,,,,,
1/8/2019 20:00,1/8/2019 21:00,10027.866,6.771,,,,,,,,,,,
1/8/2019 21:00,1/8/2019 22:00,8620.055,6.412,,,,,,,,,,,
1/8/2019 22:00,1/8/2019 23:00,5982.909,5.661,,,,,,,,,,,
1/8/2019 23:00,1/9/2019 0:00,4371.585,5.113,,,,,,,,,,,
1/9/2019 0:00,1/9/2019 1:00,3695.43,4.851,,,,,,,,,,,
1/9/2019 1:00,1/9/2019 2:00,3836.49,4.908,,,,,,,,,,,
1/9/2019 2:00,1/9/2019 3:00,4298.104,5.086,,,,,,,,,,,
1/9/2019 3:00,1/9/2019 4:00,4356.202,5.107,,,,,,,,,,,
1/9/2019 4:00,1/9/2019 5:00,3958.379,4.956,,,,,,,,,,,
1/9/2019 5:00,1/9/2019 6:00,3419.194,4.737,,,,,,,,,,,
1/9/2019 6:00,1/9/2019 7:00,3393.365,4.727,,,,,,,,,,,
1/9/2019 7:00,1/9/2019 8:00,3474.727,4.761,,,,,,,,,,,
1/9/2019 8:00,1/9/2019 9:00,4009.844,4.976,,,,,,,,,,,
1/9/2019 9:00,1/9/2019 10:00,5019.158,5.344,,,,,,,,,,,
1/9/2019 10:00,1/9/2019 11:00,5961.546,5.654,,,,,,,,,,,
1/9/2019 11:00,1/9/2019 12:00,6786.403,5.905,,,,,,,,,,,
1/9/2019 12:00,1/9/2019 13:00,6757.115,5.896,,,,,,,,,,,
1/9/2019 13:00,1/9/2019 14:00,5476.178,5.498,,,,,,,,,,,
1/9/2019 14:00,1/9/2019 15:00,4637.377,5.207,,,,,,,,,,,
1/9/2019 15:00,1/9/2019 16:00,4225.698,5.049,,,,,,,,,,,
1/9/2019 16:00,1/9/2019 17:00,3733.811,4.864,,,,,,,,,,,
1/9/2019 17:00,1/9/2019 18:00,3260.737,4.669,,,,,,,,,,,
1/9/2019 18:00,1/9/2019 19:00,3452.994,4.752,,,,,,,,,,,
1/9/2019 19:00,1/9/2019 20:00,4108.411,5.014,,,,,,,,,,,
1/9/2019 20:00,1/9/2019 21:00,4718.843,5.239,,,,,,,,,,,
1/9/2019 21:00,1/9/2019 22:00,6318.679,5.765,,,,,,,,,,,
1/9/2019 22:00,1/9/2019 23:00,8144.891,6.287,,,,,,,,,,,
1/9/2019 23:00,1/10/2019 0:00,10006.367,6.757,,,,,,,,,,,
1/10/2019 0:00,1/10/2019 1:00,11928.49,7.226,,,,,,,,,,,
1/10/2019 1:00,1/10/2019 2:00,14304.775,7.762,,,,,,,,,,,
1/10/2019 2:00,1/10/2019 3:00,17006.564,8.381,,,,,,,,,,,
1/10/2019 3:00,1/10/2019 4:00,18475.041,8.714,,,,,,,,,,,
1/10/2019 4:00,1/10/2019 5:00,19648.74,8.99,,,,,,,,,,,
1/10/2019 5:00,1/10/2019 6:00,19938.558,9.071,,,,,,,,,,,
1/10/2019 6:00,1/10/2019 7:00,24514.232,10.329,,,,,,,,,,,
1/10/2019 7:00,1/10/2019 8:00,28372.402,11.937,,,,,,,,,,,
1/10/2019 8:00,1/10/2019 9:00,27879.056,11.676,,,,,,,,,,,
1/10/2019 9:00,1/10/2019 10:00,29391.092,12.582,,,,,,,,,,,
1/10/2019 10:00,1/10/2019 11:00,30464.447,13.51,,,,,,,,,,,
1/10/2019 11:00,1/10/2019 12:00,31059.448,14.267,,,,,,,,,,,
1/10/2019 12:00,1/10/2019 13:00,31380.325,14.812,,,,,,,,,,,
1/10/2019 13:00,1/10/2019 14:00,31629.304,15.408,,,,,,,,,,,
1/10/2019 14:00,1/10/2019 15:00,31317.975,14.698,,,,,,,,,,,
1/10/2019 15:00,1/10/2019 16:00,31176.433,14.44,,,,,,,,,,,
1/10/2019 16:00,1/10/2019 17:00,31067.29,14.279,,,,,,,,,,,
1/10/2019 17:00,1/10/2019 18:00,30473.02,13.525,,,,,,,,,,,
1/10/2019 18:00,1/10/2019 19:00,30388.441,13.442,,,,,,,,,,,
1/10/2019 19:00,1/10/2019 20:00,30504.969,13.565,,,,,,,,,,,
1/10/2019 20:00,1/10/2019 21:00,30996.202,14.167,,,,,,,,,,,
1/10/2019 21:00,1/10/2019 22:00,31467.743,15.006,,,,,,,,,,,
1/10/2019 22:00,1/10/2019 23:00,31714.545,15.676,,,,,,,,,,,
1/10/2019 23:00,1/11/2019 0:00,31816.742,16.089,,,,,,,,,,,
1/11/2019 0:00,1/11/2019 1:00,31527.383,15.142,,,,,,,,,,,
1/11/2019 1:00,1/11/2019 2:00,30801.215,13.902,,,,,,,,,,,
1/11/2019 2:00,1/11/2019 3:00,30401.951,13.456,,,,,,,,,,,
1/11/2019 3:00,1/11/2019 4:00,29448.891,12.633,,,,,,,,,,,
1/11/2019 4:00,1/11/2019 5:00,26310.674,10.978,,,,,,,,,,,
1/11/2019 5:00,1/11/2019 6:00,22017.943,9.604,,,,,,,,,,,
1/11/2019 6:00,1/11/2019 7:00,24795.106,10.429,,,,,,,,,,,
1/11/2019 7:00,1/11/2019 8:00,29376.422,12.575,,,,,,,,,,,
1/11/2019 8:00,1/11/2019 9:00,30447.466,13.502,,,,,,,,,,,
1/11/2019 9:00,1/11/2019 10:00,29854.883,12.949,,,,,,,,,,,
1/11/2019 10:00,1/11/2019 11:00,28637.515,12.099,,,,,,,,,,,
1/11/2019 11:00,1/11/2019 12:00,27741.038,11.604,,,,,,,,,,,
1/11/2019 12:00,1/11/2019 13:00,26311.949,10.979,,,,,,,,,,,
1/11/2019 13:00,1/11/2019 14:00,29486.928,12.652,,,,,,,,,,,
1/11/2019 14:00,1/11/2019 15:00,30751.007,13.849,,,,,,,,,,,
1/11/2019 15:00,1/11/2019 16:00,29339.817,12.555,,,,,,,,,,,
1/11/2019 16:00,1/11/2019 17:00,29197.386,12.455,,,,,,,,,,,
1/11/2019 17:00,1/11/2019 18:00,29306.24,12.531,,,,,,,,,,,
1/11/2019 18:00,1/11/2019 19:00,28773.111,12.176,,,,,,,,,,,
1/11/2019 19:00,1/11/2019 20:00,27962.708,11.724,,,,,,,,,,,
1/11/2019 20:00,1/11/2019 21:00,27171.218,11.33,,,,,,,,,,,
1/11/2019 21:00,1/11/2019 22:00,26965.17,11.249,,,,,,,,,,,
1/11/2019 22:00,1/11/2019 23:00,26588.236,11.086,,,,,,,,,,,
1/11/2019 23:00,1/12/2019 0:00,26136.634,10.907,,,,,,,,,,,
1/12/2019 0:00,1/12/2019 1:00,25373.429,10.619,,,,,,,,,,,
1/12/2019 1:00,1/12/2019 2:00,24707.589,10.395,,,,,,,,,,,
1/12/2019 2:00,1/12/2019 3:00,23729.723,10.091,,,,,,,,,,,
1/12/2019 3:00,1/12/2019 4:00,22550.756,9.747,,,,,,,,,,,
1/12/2019 4:00,1/12/2019 5:00,21359.282,9.42,,,,,,,,,,,
1/12/2019 5:00,1/12/2019 6:00,19651.125,9,,,,,,,,,,,
1/12/2019 6:00,1/12/2019 7:00,17943.759,8.596,,,,,,,,,,,
1/12/2019 7:00,1/12/2019 8:00,16182.322,8.193,,,,,,,,,,,
1/12/2019 8:00,1/12/2019 9:00,14798.759,7.881,,,,,,,,,,,
1/12/2019 9:00,1/12/2019 10:00,13906.934,7.675,,,,,,,,,,,
1/12/2019 10:00,1/12/2019 11:00,13115.155,7.498,,,,,,,,,,,
1/12/2019 11:00,1/12/2019 12:00,12504.598,7.357,,,,,,,,,,,
1/12/2019 12:00,1/12/2019 13:00,12571.81,7.368,,,,,,,,,,,
1/12/2019 13:00,1/12/2019 14:00,13167.854,7.506,,,,,,,,,,,
1/12/2019 14:00,1/12/2019 15:00,13510.5,7.589,,,,,,,,,,,
1/12/2019 15:00,1/12/2019 16:00,12653.277,7.387,,,,,,,,,,,
1/12/2019 16:00,1/12/2019 17:00,11116.793,7.035,,,,,,,,,,,
1/12/2019 17:00,1/12/2019 18:00,10078.051,6.784,,,,,,,,,,,
1/12/2019 18:00,1/12/2019 19:00,9188.964,6.561,,,,,,,,,,,
1/12/2019 19:00,1/12/2019 20:00,7985.811,6.234,,,,,,,,,,,
1/12/2019 20:00,1/12/2019 21:00,7039.654,5.969,,,,,,,,,,,
1/12/2019 21:00,1/12/2019 22:00,7111.605,5.999,,,,,,,,,,,
1/12/2019 22:00,1/12/2019 23:00,6474.798,5.812,,,,,,,,,,,
1/12/2019 23:00,1/13/2019 0:00,6214.385,5.733,,,,,,,,,,,
1/13/2019 0:00,1/13/2019 1:00,6290.102,5.756,,,,,,,,,,,
1/13/2019 1:00,1/13/2019 2:00,6118.41,5.697,,,,,,,,,,,
1/13/2019 2:00,1/13/2019 3:00,5685.537,5.557,,,,,,,,,,,
1/13/2019 3:00,1/13/2019 4:00,4889.878,5.29,,,,,,,,,,,
1/13/2019 4:00,1/13/2019 5:00,3938.442,4.948,,,,,,,,,,,
1/13/2019 5:00,1/13/2019 6:00,3011.116,4.56,,,,,,,,,,,
1/13/2019 6:00,1/13/2019 7:00,2221.045,4.177,,,,,,,,,,,
1/13/2019 7:00,1/13/2019 8:00,1846.147,3.962,,,,,,,,,,,
1/13/2019 8:00,1/13/2019 9:00,1455.46,3.733,,,,,,,,,,,
1/13/2019 9:00,1/13/2019 10:00,1144.715,3.518,,,,,,,,,,,
1/13/2019 10:00,1/13/2019 11:00,913.847,3.338,,,,,,,,,,,
1/13/2019 11:00,1/13/2019 12:00,740.704,3.186,,,,,,,,,,,
1/13/2019 12:00,1/13/2019 13:00,612.402,3.06,,,,,,,,,,,
1/13/2019 13:00,1/13/2019 14:00,539.296,2.973,,,,,,,,,,,
1/13/2019 14:00,1/13/2019 15:00,521.738,2.953,,,,,,,,,,,
1/13/2019 15:00,1/13/2019 16:00,618.237,3.066,,,,,,,,,,,
1/13/2019 16:00,1/13/2019 17:00,743.739,3.189,,,,,,,,,,,
1/13/2019 17:00,1/13/2019 18:00,718.113,3.165,,,,,,,,,,,
1/13/2019 18:00,1/13/2019 19:00,583.824,3.03,,,,,,,,,,,
1/13/2019 19:00,1/13/2019 20:00,422.447,2.841,,,,,,,,,,,
1/13/2019 20:00,1/13/2019 21:00,280.949,2.633,,,,,,,,,,,
1/13/2019 21:00,1/13/2019 22:00,184.681,2.444,,,,,,,,,,,
1/13/2019 22:00,1/13/2019 23:00,187.947,2.448,,,,,,,,,,,
1/13/2019 23:00,1/14/2019 0:00,264.676,2.605,,,,,,,,,,,
1/14/2019 0:00,1/14/2019 1:00,382.802,2.78,,,,,,,,,,,
1/14/2019 1:00,1/14/2019 2:00,510.817,2.945,,,,,,,,,,,
1/14/2019 2:00,1/14/2019 3:00,594.973,3.042,,,,,,,,,,,
1/14/2019 3:00,1/14/2019 4:00,530.142,2.962,,,,,,,,,,,
1/14/2019 4:00,1/14/2019 5:00,399.048,2.808,,,,,,,,,,,
1/14/2019 5:00,1/14/2019 6:00,317.764,2.691,,,,,,,,,,,
1/14/2019 6:00,1/14/2019 7:00,268.154,2.611,,,,,,,,,,,
1/14/2019 7:00,1/14/2019 8:00,224.017,2.525,,,,,,,,,,,
1/14/2019 8:00,1/14/2019 9:00,225.434,2.527,,,,,,,,,,,
1/14/2019 9:00,1/14/2019 10:00,202.97,2.479,,,,,,,,,,,
1/14/2019 10:00,1/14/2019 11:00,169.055,2.411,,,,,,,,,,,
1/14/2019 11:00,1/14/2019 12:00,200.389,2.473,,,,,,,,,,,
1/14/2019 12:00,1/14/2019 13:00,258.871,2.594,,,,,,,,,,,
1/14/2019 13:00,1/14/2019 14:00,355.993,2.75,,,,,,,,,,,
1/14/2019 14:00,1/14/2019 15:00,516.161,2.948,,,,,,,,,,,
1/14/2019 15:00,1/14/2019 16:00,809.543,3.241,,,,,,,,,,,
1/14/2019 16:00,1/14/2019 17:00,1130.087,3.499,,,,,,,,,,,
1/14/2019 17:00,1/14/2019 18:00,1375.477,3.68,,,,,,,,,,,
1/14/2019 18:00,1/14/2019 19:00,1559.23,3.799,,,,,,,,,,,
1/14/2019 19:00,1/14/2019 20:00,1730.848,3.895,,,,,,,,,,,
1/14/2019 20:00,1/14/2019 21:00,1880.295,3.991,,,,,,,,,,,
1/14/2019 21:00,1/14/2019 22:00,1968.695,4.041,,,,,,,,,,,
1/14/2019 22:00,1/14/2019 23:00,1924.021,4.016,,,,,,,,,,,
1/14/2019 23:00,1/15/2019 0:00,1861.227,3.978,,,,,,,,,,,
1/15/2019 0:00,1/15/2019 1:00,1891.434,3.997,,,,,,,,,,,
1/15/2019 1:00,1/15/2019 2:00,2111.338,4.115,,,,,,,,,,,
1/15/2019 2:00,1/15/2019 3:00,2329.711,4.233,,,,,,,,,,,
1/15/2019 3:00,1/15/2019 4:00,2204.425,4.168,,,,,,,,,,,
1/15/2019 4:00,1/15/2019 5:00,2028.727,4.074,,,,,,,,,,,
1/15/2019 5:00,1/15/2019 6:00,1867.756,3.984,,,,,,,,,,,
1/15/2019 6:00,1/15/2019 7:00,1755.133,3.918,,,,,,,,,,,
1/15/2019 7:00,1/15/2019 8:00,1968.944,4.041,,,,,,,,,,,
1/15/2019 8:00,1/15/2019 9:00,2679.711,4.397,,,,,,,,,,,
1/15/2019 9:00,1/15/2019 10:00,3031.884,4.569,,,,,,,,,,,
1/15/2019 10:00,1/15/2019 11:00,2987.815,4.543,,,,,,,,,,,
1/15/2019 11:00,1/15/2019 12:00,2867.173,4.494,,,,,,,,,,,
1/15/2019 12:00,1/15/2019 13:00,2770.299,4.449,,,,,,,,,,,
1/15/2019 13:00,1/15/2019 14:00,2472.534,4.306,,,,,,,,,,,
1/15/2019 14:00,1/15/2019 15:00,1967.42,4.039,,,,,,,,,,,
1/15/2019 15:00,1/15/2019 16:00,1618.606,3.836,,,,,,,,,,,
1/15/2019 16:00,1/15/2019 17:00,1355.27,3.666,,,,,,,,,,,
1/15/2019 17:00,1/15/2019 18:00,1329.727,3.641,,,,,,,,,,,
1/15/2019 18:00,1/15/2019 19:00,1423.402,3.703,,,,,,,,,,,
1/15/2019 19:00,1/15/2019 20:00,1512.027,3.769,,,,,,,,,,,
1/15/2019 20:00,1/15/2019 21:00,1584.519,3.815,,,,,,,,,,,
1/15/2019 21:00,1/15/2019 22:00,1485.176,3.752,,,,,,,,,,,
1/15/2019 22:00,1/15/2019 23:00,1423.282,3.703,,,,,,,,,,,
1/15/2019 23:00,1/16/2019 0:00,1383.996,3.686,,,,,,,,,,,
1/16/2019 0:00,1/16/2019 1:00,1287.982,3.615,,,,,,,,,,,
1/16/2019 1:00,1/16/2019 2:00,1032.922,3.434,,,,,,,,,,,
1/16/2019 2:00,1/16/2019 3:00,681.719,3.13,,,,,,,,,,,
1/16/2019 3:00,1/16/2019 4:00,408.982,2.823,,,,,,,,,,,
1/16/2019 4:00,1/16/2019 5:00,226.815,2.528,,,,,,,,,,,
1/16/2019 5:00,1/16/2019 6:00,140.446,2.331,,,,,,,,,,,
1/16/2019 6:00,1/16/2019 7:00,178.838,2.434,,,,,,,,,,,
1/16/2019 7:00,1/16/2019 8:00,218.025,2.518,,,,,,,,,,,
1/16/2019 8:00,1/16/2019 9:00,209.643,2.501,,,,,,,,,,,
1/16/2019 9:00,1/16/2019 10:00,235.86,2.544,,,,,,,,,,,
1/16/2019 10:00,1/16/2019 11:00,348.654,2.734,,,,,,,,,,,
1/16/2019 11:00,1/16/2019 12:00,520.323,2.951,,,,,,,,,,,
1/16/2019 12:00,1/16/2019 13:00,681.973,3.13,,,,,,,,,,,
1/16/2019 13:00,1/16/2019 14:00,796.646,3.229,,,,,,,,,,,
1/16/2019 14:00,1/16/2019 15:00,851.176,3.285,,,,,,,,,,,
1/16/2019 15:00,1/16/2019 16:00,821.8,3.26,,,,,,,,,,,
1/16/2019 16:00,1/16/2019 17:00,803.163,3.234,,,,,,,,,,,
1/16/2019 17:00,1/16/2019 18:00,809.923,3.243,,,,,,,,,,,
1/16/2019 18:00,1/16/2019 19:00,828.202,3.265,,,,,,,,,,,
1/16/2019 19:00,1/16/2019 20:00,817.187,3.256,,,,,,,,,,,
1/16/2019 20:00,1/16/2019 21:00,775.36,3.209,,,,,,,,,,,
1/16/2019 21:00,1/16/2019 22:00,607.57,3.055,,,,,,,,,,,
1/16/2019 22:00,1/16/2019 23:00,435.261,2.857,,,,,,,,,,,
1/16/2019 23:00,1/17/2019 0:00,315.523,2.689,,,,,,,,,,,
1/17/2019 0:00,1/17/2019 1:00,197.315,2.467,,,,,,,,,,,
1/17/2019 1:00,1/17/2019 2:00,97.811,2.2,,,,,,,,,,,
1/17/2019 2:00,1/17/2019 3:00,50.454,1.998,,,,,,,,,,,
1/17/2019 3:00,1/17/2019 4:00,41.196,1.94,,,,,,,,,,,
1/17/2019 4:00,1/17/2019 5:00,53.143,2.014,,,,,,,,,,,
1/17/2019 5:00,1/17/2019 6:00,91.446,2.185,,,,,,,,,,,
1/17/2019 6:00,1/17/2019 7:00,141.107,2.333,,,,,,,,,,,
1/17/2019 7:00,1/17/2019 8:00,191.038,2.453,,,,,,,,,,,
1/17/2019 8:00,1/17/2019 9:00,228.118,2.53,,,,,,,,,,,
1/17/2019 9:00,1/17/2019 10:00,286.128,2.641,,,,,,,,,,,
1/17/2019 10:00,1/17/2019 11:00,496.569,2.932,,,,,,,,,,,
1/17/2019 11:00,1/17/2019 12:00,762.481,3.199,,,,,,,,,,,
1/17/2019 12:00,1/17/2019 13:00,940.548,3.36,,,,,,,,,,,
1/17/2019 13:00,1/17/2019 14:00,987.788,3.398,,,,,,,,,,,
1/17/2019 14:00,1/17/2019 15:00,896.105,3.323,,,,,,,,,,,
1/17/2019 15:00,1/17/2019 16:00,667.722,3.113,,,,,,,,,,,
1/17/2019 16:00,1/17/2019 17:00,507.08,2.942,,,,,,,,,,,
1/17/2019 17:00,1/17/2019 18:00,409.662,2.824,,,,,,,,,,,
1/17/2019 18:00,1/17/2019 19:00,390.943,2.79,,,,,,,,,,,
1/17/2019 19:00,1/17/2019 20:00,366.551,2.765,,,,,,,,,,,
1/17/2019 20:00,1/17/2019 21:00,395.127,2.796,,,,,,,,,,,
1/17/2019 21:00,1/17/2019 22:00,422.629,2.841,,,,,,,,,,,
1/17/2019 22:00,1/17/2019 23:00,537.801,2.971,,,,,,,,,,,
1/17/2019 23:00,1/18/2019 0:00,717.979,3.165,,,,,,,,,,,
1/18/2019 0:00,1/18/2019 1:00,976.668,3.389,,,,,,,,,,,
1/18/2019 1:00,1/18/2019 2:00,1204.391,3.562,,,,,,,,,,,
1/18/2019 2:00,1/18/2019 3:00,1474.122,3.745,,,,,,,,,,,
1/18/2019 3:00,1/18/2019 4:00,1672.529,3.865,,,,,,,,,,,
1/18/2019 4:00,1/18/2019 5:00,1838.893,3.958,,,,,,,,,,,
1/18/2019 5:00,1/18/2019 6:00,2060.677,4.091,,,,,,,,,,,
1/18/2019 6:00,1/18/2019 7:00,2460.346,4.294,,,,,,,,,,,
1/18/2019 7:00,1/18/2019 8:00,2978.786,4.536,,,,,,,,,,,
1/18/2019 8:00,1/18/2019 9:00,3580.313,4.795,,,,,,,,,,,
1/18/2019 9:00,1/18/2019 10:00,4156.426,5.026,,,,,,,,,,,
1/18/2019 10:00,1/18/2019 11:00,4887.883,5.289,,,,,,,,,,,
1/18/2019 11:00,1/18/2019 12:00,5316.078,5.442,,,,,,,,,,,
1/18/2019 12:00,1/18/2019 13:00,5365.991,5.452,,,,,,,,,,,
1/18/2019 13:00,1/18/2019 14:00,4305.791,5.088,,,,,,,,,,,
1/18/2019 14:00,1/18/2019 15:00,3587.925,4.798,,,,,,,,,,,
1/18/2019 15:00,1/18/2019 16:00,3266.743,4.672,,,,,,,,,,,
1/18/2019 16:00,1/18/2019 17:00,2556.487,4.347,,,,,,,,,,,
1/18/2019 17:00,1/18/2019 18:00,2036.165,4.078,,,,,,,,,,,
1/18/2019 18:00,1/18/2019 19:00,1602.467,3.826,,,,,,,,,,,
1/18/2019 19:00,1/18/2019 20:00,1331.612,3.65,,,,,,,,,,,
1/18/2019 20:00,1/18/2019 21:00,1217.497,3.571,,,,,,,,,,,
1/18/2019 21:00,1/18/2019 22:00,1250.589,3.594,,,,,,,,,,,
1/18/2019 22:00,1/18/2019 23:00,1345.201,3.66,,,,,,,,,,,
1/18/2019 23:00,1/19/2019 0:00,1434.365,3.71,,,,,,,,,,,
1/19/2019 0:00,1/19/2019 1:00,1338.875,3.655,,,,,,,,,,,
1/19/2019 1:00,1/19/2019 2:00,1144.62,3.518,,,,,,,,,,,
1/19/2019 2:00,1/19/2019 3:00,1040.802,3.44,,,,,,,,,,,
1/19/2019 3:00,1/19/2019 4:00,949.348,3.364,,,,,,,,,,,
1/19/2019 4:00,1/19/2019 5:00,927.008,3.349,,,,,,,,,,,
1/19/2019 5:00,1/19/2019 6:00,944.595,3.362,,,,,,,,,,,
1/19/2019 6:00,1/19/2019 7:00,908.482,3.334,,,,,,,,,,,
1/19/2019 7:00,1/19/2019 8:00,790.631,3.223,,,,,,,,,,,
1/19/2019 8:00,1/19/2019 9:00,648.177,3.097,,,,,,,,,,,
1/19/2019 9:00,1/19/2019 10:00,672.757,3.116,,,,,,,,,,,
1/19/2019 10:00,1/19/2019 11:00,920.374,3.344,,,,,,,,,,,
1/19/2019 11:00,1/19/2019 12:00,1246.299,3.591,,,,,,,,,,,
1/19/2019 12:00,1/19/2019 13:00,1666.277,3.863,,,,,,,,,,,
1/19/2019 13:00,1/19/2019 14:00,2194.618,4.163,,,,,,,,,,,
1/19/2019 14:00,1/19/2019 15:00,2573.252,4.355,,,,,,,,,,,
1/19/2019 15:00,1/19/2019 16:00,2984.244,4.539,,,,,,,,,,,
1/19/2019 16:00,1/19/2019 17:00,3834.401,4.907,,,,,,,,,,,
1/19/2019 17:00,1/19/2019 18:00,4976.674,5.32,,,,,,,,,,,
1/19/2019 18:00,1/19/2019 19:00,5683.545,5.556,,,,,,,,,,,
1/19/2019 19:00,1/19/2019 20:00,5578.29,5.526,,,,,,,,,,,
1/19/2019 20:00,1/19/2019 21:00,5207.252,5.408,,,,,,,,,,,
1/19/2019 21:00,1/19/2019 22:00,4457.177,5.144,,,,,,,,,,,
1/19/2019 22:00,1/19/2019 23:00,3414.515,4.735,,,,,,,,,,,
1/19/2019 23:00,1/20/2019 0:00,2394.376,4.266,,,,,,,,,,,
1/20/2019 0:00,1/20/2019 1:00,1558.165,3.798,,,,,,,,,,,
1/20/2019 1:00,1/20/2019 2:00,1099.981,3.476,,,,,,,,,,,
1/20/2019 2:00,1/20/2019 3:00,1076.458,3.458,,,,,,,,,,,
1/20/2019 3:00,1/20/2019 4:00,1234.304,3.583,,,,,,,,,,,
1/20/2019 4:00,1/20/2019 5:00,1450.552,3.725,,,,,,,,,,,
1/20/2019 5:00,1/20/2019 6:00,1784.959,3.936,,,,,,,,,,,
1/20/2019 6:00,1/20/2019 7:00,2388.857,4.264,,,,,,,,,,,
1/20/2019 7:00,1/20/2019 8:00,2978.433,4.536,,,,,,,,,,,
1/20/2019 8:00,1/20/2019 9:00,3367.099,4.715,,,,,,,,,,,
1/20/2019 9:00,1/20/2019 10:00,4637.306,5.207,,,,,,,,,,,
1/20/2019 10:00,1/20/2019 11:00,5269.85,5.429,,,,,,,,,,,
1/20/2019 11:00,1/20/2019 12:00,4856.398,5.279,,,,,,,,,,,
1/20/2019 12:00,1/20/2019 13:00,4892.767,5.291,,,,,,,,,,,
1/20/2019 13:00,1/20/2019 14:00,4471.288,5.15,,,,,,,,,,,
1/20/2019 14:00,1/20/2019 15:00,3893.184,4.93,,,,,,,,,,,
1/20/2019 15:00,1/20/2019 16:00,3597.884,4.802,,,,,,,,,,,
1/20/2019 16:00,1/20/2019 17:00,3282.226,4.679,,,,,,,,,,,
1/20/2019 17:00,1/20/2019 18:00,3352.852,4.709,,,,,,,,,,,
1/20/2019 18:00,1/20/2019 19:00,3445.03,4.748,,,,,,,,,,,
1/20/2019 19:00,1/20/2019 20:00,3327.909,4.699,,,,,,,,,,,
1/20/2019 20:00,1/20/2019 21:00,3259.222,4.66,,,,,,,,,,,
1/20/2019 21:00,1/20/2019 22:00,3372.729,4.718,,,,,,,,,,,
1/20/2019 22:00,1/20/2019 23:00,3789.684,4.881,,,,,,,,,,,
1/20/2019 23:00,1/21/2019 0:00,4316.213,5.092,,,,,,,,,,,
1/21/2019 0:00,1/21/2019 1:00,4976.374,5.32,,,,,,,,,,,
1/21/2019 1:00,1/21/2019 2:00,5680.192,5.555,,,,,,,,,,,
1/21/2019 2:00,1/21/2019 3:00,6276.849,5.752,,,,,,,,,,,
1/21/2019 3:00,1/21/2019 4:00,6338.567,5.77,,,,,,,,,,,
1/21/2019 4:00,1/21/2019 5:00,5709.629,5.564,,,,,,,,,,,
1/21/2019 5:00,1/21/2019 6:00,4958.893,5.314,,,,,,,,,,,
1/21/2019 6:00,1/21/2019 7:00,4482.258,5.154,,,,,,,,,,,
1/21/2019 7:00,1/21/2019 8:00,3284.949,4.68,,,,,,,,,,,
1/21/2019 8:00,1/21/2019 9:00,2207.098,4.17,,,,,,,,,,,
1/21/2019 9:00,1/21/2019 10:00,1043.29,3.441,,,,,,,,,,,
1/21/2019 10:00,1/21/2019 11:00,352.423,2.744,,,,,,,,,,,
1/21/2019 11:00,1/21/2019 12:00,128.787,2.298,,,,,,,,,,,
1/21/2019 12:00,1/21/2019 13:00,234.157,2.541,,,,,,,,,,,
1/21/2019 13:00,1/21/2019 14:00,537.734,2.971,,,,,,,,,,,
1/21/2019 14:00,1/21/2019 15:00,863.108,3.295,,,,,,,,,,,
1/21/2019 15:00,1/21/2019 16:00,1109.445,3.483,,,,,,,,,,,
1/21/2019 16:00,1/21/2019 17:00,1241.155,3.588,,,,,,,,,,,
1/21/2019 17:00,1/21/2019 18:00,1469.826,3.742,,,,,,,,,,,
1/21/2019 18:00,1/21/2019 19:00,1716.869,3.886,,,,,,,,,,,
1/21/2019 19:00,1/21/2019 20:00,1992.603,4.054,,,,,,,,,,,
1/21/2019 20:00,1/21/2019 21:00,2281.414,4.209,,,,,,,,,,,
1/21/2019 21:00,1/21/2019 22:00,2497.953,4.318,,,,,,,,,,,
1/21/2019 22:00,1/21/2019 23:00,2707.639,4.417,,,,,,,,,,,
1/21/2019 23:00,1/22/2019 0:00,2931.144,4.522,,,,,,,,,,,
1/22/2019 0:00,1/22/2019 1:00,3266.869,4.673,,,,,,,,,,,
1/22/2019 1:00,1/22/2019 2:00,3661.249,4.838,,,,,,,,,,,
1/22/2019 2:00,1/22/2019 3:00,4308.598,5.09,,,,,,,,,,,
1/22/2019 3:00,1/22/2019 4:00,4502.894,5.161,,,,,,,,,,,
1/22/2019 4:00,1/22/2019 5:00,4366.036,5.111,,,,,,,,,,,
1/22/2019 5:00,1/22/2019 6:00,5041.596,5.352,,,,,,,,,,,
1/22/2019 6:00,1/22/2019 7:00,4791.618,5.265,,,,,,,,,,,
1/22/2019 7:00,1/22/2019 8:00,4212.898,5.044,,,,,,,,,,,
1/22/2019 8:00,1/22/2019 9:00,4005.21,4.974,,,,,,,,,,,
1/22/2019 9:00,1/22/2019 10:00,2906.138,4.512,,,,,,,,,,,
1/22/2019 10:00,1/22/2019 11:00,1711.177,3.883,,,,,,,,,,,
1/22/2019 11:00,1/22/2019 12:00,983.108,3.395,,,,,,,,,,,
1/22/2019 12:00,1/22/2019 13:00,561.579,3.006,,,,,,,,,,,
1/22/2019 13:00,1/22/2019 14:00,523.298,2.955,,,,,,,,,,,
1/22/2019 14:00,1/22/2019 15:00,685.294,3.133,,,,,,,,,,,
1/22/2019 15:00,1/22/2019 16:00,1132.389,3.503,,,,,,,,,,,
1/22/2019 16:00,1/22/2019 17:00,1690.82,3.871,,,,,,,,,,,
1/22/2019 17:00,1/22/2019 18:00,2152.055,4.131,,,,,,,,,,,
1/22/2019 18:00,1/22/2019 19:00,2459.793,4.29,,,,,,,,,,,
1/22/2019 19:00,1/22/2019 20:00,2661.395,4.389,,,,,,,,,,,
1/22/2019 20:00,1/22/2019 21:00,2811.728,4.469,,,,,,,,,,,
1/22/2019 21:00,1/22/2019 22:00,3075.683,4.589,,,,,,,,,,,
1/22/2019 22:00,1/22/2019 23:00,3343.79,4.706,,,,,,,,,,,
1/22/2019 23:00,1/23/2019 0:00,3617.949,4.819,,,,,,,,,,,
1/23/2019 0:00,1/23/2019 1:00,4017.882,4.979,,,,,,,,,,,
1/23/2019 1:00,1/23/2019 2:00,4610.411,5.195,,,,,,,,,,,
1/23/2019 2:00,1/23/2019 3:00,5391.276,5.466,,,,,,,,,,,
1/23/2019 3:00,1/23/2019 4:00,6005.421,5.668,,,,,,,,,,,
1/23/2019 4:00,1/23/2019 5:00,6431.802,5.79,,,,,,,,,,,
1/23/2019 5:00,1/23/2019 6:00,7605.76,6.139,,,,,,,,,,,
1/23/2019 6:00,1/23/2019 7:00,8391.278,6.347,,,,,,,,,,,
1/23/2019 7:00,1/23/2019 8:00,8681.456,6.421,,,,,,,,,,,
1/23/2019 8:00,1/23/2019 9:00,8723.462,6.435,,,,,,,,,,,
1/23/2019 9:00,1/23/2019 10:00,8949.255,6.49,,,,,,,,,,,
1/23/2019 10:00,1/23/2019 11:00,9323.034,6.593,,,,,,,,,,,
1/23/2019 11:00,1/23/2019 12:00,9864.522,6.726,,,,,,,,,,,
1/23/2019 12:00,1/23/2019 13:00,10968.601,6.996,,,,,,,,,,,
1/23/2019 13:00,1/23/2019 14:00,11815.291,7.198,,,,,,,,,,,
1/23/2019 14:00,1/23/2019 15:00,12266.57,7.305,,,,,,,,,,,
1/23/2019 15:00,1/23/2019 16:00,11729.319,7.175,,,,,,,,,,,
1/23/2019 16:00,1/23/2019 17:00,11568.701,7.136,,,,,,,,,,,
1/23/2019 17:00,1/23/2019 18:00,11729.1,7.174,,,,,,,,,,,
1/23/2019 18:00,1/23/2019 19:00,10844.047,6.97,,,,,,,,,,,
1/23/2019 19:00,1/23/2019 20:00,10445.951,6.867,,,,,,,,,,,
1/23/2019 20:00,1/23/2019 21:00,10387.947,6.854,,,,,,,,,,,
1/23/2019 21:00,1/23/2019 22:00,11499.971,7.118,,,,,,,,,,,
1/23/2019 22:00,1/23/2019 23:00,13598.696,7.61,,,,,,,,,,,
1/23/2019 23:00,1/24/2019 0:00,13943.097,7.688,,,,,,,,,,,
1/24/2019 0:00,1/24/2019 1:00,14305.616,7.77,,,,,,,,,,,
1/24/2019 1:00,1/24/2019 2:00,14704.167,7.855,,,,,,,,,,,
1/24/2019 2:00,1/24/2019 3:00,14925.938,7.904,,,,,,,,,,,
1/24/2019 3:00,1/24/2019 4:00,14235.586,7.752,,,,,,,,,,,
1/24/2019 4:00,1/24/2019 5:00,13397.627,7.564,,,,,,,,,,,
1/24/2019 5:00,1/24/2019 6:00,12796.892,7.419,,,,,,,,,,,
1/24/2019 6:00,1/24/2019 7:00,12399.848,7.328,,,,,,,,,,,
1/24/2019 7:00,1/24/2019 8:00,12154.765,7.275,,,,,,,,,,,
1/24/2019 8:00,1/24/2019 9:00,11839.844,7.206,,,,,,,,,,,
1/24/2019 9:00,1/24/2019 10:00,11710.62,7.168,,,,,,,,,,,
1/24/2019 10:00,1/24/2019 11:00,11644.644,7.158,,,,,,,,,,,
1/24/2019 11:00,1/24/2019 12:00,11810.691,7.19,,,,,,,,,,,
1/24/2019 12:00,1/24/2019 13:00,11865.384,7.212,,,,,,,,,,,
1/24/2019 13:00,1/24/2019 14:00,12140.506,7.273,,,,,,,,,,,
1/24/2019 14:00,1/24/2019 15:00,12298.923,7.312,,,,,,,,,,,
1/24/2019 15:00,1/24/2019 16:00,12325.908,7.319,,,,,,,,,,,
1/24/2019 16:00,1/24/2019 17:00,12440.439,7.343,,,,,,,,,,,
1/24/2019 17:00,1/24/2019 18:00,12540.248,7.364,,,,,,,,,,,
1/24/2019 18:00,1/24/2019 19:00,12201.957,7.288,,,,,,,,,,,
1/24/2019 19:00,1/24/2019 20:00,11815.498,7.199,,,,,,,,,,,
1/24/2019 20:00,1/24/2019 21:00,12159.129,7.275,,,,,,,,,,,
1/24/2019 21:00,1/24/2019 22:00,12982.079,7.47,,,,,,,,,,,
1/24/2019 22:00,1/24/2019 23:00,13828.446,7.652,,,,,,,,,,,
1/24/2019 23:00,1/25/2019 0:00,14553.134,7.823,,,,,,,,,,,
1/25/2019 0:00,1/25/2019 1:00,15325.14,7.99,,,,,,,,,,,
1/25/2019 1:00,1/25/2019 2:00,16123.034,8.173,,,,,,,,,,,
1/25/2019 2:00,1/25/2019 3:00,16843.614,8.342,,,,,,,,,,,
1/25/2019 3:00,1/25/2019 4:00,17064.221,8.392,,,,,,,,,,,
1/25/2019 4:00,1/25/2019 5:00,17135.167,8.403,,,,,,,,,,,
1/25/2019 5:00,1/25/2019 6:00,17062.237,8.392,,,,,,,,,,,
1/25/2019 6:00,1/25/2019 7:00,16957.704,8.369,,,,,,,,,,,
1/25/2019 7:00,1/25/2019 8:00,19434.99,8.948,,,,,,,,,,,
1/25/2019 8:00,1/25/2019 9:00,20461.588,9.191,,,,,,,,,,,
1/25/2019 9:00,1/25/2019 10:00,20852.55,9.299,,,,,,,,,,,
1/25/2019 10:00,1/25/2019 11:00,21573.782,9.483,,,,,,,,,,,
1/25/2019 11:00,1/25/2019 12:00,21992.788,9.597,,,,,,,,,,,
1/25/2019 12:00,1/25/2019 13:00,21871.952,9.565,,,,,,,,,,,
1/25/2019 13:00,1/25/2019 14:00,22272.467,9.666,,,,,,,,,,,
1/25/2019 14:00,1/25/2019 15:00,22568.896,9.755,,,,,,,,,,,
1/25/2019 15:00,1/25/2019 16:00,22707.642,9.794,,,,,,,,,,,
1/25/2019 16:00,1/25/2019 17:00,22223.595,9.65,,,,,,,,,,,
1/25/2019 17:00,1/25/2019 18:00,22870.624,9.836,,,,,,,,,,,
1/25/2019 18:00,1/25/2019 19:00,22224.313,9.658,,,,,,,,,,,
1/25/2019 19:00,1/25/2019 20:00,22659.521,9.781,,,,,,,,,,,
1/25/2019 20:00,1/25/2019 21:00,22138.114,9.637,,,,,,,,,,,
1/25/2019 21:00,1/25/2019 22:00,22056.442,9.614,,,,,,,,,,,
1/25/2019 22:00,1/25/2019 23:00,21706.182,9.521,,,,,,,,,,,
1/25/2019 23:00,1/26/2019 0:00,20461.269,9.193,,,,,,,,,,,
1/26/2019 0:00,1/26/2019 1:00,19657.695,9.001,,,,,,,,,,,
1/26/2019 1:00,1/26/2019 2:00,18602.479,8.749,,,,,,,,,,,
1/26/2019 2:00,1/26/2019 3:00,17614.489,8.512,,,,,,,,,,,
1/26/2019 3:00,1/26/2019 4:00,16798.578,8.323,,,,,,,,,,,
1/26/2019 4:00,1/26/2019 5:00,16828.421,8.336,,,,,,,,,,,
1/26/2019 5:00,1/26/2019 6:00,14926.499,7.91,,,,,,,,,,,
1/26/2019 6:00,1/26/2019 7:00,14391.583,7.78,,,,,,,,,,,
1/26/2019 7:00,1/26/2019 8:00,15502.802,8.032,,,,,,,,,,,
1/26/2019 8:00,1/26/2019 9:00,15503.194,8.038,,,,,,,,,,,
1/26/2019 9:00,1/26/2019 10:00,15378.185,8.006,,,,,,,,,,,
1/26/2019 10:00,1/26/2019 11:00,15050.736,7.938,,,,,,,,,,,
1/26/2019 11:00,1/26/2019 12:00,15014.607,7.922,,,,,,,,,,,
1/26/2019 12:00,1/26/2019 13:00,14818.544,7.886,,,,,,,,,,,
1/26/2019 13:00,1/26/2019 14:00,14524.476,7.819,,,,,,,,,,,
1/26/2019 14:00,1/26/2019 15:00,13906.718,7.673,,,,,,,,,,,
1/26/2019 15:00,1/26/2019 16:00,13451.493,7.573,,,,,,,,,,,
1/26/2019 16:00,1/26/2019 17:00,13289.582,7.53,,,,,,,,,,,
1/26/2019 17:00,1/26/2019 18:00,12520.319,7.362,,,,,,,,,,,
1/26/2019 18:00,1/26/2019 19:00,11643.403,7.151,,,,,,,,,,,
1/26/2019 19:00,1/26/2019 20:00,11643.786,7.153,,,,,,,,,,,
1/26/2019 20:00,1/26/2019 21:00,12395.992,7.328,,,,,,,,,,,
1/26/2019 21:00,1/26/2019 22:00,13598.506,7.608,,,,,,,,,,,
1/26/2019 22:00,1/26/2019 23:00,12091.826,7.257,,,,,,,,,,,
1/26/2019 23:00,1/27/2019 0:00,11640.283,7.149,,,,,,,,,,,
1/27/2019 0:00,1/27/2019 1:00,12896.418,7.448,,,,,,,,,,,
1/27/2019 1:00,1/27/2019 2:00,14926.292,7.908,,,,,,,,,,,
1/27/2019 2:00,1/27/2019 3:00,14368.028,7.777,,,,,,,,,,,
1/27/2019 3:00,1/27/2019 4:00,13699.855,7.631,,,,,,,,,,,
1/27/2019 4:00,1/27/2019 5:00,13697.258,7.631,,,,,,,,,,,
1/27/2019 5:00,1/27/2019 6:00,12721.192,7.402,,,,,,,,,,,
1/27/2019 6:00,1/27/2019 7:00,13763.807,7.639,,,,,,,,,,,
1/27/2019 7:00,1/27/2019 8:00,13818.566,7.65,,,,,,,,,,,
1/27/2019 8:00,1/27/2019 9:00,14608.184,7.829,,,,,,,,,,,
1/27/2019 9:00,1/27/2019 10:00,14834.034,7.889,,,,,,,,,,,
1/27/2019 10:00,1/27/2019 11:00,14492.202,7.812,,,,,,,,,,,
1/27/2019 11:00,1/27/2019 12:00,13901.959,7.669,,,,,,,,,,,
1/27/2019 12:00,1/27/2019 13:00,14107.843,7.725,,,,,,,,,,,
1/27/2019 13:00,1/27/2019 14:00,14305.102,7.765,,,,,,,,,,,
1/27/2019 14:00,1/27/2019 15:00,13597.709,7.602,,,,,,,,,,,
1/27/2019 15:00,1/27/2019 16:00,12808.374,7.422,,,,,,,,,,,
1/27/2019 16:00,1/27/2019 17:00,12242.139,7.299,,,,,,,,,,,
1/27/2019 17:00,1/27/2019 18:00,11643.762,7.153,,,,,,,,,,,
1/27/2019 18:00,1/27/2019 19:00,10714.113,6.934,,,,,,,,,,,
1/27/2019 19:00,1/27/2019 20:00,9932.182,6.738,,,,,,,,,,,
1/27/2019 20:00,1/27/2019 21:00,7985.681,6.234,,,,,,,,,,,
1/27/2019 21:00,1/27/2019 22:00,6896.549,5.937,,,,,,,,,,,
1/27/2019 22:00,1/27/2019 23:00,6317.809,5.764,,,,,,,,,,,
1/27/2019 23:00,1/28/2019 0:00,5762.227,5.591,,,,,,,,,,,
1/28/2019 0:00,1/28/2019 1:00,5415.79,5.478,,,,,,,,,,,
1/28/2019 1:00,1/28/2019 2:00,5014.107,5.342,,,,,,,,,,,
1/28/2019 2:00,1/28/2019 3:00,4029.372,4.983,,,,,,,,,,,
1/28/2019 3:00,1/28/2019 4:00,3645.288,4.831,,,,,,,,,,,
1/28/2019 4:00,1/28/2019 5:00,3396.026,4.728,,,,,,,,,,,
1/28/2019 5:00,1/28/2019 6:00,3323.177,4.697,,,,,,,,,,,
1/28/2019 6:00,1/28/2019 7:00,3269.391,4.674,,,,,,,,,,,
1/28/2019 7:00,1/28/2019 8:00,3176.21,4.624,,,,,,,,,,,
1/28/2019 8:00,1/28/2019 9:00,2973.734,4.534,,,,,,,,,,,
1/28/2019 9:00,1/28/2019 10:00,2698.725,4.406,,,,,,,,,,,
1/28/2019 10:00,1/28/2019 11:00,2324.33,4.231,,,,,,,,,,,
1/28/2019 11:00,1/28/2019 12:00,1966.585,4.034,,,,,,,,,,,
1/28/2019 12:00,1/28/2019 13:00,1612.27,3.832,,,,,,,,,,,
1/28/2019 13:00,1/28/2019 14:00,1410.989,3.697,,,,,,,,,,,
1/28/2019 14:00,1/28/2019 15:00,1503.197,3.763,,,,,,,,,,,
1/28/2019 15:00,1/28/2019 16:00,2060.424,4.091,,,,,,,,,,,
1/28/2019 16:00,1/28/2019 17:00,2987.756,4.542,,,,,,,,,,,
1/28/2019 17:00,1/28/2019 18:00,3942.623,4.95,,,,,,,,,,,
1/28/2019 18:00,1/28/2019 19:00,5169.851,5.395,,,,,,,,,,,
1/28/2019 19:00,1/28/2019 20:00,6902.069,5.939,,,,,,,,,,,
1/28/2019 20:00,1/28/2019 21:00,8775.375,6.452,,,,,,,,,,,
1/28/2019 21:00,1/28/2019 22:00,10443.152,6.867,,,,,,,,,,,
1/28/2019 22:00,1/28/2019 23:00,10552.74,6.894,,,,,,,,,,,
1/28/2019 23:00,1/29/2019 0:00,10843.342,6.966,,,,,,,,,,,
1/29/2019 0:00,1/29/2019 1:00,11051.43,7.011,,,,,,,,,,,
1/29/2019 1:00,1/29/2019 2:00,10677.896,6.93,,,,,,,,,,,
1/29/2019 2:00,1/29/2019 3:00,10552.769,6.894,,,,,,,,,,,
1/29/2019 3:00,1/29/2019 4:00,10420.854,6.864,,,,,,,,,,,
1/29/2019 4:00,1/29/2019 5:00,10504.445,6.884,,,,,,,,,,,
1/29/2019 5:00,1/29/2019 6:00,10597.708,6.91,,,,,,,,,,,
1/29/2019 6:00,1/29/2019 7:00,10795.825,6.954,,,,,,,,,,,
1/29/2019 7:00,1/29/2019 8:00,11173.957,7.049,,,,,,,,,,,
1/29/2019 8:00,1/29/2019 9:00,11628.175,7.146,,,,,,,,,,,
1/29/2019 9:00,1/29/2019 10:00,12377.258,7.325,,,,,,,,,,,
1/29/2019 10:00,1/29/2019 11:00,12248.112,7.301,,,,,,,,,,,
1/29/2019 11:00,1/29/2019 12:00,13510.562,7.589,,,,,,,,,,,
1/29/2019 12:00,1/29/2019 13:00,14305.097,7.765,,,,,,,,,,,
1/29/2019 13:00,1/29/2019 14:00,14650.508,7.844,,,,,,,,,,,
1/29/2019 14:00,1/29/2019 15:00,15584.895,8.049,,,,,,,,,,,
1/29/2019 15:00,1/29/2019 16:00,16034.667,8.154,,,,,,,,,,,
1/29/2019 16:00,1/29/2019 17:00,16230.356,8.204,,,,,,,,,,,
1/29/2019 17:00,1/29/2019 18:00,16287.362,8.217,,,,,,,,,,,
1/29/2019 18:00,1/29/2019 19:00,16828.484,8.338,,,,,,,,,,,
1/29/2019 19:00,1/29/2019 20:00,17423.296,8.476,,,,,,,,,,,
1/29/2019 20:00,1/29/2019 21:00,16234.36,8.205,,,,,,,,,,,
1/29/2019 21:00,1/29/2019 22:00,15901.916,8.125,,,,,,,,,,,
1/29/2019 22:00,1/29/2019 23:00,16118.802,8.17,,,,,,,,,,,
1/29/2019 23:00,1/30/2019 0:00,16052.449,8.162,,,,,,,,,,,
1/30/2019 0:00,1/30/2019 1:00,15926.533,8.136,,,,,,,,,,,
1/30/2019 1:00,1/30/2019 2:00,16273.316,8.214,,,,,,,,,,,
1/30/2019 2:00,1/30/2019 3:00,15591.554,8.053,,,,,,,,,,,
1/30/2019 3:00,1/30/2019 4:00,15099.702,7.949,,,,,,,,,,,
1/30/2019 4:00,1/30/2019 5:00,14825.418,7.887,,,,,,,,,,,
1/30/2019 5:00,1/30/2019 6:00,14775.404,7.868,,,,,,,,,,,
1/30/2019 6:00,1/30/2019 7:00,15188.251,7.969,,,,,,,,,,,
1/30/2019 7:00,1/30/2019 8:00,15715.621,8.079,,,,,,,,,,,
1/30/2019 8:00,1/30/2019 9:00,16123.107,8.174,,,,,,,,,,,
1/30/2019 9:00,1/30/2019 10:00,16250.867,8.209,,,,,,,,,,,
1/30/2019 10:00,1/30/2019 11:00,15902.071,8.128,,,,,,,,,,,
1/30/2019 11:00,1/30/2019 12:00,15928.942,8.136,,,,,,,,,,,
1/30/2019 12:00,1/30/2019 13:00,16123.045,8.173,,,,,,,,,,,
1/30/2019 13:00,1/30/2019 14:00,15934.908,8.137,,,,,,,,,,,
1/30/2019 14:00,1/30/2019 15:00,15627.04,8.068,,,,,,,,,,,
1/30/2019 15:00,1/30/2019 16:00,14881.116,7.895,,,,,,,,,,,
1/30/2019 16:00,1/30/2019 17:00,14082.038,7.719,,,,,,,,,,,
1/30/2019 17:00,1/30/2019 18:00,13503.378,7.579,,,,,,,,,,,
1/30/2019 18:00,1/30/2019 19:00,12709.326,7.397,,,,,,,,,,,
1/30/2019 19:00,1/30/2019 20:00,11787.016,7.187,,,,,,,,,,,
1/30/2019 20:00,1/30/2019 21:00,10842.923,6.963,,,,,,,,,,,
1/30/2019 21:00,1/30/2019 22:00,10020.837,6.763,,,,,,,,,,,
1/30/2019 22:00,1/30/2019 23:00,9099.465,6.538,,,,,,,,,,,
1/30/2019 23:00,1/31/2019 0:00,8342.505,6.338,,,,,,,,,,,
1/31/2019 0:00,1/31/2019 1:00,7824.336,6.195,,,,,,,,,,,
1/31/2019 1:00,1/31/2019 2:00,7253.037,6.038,,,,,,,,,,,
1/31/2019 2:00,1/31/2019 3:00,6744.501,5.892,,,,,,,,,,,
1/31/2019 3:00,1/31/2019 4:00,6058.213,5.684,,,,,,,,,,,
1/31/2019 4:00,1/31/2019 5:00,5364.426,5.451,,,,,,,,,,,
1/31/2019 5:00,1/31/2019 6:00,4664.247,5.219,,,,,,,,,,,
1/31/2019 6:00,1/31/2019 7:00,4177.857,5.031,,,,,,,,,,,
1/31/2019 7:00,1/31/2019 8:00,3820.214,4.901,,,,,,,,,,,
1/31/2019 8:00,1/31/2019 9:00,3616.465,4.811,,,,,,,,,,,
1/31/2019 9:00,1/31/2019 10:00,3770.122,4.872,,,,,,,,,,,
1/31/2019 10:00,1/31/2019 11:00,4297.228,5.085,,,,,,,,,,,
1/31/2019 11:00,1/31/2019 12:00,5140.683,5.386,,,,,,,,,,,
1/31/2019 12:00,1/31/2019 13:00,6226.028,5.736,,,,,,,,,,,
1/31/2019 13:00,1/31/2019 14:00,7428.211,6.082,,,,,,,,,,,
1/31/2019 14:00,1/31/2019 15:00,8513.726,6.385,,,,,,,,,,,
1/31/2019 15:00,1/31/2019 16:00,9451.219,6.619,,,,,,,,,,,
1/31/2019 16:00,1/31/2019 17:00,9964.337,6.746,,,,,,,,,,,
1/31/2019 17:00,1/31/2019 18:00,10039.268,6.774,,,,,,,,,,,
1/31/2019 18:00,1/31/2019 19:00,10001.232,6.755,,,,,,,,,,,
1/31/2019 19:00,1/31/2019 20:00,9820.26,6.719,,,,,,,,,,,
1/31/2019 20:00,1/31/2019 21:00,9976.118,6.749,,,,,,,,,,,
1/31/2019 21:00,1/31/2019 22:00,10379.536,6.849,,,,,,,,,,,
1/31/2019 22:00,1/31/2019 23:00,10860.057,6.974,,,,,,,,,,,
1/31/2019 23:00,2/1/2019 0:00,11513.096,7.12,,,,,,,,,,,
2/1/2019 0:00,2/1/2019 1:00,12112.221,7.26,,,,,,,,,,,
2/1/2019 1:00,2/1/2019 2:00,12675.592,7.39,,,,,,,,,,,
2/1/2019 2:00,2/1/2019 3:00,13115.324,7.499,,,,,,,,,,,
2/1/2019 3:00,2/1/2019 4:00,13289.553,7.53,,,,,,,,,,,
2/1/2019 4:00,2/1/2019 5:00,13031.757,7.48,,,,,,,,,,,
2/1/2019 5:00,2/1/2019 6:00,12591.259,7.376,,,,,,,,,,,
2/1/2019 6:00,2/1/2019 7:00,12268.958,7.305,,,,,,,,,,,
2/1/2019 7:00,2/1/2019 8:00,12200.668,7.28,,,,,,,,,,,
2/1/2019 8:00,2/1/2019 9:00,11917.462,7.224,,,,,,,,,,,
2/1/2019 9:00,2/1/2019 10:00,11775.945,7.185,,,,,,,,,,,
2/1/2019 10:00,2/1/2019 11:00,12029.661,7.248,,,,,,,,,,,
2/1/2019 11:00,2/1/2019 12:00,12505.025,7.36,,,,,,,,,,,
2/1/2019 12:00,2/1/2019 13:00,13203.035,7.52,,,,,,,,,,,
2/1/2019 13:00,2/1/2019 14:00,13875.949,7.663,,,,,,,,,,,
2/1/2019 14:00,2/1/2019 15:00,14216.396,7.744,,,,,,,,,,,
2/1/2019 15:00,2/1/2019 16:00,14305.515,7.769,,,,,,,,,,,
2/1/2019 16:00,2/1/2019 17:00,14393.511,7.783,,,,,,,,,,,
2/1/2019 17:00,2/1/2019 18:00,14842.482,7.891,,,,,,,,,,,
2/1/2019 18:00,2/1/2019 19:00,15391.92,8.008,,,,,,,,,,,
2/1/2019 19:00,2/1/2019 20:00,15813.545,8.109,,,,,,,,,,,
2/1/2019 20:00,2/1/2019 21:00,16034.939,8.16,,,,,,,,,,,
2/1/2019 21:00,2/1/2019 22:00,16268.643,8.213,,,,,,,,,,,
2/1/2019 22:00,2/1/2019 23:00,16302.859,8.221,,,,,,,,,,,
2/1/2019 23:00,2/2/2019 0:00,16185.665,8.194,,,,,,,,,,,
2/2/2019 0:00,2/2/2019 1:00,16122.576,8.17,,,,,,,,,,,
2/2/2019 1:00,2/2/2019 2:00,15901.979,8.126,,,,,,,,,,,
2/2/2019 2:00,2/2/2019 3:00,15657.297,8.072,,,,,,,,,,,
2/2/2019 3:00,2/2/2019 4:00,15272.352,7.984,,,,,,,,,,,
2/2/2019 4:00,2/2/2019 5:00,15014.508,7.921,,,,,,,,,,,
2/2/2019 5:00,2/2/2019 6:00,15033.296,7.934,,,,,,,,,,,
2/2/2019 6:00,2/2/2019 7:00,15503.292,8.04,,,,,,,,,,,
2/2/2019 7:00,2/2/2019 8:00,16464.605,8.254,,,,,,,,,,,
2/2/2019 8:00,2/2/2019 9:00,17474.049,8.484,,,,,,,,,,,
2/2/2019 9:00,2/2/2019 10:00,18194.692,8.647,,,,,,,,,,,
2/2/2019 10:00,2/2/2019 11:00,18687.39,8.768,,,,,,,,,,,
2/2/2019 11:00,2/2/2019 12:00,19203.199,8.891,,,,,,,,,,,
2/2/2019 12:00,2/2/2019 13:00,19648.996,8.998,,,,,,,,,,,
2/2/2019 13:00,2/2/2019 14:00,19885.511,9.049,,,,,,,,,,,
2/2/2019 14:00,2/2/2019 15:00,19904.398,9.062,,,,,,,,,,,
2/2/2019 15:00,2/2/2019 16:00,19693.338,9.005,,,,,,,,,,,
2/2/2019 16:00,2/2/2019 17:00,19731.117,9.019,,,,,,,,,,,
2/2/2019 17:00,2/2/2019 18:00,20085.842,9.107,,,,,,,,,,,
2/2/2019 18:00,2/2/2019 19:00,20300.595,9.156,,,,,,,,,,,
2/2/2019 19:00,2/2/2019 20:00,20409.647,9.184,,,,,,,,,,,
2/2/2019 20:00,2/2/2019 21:00,20562.669,9.226,,,,,,,,,,,
2/2/2019 21:00,2/2/2019 22:00,20594.116,9.232,,,,,,,,,,,
2/2/2019 22:00,2/2/2019 23:00,20461.158,9.194,,,,,,,,,,,
2/2/2019 23:00,2/3/2019 0:00,20237.752,9.142,,,,,,,,,,,
2/3/2019 0:00,2/3/2019 1:00,20147.411,9.122,,,,,,,,,,,
2/3/2019 1:00,2/3/2019 2:00,20021.611,9.091,,,,,,,,,,,
2/3/2019 2:00,2/3/2019 3:00,20010.738,9.088,,,,,,,,,,,
2/3/2019 3:00,2/3/2019 4:00,20369.2,9.168,,,,,,,,,,,
2/3/2019 4:00,2/3/2019 5:00,20921.623,9.317,,,,,,,,,,,
2/3/2019 5:00,2/3/2019 6:00,21471.652,9.454,,,,,,,,,,,
2/3/2019 6:00,2/3/2019 7:00,21731.645,9.527,,,,,,,,,,,
2/3/2019 7:00,2/3/2019 8:00,21629.365,9.493,,,,,,,,,,,
2/3/2019 8:00,2/3/2019 9:00,21171.131,9.381,,,,,,,,,,,
2/3/2019 9:00,2/3/2019 10:00,20419.239,9.185,,,,,,,,,,,
2/3/2019 10:00,2/3/2019 11:00,19813.413,9.037,,,,,,,,,,,
2/3/2019 11:00,2/3/2019 12:00,20038.219,9.095,,,,,,,,,,,
2/3/2019 12:00,2/3/2019 13:00,21731.232,9.527,,,,,,,,,,,
2/3/2019 13:00,2/3/2019 14:00,20475.578,9.204,,,,,,,,,,,
2/3/2019 14:00,2/3/2019 15:00,20052.241,9.099,,,,,,,,,,,
2/3/2019 15:00,2/3/2019 16:00,19820.444,9.041,,,,,,,,,,,
2/3/2019 16:00,2/3/2019 17:00,19359.548,8.924,,,,,,,,,,,
2/3/2019 17:00,2/3/2019 18:00,18829.013,8.797,,,,,,,,,,,
2/3/2019 18:00,2/3/2019 19:00,18264.106,8.665,,,,,,,,,,,
2/3/2019 19:00,2/3/2019 20:00,17222.587,8.423,,,,,,,,,,,
2/3/2019 20:00,2/3/2019 21:00,16034.621,8.153,,,,,,,,,,,
2/3/2019 21:00,2/3/2019 22:00,15901.752,8.122,,,,,,,,,,,
2/3/2019 22:00,2/3/2019 23:00,15600.18,8.062,,,,,,,,,,,
2/3/2019 23:00,2/4/2019 0:00,15229.427,7.978,,,,,,,,,,,
2/4/2019 0:00,2/4/2019 1:00,14926.299,7.908,,,,,,,,,,,
2/4/2019 1:00,2/4/2019 2:00,14393.526,7.783,,,,,,,,,,,
2/4/2019 2:00,2/4/2019 3:00,13510.635,7.59,,,,,,,,,,,
2/4/2019 3:00,2/4/2019 4:00,12827.291,7.432,,,,,,,,,,,
2/4/2019 4:00,2/4/2019 5:00,13291.927,7.54,,,,,,,,,,,
2/4/2019 5:00,2/4/2019 6:00,12809.233,7.428,,,,,,,,,,,
2/4/2019 6:00,2/4/2019 7:00,12591.574,7.378,,,,,,,,,,,
2/4/2019 7:00,2/4/2019 8:00,12833.64,7.433,,,,,,,,,,,
2/4/2019 8:00,2/4/2019 9:00,13278.786,7.529,,,,,,,,,,,
2/4/2019 9:00,2/4/2019 10:00,13289.889,7.533,,,,,,,,,,,
2/4/2019 10:00,2/4/2019 11:00,12808.568,7.424,,,,,,,,,,,
2/4/2019 11:00,2/4/2019 12:00,12035.993,7.251,,,,,,,,,,,
2/4/2019 12:00,2/4/2019 13:00,11600.599,7.14,,,,,,,,,,,
2/4/2019 13:00,2/4/2019 14:00,11214.455,7.058,,,,,,,,,,,
2/4/2019 14:00,2/4/2019 15:00,11603.63,7.141,,,,,,,,,,,
2/4/2019 15:00,2/4/2019 16:00,10843.463,6.966,,,,,,,,,,,
2/4/2019 16:00,2/4/2019 17:00,9658.262,6.67,,,,,,,,,,,
2/4/2019 17:00,2/4/2019 18:00,8758.31,6.442,,,,,,,,,,,
2/4/2019 18:00,2/4/2019 19:00,7983.361,6.234,,,,,,,,,,,
2/4/2019 19:00,2/4/2019 20:00,6998.267,5.957,,,,,,,,,,,
2/4/2019 20:00,2/4/2019 21:00,5906.918,5.637,,,,,,,,,,,
2/4/2019 21:00,2/4/2019 22:00,5264.308,5.427,,,,,,,,,,,
2/4/2019 22:00,2/4/2019 23:00,4736.797,5.245,,,,,,,,,,,
2/4/2019 23:00,2/5/2019 0:00,4106.171,5.013,,,,,,,,,,,
2/5/2019 0:00,2/5/2019 1:00,3447.475,4.749,,,,,,,,,,,
2/5/2019 1:00,2/5/2019 2:00,2789.456,4.458,,,,,,,,,,,
2/5/2019 2:00,2/5/2019 3:00,2294.72,4.215,,,,,,,,,,,
2/5/2019 3:00,2/5/2019 4:00,1867.302,3.983,,,,,,,,,,,
2/5/2019 4:00,2/5/2019 5:00,1447.345,3.718,,,,,,,,,,,
2/5/2019 5:00,2/5/2019 6:00,997.644,3.406,,,,,,,,,,,
2/5/2019 6:00,2/5/2019 7:00,712.287,3.159,,,,,,,,,,,
2/5/2019 7:00,2/5/2019 8:00,608.871,3.056,,,,,,,,,,,
2/5/2019 8:00,2/5/2019 9:00,575.809,3.021,,,,,,,,,,,
2/5/2019 9:00,2/5/2019 10:00,597.097,3.044,,,,,,,,,,,
2/5/2019 10:00,2/5/2019 11:00,653.294,3.102,,,,,,,,,,,
2/5/2019 11:00,2/5/2019 12:00,636.185,3.085,,,,,,,,,,,
2/5/2019 12:00,2/5/2019 13:00,539.769,2.973,,,,,,,,,,,
2/5/2019 13:00,2/5/2019 14:00,410.022,2.824,,,,,,,,,,,
2/5/2019 14:00,2/5/2019 15:00,248.888,2.568,,,,,,,,,,,
2/5/2019 15:00,2/5/2019 16:00,128.244,2.297,,,,,,,,,,,
2/5/2019 16:00,2/5/2019 17:00,118.174,2.273,,,,,,,,,,,
2/5/2019 17:00,2/5/2019 18:00,213.334,2.508,,,,,,,,,,,
2/5/2019 18:00,2/5/2019 19:00,411.433,2.826,,,,,,,,,,,
2/5/2019 19:00,2/5/2019 20:00,713.867,3.161,,,,,,,,,,,
2/5/2019 20:00,2/5/2019 21:00,1108.272,3.482,,,,,,,,,,,
2/5/2019 21:00,2/5/2019 22:00,1740.584,3.904,,,,,,,,,,,
2/5/2019 22:00,2/5/2019 23:00,2539.088,4.338,,,,,,,,,,,
2/5/2019 23:00,2/6/2019 0:00,3384.802,4.723,,,,,,,,,,,
2/6/2019 0:00,2/6/2019 1:00,4120.942,5.019,,,,,,,,,,,
2/6/2019 1:00,2/6/2019 2:00,5404.882,5.474,,,,,,,,,,,
2/6/2019 2:00,2/6/2019 3:00,6272.127,5.75,,,,,,,,,,,
2/6/2019 3:00,2/6/2019 4:00,6765.457,5.899,,,,,,,,,,,
2/6/2019 4:00,2/6/2019 5:00,7919.027,6.223,,,,,,,,,,,
2/6/2019 5:00,2/6/2019 6:00,8432.756,6.362,,,,,,,,,,,
2/6/2019 6:00,2/6/2019 7:00,8567.335,6.4,,,,,,,,,,,
2/6/2019 7:00,2/6/2019 8:00,8736.458,6.437,,,,,,,,,,,
2/6/2019 8:00,2/6/2019 9:00,7658.137,6.154,,,,,,,,,,,
2/6/2019 9:00,2/6/2019 10:00,6034.601,5.677,,,,,,,,,,,
2/6/2019 10:00,2/6/2019 11:00,5437.887,5.485,,,,,,,,,,,
2/6/2019 11:00,2/6/2019 12:00,4431.962,5.135,,,,,,,,,,,
2/6/2019 12:00,2/6/2019 13:00,4084.361,5.005,,,,,,,,,,,
2/6/2019 13:00,2/6/2019 14:00,3442.009,4.747,,,,,,,,,,,
2/6/2019 14:00,2/6/2019 15:00,2823.721,4.474,,,,,,,,,,,
2/6/2019 15:00,2/6/2019 16:00,2370.066,4.254,,,,,,,,,,,
2/6/2019 16:00,2/6/2019 17:00,1970.035,4.041,,,,,,,,,,,
2/6/2019 17:00,2/6/2019 18:00,1942.132,4.023,,,,,,,,,,,
2/6/2019 18:00,2/6/2019 19:00,2230.343,4.182,,,,,,,,,,,
2/6/2019 19:00,2/6/2019 20:00,2653.939,4.385,,,,,,,,,,,
2/6/2019 20:00,2/6/2019 21:00,2977.413,4.536,,,,,,,,,,,
2/6/2019 21:00,2/6/2019 22:00,3220.277,4.643,,,,,,,,,,,
2/6/2019 22:00,2/6/2019 23:00,3335.576,4.702,,,,,,,,,,,
2/6/2019 23:00,2/7/2019 0:00,3291.005,4.683,,,,,,,,,,,
2/7/2019 0:00,2/7/2019 1:00,3043.461,4.574,,,,,,,,,,,
2/7/2019 1:00,2/7/2019 2:00,2663.433,4.389,,,,,,,,,,,
2/7/2019 2:00,2/7/2019 3:00,2278.283,4.207,,,,,,,,,,,
2/7/2019 3:00,2/7/2019 4:00,1983.871,4.049,,,,,,,,,,,
2/7/2019 4:00,2/7/2019 5:00,1888.755,3.996,,,,,,,,,,,
2/7/2019 5:00,2/7/2019 6:00,1908.734,4.007,,,,,,,,,,,
2/7/2019 6:00,2/7/2019 7:00,2066.065,4.094,,,,,,,,,,,
2/7/2019 7:00,2/7/2019 8:00,2373.1,4.256,,,,,,,,,,,
2/7/2019 8:00,2/7/2019 9:00,2771.997,4.45,,,,,,,,,,,
2/7/2019 9:00,2/7/2019 10:00,3021.398,4.565,,,,,,,,,,,
2/7/2019 10:00,2/7/2019 11:00,3012.18,4.56,,,,,,,,,,,
2/7/2019 11:00,2/7/2019 12:00,2908.266,4.513,,,,,,,,,,,
2/7/2019 12:00,2/7/2019 13:00,2708.052,4.419,,,,,,,,,,,
2/7/2019 13:00,2/7/2019 14:00,2579.272,4.358,,,,,,,,,,,
2/7/2019 14:00,2/7/2019 15:00,2460.881,4.297,,,,,,,,,,,
2/7/2019 15:00,2/7/2019 16:00,2460.622,4.295,,,,,,,,,,,
2/7/2019 16:00,2/7/2019 17:00,2544.187,4.341,,,,,,,,,,,
2/7/2019 17:00,2/7/2019 18:00,2304.17,4.22,,,,,,,,,,,
2/7/2019 18:00,2/7/2019 19:00,1936.288,4.021,,,,,,,,,,,
2/7/2019 19:00,2/7/2019 20:00,1659.982,3.861,,,,,,,,,,,
2/7/2019 20:00,2/7/2019 21:00,1468.631,3.741,,,,,,,,,,,
2/7/2019 21:00,2/7/2019 22:00,1486.13,3.752,,,,,,,,,,,
2/7/2019 22:00,2/7/2019 23:00,1785.098,3.936,,,,,,,,,,,
2/7/2019 23:00,2/8/2019 0:00,2406.956,4.271,,,,,,,,,,,
2/8/2019 0:00,2/8/2019 1:00,2988.419,4.546,,,,,,,,,,,
2/8/2019 1:00,2/8/2019 2:00,3642.768,4.83,,,,,,,,,,,
2/8/2019 2:00,2/8/2019 3:00,4500.856,5.16,,,,,,,,,,,
2/8/2019 3:00,2/8/2019 4:00,5371.806,5.454,,,,,,,,,,,
2/8/2019 4:00,2/8/2019 5:00,6164.899,5.708,,,,,,,,,,,
2/8/2019 5:00,2/8/2019 6:00,6968.054,5.949,,,,,,,,,,,
2/8/2019 6:00,2/8/2019 7:00,7824.059,6.193,,,,,,,,,,,
2/8/2019 7:00,2/8/2019 8:00,8593.024,6.406,,,,,,,,,,,
2/8/2019 8:00,2/8/2019 9:00,8951.195,6.494,,,,,,,,,,,
2/8/2019 9:00,2/8/2019 10:00,8686.639,6.43,,,,,,,,,,,
2/8/2019 10:00,2/8/2019 11:00,8081.48,6.266,,,,,,,,,,,
2/8/2019 11:00,2/8/2019 12:00,7197.458,6.022,,,,,,,,,,,
2/8/2019 12:00,2/8/2019 13:00,6555.662,5.836,,,,,,,,,,,
2/8/2019 13:00,2/8/2019 14:00,6121.709,5.697,,,,,,,,,,,
2/8/2019 14:00,2/8/2019 15:00,5409.116,5.476,,,,,,,,,,,
2/8/2019 15:00,2/8/2019 16:00,4636.097,5.201,,,,,,,,,,,
2/8/2019 16:00,2/8/2019 17:00,3500.34,4.771,,,,,,,,,,,
2/8/2019 17:00,2/8/2019 18:00,2818.599,4.472,,,,,,,,,,,
2/8/2019 18:00,2/8/2019 19:00,2366.131,4.252,,,,,,,,,,,
2/8/2019 19:00,2/8/2019 20:00,1894.473,3.999,,,,,,,,,,,
2/8/2019 20:00,2/8/2019 21:00,1461.889,3.737,,,,,,,,,,,
2/8/2019 21:00,2/8/2019 22:00,918.518,3.342,,,,,,,,,,,
2/8/2019 22:00,2/8/2019 23:00,470.148,2.901,,,,,,,,,,,
2/8/2019 23:00,2/9/2019 0:00,257.849,2.593,,,,,,,,,,,
2/9/2019 0:00,2/9/2019 1:00,195.165,2.462,,,,,,,,,,,
2/9/2019 1:00,2/9/2019 2:00,173.553,2.422,,,,,,,,,,,
2/9/2019 2:00,2/9/2019 3:00,161.794,2.394,,,,,,,,,,,
2/9/2019 3:00,2/9/2019 4:00,155.281,2.377,,,,,,,,,,,
2/9/2019 4:00,2/9/2019 5:00,208.348,2.498,,,,,,,,,,,
2/9/2019 5:00,2/9/2019 6:00,445.517,2.87,,,,,,,,,,,
2/9/2019 6:00,2/9/2019 7:00,817.915,3.256,,,,,,,,,,,
2/9/2019 7:00,2/9/2019 8:00,1349.779,3.663,,,,,,,,,,,
2/9/2019 8:00,2/9/2019 9:00,1924.639,4.016,,,,,,,,,,,
2/9/2019 9:00,2/9/2019 10:00,2512.279,4.325,,,,,,,,,,,
2/9/2019 10:00,2/9/2019 11:00,3196.486,4.633,,,,,,,,,,,
2/9/2019 11:00,2/9/2019 12:00,3734.831,4.864,,,,,,,,,,,
2/9/2019 12:00,2/9/2019 13:00,4306.171,5.089,,,,,,,,,,,
2/9/2019 13:00,2/9/2019 14:00,5192.992,5.403,,,,,,,,,,,
2/9/2019 14:00,2/9/2019 15:00,6305.989,5.761,,,,,,,,,,,
2/9/2019 15:00,2/9/2019 16:00,7500.173,6.106,,,,,,,,,,,
2/9/2019 16:00,2/9/2019 17:00,8835.313,6.463,,,,,,,,,,,
2/9/2019 17:00,2/9/2019 18:00,10341.69,6.844,,,,,,,,,,,
2/9/2019 18:00,2/9/2019 19:00,11500.636,7.118,,,,,,,,,,,
2/9/2019 19:00,2/9/2019 20:00,12029.129,7.245,,,,,,,,,,,
2/9/2019 20:00,2/9/2019 21:00,12029.782,7.249,,,,,,,,,,,
2/9/2019 21:00,2/9/2019 22:00,12297.148,7.312,,,,,,,,,,,
2/9/2019 22:00,2/9/2019 23:00,12458.763,7.345,,,,,,,,,,,
2/9/2019 23:00,2/10/2019 0:00,12627.715,7.384,,,,,,,,,,,
2/10/2019 0:00,2/10/2019 1:00,11643.569,7.152,,,,,,,,,,,
2/10/2019 1:00,2/10/2019 2:00,10553.559,6.899,,,,,,,,,,,
2/10/2019 2:00,2/10/2019 3:00,9699.372,6.685,,,,,,,,,,,
2/10/2019 3:00,2/10/2019 4:00,8857.094,6.473,,,,,,,,,,,
2/10/2019 4:00,2/10/2019 5:00,8192.757,6.3,,,,,,,,,,,
2/10/2019 5:00,2/10/2019 6:00,7736.74,6.168,,,,,,,,,,,
2/10/2019 6:00,2/10/2019 7:00,7181.608,6.012,,,,,,,,,,,
2/10/2019 7:00,2/10/2019 8:00,6661.34,5.868,,,,,,,,,,,
2/10/2019 8:00,2/10/2019 9:00,6093.109,5.693,,,,,,,,,,,
2/10/2019 9:00,2/10/2019 10:00,5390.904,5.464,,,,,,,,,,,
2/10/2019 10:00,2/10/2019 11:00,4636.829,5.205,,,,,,,,,,,
2/10/2019 11:00,2/10/2019 12:00,3990.847,4.969,,,,,,,,,,,
2/10/2019 12:00,2/10/2019 13:00,3573.984,4.793,,,,,,,,,,,
2/10/2019 13:00,2/10/2019 14:00,3343.941,4.706,,,,,,,,,,,
2/10/2019 14:00,2/10/2019 15:00,3107.781,4.603,,,,,,,,,,,
2/10/2019 15:00,2/10/2019 16:00,2707.454,4.416,,,,,,,,,,,
2/10/2019 16:00,2/10/2019 17:00,2580.971,4.359,,,,,,,,,,,
2/10/2019 17:00,2/10/2019 18:00,2557.932,4.348,,,,,,,,,,,
2/10/2019 18:00,2/10/2019 19:00,2636.481,4.377,,,,,,,,,,,
2/10/2019 19:00,2/10/2019 20:00,2666.778,4.391,,,,,,,,,,,
2/10/2019 20:00,2/10/2019 21:00,2753.35,4.441,,,,,,,,,,,
2/10/2019 21:00,2/10/2019 22:00,2788.144,4.458,,,,,,,,,,,
2/10/2019 22:00,2/10/2019 23:00,2760.382,4.445,,,,,,,,,,,
2/10/2019 23:00,2/11/2019 0:00,2707.691,4.417,,,,,,,,,,,
2/11/2019 0:00,2/11/2019 1:00,2654.303,4.385,,,,,,,,,,,
2/11/2019 1:00,2/11/2019 2:00,2649.236,4.383,,,,,,,,,,,
2/11/2019 2:00,2/11/2019 3:00,2794.002,4.46,,,,,,,,,,,
2/11/2019 3:00,2/11/2019 4:00,2707.948,4.419,,,,,,,,,,,
2/11/2019 4:00,2/11/2019 5:00,2861.317,4.492,,,,,,,,,,,
2/11/2019 5:00,2/11/2019 6:00,3415.461,4.736,,,,,,,,,,,
2/11/2019 6:00,2/11/2019 7:00,3923.801,4.942,,,,,,,,,,,
2/11/2019 7:00,2/11/2019 8:00,4542.163,5.175,,,,,,,,,,,
2/11/2019 8:00,2/11/2019 9:00,5513.45,5.51,,,,,,,,,,,
2/11/2019 9:00,2/11/2019 10:00,7679.904,6.16,,,,,,,,,,,
2/11/2019 10:00,2/11/2019 11:00,11432.366,7.109,,,,,,,,,,,
2/11/2019 11:00,2/11/2019 12:00,14543.744,7.822,,,,,,,,,,,
2/11/2019 12:00,2/11/2019 13:00,17837.799,8.566,,,,,,,,,,,
2/11/2019 13:00,2/11/2019 14:00,18983.02,8.836,,,,,,,,,,,
2/11/2019 14:00,2/11/2019 15:00,16214.677,8.201,,,,,,,,,,,
2/11/2019 15:00,2/11/2019 16:00,13573.165,7.597,,,,,,,,,,,
2/11/2019 16:00,2/11/2019 17:00,12841.368,7.434,,,,,,,,,,,
2/11/2019 17:00,2/11/2019 18:00,12576.526,7.368,,,,,,,,,,,
2/11/2019 18:00,2/11/2019 19:00,12029.032,7.244,,,,,,,,,,,
2/11/2019 19:00,2/11/2019 20:00,12299.787,7.313,,,,,,,,,,,
2/11/2019 20:00,2/11/2019 21:00,11791.798,7.187,,,,,,,,,,,
2/11/2019 21:00,2/11/2019 22:00,10306.831,6.838,,,,,,,,,,,
2/11/2019 22:00,2/11/2019 23:00,11798.861,7.188,,,,,,,,,,,
2/11/2019 23:00,2/12/2019 0:00,13987.936,7.698,,,,,,,,,,,
2/12/2019 0:00,2/12/2019 1:00,15633.099,8.069,,,,,,,,,,,
2/12/2019 1:00,2/12/2019 2:00,16123.299,8.178,,,,,,,,,,,
2/12/2019 2:00,2/12/2019 3:00,12504.019,7.353,,,,,,,,,,,
2/12/2019 3:00,2/12/2019 4:00,13906.412,7.671,,,,,,,,,,,
2/12/2019 4:00,2/12/2019 5:00,17452.576,8.481,,,,,,,,,,,
2/12/2019 5:00,2/12/2019 6:00,19359.805,8.921,,,,,,,,,,,
2/12/2019 6:00,2/12/2019 7:00,21704.517,9.516,,,,,,,,,,,
2/12/2019 7:00,2/12/2019 8:00,23114.115,9.909,,,,,,,,,,,
2/12/2019 8:00,2/12/2019 9:00,25043.772,10.514,,,,,,,,,,,
2/12/2019 9:00,2/12/2019 10:00,24580.894,10.349,,,,,,,,,,,
2/12/2019 10:00,2/12/2019 11:00,23295.542,9.956,,,,,,,,,,,
2/12/2019 11:00,2/12/2019 12:00,23036.771,9.888,,,,,,,,,,,
2/12/2019 12:00,2/12/2019 13:00,22653.764,9.779,,,,,,,,,,,
2/12/2019 13:00,2/12/2019 14:00,21439.251,9.443,,,,,,,,,,,
2/12/2019 14:00,2/12/2019 15:00,19359.492,8.925,,,,,,,,,,,
2/12/2019 15:00,2/12/2019 16:00,16387.551,8.235,,,,,,,,,,,
2/12/2019 16:00,2/12/2019 17:00,11988.732,7.235,,,,,,,,,,,
2/12/2019 17:00,2/12/2019 18:00,8109.258,6.277,,,,,,,,,,,
2/12/2019 18:00,2/12/2019 19:00,5812.365,5.607,,,,,,,,,,,
2/12/2019 19:00,2/12/2019 20:00,3563.007,4.788,,,,,,,,,,,
2/12/2019 20:00,2/12/2019 21:00,2028.502,4.074,,,,,,,,,,,
2/12/2019 21:00,2/12/2019 22:00,1024.977,3.428,,,,,,,,,,,
2/12/2019 22:00,2/12/2019 23:00,980.134,3.392,,,,,,,,,,,
2/12/2019 23:00,2/13/2019 0:00,2409.262,4.272,,,,,,,,,,,
2/13/2019 0:00,2/13/2019 1:00,4295.005,5.084,,,,,,,,,,,
2/13/2019 1:00,2/13/2019 2:00,6482.27,5.814,,,,,,,,,,,
2/13/2019 2:00,2/13/2019 3:00,9658.638,6.672,,,,,,,,,,,
2/13/2019 3:00,2/13/2019 4:00,12029.102,7.244,,,,,,,,,,,
2/13/2019 4:00,2/13/2019 5:00,14077.564,7.718,,,,,,,,,,,
2/13/2019 5:00,2/13/2019 6:00,14925.967,7.904,,,,,,,,,,,
2/13/2019 6:00,2/13/2019 7:00,14743.113,7.864,,,,,,,,,,,
2/13/2019 7:00,2/13/2019 8:00,13975.128,7.695,,,,,,,,,,,
2/13/2019 8:00,2/13/2019 9:00,12929.15,7.457,,,,,,,,,,,
2/13/2019 9:00,2/13/2019 10:00,12507.779,7.36,,,,,,,,,,,
2/13/2019 10:00,2/13/2019 11:00,10926.241,6.985,,,,,,,,,,,
2/13/2019 11:00,2/13/2019 12:00,8759.217,6.447,,,,,,,,,,,
2/13/2019 12:00,2/13/2019 13:00,8575.023,6.402,,,,,,,,,,,
2/13/2019 13:00,2/13/2019 14:00,6511.752,5.823,,,,,,,,,,,
2/13/2019 14:00,2/13/2019 15:00,4717.39,5.238,,,,,,,,,,,
2/13/2019 15:00,2/13/2019 16:00,4356.99,5.108,,,,,,,,,,,
2/13/2019 16:00,2/13/2019 17:00,4210.957,5.044,,,,,,,,,,,
2/13/2019 17:00,2/13/2019 18:00,4406.387,5.126,,,,,,,,,,,
2/13/2019 18:00,2/13/2019 19:00,5393.802,5.471,,,,,,,,,,,
2/13/2019 19:00,2/13/2019 20:00,6411.408,5.783,,,,,,,,,,,
2/13/2019 20:00,2/13/2019 21:00,5718.022,5.567,,,,,,,,,,,
2/13/2019 21:00,2/13/2019 22:00,5068.101,5.361,,,,,,,,,,,
2/13/2019 22:00,2/13/2019 23:00,4571.218,5.186,,,,,,,,,,,
2/13/2019 23:00,2/14/2019 0:00,3589.369,4.799,,,,,,,,,,,
2/14/2019 0:00,2/14/2019 1:00,4548.201,5.178,,,,,,,,,,,
2/14/2019 1:00,2/14/2019 2:00,6529.702,5.828,,,,,,,,,,,
2/14/2019 2:00,2/14/2019 3:00,9659.75,6.678,,,,,,,,,,,
2/14/2019 3:00,2/14/2019 4:00,12408.826,7.329,,,,,,,,,,,
2/14/2019 4:00,2/14/2019 5:00,14582.361,7.826,,,,,,,,,,,
2/14/2019 5:00,2/14/2019 6:00,17309.851,8.44,,,,,,,,,,,
2/14/2019 6:00,2/14/2019 7:00,20381.567,9.17,,,,,,,,,,,
2/14/2019 7:00,2/14/2019 8:00,21668.536,9.505,,,,,,,,,,,
2/14/2019 8:00,2/14/2019 9:00,20515.336,9.214,,,,,,,,,,,
2/14/2019 9:00,2/14/2019 10:00,22554.692,9.751,,,,,,,,,,,
2/14/2019 10:00,2/14/2019 11:00,28522.195,12.025,,,,,,,,,,,
2/14/2019 11:00,2/14/2019 12:00,29445.539,12.631,,,,,,,,,,,
2/14/2019 12:00,2/14/2019 13:00,30214.814,13.27,,,,,,,,,,,
2/14/2019 13:00,2/14/2019 14:00,30847.505,13.965,,,,,,,,,,,
2/14/2019 14:00,2/14/2019 15:00,31201.412,14.493,,,,,,,,,,,
2/14/2019 15:00,2/14/2019 16:00,31572.027,15.252,,,,,,,,,,,
2/14/2019 16:00,2/14/2019 17:00,31679.738,15.555,,,,,,,,,,,
2/14/2019 17:00,2/14/2019 18:00,31667.151,15.522,,,,,,,,,,,
2/14/2019 18:00,2/14/2019 19:00,31664.543,15.507,,,,,,,,,,,
2/14/2019 19:00,2/14/2019 20:00,31683.174,15.571,,,,,,,,,,,
2/14/2019 20:00,2/14/2019 21:00,31776.582,15.899,,,,,,,,,,,
2/14/2019 21:00,2/14/2019 22:00,31823.648,16.123,,,,,,,,,,,
2/14/2019 22:00,2/14/2019 23:00,31859.788,16.323,,,,,,,,,,,
2/14/2019 23:00,2/15/2019 0:00,31786.578,15.941,,,,,,,,,,,
2/15/2019 0:00,2/15/2019 1:00,31514.061,15.112,,,,,,,,,,,
2/15/2019 1:00,2/15/2019 2:00,30520.143,13.581,,,,,,,,,,,
2/15/2019 2:00,2/15/2019 3:00,28214.486,11.858,,,,,,,,,,,
2/15/2019 3:00,2/15/2019 4:00,24300.04,10.269,,,,,,,,,,,
2/15/2019 4:00,2/15/2019 5:00,19510.893,8.967,,,,,,,,,,,
2/15/2019 5:00,2/15/2019 6:00,16916.24,8.358,,,,,,,,,,,
2/15/2019 6:00,2/15/2019 7:00,15517.445,8.042,,,,,,,,,,,
2/15/2019 7:00,2/15/2019 8:00,15014.535,7.922,,,,,,,,,,,
2/15/2019 8:00,2/15/2019 9:00,15481.112,8.028,,,,,,,,,,,
2/15/2019 9:00,2/15/2019 10:00,14022.077,7.706,,,,,,,,,,,
2/15/2019 10:00,2/15/2019 11:00,11889.061,7.217,,,,,,,,,,,
2/15/2019 11:00,2/15/2019 12:00,8951.962,6.498,,,,,,,,,,,
2/15/2019 12:00,2/15/2019 13:00,6529.293,5.828,,,,,,,,,,,
2/15/2019 13:00,2/15/2019 14:00,3790.072,4.883,,,,,,,,,,,
2/15/2019 14:00,2/15/2019 15:00,2056.853,4.089,,,,,,,,,,,
2/15/2019 15:00,2/15/2019 16:00,490.373,2.925,,,,,,,,,,,
2/15/2019 16:00,2/15/2019 17:00,85.135,2.161,,,,,,,,,,,
2/15/2019 17:00,2/15/2019 18:00,925.856,3.348,,,,,,,,,,,
2/15/2019 18:00,2/15/2019 19:00,3237.622,4.651,,,,,,,,,,,
2/15/2019 19:00,2/15/2019 20:00,5707.674,5.564,,,,,,,,,,,
2/15/2019 20:00,2/15/2019 21:00,9381.554,6.606,,,,,,,,,,,
2/15/2019 21:00,2/15/2019 22:00,13809.328,7.648,,,,,,,,,,,
2/15/2019 22:00,2/15/2019 23:00,17835.256,8.565,,,,,,,,,,,
2/15/2019 23:00,2/16/2019 0:00,20773.4,9.279,,,,,,,,,,,
2/16/2019 0:00,2/16/2019 1:00,22044.132,9.611,,,,,,,,,,,
2/16/2019 1:00,2/16/2019 2:00,20846.762,9.297,,,,,,,,,,,
2/16/2019 2:00,2/16/2019 3:00,19311.489,8.914,,,,,,,,,,,
2/16/2019 3:00,2/16/2019 4:00,28140.994,11.818,,,,,,,,,,,
2/16/2019 4:00,2/16/2019 5:00,30150.809,13.21,,,,,,,,,,,
2/16/2019 5:00,2/16/2019 6:00,31645.191,15.456,,,,,,,,,,,
2/16/2019 6:00,2/16/2019 7:00,31920.65,17.009,,,,,,,,,,,
2/16/2019 7:00,2/16/2019 8:00,31921.008,17.156,,,,,,,,,,,
2/16/2019 8:00,2/16/2019 9:00,31717.979,18.407,,,,,,,,,,,
2/16/2019 9:00,2/16/2019 10:00,29973.268,20.556,,,,,,,,,,,
2/16/2019 10:00,2/16/2019 11:00,28291.557,21.51,,,,,,,,,,,
2/16/2019 11:00,2/16/2019 12:00,30415.875,20.227,,,,,,,,,,,
2/16/2019 12:00,2/16/2019 13:00,31908.356,16.748,,,,,,,,,,,
2/16/2019 13:00,2/16/2019 14:00,31000.626,14.176,,,,,,,,,,,
2/16/2019 14:00,2/16/2019 15:00,30190.543,13.238,,,,,,,,,,,
2/16/2019 15:00,2/16/2019 16:00,30332.411,13.385,,,,,,,,,,,
2/16/2019 16:00,2/16/2019 17:00,30753.764,13.852,,,,,,,,,,,
2/16/2019 17:00,2/16/2019 18:00,30704.898,13.793,,,,,,,,,,,
2/16/2019 18:00,2/16/2019 19:00,30371.921,13.425,,,,,,,,,,,
2/16/2019 19:00,2/16/2019 20:00,29137.985,12.412,,,,,,,,,,,
2/16/2019 20:00,2/16/2019 21:00,26916.402,11.229,,,,,,,,,,,
2/16/2019 21:00,2/16/2019 22:00,24855.826,10.446,,,,,,,,,,,
2/16/2019 22:00,2/16/2019 23:00,23537.943,10.035,,,,,,,,,,,
2/16/2019 23:00,2/17/2019 0:00,21845.531,9.558,,,,,,,,,,,
2/17/2019 0:00,2/17/2019 1:00,19459.626,8.954,,,,,,,,,,,
2/17/2019 1:00,2/17/2019 2:00,17917.427,8.584,,,,,,,,,,,
2/17/2019 2:00,2/17/2019 3:00,16297.946,8.22,,,,,,,,,,,
2/17/2019 3:00,2/17/2019 4:00,14064.393,7.715,,,,,,,,,,,
2/17/2019 4:00,2/17/2019 5:00,9975.243,6.749,,,,,,,,,,,
2/17/2019 5:00,2/17/2019 6:00,6609.094,5.852,,,,,,,,,,,
2/17/2019 6:00,2/17/2019 7:00,3594.838,4.801,,,,,,,,,,,
2/17/2019 7:00,2/17/2019 8:00,2196.146,4.164,,,,,,,,,,,
2/17/2019 8:00,2/17/2019 9:00,1773.651,3.929,,,,,,,,,,,
2/17/2019 9:00,2/17/2019 10:00,1752.578,3.917,,,,,,,,,,,
2/17/2019 10:00,2/17/2019 11:00,1978.45,4.046,,,,,,,,,,,
2/17/2019 11:00,2/17/2019 12:00,2250.893,4.193,,,,,,,,,,,
2/17/2019 12:00,2/17/2019 13:00,2601.3,4.365,,,,,,,,,,,
2/17/2019 13:00,2/17/2019 14:00,3159.492,4.618,,,,,,,,,,,
2/17/2019 14:00,2/17/2019 15:00,2743.64,4.437,,,,,,,,,,,
2/17/2019 15:00,2/17/2019 16:00,2450.922,4.286,,,,,,,,,,,
2/17/2019 16:00,2/17/2019 17:00,2158.04,4.135,,,,,,,,,,,
2/17/2019 17:00,2/17/2019 18:00,2343.028,4.24,,,,,,,,,,,
2/17/2019 18:00,2/17/2019 19:00,2471.82,4.305,,,,,,,,,,,
2/17/2019 19:00,2/17/2019 20:00,2686.753,4.401,,,,,,,,,,,
2/17/2019 20:00,2/17/2019 21:00,2967.452,4.531,,,,,,,,,,,
2/17/2019 21:00,2/17/2019 22:00,3440.04,4.746,,,,,,,,,,,
2/17/2019 22:00,2/17/2019 23:00,3874.463,4.923,,,,,,,,,,,
2/17/2019 23:00,2/18/2019 0:00,4220.759,5.047,,,,,,,,,,,
2/18/2019 0:00,2/18/2019 1:00,4511.498,5.164,,,,,,,,,,,
2/18/2019 1:00,2/18/2019 2:00,4879.687,5.286,,,,,,,,,,,
2/18/2019 2:00,2/18/2019 3:00,5392.145,5.47,,,,,,,,,,,
2/18/2019 3:00,2/18/2019 4:00,5458.716,5.492,,,,,,,,,,,
2/18/2019 4:00,2/18/2019 5:00,5690.519,5.558,,,,,,,,,,,
2/18/2019 5:00,2/18/2019 6:00,6021.057,5.673,,,,,,,,,,,
2/18/2019 6:00,2/18/2019 7:00,6172.37,5.713,,,,,,,,,,,
2/18/2019 7:00,2/18/2019 8:00,6351.832,5.772,,,,,,,,,,,
2/18/2019 8:00,2/18/2019 9:00,7024.718,5.965,,,,,,,,,,,
2/18/2019 9:00,2/18/2019 10:00,6736.059,5.89,,,,,,,,,,,
2/18/2019 10:00,2/18/2019 11:00,5185.358,5.401,,,,,,,,,,,
2/18/2019 11:00,2/18/2019 12:00,3614.682,4.809,,,,,,,,,,,
2/18/2019 12:00,2/18/2019 13:00,4022.184,4.981,,,,,,,,,,,
2/18/2019 13:00,2/18/2019 14:00,4109.02,5.014,,,,,,,,,,,
2/18/2019 14:00,2/18/2019 15:00,4973.128,5.319,,,,,,,,,,,
2/18/2019 15:00,2/18/2019 16:00,4465.839,5.148,,,,,,,,,,,
2/18/2019 16:00,2/18/2019 17:00,4450.398,5.142,,,,,,,,,,,
2/18/2019 17:00,2/18/2019 18:00,3958.591,4.956,,,,,,,,,,,
2/18/2019 18:00,2/18/2019 19:00,2834.866,4.479,,,,,,,,,,,
2/18/2019 19:00,2/18/2019 20:00,1669.024,3.863,,,,,,,,,,,
2/18/2019 20:00,2/18/2019 21:00,1087.722,3.467,,,,,,,,,,,
2/18/2019 21:00,2/18/2019 22:00,1010.958,3.417,,,,,,,,,,,
2/18/2019 22:00,2/18/2019 23:00,978.43,3.391,,,,,,,,,,,
2/18/2019 23:00,2/19/2019 0:00,1326.343,3.638,,,,,,,,,,,
2/19/2019 0:00,2/19/2019 1:00,1720.908,3.889,,,,,,,,,,,
2/19/2019 1:00,2/19/2019 2:00,1061.85,3.449,,,,,,,,,,,
2/19/2019 2:00,2/19/2019 3:00,442.149,2.866,,,,,,,,,,,
2/19/2019 3:00,2/19/2019 4:00,155.261,2.377,,,,,,,,,,,
2/19/2019 4:00,2/19/2019 5:00,1100.652,3.477,,,,,,,,,,,
2/19/2019 5:00,2/19/2019 6:00,3040.208,4.573,,,,,,,,,,,
2/19/2019 6:00,2/19/2019 7:00,3639.34,4.829,,,,,,,,,,,
2/19/2019 7:00,2/19/2019 8:00,3316.228,4.694,,,,,,,,,,,
2/19/2019 8:00,2/19/2019 9:00,2364.931,4.251,,,,,,,,,,,
2/19/2019 9:00,2/19/2019 10:00,2505.178,4.322,,,,,,,,,,,
2/19/2019 10:00,2/19/2019 11:00,3258.875,4.66,,,,,,,,,,,
2/19/2019 11:00,2/19/2019 12:00,4224.51,5.049,,,,,,,,,,,
2/19/2019 12:00,2/19/2019 13:00,4284.269,5.08,,,,,,,,,,,
2/19/2019 13:00,2/19/2019 14:00,4102.869,5.012,,,,,,,,,,,
2/19/2019 14:00,2/19/2019 15:00,7253.142,6.039,,,,,,,,,,,
2/19/2019 15:00,2/19/2019 16:00,12707.238,7.397,,,,,,,,,,,
2/19/2019 16:00,2/19/2019 17:00,15503.237,8.039,,,,,,,,,,,
2/19/2019 17:00,2/19/2019 18:00,15743.832,8.092,,,,,,,,,,,
2/19/2019 18:00,2/19/2019 19:00,14802.15,7.882,,,,,,,,,,,
2/19/2019 19:00,2/19/2019 20:00,12503.572,7.35,,,,,,,,,,,
2/19/2019 20:00,2/19/2019 21:00,10388.831,6.858,,,,,,,,,,,
2/19/2019 21:00,2/19/2019 22:00,7217.37,6.025,,,,,,,,,,,
2/19/2019 22:00,2/19/2019 23:00,5094.688,5.37,,,,,,,,,,,
2/19/2019 23:00,2/20/2019 0:00,4006.011,4.974,,,,,,,,,,,
2/20/2019 0:00,2/20/2019 1:00,3424.197,4.74,,,,,,,,,,,
2/20/2019 1:00,2/20/2019 2:00,2849.94,4.486,,,,,,,,,,,
2/20/2019 2:00,2/20/2019 3:00,2530.218,4.334,,,,,,,,,,,
2/20/2019 3:00,2/20/2019 4:00,2442.666,4.281,,,,,,,,,,,
2/20/2019 4:00,2/20/2019 5:00,2888.202,4.504,,,,,,,,,,,
2/20/2019 5:00,2/20/2019 6:00,3261.287,4.67,,,,,,,,,,,
2/20/2019 6:00,2/20/2019 7:00,4391.241,5.12,,,,,,,,,,,
2/20/2019 7:00,2/20/2019 8:00,6191.344,5.725,,,,,,,,,,,
2/20/2019 8:00,2/20/2019 9:00,7125.059,6.002,,,,,,,,,,,
2/20/2019 9:00,2/20/2019 10:00,6436.861,5.791,,,,,,,,,,,
2/20/2019 10:00,2/20/2019 11:00,4856.018,5.279,,,,,,,,,,,
2/20/2019 11:00,2/20/2019 12:00,2911.913,4.515,,,,,,,,,,,
2/20/2019 12:00,2/20/2019 13:00,1613.911,3.833,,,,,,,,,,,
2/20/2019 13:00,2/20/2019 14:00,874.48,3.305,,,,,,,,,,,
2/20/2019 14:00,2/20/2019 15:00,778.366,3.212,,,,,,,,,,,
2/20/2019 15:00,2/20/2019 16:00,1050.219,3.444,,,,,,,,,,,
2/20/2019 16:00,2/20/2019 17:00,1608.2,3.829,,,,,,,,,,,
2/20/2019 17:00,2/20/2019 18:00,2018.335,4.068,,,,,,,,,,,
2/20/2019 18:00,2/20/2019 19:00,2154.296,4.133,,,,,,,,,,,
2/20/2019 19:00,2/20/2019 20:00,2028.566,4.074,,,,,,,,,,,
2/20/2019 20:00,2/20/2019 21:00,1889.297,3.996,,,,,,,,,,,
2/20/2019 21:00,2/20/2019 22:00,1724.85,3.891,,,,,,,,,,,
2/20/2019 22:00,2/20/2019 23:00,1626.836,3.841,,,,,,,,,,,
2/20/2019 23:00,2/21/2019 0:00,1688.599,3.87,,,,,,,,,,,
2/21/2019 0:00,2/21/2019 1:00,1829.576,3.953,,,,,,,,,,,
2/21/2019 1:00,2/21/2019 2:00,2187.608,4.154,,,,,,,,,,,
2/21/2019 2:00,2/21/2019 3:00,2706.922,4.413,,,,,,,,,,,
2/21/2019 3:00,2/21/2019 4:00,3115.823,4.607,,,,,,,,,,,
2/21/2019 4:00,2/21/2019 5:00,3541.076,4.78,,,,,,,,,,,
2/21/2019 5:00,2/21/2019 6:00,3963.518,4.958,,,,,,,,,,,
2/21/2019 6:00,2/21/2019 7:00,4282.315,5.076,,,,,,,,,,,
2/21/2019 7:00,2/21/2019 8:00,4256.591,5.061,,,,,,,,,,,
2/21/2019 8:00,2/21/2019 9:00,3793.207,4.891,,,,,,,,,,,
2/21/2019 9:00,2/21/2019 10:00,3691.041,4.85,,,,,,,,,,,
2/21/2019 10:00,2/21/2019 11:00,3657.449,4.836,,,,,,,,,,,
2/21/2019 11:00,2/21/2019 12:00,3325.094,4.698,,,,,,,,,,,
2/21/2019 12:00,2/21/2019 13:00,3033.152,4.57,,,,,,,,,,,
2/21/2019 13:00,2/21/2019 14:00,2866.936,4.494,,,,,,,,,,,
2/21/2019 14:00,2/21/2019 15:00,2707.662,4.417,,,,,,,,,,,
2/21/2019 15:00,2/21/2019 16:00,2619.234,4.369,,,,,,,,,,,
2/21/2019 16:00,2/21/2019 17:00,2667.999,4.392,,,,,,,,,,,
2/21/2019 17:00,2/21/2019 18:00,2807.204,4.467,,,,,,,,,,,
2/21/2019 18:00,2/21/2019 19:00,2876.604,4.499,,,,,,,,,,,
2/21/2019 19:00,2/21/2019 20:00,2765.623,4.447,,,,,,,,,,,
2/21/2019 20:00,2/21/2019 21:00,2662.458,4.389,,,,,,,,,,,
2/21/2019 21:00,2/21/2019 22:00,3653.268,4.834,,,,,,,,,,,
2/21/2019 22:00,2/21/2019 23:00,6191.969,5.726,,,,,,,,,,,
2/21/2019 23:00,2/22/2019 0:00,5944.743,5.649,,,,,,,,,,,
2/22/2019 0:00,2/22/2019 1:00,6833.152,5.918,,,,,,,,,,,
2/22/2019 1:00,2/22/2019 2:00,7762.354,6.181,,,,,,,,,,,
2/22/2019 2:00,2/22/2019 3:00,8460.599,6.366,,,,,,,,,,,
2/22/2019 3:00,2/22/2019 4:00,8493.266,6.379,,,,,,,,,,,
2/22/2019 4:00,2/22/2019 5:00,7845.246,6.203,,,,,,,,,,,
2/22/2019 5:00,2/22/2019 6:00,7252.503,6.036,,,,,,,,,,,
2/22/2019 6:00,2/22/2019 7:00,7106.763,5.998,,,,,,,,,,,
2/22/2019 7:00,2/22/2019 8:00,8493.139,6.378,,,,,,,,,,,
2/22/2019 8:00,2/22/2019 9:00,10676.238,6.921,,,,,,,,,,,
2/22/2019 9:00,2/22/2019 10:00,13510.244,7.587,,,,,,,,,,,
2/22/2019 10:00,2/22/2019 11:00,20380.884,9.176,,,,,,,,,,,
2/22/2019 11:00,2/22/2019 12:00,23114.536,9.907,,,,,,,,,,,
2/22/2019 12:00,2/22/2019 13:00,23825.315,10.121,,,,,,,,,,,
2/22/2019 13:00,2/22/2019 14:00,23443.034,10.006,,,,,,,,,,,
2/22/2019 14:00,2/22/2019 15:00,22447.644,9.722,,,,,,,,,,,
2/22/2019 15:00,2/22/2019 16:00,20298.051,9.15,,,,,,,,,,,
2/22/2019 16:00,2/22/2019 17:00,18964.185,8.828,,,,,,,,,,,
2/22/2019 17:00,2/22/2019 18:00,20238.959,9.142,,,,,,,,,,,
2/22/2019 18:00,2/22/2019 19:00,20987.969,9.333,,,,,,,,,,,
2/22/2019 19:00,2/22/2019 20:00,22796.856,9.819,,,,,,,,,,,
2/22/2019 20:00,2/22/2019 21:00,24267.492,10.259,,,,,,,,,,,
2/22/2019 21:00,2/22/2019 22:00,23112.732,9.9,,,,,,,,,,,
2/22/2019 22:00,2/22/2019 23:00,21924.685,9.574,,,,,,,,,,,
2/22/2019 23:00,2/23/2019 0:00,22587.879,9.761,,,,,,,,,,,
2/23/2019 0:00,2/23/2019 1:00,23193.88,9.932,,,,,,,,,,,
2/23/2019 1:00,2/23/2019 2:00,23723.121,10.086,,,,,,,,,,,
2/23/2019 2:00,2/23/2019 3:00,24920.313,10.472,,,,,,,,,,,
2/23/2019 3:00,2/23/2019 4:00,25962.322,10.842,,,,,,,,,,,
2/23/2019 4:00,2/23/2019 5:00,26685.037,11.125,,,,,,,,,,,
2/23/2019 5:00,2/23/2019 6:00,27169.619,11.336,,,,,,,,,,,
2/23/2019 6:00,2/23/2019 7:00,27322.062,11.41,,,,,,,,,,,
2/23/2019 7:00,2/23/2019 8:00,27091.585,11.306,,,,,,,,,,,
2/23/2019 8:00,2/23/2019 9:00,27244.838,11.375,,,,,,,,,,,
2/23/2019 9:00,2/23/2019 10:00,28110.453,11.802,,,,,,,,,,,
2/23/2019 10:00,2/23/2019 11:00,28418.247,11.971,,,,,,,,,,,
2/23/2019 11:00,2/23/2019 12:00,27722.748,11.595,,,,,,,,,,,
2/23/2019 12:00,2/23/2019 13:00,26599.113,11.092,,,,,,,,,,,
2/23/2019 13:00,2/23/2019 14:00,24397.746,10.3,,,,,,,,,,,
2/23/2019 14:00,2/23/2019 15:00,22297.485,9.678,,,,,,,,,,,
2/23/2019 15:00,2/23/2019 16:00,21966.794,9.584,,,,,,,,,,,
2/23/2019 16:00,2/23/2019 17:00,19959.504,9.076,,,,,,,,,,,
2/23/2019 17:00,2/23/2019 18:00,17554.115,8.503,,,,,,,,,,,
2/23/2019 18:00,2/23/2019 19:00,16520.35,8.262,,,,,,,,,,,
2/23/2019 19:00,2/23/2019 20:00,15626.211,8.068,,,,,,,,,,,
2/23/2019 20:00,2/23/2019 21:00,16967.674,8.372,,,,,,,,,,,
2/23/2019 21:00,2/23/2019 22:00,19119.179,8.872,,,,,,,,,,,
2/23/2019 22:00,2/23/2019 23:00,20739.078,9.266,,,,,,,,,,,
2/23/2019 23:00,2/24/2019 0:00,22200.958,9.647,,,,,,,,,,,
2/24/2019 0:00,2/24/2019 1:00,22877.258,9.842,,,,,,,,,,,
2/24/2019 1:00,2/24/2019 2:00,22275.651,9.667,,,,,,,,,,,
2/24/2019 2:00,2/24/2019 3:00,21980.346,9.594,,,,,,,,,,,
2/24/2019 3:00,2/24/2019 4:00,21515.21,9.465,,,,,,,,,,,
2/24/2019 4:00,2/24/2019 5:00,22088.38,9.623,,,,,,,,,,,
2/24/2019 5:00,2/24/2019 6:00,23088.488,9.896,,,,,,,,,,,
2/24/2019 6:00,2/24/2019 7:00,23468.443,10.014,,,,,,,,,,,
2/24/2019 7:00,2/24/2019 8:00,25264.825,10.588,,,,,,,,,,,
2/24/2019 8:00,2/24/2019 9:00,27739.87,11.608,,,,,,,,,,,
2/24/2019 9:00,2/24/2019 10:00,27947.722,11.716,,,,,,,,,,,
2/24/2019 10:00,2/24/2019 11:00,26896.293,11.22,,,,,,,,,,,
2/24/2019 11:00,2/24/2019 12:00,26022.427,10.863,,,,,,,,,,,
2/24/2019 12:00,2/24/2019 13:00,25323.613,10.602,,,,,,,,,,,
2/24/2019 13:00,2/24/2019 14:00,24328.866,10.278,,,,,,,,,,,
2/24/2019 14:00,2/24/2019 15:00,23093.404,9.897,,,,,,,,,,,
2/24/2019 15:00,2/24/2019 16:00,23778.796,10.098,,,,,,,,,,,
2/24/2019 16:00,2/24/2019 17:00,25735.073,10.754,,,,,,,,,,,
2/24/2019 17:00,2/24/2019 18:00,26863.218,11.206,,,,,,,,,,,
2/24/2019 18:00,2/24/2019 19:00,29024.297,12.329,,,,,,,,,,,
2/24/2019 19:00,2/24/2019 20:00,30096.134,13.16,,,,,,,,,,,
2/24/2019 20:00,2/24/2019 21:00,30168.72,13.227,,,,,,,,,,,
2/24/2019 21:00,2/24/2019 22:00,29675.632,12.805,,,,,,,,,,,
2/24/2019 22:00,2/24/2019 23:00,28960.832,12.299,,,,,,,,,,,
2/24/2019 23:00,2/25/2019 0:00,27521.076,11.502,,,,,,,,,,,
2/25/2019 0:00,2/25/2019 1:00,25804.139,10.784,,,,,,,,,,,
2/25/2019 1:00,2/25/2019 2:00,25176.564,10.56,,,,,,,,,,,
2/25/2019 2:00,2/25/2019 3:00,24657.65,10.385,,,,,,,,,,,
2/25/2019 3:00,2/25/2019 4:00,24184.324,10.233,,,,,,,,,,,
2/25/2019 4:00,2/25/2019 5:00,23723.878,10.083,,,,,,,,,,,
2/25/2019 5:00,2/25/2019 6:00,22921.408,9.855,,,,,,,,,,,
2/25/2019 6:00,2/25/2019 7:00,21705.42,9.51,,,,,,,,,,,
2/25/2019 7:00,2/25/2019 8:00,20476.718,9.204,,,,,,,,,,,
2/25/2019 8:00,2/25/2019 9:00,18304.094,8.678,,,,,,,,,,,
2/25/2019 9:00,2/25/2019 10:00,16325.143,8.226,,,,,,,,,,,
2/25/2019 10:00,2/25/2019 11:00,15502.917,8.034,,,,,,,,,,,
2/25/2019 11:00,2/25/2019 12:00,13751.087,7.637,,,,,,,,,,,
2/25/2019 12:00,2/25/2019 13:00,10348.155,6.845,,,,,,,,,,,
2/25/2019 13:00,2/25/2019 14:00,6509.589,5.822,,,,,,,,,,,
2/25/2019 14:00,2/25/2019 15:00,4793.06,5.265,,,,,,,,,,,
2/25/2019 15:00,2/25/2019 16:00,2791.159,4.459,,,,,,,,,,,
2/25/2019 16:00,2/25/2019 17:00,1296.124,3.618,,,,,,,,,,,
2/25/2019 17:00,2/25/2019 18:00,546.027,2.982,,,,,,,,,,,
2/25/2019 18:00,2/25/2019 19:00,236.408,2.545,,,,,,,,,,,
2/25/2019 19:00,2/25/2019 20:00,307.374,2.676,,,,,,,,,,,
2/25/2019 20:00,2/25/2019 21:00,845.154,3.28,,,,,,,,,,,
2/25/2019 21:00,2/25/2019 22:00,1657.923,3.86,,,,,,,,,,,
2/25/2019 22:00,2/25/2019 23:00,2766.835,4.448,,,,,,,,,,,
2/25/2019 23:00,2/26/2019 0:00,4416.198,5.129,,,,,,,,,,,
2/26/2019 0:00,2/26/2019 1:00,6516.515,5.824,,,,,,,,,,,
2/26/2019 1:00,2/26/2019 2:00,8417.907,6.36,,,,,,,,,,,
2/26/2019 2:00,2/26/2019 3:00,10264.771,6.825,,,,,,,,,,,
2/26/2019 3:00,2/26/2019 4:00,8491.688,6.372,,,,,,,,,,,
2/26/2019 4:00,2/26/2019 5:00,9408.216,6.613,,,,,,,,,,,
2/26/2019 5:00,2/26/2019 6:00,10183.203,6.81,,,,,,,,,,,
2/26/2019 6:00,2/26/2019 7:00,10843.884,6.969,,,,,,,,,,,
2/26/2019 7:00,2/26/2019 8:00,10350.301,6.845,,,,,,,,,,,
2/26/2019 8:00,2/26/2019 9:00,9091.737,6.536,,,,,,,,,,,
2/26/2019 9:00,2/26/2019 10:00,7416.413,6.078,,,,,,,,,,,
2/26/2019 10:00,2/26/2019 11:00,5450.148,5.489,,,,,,,,,,,
2/26/2019 11:00,2/26/2019 12:00,4551.138,5.179,,,,,,,,,,,
2/26/2019 12:00,2/26/2019 13:00,4034.345,4.985,,,,,,,,,,,
2/26/2019 13:00,2/26/2019 14:00,3564.779,4.789,,,,,,,,,,,
2/26/2019 14:00,2/26/2019 15:00,5056.166,5.357,,,,,,,,,,,
2/26/2019 15:00,2/26/2019 16:00,8177.697,6.296,,,,,,,,,,,
2/26/2019 16:00,2/26/2019 17:00,11456.137,7.113,,,,,,,,,,,
2/26/2019 17:00,2/26/2019 18:00,17374.799,8.465,,,,,,,,,,,
2/26/2019 18:00,2/26/2019 19:00,26058.582,10.877,,,,,,,,,,,
2/26/2019 19:00,2/26/2019 20:00,29330.415,12.548,,,,,,,,,,,
2/26/2019 20:00,2/26/2019 21:00,29056.704,12.353,,,,,,,,,,,
2/26/2019 21:00,2/26/2019 22:00,27825.303,11.646,,,,,,,,,,,
2/26/2019 22:00,2/26/2019 23:00,27798.442,11.64,,,,,,,,,,,
2/26/2019 23:00,2/27/2019 0:00,27938.749,11.711,,,,,,,,,,,
2/27/2019 0:00,2/27/2019 1:00,28579.227,12.064,,,,,,,,,,,
2/27/2019 1:00,2/27/2019 2:00,29073.864,12.366,,,,,,,,,,,
2/27/2019 2:00,2/27/2019 3:00,29024.818,12.339,,,,,,,,,,,
2/27/2019 3:00,2/27/2019 4:00,28873.814,12.243,,,,,,,,,,,
2/27/2019 4:00,2/27/2019 5:00,28145.721,11.82,,,,,,,,,,,
2/27/2019 5:00,2/27/2019 6:00,26589.575,11.081,,,,,,,,,,,
2/27/2019 6:00,2/27/2019 7:00,24583.7,10.354,,,,,,,,,,,
2/27/2019 7:00,2/27/2019 8:00,20431.006,9.186,,,,,,,,,,,
2/27/2019 8:00,2/27/2019 9:00,15813.277,8.104,,,,,,,,,,,
2/27/2019 9:00,2/27/2019 10:00,11936.143,7.228,,,,,,,,,,,
2/27/2019 10:00,2/27/2019 11:00,9015.118,6.516,,,,,,,,,,,
2/27/2019 11:00,2/27/2019 12:00,6772.215,5.901,,,,,,,,,,,
2/27/2019 12:00,2/27/2019 13:00,5045.258,5.353,,,,,,,,,,,
2/27/2019 13:00,2/27/2019 14:00,3823.887,4.903,,,,,,,,,,,
2/27/2019 14:00,2/27/2019 15:00,3212.869,4.64,,,,,,,,,,,
2/27/2019 15:00,2/27/2019 16:00,3324.118,4.697,,,,,,,,,,,
2/27/2019 16:00,2/27/2019 17:00,4067.621,4.998,,,,,,,,,,,
2/27/2019 17:00,2/27/2019 18:00,5395.797,5.471,,,,,,,,,,,
2/27/2019 18:00,2/27/2019 19:00,7577.199,6.131,,,,,,,,,,,
2/27/2019 19:00,2/27/2019 20:00,8761.109,6.45,,,,,,,,,,,
2/27/2019 20:00,2/27/2019 21:00,8701.101,6.432,,,,,,,,,,,
2/27/2019 21:00,2/27/2019 22:00,8918.377,6.482,,,,,,,,,,,
2/27/2019 22:00,2/27/2019 23:00,9459.723,6.622,,,,,,,,,,,
2/27/2019 23:00,2/28/2019 0:00,8038.836,6.254,,,,,,,,,,,
2/28/2019 0:00,2/28/2019 1:00,6467.189,5.804,,,,,,,,,,,
2/28/2019 1:00,2/28/2019 2:00,5321.829,5.443,,,,,,,,,,,
2/28/2019 2:00,2/28/2019 3:00,4686.151,5.227,,,,,,,,,,,
2/28/2019 3:00,2/28/2019 4:00,3561.817,4.788,,,,,,,,,,,
2/28/2019 4:00,2/28/2019 5:00,2906.546,4.512,,,,,,,,,,,
2/28/2019 5:00,2/28/2019 6:00,2703.151,4.408,,,,,,,,,,,
2/28/2019 6:00,2/28/2019 7:00,2914.43,4.516,,,,,,,,,,,
2/28/2019 7:00,2/28/2019 8:00,3329.872,4.7,,,,,,,,,,,
2/28/2019 8:00,2/28/2019 9:00,3616.773,4.813,,,,,,,,,,,
2/28/2019 9:00,2/28/2019 10:00,3313.532,4.693,,,,,,,,,,,
2/28/2019 10:00,2/28/2019 11:00,2577.532,4.357,,,,,,,,,,,
2/28/2019 11:00,2/28/2019 12:00,1890.537,3.997,,,,,,,,,,,
2/28/2019 12:00,2/28/2019 13:00,1188.214,3.55,,,,,,,,,,,
2/28/2019 13:00,2/28/2019 14:00,696.821,3.145,,,,,,,,,,,
2/28/2019 14:00,2/28/2019 15:00,340.382,2.718,,,,,,,,,,,
2/28/2019 15:00,2/28/2019 16:00,172.441,2.419,,,,,,,,,,,
2/28/2019 16:00,2/28/2019 17:00,235.169,2.543,,,,,,,,,,,
2/28/2019 17:00,2/28/2019 18:00,613.25,3.061,,,,,,,,,,,
2/28/2019 18:00,2/28/2019 19:00,1193.706,3.554,,,,,,,,,,,
2/28/2019 19:00,2/28/2019 20:00,1788.238,3.938,,,,,,,,,,,
2/28/2019 20:00,2/28/2019 21:00,2334.648,4.236,,,,,,,,,,,
2/28/2019 21:00,2/28/2019 22:00,2774.765,4.451,,,,,,,,,,,
2/28/2019 22:00,2/28/2019 23:00,3222.51,4.644,,,,,,,,,,,
2/28/2019 23:00,3/1/2019 0:00,3736.559,4.864,,,,,,,,,,,
3/1/2019 0:00,3/1/2019 1:00,4261.014,5.062,,,,,,,,,,,
3/1/2019 1:00,3/1/2019 2:00,5162.224,5.393,,,,,,,,,,,
3/1/2019 2:00,3/1/2019 3:00,6804.609,5.91,,,,,,,,,,,
3/1/2019 3:00,3/1/2019 4:00,9716.277,6.687,,,,,,,,,,,
3/1/2019 4:00,3/1/2019 5:00,8931.991,6.485,,,,,,,,,,,
3/1/2019 5:00,3/1/2019 6:00,9144.784,6.549,,,,,,,,,,,
3/1/2019 6:00,3/1/2019 7:00,11116.88,7.035,,,,,,,,,,,
3/1/2019 7:00,3/1/2019 8:00,10289.547,6.828,,,,,,,,,,,
3/1/2019 8:00,3/1/2019 9:00,8834.14,6.46,,,,,,,,,,,
3/1/2019 9:00,3/1/2019 10:00,6507.159,5.822,,,,,,,,,,,
3/1/2019 10:00,3/1/2019 11:00,5127.988,5.381,,,,,,,,,,,
3/1/2019 11:00,3/1/2019 12:00,3975.032,4.962,,,,,,,,,,,
3/1/2019 12:00,3/1/2019 13:00,3457.828,4.754,,,,,,,,,,,
3/1/2019 13:00,3/1/2019 14:00,2763.812,4.446,,,,,,,,,,,
3/1/2019 14:00,3/1/2019 15:00,2051.372,4.086,,,,,,,,,,,
3/1/2019 15:00,3/1/2019 16:00,1329.724,3.641,,,,,,,,,,,
3/1/2019 16:00,3/1/2019 17:00,716.565,3.164,,,,,,,,,,,
3/1/2019 17:00,3/1/2019 18:00,231.617,2.536,,,,,,,,,,,
3/1/2019 18:00,3/1/2019 19:00,101.137,2.217,,,,,,,,,,,
3/1/2019 19:00,3/1/2019 20:00,301.653,2.667,,,,,,,,,,,
3/1/2019 20:00,3/1/2019 21:00,1095.494,3.473,,,,,,,,,,,
3/1/2019 21:00,3/1/2019 22:00,2525.983,4.332,,,,,,,,,,,
3/1/2019 22:00,3/1/2019 23:00,4319.026,5.093,,,,,,,,,,,
3/1/2019 23:00,3/2/2019 0:00,5756.627,5.579,,,,,,,,,,,
3/2/2019 0:00,3/2/2019 1:00,7183.183,6.019,,,,,,,,,,,
3/2/2019 1:00,3/2/2019 2:00,8907.082,6.479,,,,,,,,,,,
3/2/2019 2:00,3/2/2019 3:00,9301.718,6.581,,,,,,,,,,,
3/2/2019 3:00,3/2/2019 4:00,8149.769,6.288,,,,,,,,,,,
3/2/2019 4:00,3/2/2019 5:00,6745.082,5.893,,,,,,,,,,,
3/2/2019 5:00,3/2/2019 6:00,4292.017,5.083,,,,,,,,,,,
3/2/2019 6:00,3/2/2019 7:00,2761.13,4.445,,,,,,,,,,,
3/2/2019 7:00,3/2/2019 8:00,1956.613,4.027,,,,,,,,,,,
3/2/2019 8:00,3/2/2019 9:00,1406.49,3.696,,,,,,,,,,,
3/2/2019 9:00,3/2/2019 10:00,878.081,3.308,,,,,,,,,,,
3/2/2019 10:00,3/2/2019 11:00,572.753,3.018,,,,,,,,,,,
3/2/2019 11:00,3/2/2019 12:00,376.025,2.774,,,,,,,,,,,
3/2/2019 12:00,3/2/2019 13:00,307.622,2.676,,,,,,,,,,,
3/2/2019 13:00,3/2/2019 14:00,299.781,2.664,,,,,,,,,,,
3/2/2019 14:00,3/2/2019 15:00,351.002,2.742,,,,,,,,,,,
3/2/2019 15:00,3/2/2019 16:00,445.315,2.87,,,,,,,,,,,
3/2/2019 16:00,3/2/2019 17:00,681.294,3.127,,,,,,,,,,,
3/2/2019 17:00,3/2/2019 18:00,1083.235,3.464,,,,,,,,,,,
3/2/2019 18:00,3/2/2019 19:00,1559.95,3.799,,,,,,,,,,,
3/2/2019 19:00,3/2/2019 20:00,2058.624,4.09,,,,,,,,,,,
3/2/2019 20:00,3/2/2019 21:00,2475.831,4.307,,,,,,,,,,,
3/2/2019 21:00,3/2/2019 22:00,2715.221,4.423,,,,,,,,,,,
3/2/2019 22:00,3/2/2019 23:00,3056.609,4.58,,,,,,,,,,,
3/2/2019 23:00,3/3/2019 0:00,3466.869,4.757,,,,,,,,,,,
3/3/2019 0:00,3/3/2019 1:00,3808.2,4.897,,,,,,,,,,,
3/3/2019 1:00,3/3/2019 2:00,3634.569,4.827,,,,,,,,,,,
3/3/2019 2:00,3/3/2019 3:00,3270.941,4.674,,,,,,,,,,,
3/3/2019 3:00,3/3/2019 4:00,3120.867,4.609,,,,,,,,,,,
3/3/2019 4:00,3/3/2019 5:00,3123.202,4.61,,,,,,,,,,,
3/3/2019 5:00,3/3/2019 6:00,3229.51,4.647,,,,,,,,,,,
3/3/2019 6:00,3/3/2019 7:00,3262.993,4.671,,,,,,,,,,,
3/3/2019 7:00,3/3/2019 8:00,3197.129,4.633,,,,,,,,,,,
3/3/2019 8:00,3/3/2019 9:00,3085.277,4.593,,,,,,,,,,,
3/3/2019 9:00,3/3/2019 10:00,2904.858,4.512,,,,,,,,,,,
3/3/2019 10:00,3/3/2019 11:00,2578.781,4.358,,,,,,,,,,,
3/3/2019 11:00,3/3/2019 12:00,2176.431,4.144,,,,,,,,,,,
3/3/2019 12:00,3/3/2019 13:00,1898.74,4.001,,,,,,,,,,,
3/3/2019 13:00,3/3/2019 14:00,1861.187,3.978,,,,,,,,,,,
3/3/2019 14:00,3/3/2019 15:00,1861.335,3.979,,,,,,,,,,,
3/3/2019 15:00,3/3/2019 16:00,1966.109,4.031,,,,,,,,,,,
3/3/2019 16:00,3/3/2019 17:00,2043.893,4.082,,,,,,,,,,,
3/3/2019 17:00,3/3/2019 18:00,2250.899,4.193,,,,,,,,,,,
3/3/2019 18:00,3/3/2019 19:00,2542.786,4.34,,,,,,,,,,,
3/3/2019 19:00,3/3/2019 20:00,2827.208,4.476,,,,,,,,,,,
3/3/2019 20:00,3/3/2019 21:00,3238.959,4.651,,,,,,,,,,,
3/3/2019 21:00,3/3/2019 22:00,3674.386,4.843,,,,,,,,,,,
3/3/2019 22:00,3/3/2019 23:00,4249.34,5.058,,,,,,,,,,,
3/3/2019 23:00,3/4/2019 0:00,4799.08,5.267,,,,,,,,,,,
3/4/2019 0:00,3/4/2019 1:00,5390.673,5.463,,,,,,,,,,,
3/4/2019 1:00,3/4/2019 2:00,6108.212,5.695,,,,,,,,,,,
3/4/2019 2:00,3/4/2019 3:00,6201.814,5.729,,,,,,,,,,,
3/4/2019 3:00,3/4/2019 4:00,6696.634,5.878,,,,,,,,,,,
3/4/2019 4:00,3/4/2019 5:00,7064.263,5.976,,,,,,,,,,,
3/4/2019 5:00,3/4/2019 6:00,6481.616,5.814,,,,,,,,,,,
3/4/2019 6:00,3/4/2019 7:00,5122.638,5.379,,,,,,,,,,,
3/4/2019 7:00,3/4/2019 8:00,3790.675,4.886,,,,,,,,,,,
3/4/2019 8:00,3/4/2019 9:00,4282.134,5.075,,,,,,,,,,,
3/4/2019 9:00,3/4/2019 10:00,6658.303,5.867,,,,,,,,,,,
3/4/2019 10:00,3/4/2019 11:00,8383.454,6.346,,,,,,,,,,,
3/4/2019 11:00,3/4/2019 12:00,9737.23,6.69,,,,,,,,,,,
3/4/2019 12:00,3/4/2019 13:00,8380.981,6.345,,,,,,,,,,,
3/4/2019 13:00,3/4/2019 14:00,5919.148,5.64,,,,,,,,,,,
3/4/2019 14:00,3/4/2019 15:00,4567.391,5.185,,,,,,,,,,,
3/4/2019 15:00,3/4/2019 16:00,3935.24,4.947,,,,,,,,,,,
3/4/2019 16:00,3/4/2019 17:00,3495.333,4.769,,,,,,,,,,,
3/4/2019 17:00,3/4/2019 18:00,3259.962,4.664,,,,,,,,,,,
3/4/2019 18:00,3/4/2019 19:00,3212.585,4.64,,,,,,,,,,,
3/4/2019 19:00,3/4/2019 20:00,2957.97,4.528,,,,,,,,,,,
3/4/2019 20:00,3/4/2019 21:00,3121.07,4.609,,,,,,,,,,,
3/4/2019 21:00,3/4/2019 22:00,2986.783,4.54,,,,,,,,,,,
3/4/2019 22:00,3/4/2019 23:00,2598.692,4.364,,,,,,,,,,,
3/4/2019 23:00,3/5/2019 0:00,2126.319,4.119,,,,,,,,,,,
3/5/2019 0:00,3/5/2019 1:00,1536.849,3.785,,,,,,,,,,,
3/5/2019 1:00,3/5/2019 2:00,1330.771,3.648,,,,,,,,,,,
3/5/2019 2:00,3/5/2019 3:00,1448.97,3.719,,,,,,,,,,,
3/5/2019 3:00,3/5/2019 4:00,1811.953,3.946,,,,,,,,,,,
3/5/2019 4:00,3/5/2019 5:00,3032.558,4.57,,,,,,,,,,,
3/5/2019 5:00,3/5/2019 6:00,4741.453,5.247,,,,,,,,,,,
3/5/2019 6:00,3/5/2019 7:00,6467.144,5.803,,,,,,,,,,,
3/5/2019 7:00,3/5/2019 8:00,7783.882,6.184,,,,,,,,,,,
3/5/2019 8:00,3/5/2019 9:00,8836.684,6.47,,,,,,,,,,,
3/5/2019 9:00,3/5/2019 10:00,9435.743,6.617,,,,,,,,,,,
3/5/2019 10:00,3/5/2019 11:00,11346.735,7.084,,,,,,,,,,,
3/5/2019 11:00,3/5/2019 12:00,13313.496,7.545,,,,,,,,,,,
3/5/2019 12:00,3/5/2019 13:00,16432.418,8.249,,,,,,,,,,,
3/5/2019 13:00,3/5/2019 14:00,16898.746,8.348,,,,,,,,,,,
3/5/2019 14:00,3/5/2019 15:00,17952.098,8.598,,,,,,,,,,,
3/5/2019 15:00,3/5/2019 16:00,19275.944,8.909,,,,,,,,,,,
3/5/2019 16:00,3/5/2019 17:00,16355.203,8.231,,,,,,,,,,,
3/5/2019 17:00,3/5/2019 18:00,14138.384,7.731,,,,,,,,,,,
3/5/2019 18:00,3/5/2019 19:00,12259.127,7.303,,,,,,,,,,,
3/5/2019 19:00,3/5/2019 20:00,12305.209,7.314,,,,,,,,,,,
3/5/2019 20:00,3/5/2019 21:00,12641.232,7.386,,,,,,,,,,,
3/5/2019 21:00,3/5/2019 22:00,12940.011,7.46,,,,,,,,,,,
3/5/2019 22:00,3/5/2019 23:00,13103.57,7.489,,,,,,,,,,,
3/5/2019 23:00,3/6/2019 0:00,13351.677,7.554,,,,,,,,,,,
3/6/2019 0:00,3/6/2019 1:00,15426.196,8.021,,,,,,,,,,,
3/6/2019 1:00,3/6/2019 2:00,18047.193,8.62,,,,,,,,,,,
3/6/2019 2:00,3/6/2019 3:00,19520.698,8.969,,,,,,,,,,,
3/6/2019 3:00,3/6/2019 4:00,19649.825,9,,,,,,,,,,,
3/6/2019 4:00,3/6/2019 5:00,18989.976,8.842,,,,,,,,,,,
3/6/2019 5:00,3/6/2019 6:00,17318.953,8.452,,,,,,,,,,,
3/6/2019 6:00,3/6/2019 7:00,15014.431,7.92,,,,,,,,,,,
3/6/2019 7:00,3/6/2019 8:00,12722.012,7.408,,,,,,,,,,,
3/6/2019 8:00,3/6/2019 9:00,11069.148,7.024,,,,,,,,,,,
3/6/2019 9:00,3/6/2019 10:00,10470.957,6.878,,,,,,,,,,,
3/6/2019 10:00,3/6/2019 11:00,10021.579,6.767,,,,,,,,,,,
3/6/2019 11:00,3/6/2019 12:00,9950.014,6.743,,,,,,,,,,,
3/6/2019 12:00,3/6/2019 13:00,9917.273,6.735,,,,,,,,,,,
3/6/2019 13:00,3/6/2019 14:00,8952.141,6.498,,,,,,,,,,,
3/6/2019 14:00,3/6/2019 15:00,10508.089,6.885,,,,,,,,,,,
3/6/2019 15:00,3/6/2019 16:00,13366.377,7.557,,,,,,,,,,,
3/6/2019 16:00,3/6/2019 17:00,15414.397,8.017,,,,,,,,,,,
3/6/2019 17:00,3/6/2019 18:00,16858.384,8.343,,,,,,,,,,,
3/6/2019 18:00,3/6/2019 19:00,16345.917,8.23,,,,,,,,,,,
3/6/2019 19:00,3/6/2019 20:00,14611.877,7.83,,,,,,,,,,,
3/6/2019 20:00,3/6/2019 21:00,12202.075,7.289,,,,,,,,,,,
3/6/2019 21:00,3/6/2019 22:00,9237.047,6.572,,,,,,,,,,,
3/6/2019 22:00,3/6/2019 23:00,7751.766,6.175,,,,,,,,,,,
3/6/2019 23:00,3/7/2019 0:00,6611.153,5.853,,,,,,,,,,,
3/7/2019 0:00,3/7/2019 1:00,6123.686,5.697,,,,,,,,,,,
3/7/2019 1:00,3/7/2019 2:00,6280.253,5.753,,,,,,,,,,,
3/7/2019 2:00,3/7/2019 3:00,5796.959,5.602,,,,,,,,,,,
3/7/2019 3:00,3/7/2019 4:00,4797.204,5.267,,,,,,,,,,,
3/7/2019 4:00,3/7/2019 5:00,3668.419,4.841,,,,,,,,,,,
3/7/2019 5:00,3/7/2019 6:00,2521.415,4.33,,,,,,,,,,,
3/7/2019 6:00,3/7/2019 7:00,1704.875,3.879,,,,,,,,,,,
3/7/2019 7:00,3/7/2019 8:00,1176.354,3.541,,,,,,,,,,,
3/7/2019 8:00,3/7/2019 9:00,848.327,3.283,,,,,,,,,,,
3/7/2019 9:00,3/7/2019 10:00,681.568,3.129,,,,,,,,,,,
3/7/2019 10:00,3/7/2019 11:00,495.268,2.931,,,,,,,,,,,
3/7/2019 11:00,3/7/2019 12:00,287.101,2.643,,,,,,,,,,,
3/7/2019 12:00,3/7/2019 13:00,212.488,2.506,,,,,,,,,,,
3/7/2019 13:00,3/7/2019 14:00,496.137,2.932,,,,,,,,,,,
3/7/2019 14:00,3/7/2019 15:00,1193.827,3.554,,,,,,,,,,,
3/7/2019 15:00,3/7/2019 16:00,2044.206,4.082,,,,,,,,,,,
3/7/2019 16:00,3/7/2019 17:00,2641.849,4.379,,,,,,,,,,,
3/7/2019 17:00,3/7/2019 18:00,3145.224,4.615,,,,,,,,,,,
3/7/2019 18:00,3/7/2019 19:00,3616.685,4.812,,,,,,,,,,,
3/7/2019 19:00,3/7/2019 20:00,4067.03,4.998,,,,,,,,,,,
3/7/2019 20:00,3/7/2019 21:00,4311.381,5.091,,,,,,,,,,,
3/7/2019 21:00,3/7/2019 22:00,4009.886,4.976,,,,,,,,,,,
3/7/2019 22:00,3/7/2019 23:00,3922.57,4.942,,,,,,,,,,,
3/7/2019 23:00,3/8/2019 0:00,3995.095,4.97,,,,,,,,,,,
3/8/2019 0:00,3/8/2019 1:00,4281.986,5.074,,,,,,,,,,,
3/8/2019 1:00,3/8/2019 2:00,4642.346,5.212,,,,,,,,,,,
3/8/2019 2:00,3/8/2019 3:00,4678.953,5.225,,,,,,,,,,,
3/8/2019 3:00,3/8/2019 4:00,4700.996,5.233,,,,,,,,,,,
3/8/2019 4:00,3/8/2019 5:00,4553.026,5.179,,,,,,,,,,,
3/8/2019 5:00,3/8/2019 6:00,4281.625,5.072,,,,,,,,,,,
3/8/2019 6:00,3/8/2019 7:00,3889.619,4.929,,,,,,,,,,,
3/8/2019 7:00,3/8/2019 8:00,3545.493,4.781,,,,,,,,,,,
3/8/2019 8:00,3/8/2019 9:00,3786.366,4.879,,,,,,,,,,,
3/8/2019 9:00,3/8/2019 10:00,4642.967,5.212,,,,,,,,,,,
3/8/2019 10:00,3/8/2019 11:00,5100.991,5.372,,,,,,,,,,,
3/8/2019 11:00,3/8/2019 12:00,5576.961,5.526,,,,,,,,,,,
3/8/2019 12:00,3/8/2019 13:00,6014.457,5.67,,,,,,,,,,,
3/8/2019 13:00,3/8/2019 14:00,6599.667,5.849,,,,,,,,,,,
3/8/2019 14:00,3/8/2019 15:00,7292.283,6.046,,,,,,,,,,,
3/8/2019 15:00,3/8/2019 16:00,7553.946,6.125,,,,,,,,,,,
3/8/2019 16:00,3/8/2019 17:00,7825.38,6.2,,,,,,,,,,,
3/8/2019 17:00,3/8/2019 18:00,8493.396,6.38,,,,,,,,,,,
3/8/2019 18:00,3/8/2019 19:00,9040.585,6.523,,,,,,,,,,,
3/8/2019 19:00,3/8/2019 20:00,9381.662,6.607,,,,,,,,,,,
3/8/2019 20:00,3/8/2019 21:00,9364.845,6.598,,,,,,,,,,,
3/8/2019 21:00,3/8/2019 22:00,10071.038,6.782,,,,,,,,,,,
3/8/2019 22:00,3/8/2019 23:00,10953.766,6.988,,,,,,,,,,,
3/8/2019 23:00,3/9/2019 0:00,11643.93,7.154,,,,,,,,,,,
3/9/2019 0:00,3/9/2019 1:00,12590.487,7.371,,,,,,,,,,,
3/9/2019 1:00,3/9/2019 2:00,13114.254,7.491,,,,,,,,,,,
3/9/2019 2:00,3/9/2019 3:00,13400.4,7.565,,,,,,,,,,,
3/9/2019 3:00,3/9/2019 4:00,13289.901,7.533,,,,,,,,,,,
3/9/2019 4:00,3/9/2019 5:00,13456.248,7.574,,,,,,,,,,,
3/9/2019 5:00,3/9/2019 6:00,13415.73,7.568,,,,,,,,,,,
3/9/2019 6:00,3/9/2019 7:00,13906.351,7.67,,,,,,,,,,,
3/9/2019 7:00,3/9/2019 8:00,14072.401,7.717,,,,,,,,,,,
3/9/2019 8:00,3/9/2019 9:00,14037.765,7.709,,,,,,,,,,,
3/9/2019 9:00,3/9/2019 10:00,16123.355,8.18,,,,,,,,,,,
3/9/2019 10:00,3/9/2019 11:00,15724.801,8.087,,,,,,,,,,,
3/9/2019 11:00,3/9/2019 12:00,15139.08,7.958,,,,,,,,,,,
3/9/2019 12:00,3/9/2019 13:00,14426.456,7.797,,,,,,,,,,,
3/9/2019 13:00,3/9/2019 14:00,13810.111,7.648,,,,,,,,,,,
3/9/2019 14:00,3/9/2019 15:00,13650.233,7.616,,,,,,,,,,,
3/9/2019 15:00,3/9/2019 16:00,14216.138,7.741,,,,,,,,,,,
3/9/2019 16:00,3/9/2019 17:00,15431.527,8.022,,,,,,,,,,,
3/9/2019 17:00,3/9/2019 18:00,16512.597,8.259,,,,,,,,,,,
3/9/2019 18:00,3/9/2019 19:00,16916.154,8.354,,,,,,,,,,,
3/9/2019 19:00,3/9/2019 20:00,16594.932,8.278,,,,,,,,,,,
3/9/2019 20:00,3/9/2019 21:00,16085.844,8.166,,,,,,,,,,,
3/9/2019 21:00,3/9/2019 22:00,15388.293,8.007,,,,,,,,,,,
3/9/2019 22:00,3/9/2019 23:00,14309.292,7.77,,,,,,,,,,,
3/9/2019 23:00,3/10/2019 0:00,12977.671,7.469,,,,,,,,,,,
3/10/2019 0:00,3/10/2019 1:00,11968.183,7.233,,,,,,,,,,,
3/10/2019 1:00,3/10/2019 2:00,10918.528,6.984,,,,,,,,,,,
3/10/2019 2:00,3/10/2019 3:00,9658.894,6.674,,,,,,,,,,,
3/10/2019 3:00,3/10/2019 4:00,8606.656,6.41,,,,,,,,,,,
3/10/2019 4:00,3/10/2019 5:00,7252.289,6.035,,,,,,,,,,,
3/10/2019 5:00,3/10/2019 6:00,5514.674,5.51,,,,,,,,,,,
3/10/2019 6:00,3/10/2019 7:00,4791.011,5.264,,,,,,,,,,,
3/10/2019 7:00,3/10/2019 8:00,4296.097,5.085,,,,,,,,,,,
3/10/2019 8:00,3/10/2019 9:00,4444.057,5.14,,,,,,,,,,,
3/10/2019 9:00,3/10/2019 10:00,4936.153,5.306,,,,,,,,,,,
3/10/2019 10:00,3/10/2019 11:00,4904.208,5.295,,,,,,,,,,,
3/10/2019 11:00,3/10/2019 12:00,4196.892,5.038,,,,,,,,,,,
3/10/2019 12:00,3/10/2019 13:00,3597.858,4.802,,,,,,,,,,,
3/10/2019 13:00,3/10/2019 14:00,3197.14,4.633,,,,,,,,,,,
3/10/2019 14:00,3/10/2019 15:00,3134.229,4.612,,,,,,,,,,,
3/10/2019 15:00,3/10/2019 16:00,2796.879,4.462,,,,,,,,,,,
3/10/2019 16:00,3/10/2019 17:00,2187.624,4.154,,,,,,,,,,,
3/10/2019 17:00,3/10/2019 18:00,1532.824,3.782,,,,,,,,,,,
3/10/2019 18:00,3/10/2019 19:00,1278.57,3.612,,,,,,,,,,,
3/10/2019 19:00,3/10/2019 20:00,1093.84,3.472,,,,,,,,,,,
3/10/2019 20:00,3/10/2019 21:00,971.723,3.385,,,,,,,,,,,
3/10/2019 21:00,3/10/2019 22:00,1066.468,3.451,,,,,,,,,,,
3/10/2019 22:00,3/10/2019 23:00,1339.94,3.656,,,,,,,,,,,
3/10/2019 23:00,3/11/2019 0:00,1633.886,3.845,,,,,,,,,,,
3/11/2019 0:00,3/11/2019 1:00,1842.139,3.96,,,,,,,,,,,
3/11/2019 1:00,3/11/2019 2:00,2019.816,4.069,,,,,,,,,,,
3/11/2019 2:00,3/11/2019 3:00,2231.509,4.183,,,,,,,,,,,
3/11/2019 3:00,3/11/2019 4:00,2188.269,4.158,,,,,,,,,,,
3/11/2019 4:00,3/11/2019 5:00,1997.825,4.057,,,,,,,,,,,
3/11/2019 5:00,3/11/2019 6:00,1784.751,3.936,,,,,,,,,,,
3/11/2019 6:00,3/11/2019 7:00,1457.541,3.734,,,,,,,,,,,
3/11/2019 7:00,3/11/2019 8:00,998.015,3.406,,,,,,,,,,,
3/11/2019 8:00,3/11/2019 9:00,548.466,2.991,,,,,,,,,,,
3/11/2019 9:00,3/11/2019 10:00,416.172,2.832,,,,,,,,,,,
3/11/2019 10:00,3/11/2019 11:00,495.787,2.931,,,,,,,,,,,
3/11/2019 11:00,3/11/2019 12:00,575.171,3.021,,,,,,,,,,,
3/11/2019 12:00,3/11/2019 13:00,777.403,3.211,,,,,,,,,,,
3/11/2019 13:00,3/11/2019 14:00,1124.037,3.494,,,,,,,,,,,
3/11/2019 14:00,3/11/2019 15:00,1345.19,3.66,,,,,,,,,,,
3/11/2019 15:00,3/11/2019 16:00,1451.705,3.73,,,,,,,,,,,
3/11/2019 16:00,3/11/2019 17:00,1655.413,3.858,,,,,,,,,,,
3/11/2019 17:00,3/11/2019 18:00,1889.209,3.996,,,,,,,,,,,
3/11/2019 18:00,3/11/2019 19:00,2163.917,4.138,,,,,,,,,,,
3/11/2019 19:00,3/11/2019 20:00,2293.667,4.215,,,,,,,,,,,
3/11/2019 20:00,3/11/2019 21:00,2313.783,4.225,,,,,,,,,,,
3/11/2019 21:00,3/11/2019 22:00,2490.283,4.314,,,,,,,,,,,
3/11/2019 22:00,3/11/2019 23:00,2797.571,4.462,,,,,,,,,,,
3/11/2019 23:00,3/12/2019 0:00,3196.638,4.633,,,,,,,,,,,
3/12/2019 0:00,3/12/2019 1:00,3581.384,4.796,,,,,,,,,,,
3/12/2019 1:00,3/12/2019 2:00,3795.203,4.892,,,,,,,,,,,
3/12/2019 2:00,3/12/2019 3:00,3793.685,4.891,,,,,,,,,,,
3/12/2019 3:00,3/12/2019 4:00,3797.779,4.893,,,,,,,,,,,
3/12/2019 4:00,3/12/2019 5:00,3616.068,4.81,,,,,,,,,,,
3/12/2019 5:00,3/12/2019 6:00,3599.109,4.803,,,,,,,,,,,
3/12/2019 6:00,3/12/2019 7:00,3632.299,4.826,,,,,,,,,,,
3/12/2019 7:00,3/12/2019 8:00,3617.668,4.818,,,,,,,,,,,
3/12/2019 8:00,3/12/2019 9:00,3147.413,4.615,,,,,,,,,,,
3/12/2019 9:00,3/12/2019 10:00,2309.733,4.223,,,,,,,,,,,
3/12/2019 10:00,3/12/2019 11:00,1591.052,3.819,,,,,,,,,,,
3/12/2019 11:00,3/12/2019 12:00,1142.751,3.517,,,,,,,,,,,
3/12/2019 12:00,3/12/2019 13:00,828.016,3.265,,,,,,,,,,,
3/12/2019 13:00,3/12/2019 14:00,694.778,3.143,,,,,,,,,,,
3/12/2019 14:00,3/12/2019 15:00,638.911,3.087,,,,,,,,,,,
3/12/2019 15:00,3/12/2019 16:00,734.424,3.18,,,,,,,,,,,
3/12/2019 16:00,3/12/2019 17:00,1259.171,3.6,,,,,,,,,,,
3/12/2019 17:00,3/12/2019 18:00,2274.866,4.205,,,,,,,,,,,
3/12/2019 18:00,3/12/2019 19:00,3351.952,4.709,,,,,,,,,,,
3/12/2019 19:00,3/12/2019 20:00,4333.207,5.099,,,,,,,,,,,
3/12/2019 20:00,3/12/2019 21:00,5340.91,5.447,,,,,,,,,,,
3/12/2019 21:00,3/12/2019 22:00,6282.123,5.753,,,,,,,,,,,
3/12/2019 22:00,3/12/2019 23:00,7499.071,6.1,,,,,,,,,,,
3/12/2019 23:00,3/13/2019 0:00,8947.709,6.489,,,,,,,,,,,
3/13/2019 0:00,3/13/2019 1:00,9864.717,6.726,,,,,,,,,,,
3/13/2019 1:00,3/13/2019 2:00,10832.32,6.959,,,,,,,,,,,
3/13/2019 2:00,3/13/2019 3:00,11815.306,7.198,,,,,,,,,,,
3/13/2019 3:00,3/13/2019 4:00,11643.615,7.152,,,,,,,,,,,
3/13/2019 4:00,3/13/2019 5:00,11346.189,7.081,,,,,,,,,,,
3/13/2019 5:00,3/13/2019 6:00,11416.079,7.098,,,,,,,,,,,
3/13/2019 6:00,3/13/2019 7:00,11080.806,7.027,,,,,,,,,,,
3/13/2019 7:00,3/13/2019 8:00,10417.622,6.864,,,,,,,,,,,
3/13/2019 8:00,3/13/2019 9:00,9134.658,6.547,,,,,,,,,,,
3/13/2019 9:00,3/13/2019 10:00,8517.163,6.386,,,,,,,,,,,
3/13/2019 10:00,3/13/2019 11:00,11051.543,7.011,,,,,,,,,,,
3/13/2019 11:00,3/13/2019 12:00,12568.274,7.367,,,,,,,,,,,
3/13/2019 12:00,3/13/2019 13:00,12417.711,7.336,,,,,,,,,,,
3/13/2019 13:00,3/13/2019 14:00,11999.818,7.237,,,,,,,,,,,
3/13/2019 14:00,3/13/2019 15:00,11970.553,7.233,,,,,,,,,,,
3/13/2019 15:00,3/13/2019 16:00,12132.891,7.272,,,,,,,,,,,
3/13/2019 16:00,3/13/2019 17:00,10968.799,6.997,,,,,,,,,,,
3/13/2019 17:00,3/13/2019 18:00,10677.266,6.927,,,,,,,,,,,
3/13/2019 18:00,3/13/2019 19:00,10677.285,6.927,,,,,,,,,,,
3/13/2019 19:00,3/13/2019 20:00,10843.793,6.968,,,,,,,,,,,
3/13/2019 20:00,3/13/2019 21:00,10760.133,6.946,,,,,,,,,,,
3/13/2019 21:00,3/13/2019 22:00,11282.605,7.072,,,,,,,,,,,
3/13/2019 22:00,3/13/2019 23:00,11644.848,7.16,,,,,,,,,,,
3/13/2019 23:00,3/14/2019 0:00,11643.591,7.152,,,,,,,,,,,
3/14/2019 0:00,3/14/2019 1:00,11430.822,7.1,,,,,,,,,,,
3/14/2019 1:00,3/14/2019 2:00,10552.184,6.891,,,,,,,,,,,
3/14/2019 2:00,3/14/2019 3:00,9798.504,6.707,,,,,,,,,,,
3/14/2019 3:00,3/14/2019 4:00,9381.348,6.605,,,,,,,,,,,
3/14/2019 4:00,3/14/2019 5:00,9301.545,6.58,,,,,,,,,,,
3/14/2019 5:00,3/14/2019 6:00,9371.789,6.599,,,,,,,,,,,
3/14/2019 6:00,3/14/2019 7:00,9302.615,6.585,,,,,,,,,,,
3/14/2019 7:00,3/14/2019 8:00,8836.69,6.47,,,,,,,,,,,
3/14/2019 8:00,3/14/2019 9:00,8399.11,6.348,,,,,,,,,,,
3/14/2019 9:00,3/14/2019 10:00,9658.998,6.674,,,,,,,,,,,
3/14/2019 10:00,3/14/2019 11:00,9329.869,6.593,,,,,,,,,,,
3/14/2019 11:00,3/14/2019 12:00,8207.476,6.304,,,,,,,,,,,
3/14/2019 12:00,3/14/2019 13:00,7386.429,6.074,,,,,,,,,,,
3/14/2019 13:00,3/14/2019 14:00,6237.96,5.74,,,,,,,,,,,
3/14/2019 14:00,3/14/2019 15:00,5388.263,5.459,,,,,,,,,,,
3/14/2019 15:00,3/14/2019 16:00,5762.427,5.591,,,,,,,,,,,
3/14/2019 16:00,3/14/2019 17:00,5723.637,5.569,,,,,,,,,,,
3/14/2019 17:00,3/14/2019 18:00,5265.173,5.428,,,,,,,,,,,
3/14/2019 18:00,3/14/2019 19:00,4942.403,5.308,,,,,,,,,,,
3/14/2019 19:00,3/14/2019 20:00,4203.209,5.041,,,,,,,,,,,
3/14/2019 20:00,3/14/2019 21:00,3674.265,4.843,,,,,,,,,,,
3/14/2019 21:00,3/14/2019 22:00,3308.903,4.691,,,,,,,,,,,
3/14/2019 22:00,3/14/2019 23:00,2998.152,4.554,,,,,,,,,,,
3/14/2019 23:00,3/15/2019 0:00,2737.93,4.434,,,,,,,,,,,
3/15/2019 0:00,3/15/2019 1:00,2547.726,4.343,,,,,,,,,,,
3/15/2019 1:00,3/15/2019 2:00,2289.301,4.213,,,,,,,,,,,
3/15/2019 2:00,3/15/2019 3:00,2055.499,4.089,,,,,,,,,,,
3/15/2019 3:00,3/15/2019 4:00,1773.639,3.929,,,,,,,,,,,
3/15/2019 4:00,3/15/2019 5:00,1595.16,3.821,,,,,,,,,,,
3/15/2019 5:00,3/15/2019 6:00,1514.761,3.771,,,,,,,,,,,
3/15/2019 6:00,3/15/2019 7:00,1462.559,3.737,,,,,,,,,,,
3/15/2019 7:00,3/15/2019 8:00,1376.536,3.681,,,,,,,,,,,
3/15/2019 8:00,3/15/2019 9:00,1181.488,3.545,,,,,,,,,,,
3/15/2019 9:00,3/15/2019 10:00,879.247,3.309,,,,,,,,,,,
3/15/2019 10:00,3/15/2019 11:00,695.856,3.144,,,,,,,,,,,
3/15/2019 11:00,3/15/2019 12:00,436.117,2.858,,,,,,,,,,,
3/15/2019 12:00,3/15/2019 13:00,204.451,2.489,,,,,,,,,,,
3/15/2019 13:00,3/15/2019 14:00,96.71,2.198,,,,,,,,,,,
3/15/2019 14:00,3/15/2019 15:00,169.604,2.413,,,,,,,,,,,
3/15/2019 15:00,3/15/2019 16:00,331.189,2.705,,,,,,,,,,,
3/15/2019 16:00,3/15/2019 17:00,468.972,2.899,,,,,,,,,,,
3/15/2019 17:00,3/15/2019 18:00,589.569,3.036,,,,,,,,,,,
3/15/2019 18:00,3/15/2019 19:00,703.957,3.151,,,,,,,,,,,
3/15/2019 19:00,3/15/2019 20:00,848.313,3.283,,,,,,,,,,,
3/15/2019 20:00,3/15/2019 21:00,983.956,3.395,,,,,,,,,,,
3/15/2019 21:00,3/15/2019 22:00,1203.405,3.561,,,,,,,,,,,
3/15/2019 22:00,3/15/2019 23:00,1436.728,3.711,,,,,,,,,,,
3/15/2019 23:00,3/16/2019 0:00,1601.894,3.825,,,,,,,,,,,
3/16/2019 0:00,3/16/2019 1:00,1825.578,3.95,,,,,,,,,,,
3/16/2019 1:00,3/16/2019 2:00,2319.138,4.228,,,,,,,,,,,
3/16/2019 2:00,3/16/2019 3:00,2834.659,4.479,,,,,,,,,,,
3/16/2019 3:00,3/16/2019 4:00,3259.865,4.664,,,,,,,,,,,
3/16/2019 4:00,3/16/2019 5:00,3100.204,4.6,,,,,,,,,,,
3/16/2019 5:00,3/16/2019 6:00,2555.03,4.346,,,,,,,,,,,
3/16/2019 6:00,3/16/2019 7:00,2056.609,4.089,,,,,,,,,,,
3/16/2019 7:00,3/16/2019 8:00,1818.016,3.948,,,,,,,,,,,
3/16/2019 8:00,3/16/2019 9:00,1740.423,3.903,,,,,,,,,,,
3/16/2019 9:00,3/16/2019 10:00,2276.419,4.206,,,,,,,,,,,
3/16/2019 10:00,3/16/2019 11:00,2707.84,4.418,,,,,,,,,,,
3/16/2019 11:00,3/16/2019 12:00,3039.313,4.573,,,,,,,,,,,
3/16/2019 12:00,3/16/2019 13:00,3037.528,4.572,,,,,,,,,,,
3/16/2019 13:00,3/16/2019 14:00,2895.248,4.507,,,,,,,,,,,
3/16/2019 14:00,3/16/2019 15:00,2906.752,4.513,,,,,,,,,,,
3/16/2019 15:00,3/16/2019 16:00,2624.428,4.371,,,,,,,,,,,
3/16/2019 16:00,3/16/2019 17:00,2296.761,4.216,,,,,,,,,,,
3/16/2019 17:00,3/16/2019 18:00,1871.495,3.986,,,,,,,,,,,
3/16/2019 18:00,3/16/2019 19:00,1579.089,3.811,,,,,,,,,,,
3/16/2019 19:00,3/16/2019 20:00,1373.955,3.679,,,,,,,,,,,
3/16/2019 20:00,3/16/2019 21:00,1204.185,3.561,,,,,,,,,,,
3/16/2019 21:00,3/16/2019 22:00,978.791,3.391,,,,,,,,,,,
3/16/2019 22:00,3/16/2019 23:00,846.593,3.281,,,,,,,,,,,
3/16/2019 23:00,3/17/2019 0:00,827.559,3.265,,,,,,,,,,,
3/17/2019 0:00,3/17/2019 1:00,939.236,3.359,,,,,,,,,,,
3/17/2019 1:00,3/17/2019 2:00,1112.792,3.486,,,,,,,,,,,
3/17/2019 2:00,3/17/2019 3:00,1217.517,3.571,,,,,,,,,,,
3/17/2019 3:00,3/17/2019 4:00,1259.828,3.601,,,,,,,,,,,
3/17/2019 4:00,3/17/2019 5:00,917.168,3.341,,,,,,,,,,,
3/17/2019 5:00,3/17/2019 6:00,523.555,2.955,,,,,,,,,,,
3/17/2019 6:00,3/17/2019 7:00,257.175,2.591,,,,,,,,,,,
3/17/2019 7:00,3/17/2019 8:00,71.385,2.104,,,,,,,,,,,
3/17/2019 8:00,3/17/2019 9:00,116.573,2.27,,,,,,,,,,,
3/17/2019 9:00,3/17/2019 10:00,336.631,2.713,,,,,,,,,,,
3/17/2019 10:00,3/17/2019 11:00,1489.633,3.755,,,,,,,,,,,
3/17/2019 11:00,3/17/2019 12:00,2703.454,4.409,,,,,,,,,,,
3/17/2019 12:00,3/17/2019 13:00,3341.908,4.705,,,,,,,,,,,
3/17/2019 13:00,3/17/2019 14:00,3900.019,4.933,,,,,,,,,,,
3/17/2019 14:00,3/17/2019 15:00,4646.144,5.213,,,,,,,,,,,
3/17/2019 15:00,3/17/2019 16:00,5457.742,5.492,,,,,,,,,,,
3/17/2019 16:00,3/17/2019 17:00,6539.538,5.831,,,,,,,,,,,
3/17/2019 17:00,3/17/2019 18:00,8498.938,6.381,,,,,,,,,,,
3/17/2019 18:00,3/17/2019 19:00,10078.676,6.784,,,,,,,,,,,
3/17/2019 19:00,3/17/2019 20:00,10082.694,6.785,,,,,,,,,,,
3/17/2019 20:00,3/17/2019 21:00,10861.456,6.974,,,,,,,,,,,
3/17/2019 21:00,3/17/2019 22:00,11516.806,7.127,,,,,,,,,,,
3/17/2019 22:00,3/17/2019 23:00,12981.444,7.469,,,,,,,,,,,
3/17/2019 23:00,3/18/2019 0:00,13460.259,7.574,,,,,,,,,,,
3/18/2019 0:00,3/18/2019 1:00,13617.507,7.612,,,,,,,,,,,
3/18/2019 1:00,3/18/2019 2:00,13229.445,7.523,,,,,,,,,,,
3/18/2019 2:00,3/18/2019 3:00,13025.869,7.48,,,,,,,,,,,
3/18/2019 3:00,3/18/2019 4:00,13202.931,7.519,,,,,,,,,,,
3/18/2019 4:00,3/18/2019 5:00,12809.354,7.429,,,,,,,,,,,
3/18/2019 5:00,3/18/2019 6:00,11081.602,7.027,,,,,,,,,,,
3/18/2019 6:00,3/18/2019 7:00,9460.964,6.628,,,,,,,,,,,
3/18/2019 7:00,3/18/2019 8:00,7499.425,6.102,,,,,,,,,,,
3/18/2019 8:00,3/18/2019 9:00,5953.621,5.651,,,,,,,,,,,
3/18/2019 9:00,3/18/2019 10:00,5687.779,5.557,,,,,,,,,,,
3/18/2019 10:00,3/18/2019 11:00,4501.104,5.161,,,,,,,,,,,
3/18/2019 11:00,3/18/2019 12:00,3038.691,4.572,,,,,,,,,,,
3/18/2019 12:00,3/18/2019 13:00,1966.38,4.033,,,,,,,,,,,
3/18/2019 13:00,3/18/2019 14:00,1098.975,3.475,,,,,,,,,,,
3/18/2019 14:00,3/18/2019 15:00,362.787,2.759,,,,,,,,,,,
3/18/2019 15:00,3/18/2019 16:00,101.053,2.216,,,,,,,,,,,
3/18/2019 16:00,3/18/2019 17:00,272,2.617,,,,,,,,,,,
3/18/2019 17:00,3/18/2019 18:00,741.341,3.187,,,,,,,,,,,
3/18/2019 18:00,3/18/2019 19:00,1173.646,3.539,,,,,,,,,,,
3/18/2019 19:00,3/18/2019 20:00,1420.977,3.701,,,,,,,,,,,
3/18/2019 20:00,3/18/2019 21:00,1573.136,3.808,,,,,,,,,,,
3/18/2019 21:00,3/18/2019 22:00,1773.604,3.929,,,,,,,,,,,
3/18/2019 22:00,3/18/2019 23:00,2015.711,4.067,,,,,,,,,,,
3/18/2019 23:00,3/19/2019 0:00,2239.818,4.187,,,,,,,,,,,
3/19/2019 0:00,3/19/2019 1:00,2460.586,4.295,,,,,,,,,,,
3/19/2019 1:00,3/19/2019 2:00,2637.315,4.377,,,,,,,,,,,
3/19/2019 2:00,3/19/2019 3:00,2705.752,4.41,,,,,,,,,,,
3/19/2019 3:00,3/19/2019 4:00,2208.586,4.171,,,,,,,,,,,
3/19/2019 4:00,3/19/2019 5:00,1868.692,3.984,,,,,,,,,,,
3/19/2019 5:00,3/19/2019 6:00,1668.021,3.863,,,,,,,,,,,
3/19/2019 6:00,3/19/2019 7:00,1787.25,3.937,,,,,,,,,,,
3/19/2019 7:00,3/19/2019 8:00,2091.017,4.108,,,,,,,,,,,
3/19/2019 8:00,3/19/2019 9:00,2212.65,4.173,,,,,,,,,,,
3/19/2019 9:00,3/19/2019 10:00,2145.37,4.128,,,,,,,,,,,
3/19/2019 10:00,3/19/2019 11:00,2811.383,4.469,,,,,,,,,,,
3/19/2019 11:00,3/19/2019 12:00,3386.697,4.724,,,,,,,,,,,
3/19/2019 12:00,3/19/2019 13:00,3821.273,4.902,,,,,,,,,,,
3/19/2019 13:00,3/19/2019 14:00,4248.54,5.058,,,,,,,,,,,
3/19/2019 14:00,3/19/2019 15:00,5412.79,5.477,,,,,,,,,,,
3/19/2019 15:00,3/19/2019 16:00,6733.2,5.889,,,,,,,,,,,
3/19/2019 16:00,3/19/2019 17:00,7584.203,6.133,,,,,,,,,,,
3/19/2019 17:00,3/19/2019 18:00,8195.064,6.3,,,,,,,,,,,
3/19/2019 18:00,3/19/2019 19:00,8950.532,6.491,,,,,,,,,,,
3/19/2019 19:00,3/19/2019 20:00,9800.008,6.708,,,,,,,,,,,
3/19/2019 20:00,3/19/2019 21:00,11710.4,7.168,,,,,,,,,,,
3/19/2019 21:00,3/19/2019 22:00,13441.842,7.572,,,,,,,,,,,
3/19/2019 22:00,3/19/2019 23:00,14645.402,7.843,,,,,,,,,,,
3/19/2019 23:00,3/20/2019 0:00,15502.763,8.032,,,,,,,,,,,
3/20/2019 0:00,3/20/2019 1:00,15720.432,8.08,,,,,,,,,,,
3/20/2019 1:00,3/20/2019 2:00,15724.843,8.087,,,,,,,,,,,
3/20/2019 2:00,3/20/2019 3:00,15042.984,7.936,,,,,,,,,,,
3/20/2019 3:00,3/20/2019 4:00,14171.508,7.735,,,,,,,,,,,
3/20/2019 4:00,3/20/2019 5:00,14871.034,7.894,,,,,,,,,,,
3/20/2019 5:00,3/20/2019 6:00,14793.332,7.879,,,,,,,,,,,
3/20/2019 6:00,3/20/2019 7:00,11904.146,7.221,,,,,,,,,,,
3/20/2019 7:00,3/20/2019 8:00,9477.276,6.634,,,,,,,,,,,
3/20/2019 8:00,3/20/2019 9:00,7752.201,6.177,,,,,,,,,,,
3/20/2019 9:00,3/20/2019 10:00,6989.446,5.955,,,,,,,,,,,
3/20/2019 10:00,3/20/2019 11:00,7056.68,5.974,,,,,,,,,,,
3/20/2019 11:00,3/20/2019 12:00,7869.222,6.206,,,,,,,,,,,
3/20/2019 12:00,3/20/2019 13:00,7825.154,6.199,,,,,,,,,,,
3/20/2019 13:00,3/20/2019 14:00,7428.889,6.085,,,,,,,,,,,
3/20/2019 14:00,3/20/2019 15:00,5857.887,5.621,,,,,,,,,,,
3/20/2019 15:00,3/20/2019 16:00,3781.235,4.877,,,,,,,,,,,
3/20/2019 16:00,3/20/2019 17:00,5738.511,5.574,,,,,,,,,,,
3/20/2019 17:00,3/20/2019 18:00,7323.496,6.059,,,,,,,,,,,
3/20/2019 18:00,3/20/2019 19:00,9007.734,6.514,,,,,,,,,,,
3/20/2019 19:00,3/20/2019 20:00,10930.904,6.986,,,,,,,,,,,
3/20/2019 20:00,3/20/2019 21:00,11249.956,7.067,,,,,,,,,,,
3/20/2019 21:00,3/20/2019 22:00,11644.904,7.16,,,,,,,,,,,
3/20/2019 22:00,3/20/2019 23:00,14016.985,7.705,,,,,,,,,,,
3/20/2019 23:00,3/21/2019 0:00,16382.598,8.234,,,,,,,,,,,
3/21/2019 0:00,3/21/2019 1:00,17527.619,8.491,,,,,,,,,,,
3/21/2019 1:00,3/21/2019 2:00,16240.334,8.206,,,,,,,,,,,
3/21/2019 2:00,3/21/2019 3:00,15719.962,8.079,,,,,,,,,,,
3/21/2019 3:00,3/21/2019 4:00,12824.499,7.432,,,,,,,,,,,
3/21/2019 4:00,3/21/2019 5:00,7500.59,6.108,,,,,,,,,,,
3/21/2019 5:00,3/21/2019 6:00,3621.293,4.821,,,,,,,,,,,
3/21/2019 6:00,3/21/2019 7:00,3430.009,4.742,,,,,,,,,,,
3/21/2019 7:00,3/21/2019 8:00,4510.764,5.164,,,,,,,,,,,
3/21/2019 8:00,3/21/2019 9:00,4451.628,5.142,,,,,,,,,,,
3/21/2019 9:00,3/21/2019 10:00,4385.225,5.118,,,,,,,,,,,
3/21/2019 10:00,3/21/2019 11:00,4934.551,5.305,,,,,,,,,,,
3/21/2019 11:00,3/21/2019 12:00,5146.966,5.388,,,,,,,,,,,
3/21/2019 12:00,3/21/2019 13:00,4199.649,5.039,,,,,,,,,,,
3/21/2019 13:00,3/21/2019 14:00,3464.287,4.756,,,,,,,,,,,
3/21/2019 14:00,3/21/2019 15:00,18856.581,8.807,,,,,,,,,,,
3/21/2019 15:00,3/21/2019 16:00,30212.167,13.268,,,,,,,,,,,
3/21/2019 16:00,3/21/2019 17:00,31682.823,15.571,,,,,,,,,,,
3/21/2019 17:00,3/21/2019 18:00,30801.416,13.911,,,,,,,,,,,
3/21/2019 18:00,3/21/2019 19:00,27840.733,11.653,,,,,,,,,,,
3/21/2019 19:00,3/21/2019 20:00,23873.476,10.136,,,,,,,,,,,
3/21/2019 20:00,3/21/2019 21:00,21072.569,9.355,,,,,,,,,,,
3/21/2019 21:00,3/21/2019 22:00,20499.24,9.21,,,,,,,,,,,
3/21/2019 22:00,3/21/2019 23:00,21783.682,9.541,,,,,,,,,,,
3/21/2019 23:00,3/22/2019 0:00,21149.056,9.375,,,,,,,,,,,
3/22/2019 0:00,3/22/2019 1:00,19813.869,9.031,,,,,,,,,,,
3/22/2019 1:00,3/22/2019 2:00,19038.743,8.853,,,,,,,,,,,
3/22/2019 2:00,3/22/2019 3:00,18581.177,8.737,,,,,,,,,,,
3/22/2019 3:00,3/22/2019 4:00,17711.292,8.541,,,,,,,,,,,
3/22/2019 4:00,3/22/2019 5:00,17438.001,8.479,,,,,,,,,,,
3/22/2019 5:00,3/22/2019 6:00,18369.695,8.688,,,,,,,,,,,
3/22/2019 6:00,3/22/2019 7:00,19042.984,8.854,,,,,,,,,,,
3/22/2019 7:00,3/22/2019 8:00,17905.67,8.577,,,,,,,,,,,
3/22/2019 8:00,3/22/2019 9:00,15724.506,8.082,,,,,,,,,,,
3/22/2019 9:00,3/22/2019 10:00,13523.094,7.591,,,,,,,,,,,
3/22/2019 10:00,3/22/2019 11:00,10593.691,6.91,,,,,,,,,,,
3/22/2019 11:00,3/22/2019 12:00,9067.979,6.53,,,,,,,,,,,
3/22/2019 12:00,3/22/2019 13:00,8836.476,6.469,,,,,,,,,,,
3/22/2019 13:00,3/22/2019 14:00,10306.675,6.837,,,,,,,,,,,
3/22/2019 14:00,3/22/2019 15:00,13201.847,7.511,,,,,,,,,,,
3/22/2019 15:00,3/22/2019 16:00,15392.357,8.008,,,,,,,,,,,
3/22/2019 16:00,3/22/2019 17:00,16283.992,8.216,,,,,,,,,,,
3/22/2019 17:00,3/22/2019 18:00,18983.374,8.83,,,,,,,,,,,
3/22/2019 18:00,3/22/2019 19:00,21967.279,9.581,,,,,,,,,,,
3/22/2019 19:00,3/22/2019 20:00,24519.883,10.329,,,,,,,,,,,
3/22/2019 20:00,3/22/2019 21:00,24568.508,10.347,,,,,,,,,,,
3/22/2019 21:00,3/22/2019 22:00,24224.053,10.245,,,,,,,,,,,
3/22/2019 22:00,3/22/2019 23:00,23404.731,9.995,,,,,,,,,,,
3/22/2019 23:00,3/23/2019 0:00,23558.117,10.041,,,,,,,,,,,
3/23/2019 0:00,3/23/2019 1:00,20659.838,9.247,,,,,,,,,,,
3/23/2019 1:00,3/23/2019 2:00,18086.823,8.629,,,,,,,,,,,
3/23/2019 2:00,3/23/2019 3:00,17787.817,8.553,,,,,,,,,,,
3/23/2019 3:00,3/23/2019 4:00,17731.247,8.543,,,,,,,,,,,
3/23/2019 4:00,3/23/2019 5:00,18286.236,8.668,,,,,,,,,,,
3/23/2019 5:00,3/23/2019 6:00,18917.145,8.822,,,,,,,,,,,
3/23/2019 6:00,3/23/2019 7:00,18461.626,8.708,,,,,,,,,,,
3/23/2019 7:00,3/23/2019 8:00,18304.22,8.673,,,,,,,,,,,
3/23/2019 8:00,3/23/2019 9:00,18795.012,8.793,,,,,,,,,,,
3/23/2019 9:00,3/23/2019 10:00,20381.372,9.172,,,,,,,,,,,
3/23/2019 10:00,3/23/2019 11:00,22685.982,9.788,,,,,,,,,,,
3/23/2019 11:00,3/23/2019 12:00,21704.906,9.513,,,,,,,,,,,
3/23/2019 12:00,3/23/2019 13:00,19813.687,9.033,,,,,,,,,,,
3/23/2019 13:00,3/23/2019 14:00,19218.37,8.893,,,,,,,,,,,
3/23/2019 14:00,3/23/2019 15:00,19275.977,8.908,,,,,,,,,,,
3/23/2019 15:00,3/23/2019 16:00,21438.579,9.447,,,,,,,,,,,
3/23/2019 16:00,3/23/2019 17:00,24166.159,10.227,,,,,,,,,,,
3/23/2019 17:00,3/23/2019 18:00,24796.095,10.425,,,,,,,,,,,
3/23/2019 18:00,3/23/2019 19:00,24242.253,10.251,,,,,,,,,,,
3/23/2019 19:00,3/23/2019 20:00,20205.368,9.136,,,,,,,,,,,
3/23/2019 20:00,3/23/2019 21:00,12552.894,7.366,,,,,,,,,,,
3/23/2019 21:00,3/23/2019 22:00,6281.881,5.753,,,,,,,,,,,
3/23/2019 22:00,3/23/2019 23:00,7499.918,6.104,,,,,,,,,,,
3/23/2019 23:00,3/24/2019 0:00,12809.336,7.429,,,,,,,,,,,
3/24/2019 0:00,3/24/2019 1:00,18481.177,8.721,,,,,,,,,,,
3/24/2019 1:00,3/24/2019 2:00,20775.184,9.279,,,,,,,,,,,
3/24/2019 2:00,3/24/2019 3:00,21162.902,9.378,,,,,,,,,,,
3/24/2019 3:00,3/24/2019 4:00,23650.843,10.068,,,,,,,,,,,
3/24/2019 4:00,3/24/2019 5:00,23951.541,10.159,,,,,,,,,,,
3/24/2019 5:00,3/24/2019 6:00,23173.381,9.918,,,,,,,,,,,
3/24/2019 6:00,3/24/2019 7:00,22304.116,9.681,,,,,,,,,,,
3/24/2019 7:00,3/24/2019 8:00,22736.931,9.802,,,,,,,,,,,
3/24/2019 8:00,3/24/2019 9:00,23622.724,10.06,,,,,,,,,,,
3/24/2019 9:00,3/24/2019 10:00,23978.516,10.164,,,,,,,,,,,
3/24/2019 10:00,3/24/2019 11:00,22898.599,9.848,,,,,,,,,,,
3/24/2019 11:00,3/24/2019 12:00,20957.534,9.326,,,,,,,,,,,
3/24/2019 12:00,3/24/2019 13:00,18687.642,8.762,,,,,,,,,,,
3/24/2019 13:00,3/24/2019 14:00,15273.38,7.984,,,,,,,,,,,
3/24/2019 14:00,3/24/2019 15:00,13202.837,7.518,,,,,,,,,,,
3/24/2019 15:00,3/24/2019 16:00,12808.193,7.421,,,,,,,,,,,
3/24/2019 16:00,3/24/2019 17:00,11644.312,7.157,,,,,,,,,,,
3/24/2019 17:00,3/24/2019 18:00,10843.248,6.965,,,,,,,,,,,
3/24/2019 18:00,3/24/2019 19:00,10106.914,6.791,,,,,,,,,,,
3/24/2019 19:00,3/24/2019 20:00,9659.164,6.675,,,,,,,,,,,
3/24/2019 20:00,3/24/2019 21:00,9292.27,6.579,,,,,,,,,,,
3/24/2019 21:00,3/24/2019 22:00,7794.534,6.186,,,,,,,,,,,
3/24/2019 22:00,3/24/2019 23:00,6647.418,5.864,,,,,,,,,,,
3/24/2019 23:00,3/25/2019 0:00,5343.996,5.447,,,,,,,,,,,
3/25/2019 0:00,3/25/2019 1:00,3880.723,4.925,,,,,,,,,,,
3/25/2019 1:00,3/25/2019 2:00,2987.401,4.54,,,,,,,,,,,
3/25/2019 2:00,3/25/2019 3:00,2296.369,4.216,,,,,,,,,,,
3/25/2019 3:00,3/25/2019 4:00,1976.409,4.045,,,,,,,,,,,
3/25/2019 4:00,3/25/2019 5:00,2088.05,4.106,,,,,,,,,,,
3/25/2019 5:00,3/25/2019 6:00,2534.412,4.336,,,,,,,,,,,
3/25/2019 6:00,3/25/2019 7:00,2891.432,4.506,,,,,,,,,,,
3/25/2019 7:00,3/25/2019 8:00,3674.527,4.843,,,,,,,,,,,
3/25/2019 8:00,3/25/2019 9:00,4978.497,5.329,,,,,,,,,,,
3/25/2019 9:00,3/25/2019 10:00,5821.735,5.61,,,,,,,,,,,
3/25/2019 10:00,3/25/2019 11:00,8341.407,6.333,,,,,,,,,,,
3/25/2019 11:00,3/25/2019 12:00,8102.044,6.275,,,,,,,,,,,
3/25/2019 12:00,3/25/2019 13:00,5963.877,5.655,,,,,,,,,,,
3/25/2019 13:00,3/25/2019 14:00,3860.806,4.918,,,,,,,,,,,
3/25/2019 14:00,3/25/2019 15:00,2523.213,4.331,,,,,,,,,,,
3/25/2019 15:00,3/25/2019 16:00,2461.562,4.3,,,,,,,,,,,
3/25/2019 16:00,3/25/2019 17:00,2924.118,4.52,,,,,,,,,,,
3/25/2019 17:00,3/25/2019 18:00,3359.353,4.712,,,,,,,,,,,
3/25/2019 18:00,3/25/2019 19:00,3671.869,4.842,,,,,,,,,,,
3/25/2019 19:00,3/25/2019 20:00,3551.276,4.783,,,,,,,,,,,
3/25/2019 20:00,3/25/2019 21:00,2908.011,4.513,,,,,,,,,,,
3/25/2019 21:00,3/25/2019 22:00,2517.662,4.328,,,,,,,,,,,
3/25/2019 22:00,3/25/2019 23:00,2395.354,4.267,,,,,,,,,,,
3/25/2019 23:00,3/26/2019 0:00,2947.36,4.526,,,,,,,,,,,
3/26/2019 0:00,3/26/2019 1:00,3588.418,4.799,,,,,,,,,,,
3/26/2019 1:00,3/26/2019 2:00,4262.743,5.063,,,,,,,,,,,
3/26/2019 2:00,3/26/2019 3:00,4723.417,5.241,,,,,,,,,,,
3/26/2019 3:00,3/26/2019 4:00,5129.69,5.382,,,,,,,,,,,
3/26/2019 4:00,3/26/2019 5:00,4926.293,5.303,,,,,,,,,,,
3/26/2019 5:00,3/26/2019 6:00,4272.856,5.067,,,,,,,,,,,
3/26/2019 6:00,3/26/2019 7:00,3694.169,4.851,,,,,,,,,,,
3/26/2019 7:00,3/26/2019 8:00,3162.497,4.619,,,,,,,,,,,
3/26/2019 8:00,3/26/2019 9:00,3085.724,4.593,,,,,,,,,,,
3/26/2019 9:00,3/26/2019 10:00,2375.686,4.257,,,,,,,,,,,
3/26/2019 10:00,3/26/2019 11:00,1652.201,3.856,,,,,,,,,,,
3/26/2019 11:00,3/26/2019 12:00,1402.379,3.694,,,,,,,,,,,
3/26/2019 12:00,3/26/2019 13:00,1701.698,3.877,,,,,,,,,,,
3/26/2019 13:00,3/26/2019 14:00,2187.228,4.152,,,,,,,,,,,
3/26/2019 14:00,3/26/2019 15:00,2537.486,4.338,,,,,,,,,,,
3/26/2019 15:00,3/26/2019 16:00,3061.889,4.583,,,,,,,,,,,
3/26/2019 16:00,3/26/2019 17:00,4210.266,5.043,,,,,,,,,,,
3/26/2019 17:00,3/26/2019 18:00,5730.093,5.571,,,,,,,,,,,
3/26/2019 18:00,3/26/2019 19:00,7668.929,6.157,,,,,,,,,,,
3/26/2019 19:00,3/26/2019 20:00,9568.092,6.657,,,,,,,,,,,
3/26/2019 20:00,3/26/2019 21:00,11367.143,7.092,,,,,,,,,,,
3/26/2019 21:00,3/26/2019 22:00,13202.75,7.517,,,,,,,,,,,
3/26/2019 22:00,3/26/2019 23:00,14704.62,7.86,,,,,,,,,,,
3/26/2019 23:00,3/27/2019 0:00,16034.527,8.152,,,,,,,,,,,
3/27/2019 0:00,3/27/2019 1:00,16627.265,8.292,,,,,,,,,,,
3/27/2019 1:00,3/27/2019 2:00,17965.68,8.601,,,,,,,,,,,
3/27/2019 2:00,3/27/2019 3:00,16472.15,8.255,,,,,,,,,,,
3/27/2019 3:00,3/27/2019 4:00,16326.334,8.226,,,,,,,,,,,
3/27/2019 4:00,3/27/2019 5:00,20821.241,9.291,,,,,,,,,,,
3/27/2019 5:00,3/27/2019 6:00,24582.376,10.36,,,,,,,,,,,
3/27/2019 6:00,3/27/2019 7:00,24018.006,10.171,,,,,,,,,,,
3/27/2019 7:00,3/27/2019 8:00,23321.103,9.964,,,,,,,,,,,
3/27/2019 8:00,3/27/2019 9:00,22778.959,9.814,,,,,,,,,,,
3/27/2019 9:00,3/27/2019 10:00,22950.832,9.863,,,,,,,,,,,
3/27/2019 10:00,3/27/2019 11:00,24799,10.431,,,,,,,,,,,
3/27/2019 11:00,3/27/2019 12:00,25078.927,10.526,,,,,,,,,,,
3/27/2019 12:00,3/27/2019 13:00,23723.391,10.085,,,,,,,,,,,
3/27/2019 13:00,3/27/2019 14:00,20642.954,9.238,,,,,,,,,,,
3/27/2019 14:00,3/27/2019 15:00,18602.452,8.749,,,,,,,,,,,
3/27/2019 15:00,3/27/2019 16:00,16300.928,8.22,,,,,,,,,,,
3/27/2019 16:00,3/27/2019 17:00,16200.144,8.197,,,,,,,,,,,
3/27/2019 17:00,3/27/2019 18:00,15922.267,8.135,,,,,,,,,,,
3/27/2019 18:00,3/27/2019 19:00,16901.669,8.348,,,,,,,,,,,
3/27/2019 19:00,3/27/2019 20:00,18602.628,8.745,,,,,,,,,,,
3/27/2019 20:00,3/27/2019 21:00,19331.27,8.917,,,,,,,,,,,
3/27/2019 21:00,3/27/2019 22:00,21177.517,9.382,,,,,,,,,,,
3/27/2019 22:00,3/27/2019 23:00,23649.335,10.068,,,,,,,,,,,
3/27/2019 23:00,3/28/2019 0:00,23824.981,10.121,,,,,,,,,,,
3/28/2019 0:00,3/28/2019 1:00,24427.087,10.31,,,,,,,,,,,
3/28/2019 1:00,3/28/2019 2:00,26457.926,11.037,,,,,,,,,,,
3/28/2019 2:00,3/28/2019 3:00,26851.891,11.201,,,,,,,,,,,
3/28/2019 3:00,3/28/2019 4:00,26416.027,11.016,,,,,,,,,,,
3/28/2019 4:00,3/28/2019 5:00,26112.019,10.89,,,,,,,,,,,
3/28/2019 5:00,3/28/2019 6:00,26162.203,10.92,,,,,,,,,,,
3/28/2019 6:00,3/28/2019 7:00,26749.489,11.148,,,,,,,,,,,
3/28/2019 7:00,3/28/2019 8:00,27347.302,11.422,,,,,,,,,,,
3/28/2019 8:00,3/28/2019 9:00,27432.156,11.461,,,,,,,,,,,
3/28/2019 9:00,3/28/2019 10:00,26588.692,11.084,,,,,,,,,,,
3/28/2019 10:00,3/28/2019 11:00,24300.957,10.269,,,,,,,,,,,
3/28/2019 11:00,3/28/2019 12:00,21198.198,9.388,,,,,,,,,,,
3/28/2019 12:00,3/28/2019 13:00,17688.619,8.529,,,,,,,,,,,
3/28/2019 13:00,3/28/2019 14:00,15390.107,8.007,,,,,,,,,,,
3/28/2019 14:00,3/28/2019 15:00,12721.78,7.406,,,,,,,,,,,
3/28/2019 15:00,3/28/2019 16:00,11323.332,7.077,,,,,,,,,,,
3/28/2019 16:00,3/28/2019 17:00,10240.738,6.822,,,,,,,,,,,
3/28/2019 17:00,3/28/2019 18:00,9210.733,6.566,,,,,,,,,,,
3/28/2019 18:00,3/28/2019 19:00,8597.022,6.407,,,,,,,,,,,
3/28/2019 19:00,3/28/2019 20:00,9814.764,6.71,,,,,,,,,,,
3/28/2019 20:00,3/28/2019 21:00,12179.873,7.278,,,,,,,,,,,
3/28/2019 21:00,3/28/2019 22:00,17222.617,8.426,,,,,,,,,,,
3/28/2019 22:00,3/28/2019 23:00,17905.196,8.577,,,,,,,,,,,
3/28/2019 23:00,3/29/2019 0:00,19771.847,9.025,,,,,,,,,,,
3/29/2019 0:00,3/29/2019 1:00,15014.629,7.923,,,,,,,,,,,
3/29/2019 1:00,3/29/2019 2:00,11937.049,7.228,,,,,,,,,,,
3/29/2019 2:00,3/29/2019 3:00,8759.719,6.449,,,,,,,,,,,
3/29/2019 3:00,3/29/2019 4:00,5754.694,5.579,,,,,,,,,,,
3/29/2019 4:00,3/29/2019 5:00,4802.299,5.268,,,,,,,,,,,
3/29/2019 5:00,3/29/2019 6:00,3363.963,4.714,,,,,,,,,,,
3/29/2019 6:00,3/29/2019 7:00,3200.996,4.635,,,,,,,,,,,
3/29/2019 7:00,3/29/2019 8:00,4179.673,5.032,,,,,,,,,,,
3/29/2019 8:00,3/29/2019 9:00,8834.84,6.461,,,,,,,,,,,
3/29/2019 9:00,3/29/2019 10:00,13509.898,7.584,,,,,,,,,,,
3/29/2019 10:00,3/29/2019 11:00,15476.621,8.027,,,,,,,,,,,
3/29/2019 11:00,3/29/2019 12:00,18475.077,8.713,,,,,,,,,,,
3/29/2019 12:00,3/29/2019 13:00,22717.563,9.797,,,,,,,,,,,
3/29/2019 13:00,3/29/2019 14:00,24080.398,10.199,,,,,,,,,,,
3/29/2019 14:00,3/29/2019 15:00,24734.915,10.408,,,,,,,,,,,
3/29/2019 15:00,3/29/2019 16:00,24562.003,10.346,,,,,,,,,,,
3/29/2019 16:00,3/29/2019 17:00,23462.647,10.012,,,,,,,,,,,
3/29/2019 17:00,3/29/2019 18:00,22686.821,9.788,,,,,,,,,,,
3/29/2019 18:00,3/29/2019 19:00,22243.993,9.663,,,,,,,,,,,
3/29/2019 19:00,3/29/2019 20:00,21183.412,9.384,,,,,,,,,,,
3/29/2019 20:00,3/29/2019 21:00,19796.329,9.028,,,,,,,,,,,
3/29/2019 21:00,3/29/2019 22:00,17527.619,8.496,,,,,,,,,,,
3/29/2019 22:00,3/29/2019 23:00,15306.577,7.988,,,,,,,,,,,
3/29/2019 23:00,3/30/2019 0:00,13521.136,7.591,,,,,,,,,,,
3/30/2019 0:00,3/30/2019 1:00,13290.335,7.536,,,,,,,,,,,
3/30/2019 1:00,3/30/2019 2:00,14261.83,7.755,,,,,,,,,,,
3/30/2019 2:00,3/30/2019 3:00,16536.072,8.272,,,,,,,,,,,
3/30/2019 3:00,3/30/2019 4:00,18870.482,8.813,,,,,,,,,,,
3/30/2019 4:00,3/30/2019 5:00,21950.129,9.578,,,,,,,,,,,
3/30/2019 5:00,3/30/2019 6:00,23033.143,9.887,,,,,,,,,,,
3/30/2019 6:00,3/30/2019 7:00,23260.335,9.951,,,,,,,,,,,
3/30/2019 7:00,3/30/2019 8:00,23987.753,10.165,,,,,,,,,,,
3/30/2019 8:00,3/30/2019 9:00,24400.154,10.301,,,,,,,,,,,
3/30/2019 9:00,3/30/2019 10:00,26448.414,11.034,,,,,,,,,,,
3/30/2019 10:00,3/30/2019 11:00,26965.477,11.248,,,,,,,,,,,
3/30/2019 11:00,3/30/2019 12:00,27597.937,11.536,,,,,,,,,,,
3/30/2019 12:00,3/30/2019 13:00,28347.87,11.922,,,,,,,,,,,
3/30/2019 13:00,3/30/2019 14:00,28549.511,12.047,,,,,,,,,,,
3/30/2019 14:00,3/30/2019 15:00,28604.817,12.079,,,,,,,,,,,
3/30/2019 15:00,3/30/2019 16:00,28905.017,12.263,,,,,,,,,,,
3/30/2019 16:00,3/30/2019 17:00,28879.682,12.247,,,,,,,,,,,
3/30/2019 17:00,3/30/2019 18:00,28412.152,11.968,,,,,,,,,,,
3/30/2019 18:00,3/30/2019 19:00,27515.026,11.495,,,,,,,,,,,
3/30/2019 19:00,3/30/2019 20:00,26415.899,11.016,,,,,,,,,,,
3/30/2019 20:00,3/30/2019 21:00,24735.464,10.406,,,,,,,,,,,
3/30/2019 21:00,3/30/2019 22:00,22211.951,9.648,,,,,,,,,,,
3/30/2019 22:00,3/30/2019 23:00,18602.764,8.742,,,,,,,,,,,
3/30/2019 23:00,3/31/2019 0:00,15513.833,8.041,,,,,,,,,,,
3/31/2019 0:00,3/31/2019 1:00,12503.563,7.35,,,,,,,,,,,
3/31/2019 1:00,3/31/2019 3:00,9583.933,6.66,,,,,,,,,,,
3/31/2019 2:00,3/31/2019 4:00,7252.422,6.035,,,,,,,,,,,
3/31/2019 3:00,3/31/2019 5:00,6257.771,5.746,,,,,,,,,,,
3/31/2019 4:00,3/31/2019 6:00,5289.126,5.436,,,,,,,,,,,
3/31/2019 5:00,3/31/2019 7:00,4717.977,5.239,,,,,,,,,,,
3/31/2019 6:00,3/31/2019 8:00,4504.39,5.162,,,,,,,,,,,
3/31/2019 7:00,3/31/2019 9:00,4434.732,5.136,,,,,,,,,,,
3/31/2019 8:00,3/31/2019 10:00,4980.824,5.331,,,,,,,,,,,
3/31/2019 9:00,3/31/2019 11:00,5671.277,5.552,,,,,,,,,,,
3/31/2019 10:00,3/31/2019 12:00,8138.612,6.285,,,,,,,,,,,
3/31/2019 11:00,3/31/2019 13:00,13811.701,7.649,,,,,,,,,,,
3/31/2019 12:00,3/31/2019 14:00,18602.747,8.743,,,,,,,,,,,
3/31/2019 13:00,3/31/2019 15:00,20280.95,9.148,,,,,,,,,,,
3/31/2019 14:00,3/31/2019 16:00,18566.256,8.736,,,,,,,,,,,
3/31/2019 15:00,3/31/2019 17:00,14615.22,7.833,,,,,,,,,,,
3/31/2019 16:00,3/31/2019 18:00,13011.235,7.476,,,,,,,,,,,
3/31/2019 17:00,3/31/2019 19:00,13222.9,7.522,,,,,,,,,,,
3/31/2019 18:00,3/31/2019 20:00,14304.594,7.76,,,,,,,,,,,
3/31/2019 19:00,3/31/2019 21:00,13952.145,7.69,,,,,,,,,,,
3/31/2019 20:00,3/31/2019 22:00,13330.269,7.549,,,,,,,,,,,
3/31/2019 21:00,3/31/2019 23:00,13828.945,7.652,,,,,,,,,,,
3/31/2019 22:00,4/1/2019 0:00,14170.253,7.735,,,,,,,,,,,
3/31/2019 23:00,4/1/2019 1:00,15018.94,7.931,,,,,,,,,,,
4/1/2019 0:00,4/1/2019 2:00,15591.539,8.053,,,,,,,,,,,
4/1/2019 1:00,4/1/2019 3:00,15052.576,7.938,,,,,,,,,,,
4/1/2019 2:00,4/1/2019 4:00,13907.154,7.677,,,,,,,,,,,
4/1/2019 3:00,4/1/2019 5:00,13066.706,7.485,,,,,,,,,,,
4/1/2019 4:00,4/1/2019 6:00,10947.79,6.988,,,,,,,,,,,
4/1/2019 5:00,4/1/2019 7:00,7774.988,6.183,,,,,,,,,,,
4/1/2019 6:00,4/1/2019 8:00,4355.256,5.107,,,,,,,,,,,
4/1/2019 7:00,4/1/2019 9:00,3438.765,4.746,,,,,,,,,,,
4/1/2019 8:00,4/1/2019 10:00,3259.246,4.66,,,,,,,,,,,
4/1/2019 9:00,4/1/2019 11:00,3861.728,4.918,,,,,,,,,,,
4/1/2019 10:00,4/1/2019 12:00,3954.041,4.954,,,,,,,,,,,
4/1/2019 11:00,4/1/2019 13:00,3790.859,4.887,,,,,,,,,,,
4/1/2019 12:00,4/1/2019 14:00,4337.692,5.1,,,,,,,,,,,
4/1/2019 13:00,4/1/2019 15:00,5195.226,5.404,,,,,,,,,,,
4/1/2019 14:00,4/1/2019 16:00,5630.407,5.539,,,,,,,,,,,
4/1/2019 15:00,4/1/2019 17:00,5911.259,5.638,,,,,,,,,,,
4/1/2019 16:00,4/1/2019 18:00,5758.044,5.58,,,,,,,,,,,
4/1/2019 17:00,4/1/2019 19:00,5730.63,5.571,,,,,,,,,,,
4/1/2019 18:00,4/1/2019 20:00,4727.005,5.242,,,,,,,,,,,
4/1/2019 19:00,4/1/2019 21:00,3136.671,4.613,,,,,,,,,,,
4/1/2019 20:00,4/1/2019 22:00,2778.982,4.453,,,,,,,,,,,
4/1/2019 21:00,4/1/2019 23:00,2724.004,4.427,,,,,,,,,,,
4/1/2019 22:00,4/2/2019 0:00,3683.628,4.847,,,,,,,,,,,
4/1/2019 23:00,4/2/2019 1:00,4913.779,5.298,,,,,,,,,,,
4/2/2019 0:00,4/2/2019 2:00,6143.826,5.701,,,,,,,,,,,
4/2/2019 1:00,4/2/2019 3:00,7327.866,6.061,,,,,,,,,,,
4/2/2019 2:00,4/2/2019 4:00,8151.842,6.289,,,,,,,,,,,
4/2/2019 3:00,4/2/2019 5:00,8758.002,6.441,,,,,,,,,,,
4/2/2019 4:00,4/2/2019 6:00,9052.114,6.526,,,,,,,,,,,
4/2/2019 5:00,4/2/2019 7:00,9020.779,6.518,,,,,,,,,,,
4/2/2019 6:00,4/2/2019 8:00,11347.798,7.09,,,,,,,,,,,
4/2/2019 7:00,4/2/2019 9:00,11549.963,7.134,,,,,,,,,,,
4/2/2019 8:00,4/2/2019 10:00,11137.546,7.04,,,,,,,,,,,
4/2/2019 9:00,4/2/2019 11:00,10305.658,6.832,,,,,,,,,,,
4/2/2019 10:00,4/2/2019 12:00,12554.713,7.366,,,,,,,,,,,
4/2/2019 11:00,4/2/2019 13:00,11948.971,7.231,,,,,,,,,,,
4/2/2019 12:00,4/2/2019 14:00,10714.164,6.934,,,,,,,,,,,
4/2/2019 13:00,4/2/2019 15:00,9001.702,6.513,,,,,,,,,,,
4/2/2019 14:00,4/2/2019 16:00,7386.337,6.074,,,,,,,,,,,
4/2/2019 15:00,4/2/2019 17:00,5958.623,5.653,,,,,,,,,,,
4/2/2019 16:00,4/2/2019 18:00,5026.548,5.347,,,,,,,,,,,
4/2/2019 17:00,4/2/2019 19:00,4558.537,5.181,,,,,,,,,,,
4/2/2019 18:00,4/2/2019 20:00,3970.138,4.96,,,,,,,,,,,
4/2/2019 19:00,4/2/2019 21:00,3387.548,4.724,,,,,,,,,,,
4/2/2019 20:00,4/2/2019 22:00,3225.445,4.645,,,,,,,,,,,
4/2/2019 21:00,4/2/2019 23:00,3210.956,4.639,,,,,,,,,,,
4/2/2019 22:00,4/3/2019 0:00,3290.113,4.683,,,,,,,,,,,
4/2/2019 23:00,4/3/2019 1:00,3311.981,4.692,,,,,,,,,,,
4/3/2019 0:00,4/3/2019 2:00,3397.034,4.728,,,,,,,,,,,
4/3/2019 1:00,4/3/2019 3:00,3681.811,4.846,,,,,,,,,,,
4/3/2019 2:00,4/3/2019 4:00,4281.642,5.072,,,,,,,,,,,
4/3/2019 3:00,4/3/2019 5:00,4465.738,5.148,,,,,,,,,,,
4/3/2019 4:00,4/3/2019 6:00,4798.75,5.267,,,,,,,,,,,
4/3/2019 5:00,4/3/2019 7:00,5146.574,5.388,,,,,,,,,,,
4/3/2019 6:00,4/3/2019 8:00,5011.815,5.341,,,,,,,,,,,
4/3/2019 7:00,4/3/2019 9:00,3921.342,4.941,,,,,,,,,,,
4/3/2019 8:00,4/3/2019 10:00,2697.563,4.406,,,,,,,,,,,
4/3/2019 9:00,4/3/2019 11:00,2188.378,4.159,,,,,,,,,,,
4/3/2019 10:00,4/3/2019 12:00,2171.235,4.142,,,,,,,,,,,
4/3/2019 11:00,4/3/2019 13:00,1894.945,3.999,,,,,,,,,,,
4/3/2019 12:00,4/3/2019 14:00,2014.131,4.066,,,,,,,,,,,
4/3/2019 13:00,4/3/2019 15:00,2688.398,4.401,,,,,,,,,,,
4/3/2019 14:00,4/3/2019 16:00,2958.056,4.528,,,,,,,,,,,
4/3/2019 15:00,4/3/2019 17:00,3154.154,4.617,,,,,,,,,,,
4/3/2019 16:00,4/3/2019 18:00,3218.97,4.643,,,,,,,,,,,
4/3/2019 17:00,4/3/2019 19:00,2987.506,4.541,,,,,,,,,,,
4/3/2019 18:00,4/3/2019 20:00,2409.691,4.272,,,,,,,,,,,
4/3/2019 19:00,4/3/2019 21:00,1966.56,4.034,,,,,,,,,,,
4/3/2019 20:00,4/3/2019 22:00,1872.365,3.986,,,,,,,,,,,
4/3/2019 21:00,4/3/2019 23:00,2816.216,4.471,,,,,,,,,,,
4/3/2019 22:00,4/4/2019 0:00,4282.066,5.074,,,,,,,,,,,
4/3/2019 23:00,4/4/2019 1:00,5758.668,5.581,,,,,,,,,,,
4/4/2019 0:00,4/4/2019 2:00,5696.282,5.56,,,,,,,,,,,
4/4/2019 1:00,4/4/2019 3:00,5510.681,5.509,,,,,,,,,,,
4/4/2019 2:00,4/4/2019 4:00,5463.998,5.494,,,,,,,,,,,
4/4/2019 3:00,4/4/2019 5:00,4670.467,5.222,,,,,,,,,,,
4/4/2019 4:00,4/4/2019 6:00,3937.21,4.948,,,,,,,,,,,
4/4/2019 5:00,4/4/2019 7:00,3492.646,4.768,,,,,,,,,,,
4/4/2019 6:00,4/4/2019 8:00,2899.759,4.509,,,,,,,,,,,
4/4/2019 7:00,4/4/2019 9:00,2187.429,4.153,,,,,,,,,,,
4/4/2019 8:00,4/4/2019 10:00,2442.008,4.281,,,,,,,,,,,
4/4/2019 9:00,4/4/2019 11:00,2440.564,4.28,,,,,,,,,,,
4/4/2019 10:00,4/4/2019 12:00,2430.688,4.278,,,,,,,,,,,
4/4/2019 11:00,4/4/2019 13:00,2495.439,4.317,,,,,,,,,,,
4/4/2019 12:00,4/4/2019 14:00,2457.415,4.289,,,,,,,,,,,
4/4/2019 13:00,4/4/2019 15:00,2229.242,4.181,,,,,,,,,,,
4/4/2019 14:00,4/4/2019 16:00,1860.335,3.973,,,,,,,,,,,
4/4/2019 15:00,4/4/2019 17:00,1839.955,3.959,,,,,,,,,,,
4/4/2019 16:00,4/4/2019 18:00,1874.044,3.987,,,,,,,,,,,
4/4/2019 17:00,4/4/2019 19:00,1597.589,3.823,,,,,,,,,,,
4/4/2019 18:00,4/4/2019 20:00,1448.138,3.719,,,,,,,,,,,
4/4/2019 19:00,4/4/2019 21:00,1602.59,3.826,,,,,,,,,,,
4/4/2019 20:00,4/4/2019 22:00,1967.174,4.038,,,,,,,,,,,
4/4/2019 21:00,4/4/2019 23:00,2537.608,4.338,,,,,,,,,,,
4/4/2019 22:00,4/5/2019 0:00,3229.089,4.647,,,,,,,,,,,
4/4/2019 23:00,4/5/2019 1:00,3868.803,4.921,,,,,,,,,,,
4/5/2019 0:00,4/5/2019 2:00,4427.987,5.134,,,,,,,,,,,
4/5/2019 1:00,4/5/2019 3:00,4975.573,5.32,,,,,,,,,,,
4/5/2019 2:00,4/5/2019 4:00,5616.75,5.534,,,,,,,,,,,
4/5/2019 3:00,4/5/2019 5:00,5811.571,5.606,,,,,,,,,,,
4/5/2019 4:00,4/5/2019 6:00,6083.542,5.691,,,,,,,,,,,
4/5/2019 5:00,4/5/2019 7:00,6623.349,5.856,,,,,,,,,,,
4/5/2019 6:00,4/5/2019 8:00,6666.786,5.869,,,,,,,,,,,
4/5/2019 7:00,4/5/2019 9:00,6114.27,5.696,,,,,,,,,,,
4/5/2019 8:00,4/5/2019 10:00,5677.358,5.554,,,,,,,,,,,
4/5/2019 9:00,4/5/2019 11:00,6597.916,5.849,,,,,,,,,,,
4/5/2019 10:00,4/5/2019 12:00,7003.725,5.959,,,,,,,,,,,
4/5/2019 11:00,4/5/2019 13:00,6344.341,5.771,,,,,,,,,,,
4/5/2019 12:00,4/5/2019 14:00,5848.339,5.618,,,,,,,,,,,
4/5/2019 13:00,4/5/2019 15:00,5562.24,5.523,,,,,,,,,,,
4/5/2019 14:00,4/5/2019 16:00,5290.38,5.436,,,,,,,,,,,
4/5/2019 15:00,4/5/2019 17:00,4752.403,5.251,,,,,,,,,,,
4/5/2019 16:00,4/5/2019 18:00,4977.324,5.324,,,,,,,,,,,
4/5/2019 17:00,4/5/2019 19:00,5288.057,5.435,,,,,,,,,,,
4/5/2019 18:00,4/5/2019 20:00,5528.483,5.515,,,,,,,,,,,
4/5/2019 19:00,4/5/2019 21:00,5637.311,5.541,,,,,,,,,,,
4/5/2019 20:00,4/5/2019 22:00,5924.487,5.642,,,,,,,,,,,
4/5/2019 21:00,4/5/2019 23:00,6422.198,5.787,,,,,,,,,,,
4/5/2019 22:00,4/6/2019 0:00,6622.416,5.856,,,,,,,,,,,
4/5/2019 23:00,4/6/2019 1:00,6598.548,5.849,,,,,,,,,,,
4/6/2019 0:00,4/6/2019 2:00,6154.676,5.705,,,,,,,,,,,
4/6/2019 1:00,4/6/2019 3:00,5342.562,5.447,,,,,,,,,,,
4/6/2019 2:00,4/6/2019 4:00,4841.286,5.276,,,,,,,,,,,
4/6/2019 3:00,4/6/2019 5:00,4536.734,5.173,,,,,,,,,,,
4/6/2019 4:00,4/6/2019 6:00,3857.933,4.916,,,,,,,,,,,
4/6/2019 5:00,4/6/2019 7:00,3453.466,4.752,,,,,,,,,,,
4/6/2019 6:00,4/6/2019 8:00,3135.022,4.613,,,,,,,,,,,
4/6/2019 7:00,4/6/2019 9:00,2439.332,4.28,,,,,,,,,,,
4/6/2019 8:00,4/6/2019 10:00,1621.508,3.838,,,,,,,,,,,
4/6/2019 9:00,4/6/2019 11:00,1741.195,3.908,,,,,,,,,,,
4/6/2019 10:00,4/6/2019 12:00,1611.543,3.831,,,,,,,,,,,
4/6/2019 11:00,4/6/2019 13:00,1462.874,3.737,,,,,,,,,,,
4/6/2019 12:00,4/6/2019 14:00,1340.95,3.657,,,,,,,,,,,
4/6/2019 13:00,4/6/2019 15:00,1243.706,3.59,,,,,,,,,,,
4/6/2019 14:00,4/6/2019 16:00,1189.905,3.551,,,,,,,,,,,
4/6/2019 15:00,4/6/2019 17:00,1132.026,3.5,,,,,,,,,,,
4/6/2019 16:00,4/6/2019 18:00,1132.902,3.506,,,,,,,,,,,
4/6/2019 17:00,4/6/2019 19:00,1141.558,3.516,,,,,,,,,,,
4/6/2019 18:00,4/6/2019 20:00,1153.59,3.525,,,,,,,,,,,
4/6/2019 19:00,4/6/2019 21:00,1331.07,3.65,,,,,,,,,,,
4/6/2019 20:00,4/6/2019 22:00,1734.039,3.897,,,,,,,,,,,
4/6/2019 21:00,4/6/2019 23:00,2445.283,4.283,,,,,,,,,,,
4/6/2019 22:00,4/7/2019 0:00,3326.759,4.698,,,,,,,,,,,
4/6/2019 23:00,4/7/2019 1:00,4637.027,5.206,,,,,,,,,,,
4/7/2019 0:00,4/7/2019 2:00,5736.248,5.573,,,,,,,,,,,
4/7/2019 1:00,4/7/2019 3:00,6423.514,5.787,,,,,,,,,,,
4/7/2019 2:00,4/7/2019 4:00,6719.511,5.885,,,,,,,,,,,
4/7/2019 3:00,4/7/2019 5:00,6142.474,5.701,,,,,,,,,,,
4/7/2019 4:00,4/7/2019 6:00,5277.58,5.432,,,,,,,,,,,
4/7/2019 5:00,4/7/2019 7:00,4675.92,5.224,,,,,,,,,,,
4/7/2019 6:00,4/7/2019 8:00,4299.097,5.086,,,,,,,,,,,
4/7/2019 7:00,4/7/2019 9:00,4481.469,5.153,,,,,,,,,,,
4/7/2019 8:00,4/7/2019 10:00,3606.551,4.806,,,,,,,,,,,
4/7/2019 9:00,4/7/2019 11:00,3064.285,4.584,,,,,,,,,,,
4/7/2019 10:00,4/7/2019 12:00,2974.322,4.534,,,,,,,,,,,
4/7/2019 11:00,4/7/2019 13:00,3287.325,4.681,,,,,,,,,,,
4/7/2019 12:00,4/7/2019 14:00,4099.8,5.011,,,,,,,,,,,
4/7/2019 13:00,4/7/2019 15:00,5410.879,5.476,,,,,,,,,,,
4/7/2019 14:00,4/7/2019 16:00,6171.727,5.71,,,,,,,,,,,
4/7/2019 15:00,4/7/2019 17:00,5856.465,5.621,,,,,,,,,,,
4/7/2019 16:00,4/7/2019 18:00,6536.221,5.83,,,,,,,,,,,
4/7/2019 17:00,4/7/2019 19:00,6234.502,5.739,,,,,,,,,,,
4/7/2019 18:00,4/7/2019 20:00,4664.885,5.22,,,,,,,,,,,
4/7/2019 19:00,4/7/2019 21:00,3378.518,4.72,,,,,,,,,,,
4/7/2019 20:00,4/7/2019 22:00,2461.372,4.3,,,,,,,,,,,
4/7/2019 21:00,4/7/2019 23:00,1874.617,3.988,,,,,,,,,,,
4/7/2019 22:00,4/8/2019 0:00,1366.504,3.674,,,,,,,,,,,
4/7/2019 23:00,4/8/2019 1:00,894.926,3.322,,,,,,,,,,,
4/8/2019 0:00,4/8/2019 2:00,638.222,3.087,,,,,,,,,,,
4/8/2019 1:00,4/8/2019 3:00,459.105,2.887,,,,,,,,,,,
4/8/2019 2:00,4/8/2019 4:00,365.814,2.764,,,,,,,,,,,
4/8/2019 3:00,4/8/2019 5:00,388.997,2.788,,,,,,,,,,,
4/8/2019 4:00,4/8/2019 6:00,462.932,2.892,,,,,,,,,,,
4/8/2019 5:00,4/8/2019 7:00,609.519,3.057,,,,,,,,,,,
4/8/2019 6:00,4/8/2019 8:00,715.488,3.163,,,,,,,,,,,
4/8/2019 7:00,4/8/2019 9:00,685.708,3.134,,,,,,,,,,,
4/8/2019 8:00,4/8/2019 10:00,348.214,2.73,,,,,,,,,,,
4/8/2019 9:00,4/8/2019 11:00,137.494,2.323,,,,,,,,,,,
4/8/2019 10:00,4/8/2019 12:00,114.973,2.265,,,,,,,,,,,
4/8/2019 11:00,4/8/2019 13:00,146.566,2.347,,,,,,,,,,,
4/8/2019 12:00,4/8/2019 14:00,236.106,2.545,,,,,,,,,,,
4/8/2019 13:00,4/8/2019 15:00,416.986,2.833,,,,,,,,,,,
4/8/2019 14:00,4/8/2019 16:00,565.301,3.01,,,,,,,,,,,
4/8/2019 15:00,4/8/2019 17:00,772.117,3.206,,,,,,,,,,,
4/8/2019 16:00,4/8/2019 18:00,1051.708,3.444,,,,,,,,,,,
4/8/2019 17:00,4/8/2019 19:00,1271.446,3.609,,,,,,,,,,,
4/8/2019 18:00,4/8/2019 20:00,1451.298,3.729,,,,,,,,,,,
4/8/2019 19:00,4/8/2019 21:00,1529.519,3.78,,,,,,,,,,,
4/8/2019 20:00,4/8/2019 22:00,1548.994,3.792,,,,,,,,,,,
4/8/2019 21:00,4/8/2019 23:00,1450.907,3.727,,,,,,,,,,,
4/8/2019 22:00,4/9/2019 0:00,1313.315,3.629,,,,,,,,,,,
4/8/2019 23:00,4/9/2019 1:00,1209.638,3.565,,,,,,,,,,,
4/9/2019 0:00,4/9/2019 2:00,1141.438,3.516,,,,,,,,,,,
4/9/2019 1:00,4/9/2019 3:00,1156.032,3.527,,,,,,,,,,,
4/9/2019 2:00,4/9/2019 4:00,1266.76,3.606,,,,,,,,,,,
4/9/2019 3:00,4/9/2019 5:00,1560.231,3.8,,,,,,,,,,,
4/9/2019 4:00,4/9/2019 6:00,1879.495,3.99,,,,,,,,,,,
4/9/2019 5:00,4/9/2019 7:00,2243.094,4.189,,,,,,,,,,,
4/9/2019 6:00,4/9/2019 8:00,2459.913,4.291,,,,,,,,,,,
4/9/2019 7:00,4/9/2019 9:00,2244.874,4.19,,,,,,,,,,,
4/9/2019 8:00,4/9/2019 10:00,2892.178,4.506,,,,,,,,,,,
4/9/2019 9:00,4/9/2019 11:00,3759.373,4.869,,,,,,,,,,,
4/9/2019 10:00,4/9/2019 12:00,3380.851,4.721,,,,,,,,,,,
4/9/2019 11:00,4/9/2019 13:00,2835.106,4.48,,,,,,,,,,,
4/9/2019 12:00,4/9/2019 14:00,2486.712,4.313,,,,,,,,,,,
4/9/2019 13:00,4/9/2019 15:00,2339.267,4.238,,,,,,,,,,,
4/9/2019 14:00,4/9/2019 16:00,2244.081,4.189,,,,,,,,,,,
4/9/2019 15:00,4/9/2019 17:00,2187.331,4.152,,,,,,,,,,,
4/9/2019 16:00,4/9/2019 18:00,2224.048,4.179,,,,,,,,,,,
4/9/2019 17:00,4/9/2019 19:00,2314.428,4.226,,,,,,,,,,,
4/9/2019 18:00,4/9/2019 20:00,2101.544,4.112,,,,,,,,,,,
4/9/2019 19:00,4/9/2019 21:00,1861.473,3.98,,,,,,,,,,,
4/9/2019 20:00,4/9/2019 22:00,1741.258,3.909,,,,,,,,,,,
4/9/2019 21:00,4/9/2019 23:00,1659.36,3.86,,,,,,,,,,,
4/9/2019 22:00,4/10/2019 0:00,1472.369,3.744,,,,,,,,,,,
4/9/2019 23:00,4/10/2019 1:00,1227.663,3.578,,,,,,,,,,,
4/10/2019 0:00,4/10/2019 2:00,1008.89,3.415,,,,,,,,,,,
4/10/2019 1:00,4/10/2019 3:00,842.261,3.278,,,,,,,,,,,
4/10/2019 2:00,4/10/2019 4:00,763.75,3.199,,,,,,,,,,,
4/10/2019 3:00,4/10/2019 5:00,809.593,3.241,,,,,,,,,,,
4/10/2019 4:00,4/10/2019 6:00,964.683,3.378,,,,,,,,,,,
4/10/2019 5:00,4/10/2019 7:00,1132.866,3.506,,,,,,,,,,,
4/10/2019 6:00,4/10/2019 8:00,1260.556,3.601,,,,,,,,,,,
4/10/2019 7:00,4/10/2019 9:00,1168.49,3.536,,,,,,,,,,,
4/10/2019 8:00,4/10/2019 10:00,1155.627,3.526,,,,,,,,,,,
4/10/2019 9:00,4/10/2019 11:00,1211.249,3.566,,,,,,,,,,,
4/10/2019 10:00,4/10/2019 12:00,1216.545,3.57,,,,,,,,,,,
4/10/2019 11:00,4/10/2019 13:00,1029.978,3.431,,,,,,,,,,,
4/10/2019 12:00,4/10/2019 14:00,809.817,3.243,,,,,,,,,,,
4/10/2019 13:00,4/10/2019 15:00,647.386,3.096,,,,,,,,,,,
4/10/2019 14:00,4/10/2019 16:00,575.024,3.021,,,,,,,,,,,
4/10/2019 15:00,4/10/2019 17:00,424.074,2.843,,,,,,,,,,,
4/10/2019 16:00,4/10/2019 18:00,276.622,2.625,,,,,,,,,,,
4/10/2019 17:00,4/10/2019 19:00,209.696,2.501,,,,,,,,,,,
4/10/2019 18:00,4/10/2019 20:00,161.802,2.394,,,,,,,,,,,
4/10/2019 19:00,4/10/2019 21:00,141.483,2.334,,,,,,,,,,,
4/10/2019 20:00,4/10/2019 22:00,190.737,2.453,,,,,,,,,,,
4/10/2019 21:00,4/10/2019 23:00,358.658,2.753,,,,,,,,,,,
4/10/2019 22:00,4/11/2019 0:00,660.478,3.109,,,,,,,,,,,
4/10/2019 23:00,4/11/2019 1:00,971.777,3.386,,,,,,,,,,,
4/11/2019 0:00,4/11/2019 2:00,1271.173,3.609,,,,,,,,,,,
4/11/2019 1:00,4/11/2019 3:00,1541.007,3.787,,,,,,,,,,,
4/11/2019 2:00,4/11/2019 4:00,1740.755,3.906,,,,,,,,,,,
4/11/2019 3:00,4/11/2019 5:00,1740.305,3.903,,,,,,,,,,,
4/11/2019 4:00,4/11/2019 6:00,1720.913,3.889,,,,,,,,,,,
4/11/2019 5:00,4/11/2019 7:00,1754.449,3.918,,,,,,,,,,,
4/11/2019 6:00,4/11/2019 8:00,1830.581,3.953,,,,,,,,,,,
4/11/2019 7:00,4/11/2019 9:00,1733.071,3.896,,,,,,,,,,,
4/11/2019 8:00,4/11/2019 10:00,1800.781,3.943,,,,,,,,,,,
4/11/2019 9:00,4/11/2019 11:00,2878.41,4.5,,,,,,,,,,,
4/11/2019 10:00,4/11/2019 12:00,4062.083,4.996,,,,,,,,,,,
4/11/2019 11:00,4/11/2019 13:00,4704.479,5.234,,,,,,,,,,,
4/11/2019 12:00,4/11/2019 14:00,5386.196,5.459,,,,,,,,,,,
4/11/2019 13:00,4/11/2019 15:00,5843.204,5.616,,,,,,,,,,,
4/11/2019 14:00,4/11/2019 16:00,5865.221,5.623,,,,,,,,,,,
4/11/2019 15:00,4/11/2019 17:00,5443.94,5.487,,,,,,,,,,,
4/11/2019 16:00,4/11/2019 18:00,5256.016,5.425,,,,,,,,,,,
4/11/2019 17:00,4/11/2019 19:00,6724,5.886,,,,,,,,,,,
4/11/2019 18:00,4/11/2019 20:00,8306.416,6.325,,,,,,,,,,,
4/11/2019 19:00,4/11/2019 21:00,9141.101,6.549,,,,,,,,,,,
4/11/2019 20:00,4/11/2019 22:00,8951.496,6.495,,,,,,,,,,,
4/11/2019 21:00,4/11/2019 23:00,8897.262,6.478,,,,,,,,,,,
4/11/2019 22:00,4/12/2019 0:00,8426.377,6.361,,,,,,,,,,,
4/11/2019 23:00,4/12/2019 1:00,8008.289,6.249,,,,,,,,,,,
4/12/2019 0:00,4/12/2019 2:00,8561.321,6.398,,,,,,,,,,,
4/12/2019 1:00,4/12/2019 3:00,8541.688,6.393,,,,,,,,,,,
4/12/2019 2:00,4/12/2019 4:00,8275.428,6.321,,,,,,,,,,,
4/12/2019 3:00,4/12/2019 5:00,7987.832,6.235,,,,,,,,,,,
4/12/2019 4:00,4/12/2019 6:00,6604.855,5.851,,,,,,,,,,,
4/12/2019 5:00,4/12/2019 7:00,6952.807,5.947,,,,,,,,,,,
4/12/2019 6:00,4/12/2019 8:00,6472.38,5.811,,,,,,,,,,,
4/12/2019 7:00,4/12/2019 9:00,6766.588,5.899,,,,,,,,,,,
4/12/2019 8:00,4/12/2019 10:00,7897.08,6.214,,,,,,,,,,,
4/12/2019 9:00,4/12/2019 11:00,7860.73,6.205,,,,,,,,,,,
4/12/2019 10:00,4/12/2019 12:00,7033.044,5.967,,,,,,,,,,,
4/12/2019 11:00,4/12/2019 13:00,6081.588,5.691,,,,,,,,,,,
4/12/2019 12:00,4/12/2019 14:00,5500.912,5.506,,,,,,,,,,,
4/12/2019 13:00,4/12/2019 15:00,4791.241,5.265,,,,,,,,,,,
4/12/2019 14:00,4/12/2019 16:00,4343.53,5.103,,,,,,,,,,,
4/12/2019 15:00,4/12/2019 17:00,3593.797,4.801,,,,,,,,,,,
4/12/2019 16:00,4/12/2019 18:00,3197.284,4.633,,,,,,,,,,,
4/12/2019 17:00,4/12/2019 19:00,3171.728,4.622,,,,,,,,,,,
4/12/2019 18:00,4/12/2019 20:00,3139.596,4.614,,,,,,,,,,,
4/12/2019 19:00,4/12/2019 21:00,3425.918,4.74,,,,,,,,,,,
4/12/2019 20:00,4/12/2019 22:00,3218.685,4.642,,,,,,,,,,,
4/12/2019 21:00,4/12/2019 23:00,3192.774,4.631,,,,,,,,,,,
4/12/2019 22:00,4/13/2019 0:00,3558.232,4.786,,,,,,,,,,,
4/12/2019 23:00,4/13/2019 1:00,3866.835,4.92,,,,,,,,,,,
4/13/2019 0:00,4/13/2019 2:00,4324.472,5.095,,,,,,,,,,,
4/13/2019 1:00,4/13/2019 3:00,4736.482,5.245,,,,,,,,,,,
4/13/2019 2:00,4/13/2019 4:00,4696.011,5.231,,,,,,,,,,,
4/13/2019 3:00,4/13/2019 5:00,4659.455,5.218,,,,,,,,,,,
4/13/2019 4:00,4/13/2019 6:00,4098.047,5.01,,,,,,,,,,,
4/13/2019 5:00,4/13/2019 7:00,3856.2,4.916,,,,,,,,,,,
4/13/2019 6:00,4/13/2019 8:00,4231.552,5.051,,,,,,,,,,,
4/13/2019 7:00,4/13/2019 9:00,4944.331,5.309,,,,,,,,,,,
4/13/2019 8:00,4/13/2019 10:00,5279.49,5.432,,,,,,,,,,,
4/13/2019 9:00,4/13/2019 11:00,5886.687,5.63,,,,,,,,,,,
4/13/2019 10:00,4/13/2019 12:00,6019.793,5.672,,,,,,,,,,,
4/13/2019 11:00,4/13/2019 13:00,6419.787,5.786,,,,,,,,,,,
4/13/2019 12:00,4/13/2019 14:00,6713.558,5.883,,,,,,,,,,,
4/13/2019 13:00,4/13/2019 15:00,7064.689,5.976,,,,,,,,,,,
4/13/2019 14:00,4/13/2019 16:00,6591.133,5.847,,,,,,,,,,,
4/13/2019 15:00,4/13/2019 17:00,5694.378,5.559,,,,,,,,,,,
4/13/2019 16:00,4/13/2019 18:00,4728.326,5.242,,,,,,,,,,,
4/13/2019 17:00,4/13/2019 19:00,4323.7,5.095,,,,,,,,,,,
4/13/2019 18:00,4/13/2019 20:00,4390.7,5.12,,,,,,,,,,,
4/13/2019 19:00,4/13/2019 21:00,5051.268,5.355,,,,,,,,,,,
4/13/2019 20:00,4/13/2019 22:00,5097.287,5.371,,,,,,,,,,,
4/13/2019 21:00,4/13/2019 23:00,4873.907,5.284,,,,,,,,,,,
4/13/2019 22:00,4/14/2019 0:00,5158.318,5.392,,,,,,,,,,,
4/13/2019 23:00,4/14/2019 1:00,6138.501,5.7,,,,,,,,,,,
4/14/2019 0:00,4/14/2019 2:00,7043.03,5.97,,,,,,,,,,,
4/14/2019 1:00,4/14/2019 3:00,7892.449,6.209,,,,,,,,,,,
4/14/2019 2:00,4/14/2019 4:00,7823.503,6.191,,,,,,,,,,,
4/14/2019 3:00,4/14/2019 5:00,7898.096,6.218,,,,,,,,,,,
4/14/2019 4:00,4/14/2019 6:00,8682.474,6.426,,,,,,,,,,,
4/14/2019 5:00,4/14/2019 7:00,7926.587,6.224,,,,,,,,,,,
4/14/2019 6:00,4/14/2019 8:00,6658.174,5.867,,,,,,,,,,,
4/14/2019 7:00,4/14/2019 9:00,8006.498,6.241,,,,,,,,,,,
4/14/2019 8:00,4/14/2019 10:00,8007.486,6.245,,,,,,,,,,,
4/14/2019 9:00,4/14/2019 11:00,8097.847,6.274,,,,,,,,,,,
4/14/2019 10:00,4/14/2019 12:00,7352.498,6.068,,,,,,,,,,,
4/14/2019 11:00,4/14/2019 13:00,7077.111,5.981,,,,,,,,,,,
4/14/2019 12:00,4/14/2019 14:00,7255.8,6.04,,,,,,,,,,,
4/14/2019 13:00,4/14/2019 15:00,7251.987,6.033,,,,,,,,,,,
4/14/2019 14:00,4/14/2019 16:00,7023.868,5.965,,,,,,,,,,,
4/14/2019 15:00,4/14/2019 17:00,6583.307,5.844,,,,,,,,,,,
4/14/2019 16:00,4/14/2019 18:00,5816.788,5.608,,,,,,,,,,,
4/14/2019 17:00,4/14/2019 19:00,5288.26,5.435,,,,,,,,,,,
4/14/2019 18:00,4/14/2019 20:00,4908.377,5.296,,,,,,,,,,,
4/14/2019 19:00,4/14/2019 21:00,4407.053,5.126,,,,,,,,,,,
4/14/2019 20:00,4/14/2019 22:00,4431.364,5.135,,,,,,,,,,,
4/14/2019 21:00,4/14/2019 23:00,4440.47,5.138,,,,,,,,,,,
4/14/2019 22:00,4/15/2019 0:00,4726.581,5.242,,,,,,,,,,,
4/14/2019 23:00,4/15/2019 1:00,4450.752,5.142,,,,,,,,,,,
4/15/2019 0:00,4/15/2019 2:00,4085.65,5.005,,,,,,,,,,,
4/15/2019 1:00,4/15/2019 3:00,3919.856,4.941,,,,,,,,,,,
4/15/2019 2:00,4/15/2019 4:00,3372.494,4.718,,,,,,,,,,,
4/15/2019 3:00,4/15/2019 5:00,3015.496,4.562,,,,,,,,,,,
4/15/2019 4:00,4/15/2019 6:00,2748.464,4.439,,,,,,,,,,,
4/15/2019 5:00,4/15/2019 7:00,2546.633,4.342,,,,,,,,,,,
4/15/2019 6:00,4/15/2019 8:00,2509.523,4.324,,,,,,,,,,,
4/15/2019 7:00,4/15/2019 9:00,2696.623,4.405,,,,,,,,,,,
4/15/2019 8:00,4/15/2019 10:00,2540.187,4.339,,,,,,,,,,,
4/15/2019 9:00,4/15/2019 11:00,2430.737,4.278,,,,,,,,,,,
4/15/2019 10:00,4/15/2019 12:00,2242.046,4.188,,,,,,,,,,,
4/15/2019 11:00,4/15/2019 13:00,2076.258,4.1,,,,,,,,,,,
4/15/2019 12:00,4/15/2019 14:00,1860.493,3.974,,,,,,,,,,,
4/15/2019 13:00,4/15/2019 15:00,1538.898,3.786,,,,,,,,,,,
4/15/2019 14:00,4/15/2019 16:00,1181.052,3.545,,,,,,,,,,,
4/15/2019 15:00,4/15/2019 17:00,1019.349,3.423,,,,,,,,,,,
4/15/2019 16:00,4/15/2019 18:00,964.81,3.379,,,,,,,,,,,
4/15/2019 17:00,4/15/2019 19:00,916.515,3.34,,,,,,,,,,,
4/15/2019 18:00,4/15/2019 20:00,876.619,3.307,,,,,,,,,,,
4/15/2019 19:00,4/15/2019 21:00,933.007,3.354,,,,,,,,,,,
4/15/2019 20:00,4/15/2019 22:00,1079.931,3.461,,,,,,,,,,,
4/15/2019 21:00,4/15/2019 23:00,1230.698,3.58,,,,,,,,,,,
4/15/2019 22:00,4/16/2019 0:00,1450.617,3.725,,,,,,,,,,,
4/15/2019 23:00,4/16/2019 1:00,1642.659,3.851,,,,,,,,,,,
4/16/2019 0:00,4/16/2019 2:00,1989.662,4.052,,,,,,,,,,,
4/16/2019 1:00,4/16/2019 3:00,2491.495,4.315,,,,,,,,,,,
4/16/2019 2:00,4/16/2019 4:00,3041.412,4.574,,,,,,,,,,,
4/16/2019 3:00,4/16/2019 5:00,3502.083,4.771,,,,,,,,,,,
4/16/2019 4:00,4/16/2019 6:00,3617.537,4.817,,,,,,,,,,,
4/16/2019 5:00,4/16/2019 7:00,3072.817,4.588,,,,,,,,,,,
4/16/2019 6:00,4/16/2019 8:00,2053.677,4.088,,,,,,,,,,,
4/16/2019 7:00,4/16/2019 9:00,1131.992,3.5,,,,,,,,,,,
4/16/2019 8:00,4/16/2019 10:00,584.145,3.03,,,,,,,,,,,
4/16/2019 9:00,4/16/2019 11:00,407.775,2.821,,,,,,,,,,,
4/16/2019 10:00,4/16/2019 12:00,329.811,2.703,,,,,,,,,,,
4/16/2019 11:00,4/16/2019 13:00,291.762,2.651,,,,,,,,,,,
4/16/2019 12:00,4/16/2019 14:00,319.877,2.693,,,,,,,,,,,
4/16/2019 13:00,4/16/2019 15:00,368.652,2.768,,,,,,,,,,,
4/16/2019 14:00,4/16/2019 16:00,340.397,2.718,,,,,,,,,,,
4/16/2019 15:00,4/16/2019 17:00,305.171,2.672,,,,,,,,,,,
4/16/2019 16:00,4/16/2019 18:00,266.783,2.608,,,,,,,,,,,
4/16/2019 17:00,4/16/2019 19:00,223.05,2.524,,,,,,,,,,,
4/16/2019 18:00,4/16/2019 20:00,164.357,2.4,,,,,,,,,,,
4/16/2019 19:00,4/16/2019 21:00,132.306,2.308,,,,,,,,,,,
4/16/2019 20:00,4/16/2019 22:00,121.74,2.279,,,,,,,,,,,
4/16/2019 21:00,4/16/2019 23:00,110.389,2.25,,,,,,,,,,,
4/16/2019 22:00,4/17/2019 0:00,92.511,2.189,,,,,,,,,,,
4/16/2019 23:00,4/17/2019 1:00,224.283,2.525,,,,,,,,,,,
4/17/2019 0:00,4/17/2019 2:00,418.87,2.836,,,,,,,,,,,
4/17/2019 1:00,4/17/2019 3:00,636.972,3.085,,,,,,,,,,,
4/17/2019 2:00,4/17/2019 4:00,872.903,3.304,,,,,,,,,,,
4/17/2019 3:00,4/17/2019 5:00,969.539,3.384,,,,,,,,,,,
4/17/2019 4:00,4/17/2019 6:00,963.026,3.37,,,,,,,,,,,
4/17/2019 5:00,4/17/2019 7:00,855.163,3.289,,,,,,,,,,,
4/17/2019 6:00,4/17/2019 8:00,794.828,3.227,,,,,,,,,,,
4/17/2019 7:00,4/17/2019 9:00,652.559,3.101,,,,,,,,,,,
4/17/2019 8:00,4/17/2019 10:00,546.279,2.984,,,,,,,,,,,
4/17/2019 9:00,4/17/2019 11:00,543.067,2.977,,,,,,,,,,,
4/17/2019 10:00,4/17/2019 12:00,578.509,3.024,,,,,,,,,,,
4/17/2019 11:00,4/17/2019 13:00,645.93,3.094,,,,,,,,,,,
4/17/2019 12:00,4/17/2019 14:00,735.75,3.182,,,,,,,,,,,
4/17/2019 13:00,4/17/2019 15:00,832.018,3.269,,,,,,,,,,,
4/17/2019 14:00,4/17/2019 16:00,881.224,3.311,,,,,,,,,,,
4/17/2019 15:00,4/17/2019 17:00,836.452,3.272,,,,,,,,,,,
4/17/2019 16:00,4/17/2019 18:00,784.9,3.218,,,,,,,,,,,
4/17/2019 17:00,4/17/2019 19:00,731.198,3.177,,,,,,,,,,,
4/17/2019 18:00,4/17/2019 20:00,725.409,3.172,,,,,,,,,,,
4/17/2019 19:00,4/17/2019 21:00,809.723,3.242,,,,,,,,,,,
4/17/2019 20:00,4/17/2019 22:00,980.455,3.392,,,,,,,,,,,
4/17/2019 21:00,4/17/2019 23:00,1256.237,3.598,,,,,,,,,,,
4/17/2019 22:00,4/18/2019 0:00,1519.073,3.774,,,,,,,,,,,
4/17/2019 23:00,4/18/2019 1:00,1685.93,3.869,,,,,,,,,,,
4/18/2019 0:00,4/18/2019 2:00,1740.751,3.906,,,,,,,,,,,
4/18/2019 1:00,4/18/2019 3:00,1740.875,3.906,,,,,,,,,,,
4/18/2019 2:00,4/18/2019 4:00,1741.088,3.908,,,,,,,,,,,
4/18/2019 3:00,4/18/2019 5:00,1754.195,3.918,,,,,,,,,,,
4/18/2019 4:00,4/18/2019 6:00,1859.92,3.97,,,,,,,,,,,
4/18/2019 5:00,4/18/2019 7:00,1949.499,4.025,,,,,,,,,,,
4/18/2019 6:00,4/18/2019 8:00,2294.266,4.215,,,,,,,,,,,
4/18/2019 7:00,4/18/2019 9:00,2407.355,4.272,,,,,,,,,,,
4/18/2019 8:00,4/18/2019 10:00,2486.957,4.313,,,,,,,,,,,
4/18/2019 9:00,4/18/2019 11:00,2420.739,4.275,,,,,,,,,,,
4/18/2019 10:00,4/18/2019 12:00,2273.976,4.205,,,,,,,,,,,
4/18/2019 11:00,4/18/2019 13:00,2046.916,4.084,,,,,,,,,,,
4/18/2019 12:00,4/18/2019 14:00,2032.515,4.076,,,,,,,,,,,
4/18/2019 13:00,4/18/2019 15:00,1907.976,4.006,,,,,,,,,,,
4/18/2019 14:00,4/18/2019 16:00,1538.749,3.786,,,,,,,,,,,
4/18/2019 15:00,4/18/2019 17:00,1614.195,3.833,,,,,,,,,,,
4/18/2019 16:00,4/18/2019 18:00,2271.634,4.203,,,,,,,,,,,
4/18/2019 17:00,4/18/2019 19:00,3191.209,4.63,,,,,,,,,,,
4/18/2019 18:00,4/18/2019 20:00,3666.539,4.84,,,,,,,,,,,
4/18/2019 19:00,4/18/2019 21:00,3938.891,4.948,,,,,,,,,,,
4/18/2019 20:00,4/18/2019 22:00,3809.643,4.897,,,,,,,,,,,
4/18/2019 21:00,4/18/2019 23:00,4451.704,5.142,,,,,,,,,,,
4/18/2019 22:00,4/19/2019 0:00,3886.996,4.928,,,,,,,,,,,
4/18/2019 23:00,4/19/2019 1:00,3549.342,4.782,,,,,,,,,,,
4/19/2019 0:00,4/19/2019 2:00,3283.912,4.68,,,,,,,,,,,
4/19/2019 1:00,4/19/2019 3:00,2174.781,4.144,,,,,,,,,,,
4/19/2019 2:00,4/19/2019 4:00,1911.858,4.009,,,,,,,,,,,
4/19/2019 3:00,4/19/2019 5:00,1865.913,3.983,,,,,,,,,,,
4/19/2019 4:00,4/19/2019 6:00,2152.807,4.132,,,,,,,,,,,
4/19/2019 5:00,4/19/2019 7:00,2581.094,4.359,,,,,,,,,,,
4/19/2019 6:00,4/19/2019 8:00,3118.548,4.608,,,,,,,,,,,
4/19/2019 7:00,4/19/2019 9:00,3498.773,4.77,,,,,,,,,,,
4/19/2019 8:00,4/19/2019 10:00,3940.726,4.949,,,,,,,,,,,
4/19/2019 9:00,4/19/2019 11:00,5157.082,5.391,,,,,,,,,,,
4/19/2019 10:00,4/19/2019 12:00,7429.649,6.089,,,,,,,,,,,
4/19/2019 11:00,4/19/2019 13:00,8259.403,6.318,,,,,,,,,,,
4/19/2019 12:00,4/19/2019 14:00,8572.91,6.401,,,,,,,,,,,
4/19/2019 13:00,4/19/2019 15:00,8725.095,6.436,,,,,,,,,,,
4/19/2019 14:00,4/19/2019 16:00,8804.565,6.456,,,,,,,,,,,
4/19/2019 15:00,4/19/2019 17:00,8996.651,6.511,,,,,,,,,,,
4/19/2019 16:00,4/19/2019 18:00,9390.877,6.611,,,,,,,,,,,
4/19/2019 17:00,4/19/2019 19:00,12132.237,7.272,,,,,,,,,,,
4/19/2019 18:00,4/19/2019 20:00,12503.843,7.352,,,,,,,,,,,
4/19/2019 19:00,4/19/2019 21:00,13686.076,7.624,,,,,,,,,,,
4/19/2019 20:00,4/19/2019 22:00,13804.838,7.647,,,,,,,,,,,
4/19/2019 21:00,4/19/2019 23:00,13389.983,7.563,,,,,,,,,,,
4/19/2019 22:00,4/20/2019 0:00,13121.787,7.501,,,,,,,,,,,
4/19/2019 23:00,4/20/2019 1:00,12581.901,7.369,,,,,,,,,,,
4/20/2019 0:00,4/20/2019 2:00,11729.081,7.173,,,,,,,,,,,
4/20/2019 1:00,4/20/2019 3:00,10781.089,6.952,,,,,,,,,,,
4/20/2019 2:00,4/20/2019 4:00,10020.366,6.761,,,,,,,,,,,
4/20/2019 3:00,4/20/2019 5:00,9475.589,6.634,,,,,,,,,,,
4/20/2019 4:00,4/20/2019 6:00,9247.297,6.573,,,,,,,,,,,
4/20/2019 5:00,4/20/2019 7:00,9511.371,6.643,,,,,,,,,,,
4/20/2019 6:00,4/20/2019 8:00,10079.307,6.784,,,,,,,,,,,
4/20/2019 7:00,4/20/2019 9:00,11054.273,7.02,,,,,,,,,,,
4/20/2019 8:00,4/20/2019 10:00,11662.234,7.162,,,,,,,,,,,
4/20/2019 9:00,4/20/2019 11:00,11547.172,7.134,,,,,,,,,,,
4/20/2019 10:00,4/20/2019 12:00,10587.187,6.908,,,,,,,,,,,
4/20/2019 11:00,4/20/2019 13:00,9460.392,6.625,,,,,,,,,,,
4/20/2019 12:00,4/20/2019 14:00,8512.637,6.385,,,,,,,,,,,
4/20/2019 13:00,4/20/2019 15:00,8243.328,6.313,,,,,,,,,,,
4/20/2019 14:00,4/20/2019 16:00,8935.212,6.486,,,,,,,,,,,
4/20/2019 15:00,4/20/2019 17:00,11677.066,7.164,,,,,,,,,,,
4/20/2019 16:00,4/20/2019 18:00,16696.539,8.305,,,,,,,,,,,
4/20/2019 17:00,4/20/2019 19:00,19731.615,9.014,,,,,,,,,,,
4/20/2019 18:00,4/20/2019 20:00,19393.98,8.938,,,,,,,,,,,
4/20/2019 19:00,4/20/2019 21:00,21999.529,9.599,,,,,,,,,,,
4/20/2019 20:00,4/20/2019 22:00,20836.65,9.295,,,,,,,,,,,
4/20/2019 21:00,4/20/2019 23:00,19916.973,9.065,,,,,,,,,,,
4/20/2019 22:00,4/21/2019 0:00,19122.292,8.873,,,,,,,,,,,
4/20/2019 23:00,4/21/2019 1:00,17901.708,8.576,,,,,,,,,,,
4/21/2019 0:00,4/21/2019 2:00,20140.104,9.12,,,,,,,,,,,
4/21/2019 1:00,4/21/2019 3:00,19649.234,8.995,,,,,,,,,,,
4/21/2019 2:00,4/21/2019 4:00,19130.233,8.875,,,,,,,,,,,
4/21/2019 3:00,4/21/2019 5:00,17467.918,8.483,,,,,,,,,,,
4/21/2019 4:00,4/21/2019 6:00,16657.248,8.296,,,,,,,,,,,
4/21/2019 5:00,4/21/2019 7:00,17035.71,8.387,,,,,,,,,,,
4/21/2019 6:00,4/21/2019 8:00,18828.218,8.797,,,,,,,,,,,
4/21/2019 7:00,4/21/2019 9:00,22451.455,9.723,,,,,,,,,,,
4/21/2019 8:00,4/21/2019 10:00,24583.342,10.356,,,,,,,,,,,
4/21/2019 9:00,4/21/2019 11:00,24942.315,10.479,,,,,,,,,,,
4/21/2019 10:00,4/21/2019 12:00,25003.422,10.5,,,,,,,,,,,
4/21/2019 11:00,4/21/2019 13:00,24643.591,10.37,,,,,,,,,,,
4/21/2019 12:00,4/21/2019 14:00,23791.867,10.111,,,,,,,,,,,
4/21/2019 13:00,4/21/2019 15:00,23472.727,10.015,,,,,,,,,,,
4/21/2019 14:00,4/21/2019 16:00,22365.969,9.689,,,,,,,,,,,
4/21/2019 15:00,4/21/2019 17:00,21589.115,9.485,,,,,,,,,,,
4/21/2019 16:00,4/21/2019 18:00,20750.028,9.273,,,,,,,,,,,
4/21/2019 17:00,4/21/2019 19:00,18772.122,8.787,,,,,,,,,,,
4/21/2019 18:00,4/21/2019 20:00,17614.486,8.513,,,,,,,,,,,
4/21/2019 19:00,4/21/2019 21:00,16411.787,8.238,,,,,,,,,,,
4/21/2019 20:00,4/21/2019 22:00,15603.47,8.063,,,,,,,,,,,
4/21/2019 21:00,4/21/2019 23:00,15354.652,8.003,,,,,,,,,,,
4/21/2019 22:00,4/22/2019 0:00,15296.342,7.987,,,,,,,,,,,
4/21/2019 23:00,4/22/2019 1:00,15724.632,8.084,,,,,,,,,,,
4/22/2019 0:00,4/22/2019 2:00,15349.833,8.003,,,,,,,,,,,
4/22/2019 1:00,4/22/2019 3:00,13935.419,7.686,,,,,,,,,,,
4/22/2019 2:00,4/22/2019 4:00,12504.667,7.358,,,,,,,,,,,
4/22/2019 3:00,4/22/2019 5:00,10743.075,6.938,,,,,,,,,,,
4/22/2019 4:00,4/22/2019 6:00,8209.322,6.304,,,,,,,,,,,
4/22/2019 5:00,4/22/2019 7:00,6422.669,5.787,,,,,,,,,,,
4/22/2019 6:00,4/22/2019 8:00,5709.816,5.564,,,,,,,,,,,
4/22/2019 7:00,4/22/2019 9:00,4508.897,5.163,,,,,,,,,,,
4/22/2019 8:00,4/22/2019 10:00,3845.017,4.911,,,,,,,,,,,
4/22/2019 9:00,4/22/2019 11:00,3323.654,4.697,,,,,,,,,,,
4/22/2019 10:00,4/22/2019 12:00,3452.5,4.751,,,,,,,,,,,
4/22/2019 11:00,4/22/2019 13:00,4511.335,5.164,,,,,,,,,,,
4/22/2019 12:00,4/22/2019 14:00,5776.711,5.595,,,,,,,,,,,
4/22/2019 13:00,4/22/2019 15:00,7447.226,6.093,,,,,,,,,,,
4/22/2019 14:00,4/22/2019 16:00,10676.315,6.921,,,,,,,,,,,
4/22/2019 15:00,4/22/2019 17:00,14216.775,7.747,,,,,,,,,,,
4/22/2019 16:00,4/22/2019 18:00,17917.372,8.588,,,,,,,,,,,
4/22/2019 17:00,4/22/2019 19:00,21039.666,9.347,,,,,,,,,,,
4/22/2019 18:00,4/22/2019 20:00,23219.428,9.935,,,,,,,,,,,
4/22/2019 19:00,4/22/2019 21:00,23980.755,10.164,,,,,,,,,,,
4/22/2019 20:00,4/22/2019 22:00,23487.697,10.02,,,,,,,,,,,
4/22/2019 21:00,4/22/2019 23:00,26108.824,10.889,,,,,,,,,,,
4/22/2019 22:00,4/23/2019 0:00,26415.217,11.018,,,,,,,,,,,
4/22/2019 23:00,4/23/2019 1:00,25955.401,10.83,,,,,,,,,,,
4/23/2019 0:00,4/23/2019 2:00,25400.643,10.638,,,,,,,,,,,
4/23/2019 1:00,4/23/2019 3:00,24926.104,10.474,,,,,,,,,,,
4/23/2019 2:00,4/23/2019 4:00,23983.339,10.165,,,,,,,,,,,
4/23/2019 3:00,4/23/2019 5:00,23260.348,9.951,,,,,,,,,,,
4/23/2019 4:00,4/23/2019 6:00,22347.392,9.687,,,,,,,,,,,
4/23/2019 5:00,4/23/2019 7:00,21966.579,9.585,,,,,,,,,,,
4/23/2019 6:00,4/23/2019 8:00,21688.497,9.508,,,,,,,,,,,
4/23/2019 7:00,4/23/2019 9:00,21362.62,9.423,,,,,,,,,,,
4/23/2019 8:00,4/23/2019 10:00,20902.69,9.312,,,,,,,,,,,
4/23/2019 9:00,4/23/2019 11:00,20970.06,9.329,,,,,,,,,,,
4/23/2019 10:00,4/23/2019 12:00,20851.875,9.299,,,,,,,,,,,
4/23/2019 11:00,4/23/2019 13:00,20127.398,9.117,,,,,,,,,,,
4/23/2019 12:00,4/23/2019 14:00,18074.258,8.626,,,,,,,,,,,
4/23/2019 13:00,4/23/2019 15:00,16988.416,8.376,,,,,,,,,,,
4/23/2019 14:00,4/23/2019 16:00,15747.433,8.093,,,,,,,,,,,
4/23/2019 15:00,4/23/2019 17:00,14533.631,7.821,,,,,,,,,,,
4/23/2019 16:00,4/23/2019 18:00,12809.469,7.43,,,,,,,,,,,
4/23/2019 17:00,4/23/2019 19:00,10368.771,6.848,,,,,,,,,,,
4/23/2019 18:00,4/23/2019 20:00,8561.476,6.398,,,,,,,,,,,
4/23/2019 19:00,4/23/2019 21:00,7206.517,6.023,,,,,,,,,,,
4/23/2019 20:00,4/23/2019 22:00,5852.327,5.619,,,,,,,,,,,
4/23/2019 21:00,4/23/2019 23:00,4465.896,5.148,,,,,,,,,,,
4/23/2019 22:00,4/24/2019 0:00,3620.588,4.821,,,,,,,,,,,
4/23/2019 23:00,4/24/2019 1:00,3120.992,4.609,,,,,,,,,,,
4/24/2019 0:00,4/24/2019 2:00,2880.084,4.5,,,,,,,,,,,
4/24/2019 1:00,4/24/2019 3:00,2739.954,4.435,,,,,,,,,,,
4/24/2019 2:00,4/24/2019 4:00,2667.903,4.392,,,,,,,,,,,
4/24/2019 3:00,4/24/2019 5:00,2505.894,4.322,,,,,,,,,,,
4/24/2019 4:00,4/24/2019 6:00,2337.003,4.237,,,,,,,,,,,
4/24/2019 5:00,4/24/2019 7:00,2018.532,4.068,,,,,,,,,,,
4/24/2019 6:00,4/24/2019 8:00,1649.119,3.854,,,,,,,,,,,
4/24/2019 7:00,4/24/2019 9:00,1326.277,3.638,,,,,,,,,,,
4/24/2019 8:00,4/24/2019 10:00,1015.298,3.42,,,,,,,,,,,
4/24/2019 9:00,4/24/2019 11:00,814.121,3.253,,,,,,,,,,,
4/24/2019 10:00,4/24/2019 12:00,636.039,3.084,,,,,,,,,,,
4/24/2019 11:00,4/24/2019 13:00,476.941,2.909,,,,,,,,,,,
4/24/2019 12:00,4/24/2019 14:00,388.523,2.787,,,,,,,,,,,
4/24/2019 13:00,4/24/2019 15:00,357.546,2.752,,,,,,,,,,,
4/24/2019 14:00,4/24/2019 16:00,432.963,2.854,,,,,,,,,,,
4/24/2019 15:00,4/24/2019 17:00,596.257,3.043,,,,,,,,,,,
4/24/2019 16:00,4/24/2019 18:00,813.723,3.253,,,,,,,,,,,
4/24/2019 17:00,4/24/2019 19:00,1104.399,3.479,,,,,,,,,,,
4/24/2019 18:00,4/24/2019 20:00,1457.823,3.734,,,,,,,,,,,
4/24/2019 19:00,4/24/2019 21:00,1908.191,4.007,,,,,,,,,,,
4/24/2019 20:00,4/24/2019 22:00,2382.117,4.26,,,,,,,,,,,
4/24/2019 21:00,4/24/2019 23:00,2852.226,4.487,,,,,,,,,,,
4/24/2019 22:00,4/25/2019 0:00,3339.348,4.704,,,,,,,,,,,
4/24/2019 23:00,4/25/2019 1:00,3781.557,4.877,,,,,,,,,,,
4/25/2019 0:00,4/25/2019 2:00,4078.578,5.002,,,,,,,,,,,
4/25/2019 1:00,4/25/2019 3:00,4346.824,5.104,,,,,,,,,,,
4/25/2019 2:00,4/25/2019 4:00,4526.937,5.17,,,,,,,,,,,
4/25/2019 3:00,4/25/2019 5:00,4485.696,5.155,,,,,,,,,,,
4/25/2019 4:00,4/25/2019 6:00,4282.814,5.078,,,,,,,,,,,
4/25/2019 5:00,4/25/2019 7:00,4052.43,4.992,,,,,,,,,,,
4/25/2019 6:00,4/25/2019 8:00,3790.584,4.886,,,,,,,,,,,
4/25/2019 7:00,4/25/2019 9:00,3596.408,4.802,,,,,,,,,,,
4/25/2019 8:00,4/25/2019 10:00,3547.015,4.782,,,,,,,,,,,
4/25/2019 9:00,4/25/2019 11:00,3720.402,4.861,,,,,,,,,,,
4/25/2019 10:00,4/25/2019 12:00,3687.145,4.848,,,,,,,,,,,
4/25/2019 11:00,4/25/2019 13:00,3610.925,4.808,,,,,,,,,,,
4/25/2019 12:00,4/25/2019 14:00,3342.2,4.705,,,,,,,,,,,
4/25/2019 13:00,4/25/2019 15:00,3041.824,4.574,,,,,,,,,,,
4/25/2019 14:00,4/25/2019 16:00,2741.26,4.436,,,,,,,,,,,
4/25/2019 15:00,4/25/2019 17:00,2336.668,4.237,,,,,,,,,,,
4/25/2019 16:00,4/25/2019 18:00,1992.643,4.054,,,,,,,,,,,
4/25/2019 17:00,4/25/2019 19:00,1763.251,3.923,,,,,,,,,,,
4/25/2019 18:00,4/25/2019 20:00,1624.617,3.839,,,,,,,,,,,
4/25/2019 19:00,4/25/2019 21:00,1520.033,3.774,,,,,,,,,,,
4/25/2019 20:00,4/25/2019 22:00,1465.24,3.739,,,,,,,,,,,
4/25/2019 21:00,4/25/2019 23:00,1519.458,3.774,,,,,,,,,,,
4/25/2019 22:00,4/26/2019 0:00,1584.794,3.815,,,,,,,,,,,
4/25/2019 23:00,4/26/2019 1:00,1611.992,3.832,,,,,,,,,,,
4/26/2019 0:00,4/26/2019 2:00,1541.344,3.788,,,,,,,,,,,
4/26/2019 1:00,4/26/2019 3:00,1368.165,3.675,,,,,,,,,,,
4/26/2019 2:00,4/26/2019 4:00,1161.466,3.531,,,,,,,,,,,
4/26/2019 3:00,4/26/2019 5:00,995.726,3.405,,,,,,,,,,,
4/26/2019 4:00,4/26/2019 6:00,964.898,3.38,,,,,,,,,,,
4/26/2019 5:00,4/26/2019 7:00,1050.178,3.444,,,,,,,,,,,
4/26/2019 6:00,4/26/2019 8:00,1171.725,3.538,,,,,,,,,,,
4/26/2019 7:00,4/26/2019 9:00,1255.173,3.598,,,,,,,,,,,
4/26/2019 8:00,4/26/2019 10:00,1263.981,3.604,,,,,,,,,,,
4/26/2019 9:00,4/26/2019 11:00,1182.789,3.546,,,,,,,,,,,
4/26/2019 10:00,4/26/2019 12:00,1113.211,3.486,,,,,,,,,,,
4/26/2019 11:00,4/26/2019 13:00,892.657,3.321,,,,,,,,,,,
4/26/2019 12:00,4/26/2019 14:00,692.772,3.141,,,,,,,,,,,
4/26/2019 13:00,4/26/2019 15:00,552.389,2.996,,,,,,,,,,,
4/26/2019 14:00,4/26/2019 16:00,476.154,2.908,,,,,,,,,,,
4/26/2019 15:00,4/26/2019 17:00,385.974,2.784,,,,,,,,,,,
4/26/2019 16:00,4/26/2019 18:00,293.663,2.654,,,,,,,,,,,
4/26/2019 17:00,4/26/2019 19:00,267.129,2.609,,,,,,,,,,,
4/26/2019 18:00,4/26/2019 20:00,306.298,2.674,,,,,,,,,,,
4/26/2019 19:00,4/26/2019 21:00,389.1,2.788,,,,,,,,,,,
4/26/2019 20:00,4/26/2019 22:00,507.278,2.943,,,,,,,,,,,
4/26/2019 21:00,4/26/2019 23:00,681.229,3.126,,,,,,,,,,,
4/26/2019 22:00,4/27/2019 0:00,965.454,3.38,,,,,,,,,,,
4/26/2019 23:00,4/27/2019 1:00,1330.554,3.646,,,,,,,,,,,
4/27/2019 0:00,4/27/2019 2:00,1673.852,3.865,,,,,,,,,,,
4/27/2019 1:00,4/27/2019 3:00,2059.903,4.091,,,,,,,,,,,
4/27/2019 2:00,4/27/2019 4:00,2548.139,4.343,,,,,,,,,,,
4/27/2019 3:00,4/27/2019 5:00,3179.432,4.625,,,,,,,,,,,
4/27/2019 4:00,4/27/2019 6:00,3790.796,4.887,,,,,,,,,,,
4/27/2019 5:00,4/27/2019 7:00,4653.341,5.216,,,,,,,,,,,
4/27/2019 6:00,4/27/2019 8:00,5485.991,5.501,,,,,,,,,,,
4/27/2019 7:00,4/27/2019 9:00,6541.092,5.832,,,,,,,,,,,
4/27/2019 8:00,4/27/2019 10:00,7982.402,6.233,,,,,,,,,,,
4/27/2019 9:00,4/27/2019 11:00,9363.754,6.598,,,,,,,,,,,
4/27/2019 10:00,4/27/2019 12:00,10033.819,6.773,,,,,,,,,,,
4/27/2019 11:00,4/27/2019 13:00,10306.403,6.836,,,,,,,,,,,
4/27/2019 12:00,4/27/2019 14:00,10103.723,6.79,,,,,,,,,,,
4/27/2019 13:00,4/27/2019 15:00,9659.71,6.678,,,,,,,,,,,
4/27/2019 14:00,4/27/2019 16:00,8951.683,6.496,,,,,,,,,,,
4/27/2019 15:00,4/27/2019 17:00,8052.761,6.256,,,,,,,,,,,
4/27/2019 16:00,4/27/2019 18:00,7499.28,6.101,,,,,,,,,,,
4/27/2019 17:00,4/27/2019 19:00,7700.728,6.163,,,,,,,,,,,
4/27/2019 18:00,4/27/2019 20:00,8403.637,6.348,,,,,,,,,,,
4/27/2019 19:00,4/27/2019 21:00,8968.009,6.504,,,,,,,,,,,
4/27/2019 20:00,4/27/2019 22:00,9291.26,6.579,,,,,,,,,,,
4/27/2019 21:00,4/27/2019 23:00,9302.62,6.586,,,,,,,,,,,
4/27/2019 22:00,4/28/2019 0:00,8965.973,6.503,,,,,,,,,,,
4/27/2019 23:00,4/28/2019 1:00,8532.26,6.39,,,,,,,,,,,
4/28/2019 0:00,4/28/2019 2:00,8007.054,6.243,,,,,,,,,,,
4/28/2019 1:00,4/28/2019 3:00,7322.591,6.054,,,,,,,,,,,
4/28/2019 2:00,4/28/2019 4:00,6613.399,5.853,,,,,,,,,,,
4/28/2019 3:00,4/28/2019 5:00,5751.653,5.578,,,,,,,,,,,
4/28/2019 4:00,4/28/2019 6:00,4695.261,5.231,,,,,,,,,,,
4/28/2019 5:00,4/28/2019 7:00,3617.714,4.818,,,,,,,,,,,
4/28/2019 6:00,4/28/2019 8:00,3113.542,4.606,,,,,,,,,,,
4/28/2019 7:00,4/28/2019 9:00,2845.292,4.484,,,,,,,,,,,
4/28/2019 8:00,4/28/2019 10:00,2713.393,4.422,,,,,,,,,,,
4/28/2019 9:00,4/28/2019 11:00,2763.408,4.446,,,,,,,,,,,
4/28/2019 10:00,4/28/2019 12:00,2866.744,4.494,,,,,,,,,,,
4/28/2019 11:00,4/28/2019 13:00,2934.131,4.523,,,,,,,,,,,
4/28/2019 12:00,4/28/2019 14:00,2921.311,4.519,,,,,,,,,,,
4/28/2019 13:00,4/28/2019 15:00,2977.59,4.536,,,,,,,,,,,
4/28/2019 14:00,4/28/2019 16:00,2964.608,4.53,,,,,,,,,,,
4/28/2019 15:00,4/28/2019 17:00,2632.766,4.375,,,,,,,,,,,
4/28/2019 16:00,4/28/2019 18:00,2563.637,4.35,,,,,,,,,,,
4/28/2019 17:00,4/28/2019 19:00,2324.063,4.231,,,,,,,,,,,
4/28/2019 18:00,4/28/2019 20:00,1965.983,4.03,,,,,,,,,,,
4/28/2019 19:00,4/28/2019 21:00,1714.319,3.885,,,,,,,,,,,
4/28/2019 20:00,4/28/2019 22:00,1544.734,3.79,,,,,,,,,,,
4/28/2019 21:00,4/28/2019 23:00,1457.139,3.734,,,,,,,,,,,
4/28/2019 22:00,4/29/2019 0:00,1311.276,3.628,,,,,,,,,,,
4/28/2019 23:00,4/29/2019 1:00,1212.512,3.567,,,,,,,,,,,
4/29/2019 0:00,4/29/2019 2:00,1150.414,3.522,,,,,,,,,,,
4/29/2019 1:00,4/29/2019 3:00,1156.348,3.527,,,,,,,,,,,
4/29/2019 2:00,4/29/2019 4:00,1074.018,3.457,,,,,,,,,,,
4/29/2019 3:00,4/29/2019 5:00,719.397,3.166,,,,,,,,,,,
4/29/2019 4:00,4/29/2019 6:00,337.403,2.714,,,,,,,,,,,
4/29/2019 5:00,4/29/2019 7:00,147.751,2.351,,,,,,,,,,,
4/29/2019 6:00,4/29/2019 8:00,90.279,2.181,,,,,,,,,,,
4/29/2019 7:00,4/29/2019 9:00,142.622,2.337,,,,,,,,,,,
4/29/2019 8:00,4/29/2019 10:00,310.446,2.681,,,,,,,,,,,
4/29/2019 9:00,4/29/2019 11:00,465.257,2.895,,,,,,,,,,,
4/29/2019 10:00,4/29/2019 12:00,510.132,2.944,,,,,,,,,,,
4/29/2019 11:00,4/29/2019 13:00,448.019,2.873,,,,,,,,,,,
4/29/2019 12:00,4/29/2019 14:00,396.512,2.798,,,,,,,,,,,
4/29/2019 13:00,4/29/2019 15:00,456.64,2.884,,,,,,,,,,,
4/29/2019 14:00,4/29/2019 16:00,678.691,3.119,,,,,,,,,,,
4/29/2019 15:00,4/29/2019 17:00,859.534,3.292,,,,,,,,,,,
4/29/2019 16:00,4/29/2019 18:00,915.003,3.339,,,,,,,,,,,
4/29/2019 17:00,4/29/2019 19:00,883.527,3.313,,,,,,,,,,,
4/29/2019 18:00,4/29/2019 20:00,788.644,3.221,,,,,,,,,,,
4/29/2019 19:00,4/29/2019 21:00,676.551,3.118,,,,,,,,,,,
4/29/2019 20:00,4/29/2019 22:00,518.483,2.95,,,,,,,,,,,
4/29/2019 21:00,4/29/2019 23:00,341.88,2.721,,,,,,,,,,,
4/29/2019 22:00,4/30/2019 0:00,339.832,2.718,,,,,,,,,,,
4/29/2019 23:00,4/30/2019 1:00,504.692,2.941,,,,,,,,,,,
4/30/2019 0:00,4/30/2019 2:00,701.957,3.15,,,,,,,,,,,
4/30/2019 1:00,4/30/2019 3:00,970.412,3.384,,,,,,,,,,,
4/30/2019 2:00,4/30/2019 4:00,1557.598,3.798,,,,,,,,,,,
4/30/2019 3:00,4/30/2019 5:00,2214.663,4.174,,,,,,,,,,,
4/30/2019 4:00,4/30/2019 6:00,2969.84,4.532,,,,,,,,,,,
4/30/2019 5:00,4/30/2019 7:00,3259.578,4.662,,,,,,,,,,,
4/30/2019 6:00,4/30/2019 8:00,3214.102,4.64,,,,,,,,,,,
4/30/2019 7:00,4/30/2019 9:00,3613.539,4.809,,,,,,,,,,,
4/30/2019 8:00,4/30/2019 10:00,4636.68,5.204,,,,,,,,,,,
4/30/2019 9:00,4/30/2019 11:00,5506.675,5.508,,,,,,,,,,,
4/30/2019 10:00,4/30/2019 12:00,6552.737,5.835,,,,,,,,,,,
4/30/2019 11:00,4/30/2019 13:00,7644.121,6.15,,,,,,,,,,,
4/30/2019 12:00,4/30/2019 14:00,8341.4,6.333,,,,,,,,,,,
4/30/2019 13:00,4/30/2019 15:00,8526.158,6.389,,,,,,,,,,,
4/30/2019 14:00,4/30/2019 16:00,8726.895,6.436,,,,,,,,,,,
4/30/2019 15:00,4/30/2019 17:00,7897.14,6.214,,,,,,,,,,,
4/30/2019 16:00,4/30/2019 18:00,6482.751,5.814,,,,,,,,,,,
4/30/2019 17:00,4/30/2019 19:00,5128.226,5.381,,,,,,,,,,,
4/30/2019 18:00,4/30/2019 20:00,4481.602,5.153,,,,,,,,,,,
4/30/2019 19:00,4/30/2019 21:00,4531.563,5.172,,,,,,,,,,,
4/30/2019 20:00,4/30/2019 22:00,4279.555,5.069,,,,,,,,,,,
4/30/2019 21:00,4/30/2019 23:00,4222.52,5.048,,,,,,,,,,,
4/30/2019 22:00,5/1/2019 0:00,4297.716,5.085,,,,,,,,,,,
4/30/2019 23:00,5/1/2019 1:00,3956.862,4.955,,,,,,,,,,,
5/1/2019 0:00,5/1/2019 2:00,3778.163,4.875,,,,,,,,,,,
5/1/2019 1:00,5/1/2019 3:00,3703.175,4.855,,,,,,,,,,,
5/1/2019 2:00,5/1/2019 4:00,3616.347,4.811,,,,,,,,,,,
5/1/2019 3:00,5/1/2019 5:00,3503.153,4.771,,,,,,,,,,,
5/1/2019 4:00,5/1/2019 6:00,3517.854,4.775,,,,,,,,,,,
5/1/2019 5:00,5/1/2019 7:00,3594.577,4.801,,,,,,,,,,,
5/1/2019 6:00,5/1/2019 8:00,3940.35,4.949,,,,,,,,,,,
5/1/2019 7:00,5/1/2019 9:00,4100.125,5.011,,,,,,,,,,,
5/1/2019 8:00,5/1/2019 10:00,3993.107,4.969,,,,,,,,,,,
5/1/2019 9:00,5/1/2019 11:00,3789.663,4.881,,,,,,,,,,,
5/1/2019 10:00,5/1/2019 12:00,3796.616,4.892,,,,,,,,,,,
5/1/2019 11:00,5/1/2019 13:00,3845.84,4.912,,,,,,,,,,,
5/1/2019 12:00,5/1/2019 14:00,3903.987,4.935,,,,,,,,,,,
5/1/2019 13:00,5/1/2019 15:00,3994.683,4.97,,,,,,,,,,,
5/1/2019 14:00,5/1/2019 16:00,4077.212,5.002,,,,,,,,,,,
5/1/2019 15:00,5/1/2019 17:00,4229.803,5.051,,,,,,,,,,,
5/1/2019 16:00,5/1/2019 18:00,4403.595,5.125,,,,,,,,,,,
5/1/2019 17:00,5/1/2019 19:00,4961.934,5.315,,,,,,,,,,,
5/1/2019 18:00,5/1/2019 20:00,5543.307,5.52,,,,,,,,,,,
5/1/2019 19:00,5/1/2019 21:00,5860.726,5.622,,,,,,,,,,,
5/1/2019 20:00,5/1/2019 22:00,5864.559,5.623,,,,,,,,,,,
5/1/2019 21:00,5/1/2019 23:00,5492.319,5.503,,,,,,,,,,,
5/1/2019 22:00,5/2/2019 0:00,4930.635,5.304,,,,,,,,,,,
5/1/2019 23:00,5/2/2019 1:00,4611.101,5.195,,,,,,,,,,,
5/2/2019 0:00,5/2/2019 2:00,4277.379,5.069,,,,,,,,,,,
5/2/2019 1:00,5/2/2019 3:00,3859.331,4.917,,,,,,,,,,,
5/2/2019 2:00,5/2/2019 4:00,3591.54,4.8,,,,,,,,,,,
5/2/2019 3:00,5/2/2019 5:00,3291.33,4.683,,,,,,,,,,,
5/2/2019 4:00,5/2/2019 6:00,3335.392,4.702,,,,,,,,,,,
5/2/2019 5:00,5/2/2019 7:00,3628.461,4.824,,,,,,,,,,,
5/2/2019 6:00,5/2/2019 8:00,3832.171,4.906,,,,,,,,,,,
5/2/2019 7:00,5/2/2019 9:00,3992.925,4.969,,,,,,,,,,,
5/2/2019 8:00,5/2/2019 10:00,4246.189,5.057,,,,,,,,,,,
5/2/2019 9:00,5/2/2019 11:00,4282.498,5.076,,,,,,,,,,,
5/2/2019 10:00,5/2/2019 12:00,4441.604,5.139,,,,,,,,,,,
5/2/2019 11:00,5/2/2019 13:00,4955.81,5.313,,,,,,,,,,,
5/2/2019 12:00,5/2/2019 14:00,5624.489,5.537,,,,,,,,,,,
5/2/2019 13:00,5/2/2019 15:00,6466.984,5.803,,,,,,,,,,,
5/2/2019 14:00,5/2/2019 16:00,7323.395,6.058,,,,,,,,,,,
5/2/2019 15:00,5/2/2019 17:00,8081.25,6.265,,,,,,,,,,,
5/2/2019 16:00,5/2/2019 18:00,8493.427,6.38,,,,,,,,,,,
5/2/2019 17:00,5/2/2019 19:00,8493.045,6.378,,,,,,,,,,,
5/2/2019 18:00,5/2/2019 20:00,8420.348,6.36,,,,,,,,,,,
5/2/2019 19:00,5/2/2019 21:00,8786.925,6.454,,,,,,,,,,,
5/2/2019 20:00,5/2/2019 22:00,9083.742,6.534,,,,,,,,,,,
5/2/2019 21:00,5/2/2019 23:00,8950.718,6.492,,,,,,,,,,,
5/2/2019 22:00,5/3/2019 0:00,8542.797,6.393,,,,,,,,,,,
5/2/2019 23:00,5/3/2019 1:00,7823.747,6.192,,,,,,,,,,,
5/3/2019 0:00,5/3/2019 2:00,7094.584,5.994,,,,,,,,,,,
5/3/2019 1:00,5/3/2019 3:00,7182.02,6.013,,,,,,,,,,,
5/3/2019 2:00,5/3/2019 4:00,7078.744,5.989,,,,,,,,,,,
5/3/2019 3:00,5/3/2019 5:00,6306.855,5.761,,,,,,,,,,,
5/3/2019 4:00,5/3/2019 6:00,5416.324,5.478,,,,,,,,,,,
5/3/2019 5:00,5/3/2019 7:00,5086.767,5.367,,,,,,,,,,,
5/3/2019 6:00,5/3/2019 8:00,7076.92,5.98,,,,,,,,,,,
5/3/2019 7:00,5/3/2019 9:00,8574.185,6.401,,,,,,,,,,,
5/3/2019 8:00,5/3/2019 10:00,9386.958,6.611,,,,,,,,,,,
5/3/2019 9:00,5/3/2019 11:00,9738.399,6.691,,,,,,,,,,,
5/3/2019 10:00,5/3/2019 12:00,9820.171,6.719,,,,,,,,,,,
5/3/2019 11:00,5/3/2019 13:00,10062.655,6.78,,,,,,,,,,,
5/3/2019 12:00,5/3/2019 14:00,10000.178,6.755,,,,,,,,,,,
5/3/2019 13:00,5/3/2019 15:00,9266.135,6.575,,,,,,,,,,,
5/3/2019 14:00,5/3/2019 16:00,8673.128,6.419,,,,,,,,,,,
5/3/2019 15:00,5/3/2019 17:00,7772.546,6.183,,,,,,,,,,,
5/3/2019 16:00,5/3/2019 18:00,6574.186,5.842,,,,,,,,,,,
5/3/2019 17:00,5/3/2019 19:00,5758.477,5.58,,,,,,,,,,,
5/3/2019 18:00,5/3/2019 20:00,5120.846,5.379,,,,,,,,,,,
5/3/2019 19:00,5/3/2019 21:00,5101.348,5.372,,,,,,,,,,,
5/3/2019 20:00,5/3/2019 22:00,5512.5,5.51,,,,,,,,,,,
5/3/2019 21:00,5/3/2019 23:00,6834.188,5.919,,,,,,,,,,,
5/3/2019 22:00,5/4/2019 0:00,8013.578,6.251,,,,,,,,,,,
5/3/2019 23:00,5/4/2019 1:00,7976.098,6.232,,,,,,,,,,,
5/4/2019 0:00,5/4/2019 2:00,7286.28,6.045,,,,,,,,,,,
5/4/2019 1:00,5/4/2019 3:00,6581.148,5.844,,,,,,,,,,,
5/4/2019 2:00,5/4/2019 4:00,6407.027,5.782,,,,,,,,,,,
5/4/2019 3:00,5/4/2019 5:00,6219.594,5.734,,,,,,,,,,,
5/4/2019 4:00,5/4/2019 6:00,6173.05,5.717,,,,,,,,,,,
5/4/2019 5:00,5/4/2019 7:00,6675.042,5.872,,,,,,,,,,,
5/4/2019 6:00,5/4/2019 8:00,7091.886,5.994,,,,,,,,,,,
5/4/2019 7:00,5/4/2019 9:00,8008.131,6.248,,,,,,,,,,,
5/4/2019 8:00,5/4/2019 10:00,8346.875,6.341,,,,,,,,,,,
5/4/2019 9:00,5/4/2019 11:00,7314.573,6.049,,,,,,,,,,,
5/4/2019 10:00,5/4/2019 12:00,6030.361,5.675,,,,,,,,,,,
5/4/2019 11:00,5/4/2019 13:00,4921.872,5.301,,,,,,,,,,,
5/4/2019 12:00,5/4/2019 14:00,4206.116,5.042,,,,,,,,,,,
5/4/2019 13:00,5/4/2019 15:00,3646.046,4.831,,,,,,,,,,,
5/4/2019 14:00,5/4/2019 16:00,3138.251,4.613,,,,,,,,,,,
5/4/2019 15:00,5/4/2019 17:00,2580.919,4.359,,,,,,,,,,,
5/4/2019 16:00,5/4/2019 18:00,1918.695,4.013,,,,,,,,,,,
5/4/2019 17:00,5/4/2019 19:00,1429.348,3.707,,,,,,,,,,,
5/4/2019 18:00,5/4/2019 20:00,964.292,3.376,,,,,,,,,,,
5/4/2019 19:00,5/4/2019 21:00,623.956,3.072,,,,,,,,,,,
5/4/2019 20:00,5/4/2019 22:00,607.637,3.055,,,,,,,,,,,
5/4/2019 21:00,5/4/2019 23:00,729.542,3.176,,,,,,,,,,,
5/4/2019 22:00,5/5/2019 0:00,986.064,3.397,,,,,,,,,,,
5/4/2019 23:00,5/5/2019 1:00,1352.884,3.665,,,,,,,,,,,
5/5/2019 0:00,5/5/2019 2:00,1716.82,3.886,,,,,,,,,,,
5/5/2019 1:00,5/5/2019 3:00,1976.216,4.045,,,,,,,,,,,
5/5/2019 2:00,5/5/2019 4:00,2113.823,4.115,,,,,,,,,,,
5/5/2019 3:00,5/5/2019 5:00,2152.294,4.132,,,,,,,,,,,
5/5/2019 4:00,5/5/2019 6:00,2132.155,4.121,,,,,,,,,,,
5/5/2019 5:00,5/5/2019 7:00,1966.25,4.032,,,,,,,,,,,
5/5/2019 6:00,5/5/2019 8:00,1922.374,4.015,,,,,,,,,,,
5/5/2019 7:00,5/5/2019 9:00,1898.087,4.001,,,,,,,,,,,
5/5/2019 8:00,5/5/2019 10:00,1727.032,3.892,,,,,,,,,,,
5/5/2019 9:00,5/5/2019 11:00,1549.609,3.793,,,,,,,,,,,
5/5/2019 10:00,5/5/2019 12:00,1485.302,3.752,,,,,,,,,,,
5/5/2019 11:00,5/5/2019 13:00,1459.033,3.735,,,,,,,,,,,
5/5/2019 12:00,5/5/2019 14:00,1490.667,3.755,,,,,,,,,,,
5/5/2019 13:00,5/5/2019 15:00,1570.105,3.806,,,,,,,,,,,
5/5/2019 14:00,5/5/2019 16:00,1654.078,3.857,,,,,,,,,,,
5/5/2019 15:00,5/5/2019 17:00,1732.42,3.896,,,,,,,,,,,
5/5/2019 16:00,5/5/2019 18:00,1784.483,3.935,,,,,,,,,,,
5/5/2019 17:00,5/5/2019 19:00,1945.468,4.024,,,,,,,,,,,
5/5/2019 18:00,5/5/2019 20:00,2128.399,4.119,,,,,,,,,,,
5/5/2019 19:00,5/5/2019 21:00,2140.609,4.125,,,,,,,,,,,
5/5/2019 20:00,5/5/2019 22:00,2011.022,4.064,,,,,,,,,,,
5/5/2019 21:00,5/5/2019 23:00,1761.39,3.922,,,,,,,,,,,
5/5/2019 22:00,5/6/2019 0:00,1514.012,3.77,,,,,,,,,,,
5/5/2019 23:00,5/6/2019 1:00,1314.579,3.63,,,,,,,,,,,
5/6/2019 0:00,5/6/2019 2:00,1165.231,3.533,,,,,,,,,,,
5/6/2019 1:00,5/6/2019 3:00,1127.496,3.497,,,,,,,,,,,
5/6/2019 2:00,5/6/2019 4:00,1162.64,3.531,,,,,,,,,,,
5/6/2019 3:00,5/6/2019 5:00,1336.046,3.653,,,,,,,,,,,
5/6/2019 4:00,5/6/2019 6:00,1611.276,3.831,,,,,,,,,,,
5/6/2019 5:00,5/6/2019 7:00,1723.925,3.891,,,,,,,,,,,
5/6/2019 6:00,5/6/2019 8:00,1809.075,3.945,,,,,,,,,,,
5/6/2019 7:00,5/6/2019 9:00,1737.167,3.898,,,,,,,,,,,
5/6/2019 8:00,5/6/2019 10:00,1597.166,3.823,,,,,,,,,,,
5/6/2019 9:00,5/6/2019 11:00,1514.796,3.771,,,,,,,,,,,
5/6/2019 10:00,5/6/2019 12:00,1529.461,3.78,,,,,,,,,,,
5/6/2019 11:00,5/6/2019 13:00,1701.27,3.877,,,,,,,,,,,
5/6/2019 12:00,5/6/2019 14:00,1927.177,4.017,,,,,,,,,,,
5/6/2019 13:00,5/6/2019 15:00,2190.593,4.161,,,,,,,,,,,
5/6/2019 14:00,5/6/2019 16:00,2460.689,4.296,,,,,,,,,,,
5/6/2019 15:00,5/6/2019 17:00,2572.956,4.355,,,,,,,,,,,
5/6/2019 16:00,5/6/2019 18:00,2522.091,4.33,,,,,,,,,,,
5/6/2019 17:00,5/6/2019 19:00,2507.086,4.323,,,,,,,,,,,
5/6/2019 18:00,5/6/2019 20:00,2973.537,4.534,,,,,,,,,,,
5/6/2019 19:00,5/6/2019 21:00,3594.433,4.801,,,,,,,,,,,
5/6/2019 20:00,5/6/2019 22:00,4014.502,4.978,,,,,,,,,,,
5/6/2019 21:00,5/6/2019 23:00,4694.139,5.23,,,,,,,,,,,
5/6/2019 22:00,5/7/2019 0:00,5015.883,5.343,,,,,,,,,,,
5/6/2019 23:00,5/7/2019 1:00,4920.093,5.3,,,,,,,,,,,
5/7/2019 0:00,5/7/2019 2:00,5295.371,5.438,,,,,,,,,,,
5/7/2019 1:00,5/7/2019 3:00,5476.403,5.498,,,,,,,,,,,
5/7/2019 2:00,5/7/2019 4:00,6456.105,5.797,,,,,,,,,,,
5/7/2019 3:00,5/7/2019 5:00,7252.801,6.037,,,,,,,,,,,
5/7/2019 4:00,5/7/2019 6:00,7428.447,6.083,,,,,,,,,,,
5/7/2019 5:00,5/7/2019 7:00,7252.681,6.037,,,,,,,,,,,
5/7/2019 6:00,5/7/2019 8:00,7734.016,6.168,,,,,,,,,,,
5/7/2019 7:00,5/7/2019 9:00,8491.696,6.372,,,,,,,,,,,
5/7/2019 8:00,5/7/2019 10:00,7738.822,6.168,,,,,,,,,,,
5/7/2019 9:00,5/7/2019 11:00,7626.119,6.145,,,,,,,,,,,
5/7/2019 10:00,5/7/2019 12:00,7428.415,6.083,,,,,,,,,,,
5/7/2019 11:00,5/7/2019 13:00,7303.955,6.047,,,,,,,,,,,
5/7/2019 12:00,5/7/2019 14:00,7078.489,5.988,,,,,,,,,,,
5/7/2019 13:00,5/7/2019 15:00,6841.715,5.921,,,,,,,,,,,
5/7/2019 14:00,5/7/2019 16:00,6522.913,5.826,,,,,,,,,,,
5/7/2019 15:00,5/7/2019 17:00,5777.179,5.595,,,,,,,,,,,
5/7/2019 16:00,5/7/2019 18:00,5420.658,5.479,,,,,,,,,,,
5/7/2019 17:00,5/7/2019 19:00,5283.365,5.434,,,,,,,,,,,
5/7/2019 18:00,5/7/2019 20:00,5759.06,5.583,,,,,,,,,,,
5/7/2019 19:00,5/7/2019 21:00,5944.103,5.648,,,,,,,,,,,
5/7/2019 20:00,5/7/2019 22:00,5529.619,5.515,,,,,,,,,,,
5/7/2019 21:00,5/7/2019 23:00,5417.848,5.478,,,,,,,,,,,
5/7/2019 22:00,5/8/2019 0:00,4603.643,5.194,,,,,,,,,,,
5/7/2019 23:00,5/8/2019 1:00,3956.951,4.955,,,,,,,,,,,
5/8/2019 0:00,5/8/2019 2:00,3606.501,4.806,,,,,,,,,,,
5/8/2019 1:00,5/8/2019 3:00,3381.617,4.722,,,,,,,,,,,
5/8/2019 2:00,5/8/2019 4:00,3710.555,4.858,,,,,,,,,,,
5/8/2019 3:00,5/8/2019 5:00,3803.134,4.895,,,,,,,,,,,
5/8/2019 4:00,5/8/2019 6:00,3888.676,4.929,,,,,,,,,,,
5/8/2019 5:00,5/8/2019 7:00,3440.919,4.747,,,,,,,,,,,
5/8/2019 6:00,5/8/2019 8:00,3307.123,4.69,,,,,,,,,,,
5/8/2019 7:00,5/8/2019 9:00,3637.171,4.828,,,,,,,,,,,
5/8/2019 8:00,5/8/2019 10:00,4047.507,4.99,,,,,,,,,,,
5/8/2019 9:00,5/8/2019 11:00,4370.868,5.113,,,,,,,,,,,
5/8/2019 10:00,5/8/2019 12:00,4366.532,5.111,,,,,,,,,,,
5/8/2019 11:00,5/8/2019 13:00,4182.447,5.033,,,,,,,,,,,
5/8/2019 12:00,5/8/2019 14:00,3803.304,4.895,,,,,,,,,,,
5/8/2019 13:00,5/8/2019 15:00,3707.457,4.856,,,,,,,,,,,
5/8/2019 14:00,5/8/2019 16:00,3954.304,4.954,,,,,,,,,,,
5/8/2019 15:00,5/8/2019 17:00,4262.149,5.063,,,,,,,,,,,
5/8/2019 16:00,5/8/2019 18:00,4254.586,5.06,,,,,,,,,,,
5/8/2019 17:00,5/8/2019 19:00,3650.098,4.833,,,,,,,,,,,
5/8/2019 18:00,5/8/2019 20:00,3416.492,4.736,,,,,,,,,,,
5/8/2019 19:00,5/8/2019 21:00,2995.596,4.553,,,,,,,,,,,
5/8/2019 20:00,5/8/2019 22:00,2523.399,4.331,,,,,,,,,,,
5/8/2019 21:00,5/8/2019 23:00,1870.272,3.985,,,,,,,,,,,
5/8/2019 22:00,5/9/2019 0:00,1262.734,3.603,,,,,,,,,,,
5/8/2019 23:00,5/9/2019 1:00,874.745,3.305,,,,,,,,,,,
5/9/2019 0:00,5/9/2019 2:00,606.468,3.054,,,,,,,,,,,
5/9/2019 1:00,5/9/2019 3:00,422.53,2.841,,,,,,,,,,,
5/9/2019 2:00,5/9/2019 4:00,283.637,2.637,,,,,,,,,,,
5/9/2019 3:00,5/9/2019 5:00,197.592,2.467,,,,,,,,,,,
5/9/2019 4:00,5/9/2019 6:00,132.789,2.31,,,,,,,,,,,
5/9/2019 5:00,5/9/2019 7:00,132.463,2.309,,,,,,,,,,,
5/9/2019 6:00,5/9/2019 8:00,233.573,2.54,,,,,,,,,,,
5/9/2019 7:00,5/9/2019 9:00,476.506,2.908,,,,,,,,,,,
5/9/2019 8:00,5/9/2019 10:00,945.274,3.362,,,,,,,,,,,
5/9/2019 9:00,5/9/2019 11:00,1520.463,3.774,,,,,,,,,,,
5/9/2019 10:00,5/9/2019 12:00,2024.629,4.072,,,,,,,,,,,
5/9/2019 11:00,5/9/2019 13:00,2392.122,4.265,,,,,,,,,,,
5/9/2019 12:00,5/9/2019 14:00,2468.03,4.303,,,,,,,,,,,
5/9/2019 13:00,5/9/2019 15:00,2394.091,4.266,,,,,,,,,,,
5/9/2019 14:00,5/9/2019 16:00,2461.208,4.299,,,,,,,,,,,
5/9/2019 15:00,5/9/2019 17:00,3093.159,4.597,,,,,,,,,,,
5/9/2019 16:00,5/9/2019 18:00,3790.096,4.883,,,,,,,,,,,
5/9/2019 17:00,5/9/2019 19:00,4721.632,5.24,,,,,,,,,,,
5/9/2019 18:00,5/9/2019 20:00,5728.547,5.57,,,,,,,,,,,
5/9/2019 19:00,5/9/2019 21:00,7181.96,6.013,,,,,,,,,,,
5/9/2019 20:00,5/9/2019 22:00,8682.009,6.423,,,,,,,,,,,
5/9/2019 21:00,5/9/2019 23:00,9157.763,6.553,,,,,,,,,,,
5/9/2019 22:00,5/10/2019 0:00,10313.543,6.841,,,,,,,,,,,
5/9/2019 23:00,5/10/2019 1:00,10980.216,7.001,,,,,,,,,,,
5/10/2019 0:00,5/10/2019 2:00,12029.92,7.249,,,,,,,,,,,
5/10/2019 1:00,5/10/2019 3:00,12808.697,7.425,,,,,,,,,,,
5/10/2019 2:00,5/10/2019 4:00,14394.105,7.789,,,,,,,,,,,
5/10/2019 3:00,5/10/2019 5:00,14704.319,7.857,,,,,,,,,,,
5/10/2019 4:00,5/10/2019 6:00,14354.263,7.776,,,,,,,,,,,
5/10/2019 5:00,5/10/2019 7:00,13892.412,7.667,,,,,,,,,,,
5/10/2019 6:00,5/10/2019 8:00,11919.278,7.224,,,,,,,,,,,
5/10/2019 7:00,5/10/2019 9:00,11728.832,7.172,,,,,,,,,,,
5/10/2019 8:00,5/10/2019 10:00,11637.488,7.149,,,,,,,,,,,
5/10/2019 9:00,5/10/2019 11:00,11730.074,7.179,,,,,,,,,,,
5/10/2019 10:00,5/10/2019 12:00,12628.962,7.384,,,,,,,,,,,
5/10/2019 11:00,5/10/2019 13:00,13906.934,7.675,,,,,,,,,,,
5/10/2019 12:00,5/10/2019 14:00,15724.816,8.087,,,,,,,,,,,
5/10/2019 13:00,5/10/2019 15:00,13907.222,7.678,,,,,,,,,,,
5/10/2019 14:00,5/10/2019 16:00,11051.402,7.011,,,,,,,,,,,
5/10/2019 15:00,5/10/2019 17:00,9340.356,6.595,,,,,,,,,,,
5/10/2019 16:00,5/10/2019 18:00,8759.153,6.446,,,,,,,,,,,
5/10/2019 17:00,5/10/2019 19:00,8492.368,6.375,,,,,,,,,,,
5/10/2019 18:00,5/10/2019 20:00,8342.718,6.339,,,,,,,,,,,
5/10/2019 19:00,5/10/2019 21:00,8512.73,6.385,,,,,,,,,,,
5/10/2019 20:00,5/10/2019 22:00,8466.954,6.367,,,,,,,,,,,
5/10/2019 21:00,5/10/2019 23:00,7946.176,6.227,,,,,,,,,,,
5/10/2019 22:00,5/11/2019 0:00,7824.132,6.194,,,,,,,,,,,
5/10/2019 23:00,5/11/2019 1:00,6707.644,5.881,,,,,,,,,,,
5/11/2019 0:00,5/11/2019 2:00,6216.155,5.733,,,,,,,,,,,
5/11/2019 1:00,5/11/2019 3:00,5593.2,5.528,,,,,,,,,,,
5/11/2019 2:00,5/11/2019 4:00,5110.917,5.375,,,,,,,,,,,
5/11/2019 3:00,5/11/2019 5:00,4639.294,5.211,,,,,,,,,,,
5/11/2019 4:00,5/11/2019 6:00,3906.157,4.935,,,,,,,,,,,
5/11/2019 5:00,5/11/2019 7:00,3403.076,4.731,,,,,,,,,,,
5/11/2019 6:00,5/11/2019 8:00,3119.622,4.608,,,,,,,,,,,
5/11/2019 7:00,5/11/2019 9:00,2493.635,4.316,,,,,,,,,,,
5/11/2019 8:00,5/11/2019 10:00,1922.746,4.015,,,,,,,,,,,
5/11/2019 9:00,5/11/2019 11:00,1741.275,3.909,,,,,,,,,,,
5/11/2019 10:00,5/11/2019 12:00,1640.773,3.849,,,,,,,,,,,
5/11/2019 11:00,5/11/2019 13:00,1444.018,3.716,,,,,,,,,,,
5/11/2019 12:00,5/11/2019 14:00,1223.437,3.575,,,,,,,,,,,
5/11/2019 13:00,5/11/2019 15:00,916.872,3.341,,,,,,,,,,,
5/11/2019 14:00,5/11/2019 16:00,591.672,3.038,,,,,,,,,,,
5/11/2019 15:00,5/11/2019 17:00,412.195,2.827,,,,,,,,,,,
5/11/2019 16:00,5/11/2019 18:00,348.852,2.736,,,,,,,,,,,
5/11/2019 17:00,5/11/2019 19:00,392.556,2.793,,,,,,,,,,,
5/11/2019 18:00,5/11/2019 20:00,327.951,2.7,,,,,,,,,,,
5/11/2019 19:00,5/11/2019 21:00,250.733,2.572,,,,,,,,,,,
5/11/2019 20:00,5/11/2019 22:00,232.689,2.538,,,,,,,,,,,
5/11/2019 21:00,5/11/2019 23:00,197.398,2.467,,,,,,,,,,,
5/11/2019 22:00,5/12/2019 0:00,137.517,2.323,,,,,,,,,,,
5/11/2019 23:00,5/12/2019 1:00,115.999,2.268,,,,,,,,,,,
5/12/2019 0:00,5/12/2019 2:00,275.578,2.624,,,,,,,,,,,
5/12/2019 1:00,5/12/2019 3:00,769.267,3.204,,,,,,,,,,,
5/12/2019 2:00,5/12/2019 4:00,1450.828,3.726,,,,,,,,,,,
5/12/2019 3:00,5/12/2019 5:00,2337.438,4.237,,,,,,,,,,,
5/12/2019 4:00,5/12/2019 6:00,3472.21,4.76,,,,,,,,,,,
5/12/2019 5:00,5/12/2019 7:00,4711.051,5.236,,,,,,,,,,,
5/12/2019 6:00,5/12/2019 8:00,6580.614,5.844,,,,,,,,,,,
5/12/2019 7:00,5/12/2019 9:00,8008.302,6.249,,,,,,,,,,,
5/12/2019 8:00,5/12/2019 10:00,8758.553,6.443,,,,,,,,,,,
5/12/2019 9:00,5/12/2019 11:00,10022.04,6.769,,,,,,,,,,,
5/12/2019 10:00,5/12/2019 12:00,12923.195,7.456,,,,,,,,,,,
5/12/2019 11:00,5/12/2019 13:00,15724.671,8.085,,,,,,,,,,,
5/12/2019 12:00,5/12/2019 14:00,16668.302,8.297,,,,,,,,,,,
5/12/2019 13:00,5/12/2019 15:00,18218.558,8.653,,,,,,,,,,,
5/12/2019 14:00,5/12/2019 16:00,19351.7,8.919,,,,,,,,,,,
5/12/2019 15:00,5/12/2019 17:00,19275.868,8.91,,,,,,,,,,,
5/12/2019 16:00,5/12/2019 18:00,18474.928,8.717,,,,,,,,,,,
5/12/2019 17:00,5/12/2019 19:00,18950.032,8.826,,,,,,,,,,,
5/12/2019 18:00,5/12/2019 20:00,18965.478,8.828,,,,,,,,,,,
5/12/2019 19:00,5/12/2019 21:00,18412.525,8.703,,,,,,,,,,,
5/12/2019 20:00,5/12/2019 22:00,18389.691,8.695,,,,,,,,,,,
5/12/2019 21:00,5/12/2019 23:00,18995.578,8.843,,,,,,,,,,,
5/12/2019 22:00,5/13/2019 0:00,19944.501,9.072,,,,,,,,,,,
5/12/2019 23:00,5/13/2019 1:00,20198.541,9.135,,,,,,,,,,,
5/13/2019 0:00,5/13/2019 2:00,20150.888,9.123,,,,,,,,,,,
5/13/2019 1:00,5/13/2019 3:00,20011.262,9.089,,,,,,,,,,,
5/13/2019 2:00,5/13/2019 4:00,20072.868,9.104,,,,,,,,,,,
5/13/2019 3:00,5/13/2019 5:00,19188.786,8.889,,,,,,,,,,,
5/13/2019 4:00,5/13/2019 6:00,17614.486,8.513,,,,,,,,,,,
5/13/2019 5:00,5/13/2019 7:00,15606.079,8.063,,,,,,,,,,,
5/13/2019 6:00,5/13/2019 8:00,14739.985,7.864,,,,,,,,,,,
5/13/2019 7:00,5/13/2019 9:00,15137.19,7.957,,,,,,,,,,,
5/13/2019 8:00,5/13/2019 10:00,16520.453,8.265,,,,,,,,,,,
5/13/2019 9:00,5/13/2019 11:00,16520.35,8.262,,,,,,,,,,,
5/13/2019 10:00,5/13/2019 12:00,15724.397,8.08,,,,,,,,,,,
5/13/2019 11:00,5/13/2019 13:00,14609.597,7.829,,,,,,,,,,,
5/13/2019 12:00,5/13/2019 14:00,13415.644,7.568,,,,,,,,,,,
5/13/2019 13:00,5/13/2019 15:00,12356.062,7.323,,,,,,,,,,,
5/13/2019 14:00,5/13/2019 16:00,11195.247,7.054,,,,,,,,,,,
5/13/2019 15:00,5/13/2019 17:00,9702.355,6.685,,,,,,,,,,,
5/13/2019 16:00,5/13/2019 18:00,8647.782,6.415,,,,,,,,,,,
5/13/2019 17:00,5/13/2019 19:00,7061.539,5.976,,,,,,,,,,,
5/13/2019 18:00,5/13/2019 20:00,6353.894,5.773,,,,,,,,,,,
5/13/2019 19:00,5/13/2019 21:00,6963.754,5.949,,,,,,,,,,,
5/13/2019 20:00,5/13/2019 22:00,7593.794,6.136,,,,,,,,,,,
5/13/2019 21:00,5/13/2019 23:00,8294.727,6.324,,,,,,,,,,,
5/13/2019 22:00,5/14/2019 0:00,10210.273,6.816,,,,,,,,,,,
5/13/2019 23:00,5/14/2019 1:00,11259.998,7.069,,,,,,,,,,,
5/14/2019 0:00,5/14/2019 2:00,10968.867,6.997,,,,,,,,,,,
5/14/2019 1:00,5/14/2019 3:00,11347.205,7.086,,,,,,,,,,,
5/14/2019 2:00,5/14/2019 4:00,11143.215,7.041,,,,,,,,,,,
5/14/2019 3:00,5/14/2019 5:00,9223.313,6.57,,,,,,,,,,,
5/14/2019 4:00,5/14/2019 6:00,8597.218,6.407,,,,,,,,,,,
5/14/2019 5:00,5/14/2019 7:00,7510.439,6.113,,,,,,,,,,,
5/14/2019 6:00,5/14/2019 8:00,8006.951,6.243,,,,,,,,,,,
5/14/2019 7:00,5/14/2019 9:00,8081.358,6.266,,,,,,,,,,,
5/14/2019 8:00,5/14/2019 10:00,7774.046,6.183,,,,,,,,,,,
5/14/2019 9:00,5/14/2019 11:00,8129.976,6.283,,,,,,,,,,,
5/14/2019 10:00,5/14/2019 12:00,8950.655,6.491,,,,,,,,,,,
5/14/2019 11:00,5/14/2019 13:00,8744.729,6.438,,,,,,,,,,,
5/14/2019 12:00,5/14/2019 14:00,8006.836,6.242,,,,,,,,,,,
5/14/2019 13:00,5/14/2019 15:00,7068.632,5.978,,,,,,,,,,,
5/14/2019 14:00,5/14/2019 16:00,6424.211,5.787,,,,,,,,,,,
5/14/2019 15:00,5/14/2019 17:00,6054.894,5.683,,,,,,,,,,,
5/14/2019 16:00,5/14/2019 18:00,5473.744,5.497,,,,,,,,,,,
5/14/2019 17:00,5/14/2019 19:00,4562.352,5.183,,,,,,,,,,,
5/14/2019 18:00,5/14/2019 20:00,3417.172,4.737,,,,,,,,,,,
5/14/2019 19:00,5/14/2019 21:00,3285.007,4.68,,,,,,,,,,,
5/14/2019 20:00,5/14/2019 22:00,3235.442,4.65,,,,,,,,,,,
5/14/2019 21:00,5/14/2019 23:00,3064.734,4.584,,,,,,,,,,,
5/14/2019 22:00,5/15/2019 0:00,3046.607,4.576,,,,,,,,,,,
5/14/2019 23:00,5/15/2019 1:00,3022.185,4.565,,,,,,,,,,,
5/15/2019 0:00,5/15/2019 2:00,2980.264,4.537,,,,,,,,,,,
5/15/2019 1:00,5/15/2019 3:00,3033.011,4.57,,,,,,,,,,,
5/15/2019 2:00,5/15/2019 4:00,2918.985,4.518,,,,,,,,,,,
5/15/2019 3:00,5/15/2019 5:00,2573.067,4.355,,,,,,,,,,,
5/15/2019 4:00,5/15/2019 6:00,2493.325,4.316,,,,,,,,,,,
5/15/2019 5:00,5/15/2019 7:00,2833.826,4.479,,,,,,,,,,,
5/15/2019 6:00,5/15/2019 8:00,3077.242,4.59,,,,,,,,,,,
5/15/2019 7:00,5/15/2019 9:00,3200.368,4.634,,,,,,,,,,,
5/15/2019 8:00,5/15/2019 10:00,3460.957,4.755,,,,,,,,,,,
5/15/2019 9:00,5/15/2019 11:00,3868.519,4.921,,,,,,,,,,,
5/15/2019 10:00,5/15/2019 12:00,4056.292,4.994,,,,,,,,,,,
5/15/2019 11:00,5/15/2019 13:00,4151.156,5.025,,,,,,,,,,,
5/15/2019 12:00,5/15/2019 14:00,4115.099,5.016,,,,,,,,,,,
5/15/2019 13:00,5/15/2019 15:00,3912.432,4.938,,,,,,,,,,,
5/15/2019 14:00,5/15/2019 16:00,3579.384,4.795,,,,,,,,,,,
5/15/2019 15:00,5/15/2019 17:00,3260.363,4.667,,,,,,,,,,,
5/15/2019 16:00,5/15/2019 18:00,3085.778,4.593,,,,,,,,,,,
5/15/2019 17:00,5/15/2019 19:00,2787.962,4.458,,,,,,,,,,,
5/15/2019 18:00,5/15/2019 20:00,2418.961,4.275,,,,,,,,,,,
5/15/2019 19:00,5/15/2019 21:00,2278.705,4.207,,,,,,,,,,,
5/15/2019 20:00,5/15/2019 22:00,2002.365,4.059,,,,,,,,,,,
5/15/2019 21:00,5/15/2019 23:00,1546.249,3.791,,,,,,,,,,,
5/15/2019 22:00,5/16/2019 0:00,1449.717,3.72,,,,,,,,,,,
5/15/2019 23:00,5/16/2019 1:00,1519.971,3.774,,,,,,,,,,,
5/16/2019 0:00,5/16/2019 2:00,1532.434,3.782,,,,,,,,,,,
5/16/2019 1:00,5/16/2019 3:00,1701.247,3.877,,,,,,,,,,,
5/16/2019 2:00,5/16/2019 4:00,2047.958,4.084,,,,,,,,,,,
5/16/2019 3:00,5/16/2019 5:00,2509.46,4.324,,,,,,,,,,,
5/16/2019 4:00,5/16/2019 6:00,2903.873,4.511,,,,,,,,,,,
5/16/2019 5:00,5/16/2019 7:00,3119.571,4.608,,,,,,,,,,,
5/16/2019 6:00,5/16/2019 8:00,3227.47,4.646,,,,,,,,,,,
5/16/2019 7:00,5/16/2019 9:00,3646.661,4.832,,,,,,,,,,,
5/16/2019 8:00,5/16/2019 10:00,3914.494,4.939,,,,,,,,,,,
5/16/2019 9:00,5/16/2019 11:00,3793.802,4.891,,,,,,,,,,,
5/16/2019 10:00,5/16/2019 12:00,4023.23,4.981,,,,,,,,,,,
5/16/2019 11:00,5/16/2019 13:00,4213.262,5.044,,,,,,,,,,,
5/16/2019 12:00,5/16/2019 14:00,4420.091,5.131,,,,,,,,,,,
5/16/2019 13:00,5/16/2019 15:00,4806.137,5.27,,,,,,,,,,,
5/16/2019 14:00,5/16/2019 16:00,4557.649,5.181,,,,,,,,,,,
5/16/2019 15:00,5/16/2019 17:00,4104.195,5.012,,,,,,,,,,,
5/16/2019 16:00,5/16/2019 18:00,3448.536,4.75,,,,,,,,,,,
5/16/2019 17:00,5/16/2019 19:00,3107.034,4.603,,,,,,,,,,,
5/16/2019 18:00,5/16/2019 20:00,3643.566,4.83,,,,,,,,,,,
5/16/2019 19:00,5/16/2019 21:00,3940.85,4.949,,,,,,,,,,,
5/16/2019 20:00,5/16/2019 22:00,4069.643,4.999,,,,,,,,,,,
5/16/2019 21:00,5/16/2019 23:00,4392.167,5.121,,,,,,,,,,,
5/16/2019 22:00,5/17/2019 0:00,4256.961,5.061,,,,,,,,,,,
5/16/2019 23:00,5/17/2019 1:00,4085.766,5.005,,,,,,,,,,,
5/17/2019 0:00,5/17/2019 2:00,3833.176,4.907,,,,,,,,,,,
5/17/2019 1:00,5/17/2019 3:00,3453.141,4.752,,,,,,,,,,,
5/17/2019 2:00,5/17/2019 4:00,3021.721,4.565,,,,,,,,,,,
5/17/2019 3:00,5/17/2019 5:00,2627.009,4.372,,,,,,,,,,,
5/17/2019 4:00,5/17/2019 6:00,2122.218,4.118,,,,,,,,,,,
5/17/2019 5:00,5/17/2019 7:00,1728.737,3.893,,,,,,,,,,,
5/17/2019 6:00,5/17/2019 8:00,1263.831,3.604,,,,,,,,,,,
5/17/2019 7:00,5/17/2019 9:00,891.349,3.319,,,,,,,,,,,
5/17/2019 8:00,5/17/2019 10:00,660.714,3.109,,,,,,,,,,,
5/17/2019 9:00,5/17/2019 11:00,592.845,3.04,,,,,,,,,,,
5/17/2019 10:00,5/17/2019 12:00,586.869,3.033,,,,,,,,,,,
5/17/2019 11:00,5/17/2019 13:00,583.977,3.03,,,,,,,,,,,
5/17/2019 12:00,5/17/2019 14:00,599.41,3.047,,,,,,,,,,,
5/17/2019 13:00,5/17/2019 15:00,615.13,3.063,,,,,,,,,,,
5/17/2019 14:00,5/17/2019 16:00,605.927,3.053,,,,,,,,,,,
5/17/2019 15:00,5/17/2019 17:00,571.499,3.017,,,,,,,,,,,
5/17/2019 16:00,5/17/2019 18:00,550.827,2.994,,,,,,,,,,,
5/17/2019 17:00,5/17/2019 19:00,542.779,2.977,,,,,,,,,,,
5/17/2019 18:00,5/17/2019 20:00,540.193,2.974,,,,,,,,,,,
5/17/2019 19:00,5/17/2019 21:00,438.002,2.861,,,,,,,,,,,
5/17/2019 20:00,5/17/2019 22:00,251.38,2.573,,,,,,,,,,,
5/17/2019 21:00,5/17/2019 23:00,102.349,2.224,,,,,,,,,,,
5/17/2019 22:00,5/18/2019 0:00,125.964,2.29,,,,,,,,,,,
5/17/2019 23:00,5/18/2019 1:00,288.542,2.645,,,,,,,,,,,
5/18/2019 0:00,5/18/2019 2:00,453.816,2.881,,,,,,,,,,,
5/18/2019 1:00,5/18/2019 3:00,538.481,2.972,,,,,,,,,,,
5/18/2019 2:00,5/18/2019 4:00,540.154,2.974,,,,,,,,,,,
5/18/2019 3:00,5/18/2019 5:00,494.205,2.929,,,,,,,,,,,
5/18/2019 4:00,5/18/2019 6:00,431.144,2.852,,,,,,,,,,,
5/18/2019 5:00,5/18/2019 7:00,259.938,2.596,,,,,,,,,,,
5/18/2019 6:00,5/18/2019 8:00,163.407,2.398,,,,,,,,,,,
5/18/2019 7:00,5/18/2019 9:00,110.517,2.251,,,,,,,,,,,
5/18/2019 8:00,5/18/2019 10:00,68.533,2.083,,,,,,,,,,,
5/18/2019 9:00,5/18/2019 11:00,94.759,2.194,,,,,,,,,,,
5/18/2019 10:00,5/18/2019 12:00,155.03,2.377,,,,,,,,,,,
5/18/2019 11:00,5/18/2019 13:00,193.07,2.458,,,,,,,,,,,
5/18/2019 12:00,5/18/2019 14:00,234.734,2.542,,,,,,,,,,,
5/18/2019 13:00,5/18/2019 15:00,257.011,2.591,,,,,,,,,,,
5/18/2019 14:00,5/18/2019 16:00,290.15,2.648,,,,,,,,,,,
5/18/2019 15:00,5/18/2019 17:00,354.558,2.748,,,,,,,,,,,
5/18/2019 16:00,5/18/2019 18:00,476.388,2.908,,,,,,,,,,,
5/18/2019 17:00,5/18/2019 19:00,561.366,3.006,,,,,,,,,,,
5/18/2019 18:00,5/18/2019 20:00,547.047,2.99,,,,,,,,,,,
5/18/2019 19:00,5/18/2019 21:00,589.359,3.036,,,,,,,,,,,
5/18/2019 20:00,5/18/2019 22:00,821.975,3.26,,,,,,,,,,,
5/18/2019 21:00,5/18/2019 23:00,1201.899,3.56,,,,,,,,,,,
5/18/2019 22:00,5/19/2019 0:00,1608.681,3.83,,,,,,,,,,,
5/18/2019 23:00,5/19/2019 1:00,1966.621,4.034,,,,,,,,,,,
5/19/2019 0:00,5/19/2019 2:00,2249.248,4.192,,,,,,,,,,,
5/19/2019 1:00,5/19/2019 3:00,2638.637,4.378,,,,,,,,,,,
5/19/2019 2:00,5/19/2019 4:00,2849.462,4.486,,,,,,,,,,,
5/19/2019 3:00,5/19/2019 5:00,3062.239,4.583,,,,,,,,,,,
5/19/2019 4:00,5/19/2019 6:00,3193.842,4.632,,,,,,,,,,,
5/19/2019 5:00,5/19/2019 7:00,3208.56,4.638,,,,,,,,,,,
5/19/2019 6:00,5/19/2019 8:00,3242.234,4.653,,,,,,,,,,,
5/19/2019 7:00,5/19/2019 9:00,3193.811,4.632,,,,,,,,,,,
5/19/2019 8:00,5/19/2019 10:00,3198.726,4.634,,,,,,,,,,,
5/19/2019 9:00,5/19/2019 11:00,3189.254,4.63,,,,,,,,,,,
5/19/2019 10:00,5/19/2019 12:00,3048.019,4.576,,,,,,,,,,,
5/19/2019 11:00,5/19/2019 13:00,2706.636,4.411,,,,,,,,,,,
5/19/2019 12:00,5/19/2019 14:00,2188.564,4.16,,,,,,,,,,,
5/19/2019 13:00,5/19/2019 15:00,1746.728,3.913,,,,,,,,,,,
5/19/2019 14:00,5/19/2019 16:00,1433.684,3.709,,,,,,,,,,,
5/19/2019 15:00,5/19/2019 17:00,1156.26,3.527,,,,,,,,,,,
5/19/2019 16:00,5/19/2019 18:00,1089.319,3.468,,,,,,,,,,,
5/19/2019 17:00,5/19/2019 19:00,1329.925,3.642,,,,,,,,,,,
5/19/2019 18:00,5/19/2019 20:00,1785.595,3.936,,,,,,,,,,,
5/19/2019 19:00,5/19/2019 21:00,2161.876,4.137,,,,,,,,,,,
5/19/2019 20:00,5/19/2019 22:00,2625.933,4.371,,,,,,,,,,,
5/19/2019 21:00,5/19/2019 23:00,2869.232,4.495,,,,,,,,,,,
5/19/2019 22:00,5/20/2019 0:00,3051.769,4.578,,,,,,,,,,,
5/19/2019 23:00,5/20/2019 1:00,3221.4,4.644,,,,,,,,,,,
5/20/2019 0:00,5/20/2019 2:00,3339.225,4.704,,,,,,,,,,,
5/20/2019 1:00,5/20/2019 3:00,3600.905,4.804,,,,,,,,,,,
5/20/2019 2:00,5/20/2019 4:00,3815.635,4.9,,,,,,,,,,,
5/20/2019 3:00,5/20/2019 5:00,4040.482,4.988,,,,,,,,,,,
5/20/2019 4:00,5/20/2019 6:00,3931.911,4.946,,,,,,,,,,,
5/20/2019 5:00,5/20/2019 7:00,3420.899,4.738,,,,,,,,,,,
5/20/2019 6:00,5/20/2019 8:00,3062.936,4.583,,,,,,,,,,,
5/20/2019 7:00,5/20/2019 9:00,2751.96,4.441,,,,,,,,,,,
5/20/2019 8:00,5/20/2019 10:00,2202.386,4.167,,,,,,,,,,,
5/20/2019 9:00,5/20/2019 11:00,1878.274,3.99,,,,,,,,,,,
5/20/2019 10:00,5/20/2019 12:00,1739.921,3.9,,,,,,,,,,,
5/20/2019 11:00,5/20/2019 13:00,1563.163,3.801,,,,,,,,,,,
5/20/2019 12:00,5/20/2019 14:00,1323.755,3.636,,,,,,,,,,,
5/20/2019 13:00,5/20/2019 15:00,939.816,3.36,,,,,,,,,,,
5/20/2019 14:00,5/20/2019 16:00,582.921,3.029,,,,,,,,,,,
5/20/2019 15:00,5/20/2019 17:00,383.896,2.781,,,,,,,,,,,
5/20/2019 16:00,5/20/2019 18:00,305.767,2.673,,,,,,,,,,,
5/20/2019 17:00,5/20/2019 19:00,364.119,2.761,,,,,,,,,,,
5/20/2019 18:00,5/20/2019 20:00,545.539,2.98,,,,,,,,,,,
5/20/2019 19:00,5/20/2019 21:00,674.775,3.117,,,,,,,,,,,
5/20/2019 20:00,5/20/2019 22:00,737.961,3.184,,,,,,,,,,,
5/20/2019 21:00,5/20/2019 23:00,846.246,3.281,,,,,,,,,,,
5/20/2019 22:00,5/21/2019 0:00,964.528,3.377,,,,,,,,,,,
5/20/2019 23:00,5/21/2019 1:00,1037.936,3.438,,,,,,,,,,,
5/21/2019 0:00,5/21/2019 2:00,1082.479,3.463,,,,,,,,,,,
5/21/2019 1:00,5/21/2019 3:00,1084.136,3.464,,,,,,,,,,,
5/21/2019 2:00,5/21/2019 4:00,1037.996,3.438,,,,,,,,,,,
5/21/2019 3:00,5/21/2019 5:00,855.736,3.289,,,,,,,,,,,
5/21/2019 4:00,5/21/2019 6:00,742.016,3.187,,,,,,,,,,,
5/21/2019 5:00,5/21/2019 7:00,870.771,3.302,,,,,,,,,,,
5/21/2019 6:00,5/21/2019 8:00,928.514,3.35,,,,,,,,,,,
5/21/2019 7:00,5/21/2019 9:00,790.052,3.223,,,,,,,,,,,
5/21/2019 8:00,5/21/2019 10:00,497.564,2.933,,,,,,,,,,,
5/21/2019 9:00,5/21/2019 11:00,358.827,2.754,,,,,,,,,,,
5/21/2019 10:00,5/21/2019 12:00,325.663,2.698,,,,,,,,,,,
5/21/2019 11:00,5/21/2019 13:00,306.468,2.675,,,,,,,,,,,
5/21/2019 12:00,5/21/2019 14:00,291.504,2.65,,,,,,,,,,,
5/21/2019 13:00,5/21/2019 15:00,296.334,2.658,,,,,,,,,,,
5/21/2019 14:00,5/21/2019 16:00,295.534,2.657,,,,,,,,,,,
5/21/2019 15:00,5/21/2019 17:00,260.99,2.598,,,,,,,,,,,
5/21/2019 16:00,5/21/2019 18:00,215.281,2.512,,,,,,,,,,,
5/21/2019 17:00,5/21/2019 19:00,178.503,2.433,,,,,,,,,,,
5/21/2019 18:00,5/21/2019 20:00,189.973,2.451,,,,,,,,,,,
5/21/2019 19:00,5/21/2019 21:00,345.176,2.726,,,,,,,,,,,
5/21/2019 20:00,5/21/2019 22:00,619.098,3.067,,,,,,,,,,,
5/21/2019 21:00,5/21/2019 23:00,825.325,3.263,,,,,,,,,,,
5/21/2019 22:00,5/22/2019 0:00,992.616,3.402,,,,,,,,,,,
5/21/2019 23:00,5/22/2019 1:00,1213.651,3.568,,,,,,,,,,,
5/22/2019 0:00,5/22/2019 2:00,1379.518,3.683,,,,,,,,,,,
5/22/2019 1:00,5/22/2019 3:00,1450.663,3.725,,,,,,,,,,,
5/22/2019 2:00,5/22/2019 4:00,1474.082,3.745,,,,,,,,,,,
5/22/2019 3:00,5/22/2019 5:00,1593.431,3.82,,,,,,,,,,,
5/22/2019 4:00,5/22/2019 6:00,2030.268,4.075,,,,,,,,,,,
5/22/2019 5:00,5/22/2019 7:00,2482.709,4.311,,,,,,,,,,,
5/22/2019 6:00,5/22/2019 8:00,2848.691,4.486,,,,,,,,,,,
5/22/2019 7:00,5/22/2019 9:00,3240.125,4.652,,,,,,,,,,,
5/22/2019 8:00,5/22/2019 10:00,3663.15,4.838,,,,,,,,,,,
5/22/2019 9:00,5/22/2019 11:00,3861.769,4.918,,,,,,,,,,,
5/22/2019 10:00,5/22/2019 12:00,3971.336,4.961,,,,,,,,,,,
5/22/2019 11:00,5/22/2019 13:00,4014.669,4.978,,,,,,,,,,,
5/22/2019 12:00,5/22/2019 14:00,4370.82,5.113,,,,,,,,,,,
5/22/2019 13:00,5/22/2019 15:00,5023.132,5.345,,,,,,,,,,,
5/22/2019 14:00,5/22/2019 16:00,5638.357,5.541,,,,,,,,,,,
5/22/2019 15:00,5/22/2019 17:00,6363.871,5.774,,,,,,,,,,,
5/22/2019 16:00,5/22/2019 18:00,6698.695,5.879,,,,,,,,,,,
5/22/2019 17:00,5/22/2019 19:00,7302.845,6.047,,,,,,,,,,,
5/22/2019 18:00,5/22/2019 20:00,7182.107,6.014,,,,,,,,,,,
5/22/2019 19:00,5/22/2019 21:00,7856.808,6.204,,,,,,,,,,,
5/22/2019 20:00,5/22/2019 22:00,10180.418,6.809,,,,,,,,,,,
5/22/2019 21:00,5/22/2019 23:00,11226.84,7.061,,,,,,,,,,,
5/22/2019 22:00,5/23/2019 0:00,11920.687,7.225,,,,,,,,,,,
5/22/2019 23:00,5/23/2019 1:00,12799.478,7.419,,,,,,,,,,,
5/23/2019 0:00,5/23/2019 2:00,12115.928,7.269,,,,,,,,,,,
5/23/2019 1:00,5/23/2019 3:00,10328.607,6.843,,,,,,,,,,,
5/23/2019 2:00,5/23/2019 4:00,8595.412,6.407,,,,,,,,,,,
5/23/2019 3:00,5/23/2019 5:00,7148.492,6.005,,,,,,,,,,,
5/23/2019 4:00,5/23/2019 6:00,7429.077,6.086,,,,,,,,,,,
5/23/2019 5:00,5/23/2019 7:00,6518.531,5.825,,,,,,,,,,,
5/23/2019 6:00,5/23/2019 8:00,5671.935,5.552,,,,,,,,,,,
5/23/2019 7:00,5/23/2019 9:00,5325.113,5.444,,,,,,,,,,,
5/23/2019 8:00,5/23/2019 10:00,5418.698,5.479,,,,,,,,,,,
5/23/2019 9:00,5/23/2019 11:00,5775.296,5.595,,,,,,,,,,,
5/23/2019 10:00,5/23/2019 12:00,5928.15,5.643,,,,,,,,,,,
5/23/2019 11:00,5/23/2019 13:00,5773.02,5.594,,,,,,,,,,,
5/23/2019 12:00,5/23/2019 14:00,5390.84,5.463,,,,,,,,,,,
5/23/2019 13:00,5/23/2019 15:00,5069.536,5.361,,,,,,,,,,,
5/23/2019 14:00,5/23/2019 16:00,4977.905,5.327,,,,,,,,,,,
5/23/2019 15:00,5/23/2019 17:00,5051.89,5.355,,,,,,,,,,,
5/23/2019 16:00,5/23/2019 18:00,5151.852,5.389,,,,,,,,,,,
5/23/2019 17:00,5/23/2019 19:00,5417.867,5.479,,,,,,,,,,,
5/23/2019 18:00,5/23/2019 20:00,5525.793,5.514,,,,,,,,,,,
5/23/2019 19:00,5/23/2019 21:00,5844.454,5.617,,,,,,,,,,,
5/23/2019 20:00,5/23/2019 22:00,5987.879,5.662,,,,,,,,,,,
5/23/2019 21:00,5/23/2019 23:00,5957.617,5.653,,,,,,,,,,,
5/23/2019 22:00,5/24/2019 0:00,5939.31,5.647,,,,,,,,,,,
5/23/2019 23:00,5/24/2019 1:00,5428.592,5.482,,,,,,,,,,,
5/24/2019 0:00,5/24/2019 2:00,4675.44,5.223,,,,,,,,,,,
5/24/2019 1:00,5/24/2019 3:00,4541.32,5.175,,,,,,,,,,,
5/24/2019 2:00,5/24/2019 4:00,4375.809,5.114,,,,,,,,,,,
5/24/2019 3:00,5/24/2019 5:00,4106.929,5.013,,,,,,,,,,,
5/24/2019 4:00,5/24/2019 6:00,3762.604,4.87,,,,,,,,,,,
5/24/2019 5:00,5/24/2019 7:00,3974.337,4.962,,,,,,,,,,,
5/24/2019 6:00,5/24/2019 8:00,3559.412,4.787,,,,,,,,,,,
5/24/2019 7:00,5/24/2019 9:00,2996.351,4.553,,,,,,,,,,,
5/24/2019 8:00,5/24/2019 10:00,2576.041,4.356,,,,,,,,,,,
5/24/2019 9:00,5/24/2019 11:00,2191.809,4.162,,,,,,,,,,,
5/24/2019 10:00,5/24/2019 12:00,1760.969,3.922,,,,,,,,,,,
5/24/2019 11:00,5/24/2019 13:00,1330.521,3.646,,,,,,,,,,,
5/24/2019 12:00,5/24/2019 14:00,912.507,3.337,,,,,,,,,,,
5/24/2019 13:00,5/24/2019 15:00,555.809,3,,,,,,,,,,,
5/24/2019 14:00,5/24/2019 16:00,293.323,2.653,,,,,,,,,,,
5/24/2019 15:00,5/24/2019 17:00,123.213,2.282,,,,,,,,,,,
5/24/2019 16:00,5/24/2019 18:00,70.497,2.1,,,,,,,,,,,
5/24/2019 17:00,5/24/2019 19:00,251.699,2.573,,,,,,,,,,,
5/24/2019 18:00,5/24/2019 20:00,645.04,3.094,,,,,,,,,,,
5/24/2019 19:00,5/24/2019 21:00,1038.339,3.438,,,,,,,,,,,
5/24/2019 20:00,5/24/2019 22:00,1304.55,3.623,,,,,,,,,,,
5/24/2019 21:00,5/24/2019 23:00,1449.847,3.72,,,,,,,,,,,
5/24/2019 22:00,5/25/2019 0:00,1443.804,3.716,,,,,,,,,,,
5/24/2019 23:00,5/25/2019 1:00,1461.067,3.736,,,,,,,,,,,
5/25/2019 0:00,5/25/2019 2:00,1521.954,3.775,,,,,,,,,,,
5/25/2019 1:00,5/25/2019 3:00,1768.389,3.926,,,,,,,,,,,
5/25/2019 2:00,5/25/2019 4:00,2013.573,4.066,,,,,,,,,,,
5/25/2019 3:00,5/25/2019 5:00,2179.282,4.146,,,,,,,,,,,
5/25/2019 4:00,5/25/2019 6:00,2218.796,4.176,,,,,,,,,,,
5/25/2019 5:00,5/25/2019 7:00,2195.128,4.163,,,,,,,,,,,
5/25/2019 6:00,5/25/2019 8:00,2076.326,4.1,,,,,,,,,,,
5/25/2019 7:00,5/25/2019 9:00,1861.611,3.98,,,,,,,,,,,
5/25/2019 8:00,5/25/2019 10:00,1583.698,3.814,,,,,,,,,,,
5/25/2019 9:00,5/25/2019 11:00,1210.672,3.566,,,,,,,,,,,
5/25/2019 10:00,5/25/2019 12:00,1015.575,3.42,,,,,,,,,,,
5/25/2019 11:00,5/25/2019 13:00,1071.192,3.454,,,,,,,,,,,
5/25/2019 12:00,5/25/2019 14:00,1239.87,3.587,,,,,,,,,,,
5/25/2019 13:00,5/25/2019 15:00,1486.809,3.753,,,,,,,,,,,
5/25/2019 14:00,5/25/2019 16:00,1622.285,3.838,,,,,,,,,,,
5/25/2019 15:00,5/25/2019 17:00,1651.465,3.856,,,,,,,,,,,
5/25/2019 16:00,5/25/2019 18:00,1627.398,3.841,,,,,,,,,,,
5/25/2019 17:00,5/25/2019 19:00,1582.773,3.814,,,,,,,,,,,
5/25/2019 18:00,5/25/2019 20:00,1618.605,3.836,,,,,,,,,,,
5/25/2019 19:00,5/25/2019 21:00,1741.486,3.91,,,,,,,,,,,
5/25/2019 20:00,5/25/2019 22:00,2001.999,4.059,,,,,,,,,,,
5/25/2019 21:00,5/25/2019 23:00,2162.425,4.137,,,,,,,,,,,
5/25/2019 22:00,5/26/2019 0:00,2100.174,4.111,,,,,,,,,,,
5/25/2019 23:00,5/26/2019 1:00,1962.878,4.029,,,,,,,,,,,
5/26/2019 0:00,5/26/2019 2:00,1838.978,3.958,,,,,,,,,,,
5/26/2019 1:00,5/26/2019 3:00,1740.733,3.905,,,,,,,,,,,
5/26/2019 2:00,5/26/2019 4:00,1675.738,3.866,,,,,,,,,,,
5/26/2019 3:00,5/26/2019 5:00,1548.996,3.792,,,,,,,,,,,
5/26/2019 4:00,5/26/2019 6:00,1317.868,3.632,,,,,,,,,,,
5/26/2019 5:00,5/26/2019 7:00,1063.527,3.449,,,,,,,,,,,
5/26/2019 6:00,5/26/2019 8:00,930.625,3.352,,,,,,,,,,,
5/26/2019 7:00,5/26/2019 9:00,900.663,3.327,,,,,,,,,,,
5/26/2019 8:00,5/26/2019 10:00,934.377,3.355,,,,,,,,,,,
5/26/2019 9:00,5/26/2019 11:00,963.849,3.373,,,,,,,,,,,
5/26/2019 10:00,5/26/2019 12:00,894.332,3.322,,,,,,,,,,,
5/26/2019 11:00,5/26/2019 13:00,782.231,3.216,,,,,,,,,,,
5/26/2019 12:00,5/26/2019 14:00,647.816,3.096,,,,,,,,,,,
5/26/2019 13:00,5/26/2019 15:00,490.276,2.925,,,,,,,,,,,
5/26/2019 14:00,5/26/2019 16:00,338.748,2.716,,,,,,,,,,,
5/26/2019 15:00,5/26/2019 17:00,198.372,2.469,,,,,,,,,,,
5/26/2019 16:00,5/26/2019 18:00,148.34,2.358,,,,,,,,,,,
5/26/2019 17:00,5/26/2019 19:00,161.809,2.394,,,,,,,,,,,
5/26/2019 18:00,5/26/2019 20:00,204.265,2.488,,,,,,,,,,,
5/26/2019 19:00,5/26/2019 21:00,210.956,2.503,,,,,,,,,,,
5/26/2019 20:00,5/26/2019 22:00,197.53,2.467,,,,,,,,,,,
5/26/2019 21:00,5/26/2019 23:00,239.503,2.551,,,,,,,,,,,
5/26/2019 22:00,5/27/2019 0:00,372.129,2.771,,,,,,,,,,,
5/26/2019 23:00,5/27/2019 1:00,546.433,2.985,,,,,,,,,,,
5/27/2019 0:00,5/27/2019 2:00,669.513,3.114,,,,,,,,,,,
5/27/2019 1:00,5/27/2019 3:00,709.63,3.157,,,,,,,,,,,
5/27/2019 2:00,5/27/2019 4:00,693.517,3.141,,,,,,,,,,,
5/27/2019 3:00,5/27/2019 5:00,493.96,2.929,,,,,,,,,,,
5/27/2019 4:00,5/27/2019 6:00,274.556,2.622,,,,,,,,,,,
5/27/2019 5:00,5/27/2019 7:00,279.655,2.631,,,,,,,,,,,
5/27/2019 6:00,5/27/2019 8:00,348.779,2.735,,,,,,,,,,,
5/27/2019 7:00,5/27/2019 9:00,492.068,2.927,,,,,,,,,,,
5/27/2019 8:00,5/27/2019 10:00,577.039,3.023,,,,,,,,,,,
5/27/2019 9:00,5/27/2019 11:00,632.255,3.081,,,,,,,,,,,
5/27/2019 10:00,5/27/2019 12:00,804.571,3.236,,,,,,,,,,,
5/27/2019 11:00,5/27/2019 13:00,974.837,3.388,,,,,,,,,,,
5/27/2019 12:00,5/27/2019 14:00,1095.398,3.473,,,,,,,,,,,
5/27/2019 13:00,5/27/2019 15:00,1026.025,3.428,,,,,,,,,,,
5/27/2019 14:00,5/27/2019 16:00,837.725,3.274,,,,,,,,,,,
5/27/2019 15:00,5/27/2019 17:00,512.153,2.946,,,,,,,,,,,
5/27/2019 16:00,5/27/2019 18:00,294.889,2.656,,,,,,,,,,,
5/27/2019 17:00,5/27/2019 19:00,416.547,2.833,,,,,,,,,,,
5/27/2019 18:00,5/27/2019 20:00,784.13,3.217,,,,,,,,,,,
5/27/2019 19:00,5/27/2019 21:00,1177.921,3.543,,,,,,,,,,,
5/27/2019 20:00,5/27/2019 22:00,1340.89,3.657,,,,,,,,,,,
5/27/2019 21:00,5/27/2019 23:00,1241.18,3.588,,,,,,,,,,,
5/27/2019 22:00,5/28/2019 0:00,1228.312,3.579,,,,,,,,,,,
5/27/2019 23:00,5/28/2019 1:00,1286.633,3.615,,,,,,,,,,,
5/28/2019 0:00,5/28/2019 2:00,1403.7,3.695,,,,,,,,,,,
5/28/2019 1:00,5/28/2019 3:00,1555.591,3.797,,,,,,,,,,,
5/28/2019 2:00,5/28/2019 4:00,1857.863,3.969,,,,,,,,,,,
5/28/2019 3:00,5/28/2019 5:00,2145.89,4.128,,,,,,,,,,,
5/28/2019 4:00,5/28/2019 6:00,2118.959,4.117,,,,,,,,,,,
5/28/2019 5:00,5/28/2019 7:00,2813.488,4.47,,,,,,,,,,,
5/28/2019 6:00,5/28/2019 8:00,3709.103,4.857,,,,,,,,,,,
5/28/2019 7:00,5/28/2019 9:00,4720.537,5.24,,,,,,,,,,,
5/28/2019 8:00,5/28/2019 10:00,5829.95,5.612,,,,,,,,,,,
5/28/2019 9:00,5/28/2019 11:00,6360.019,5.774,,,,,,,,,,,
5/28/2019 10:00,5/28/2019 12:00,6337.605,5.77,,,,,,,,,,,
5/28/2019 11:00,5/28/2019 13:00,5916.741,5.64,,,,,,,,,,,
5/28/2019 12:00,5/28/2019 14:00,5320.522,5.443,,,,,,,,,,,
5/28/2019 13:00,5/28/2019 15:00,4275.399,5.068,,,,,,,,,,,
5/28/2019 14:00,5/28/2019 16:00,3455.127,4.753,,,,,,,,,,,
5/28/2019 15:00,5/28/2019 17:00,2811.079,4.468,,,,,,,,,,,
5/28/2019 16:00,5/28/2019 18:00,2242.926,4.189,,,,,,,,,,,
5/28/2019 17:00,5/28/2019 19:00,1858.772,3.969,,,,,,,,,,,
5/28/2019 18:00,5/28/2019 20:00,2188.29,4.158,,,,,,,,,,,
5/28/2019 19:00,5/28/2019 21:00,2529.227,4.334,,,,,,,,,,,
5/28/2019 20:00,5/28/2019 22:00,1918.021,4.012,,,,,,,,,,,
5/28/2019 21:00,5/28/2019 23:00,1318.935,3.633,,,,,,,,,,,
5/28/2019 22:00,5/29/2019 0:00,1507.688,3.766,,,,,,,,,,,
5/28/2019 23:00,5/29/2019 1:00,1593.938,3.821,,,,,,,,,,,
5/29/2019 0:00,5/29/2019 2:00,1537.214,3.785,,,,,,,,,,,
5/29/2019 1:00,5/29/2019 3:00,1154.365,3.525,,,,,,,,,,,
5/29/2019 2:00,5/29/2019 4:00,624.615,3.073,,,,,,,,,,,
5/29/2019 3:00,5/29/2019 5:00,224.784,2.526,,,,,,,,,,,
5/29/2019 4:00,5/29/2019 6:00,255.512,2.582,,,,,,,,,,,
5/29/2019 5:00,5/29/2019 7:00,809.854,3.243,,,,,,,,,,,
5/29/2019 6:00,5/29/2019 8:00,1527.968,3.779,,,,,,,,,,,
5/29/2019 7:00,5/29/2019 9:00,2262.897,4.199,,,,,,,,,,,
5/29/2019 8:00,5/29/2019 10:00,2921.859,4.519,,,,,,,,,,,
5/29/2019 9:00,5/29/2019 11:00,3439.115,4.746,,,,,,,,,,,
5/29/2019 10:00,5/29/2019 12:00,3678.413,4.845,,,,,,,,,,,
5/29/2019 11:00,5/29/2019 13:00,3789.986,4.883,,,,,,,,,,,
5/29/2019 12:00,5/29/2019 14:00,3864.521,4.919,,,,,,,,,,,
5/29/2019 13:00,5/29/2019 15:00,4282.059,5.074,,,,,,,,,,,
5/29/2019 14:00,5/29/2019 16:00,4711.763,5.236,,,,,,,,,,,
5/29/2019 15:00,5/29/2019 17:00,5108.285,5.375,,,,,,,,,,,
5/29/2019 16:00,5/29/2019 18:00,5153.928,5.39,,,,,,,,,,,
5/29/2019 17:00,5/29/2019 19:00,4647.642,5.213,,,,,,,,,,,
5/29/2019 18:00,5/29/2019 20:00,3330.939,4.7,,,,,,,,,,,
5/29/2019 19:00,5/29/2019 21:00,1776.704,3.931,,,,,,,,,,,
5/29/2019 20:00,5/29/2019 22:00,1770.716,3.927,,,,,,,,,,,
5/29/2019 21:00,5/29/2019 23:00,4215.026,5.045,,,,,,,,,,,
5/29/2019 22:00,5/30/2019 0:00,9234.783,6.571,,,,,,,,,,,
5/29/2019 23:00,5/30/2019 1:00,13755.572,7.638,,,,,,,,,,,
5/30/2019 0:00,5/30/2019 2:00,18375.505,8.688,,,,,,,,,,,
5/30/2019 1:00,5/30/2019 3:00,20568.696,9.227,,,,,,,,,,,
5/30/2019 2:00,5/30/2019 4:00,24195.258,10.236,,,,,,,,,,,
5/30/2019 3:00,5/30/2019 5:00,26096.072,10.887,,,,,,,,,,,
5/30/2019 4:00,5/30/2019 6:00,26499.978,11.054,,,,,,,,,,,
5/30/2019 5:00,5/30/2019 7:00,26140.917,10.912,,,,,,,,,,,
5/30/2019 6:00,5/30/2019 8:00,26019.534,10.863,,,,,,,,,,,
5/30/2019 7:00,5/30/2019 9:00,26264.803,10.96,,,,,,,,,,,
5/30/2019 8:00,5/30/2019 10:00,25984.048,10.846,,,,,,,,,,,
5/30/2019 9:00,5/30/2019 11:00,25194.231,10.566,,,,,,,,,,,
5/30/2019 10:00,5/30/2019 12:00,24016.108,10.179,,,,,,,,,,,
5/30/2019 11:00,5/30/2019 13:00,22511.639,9.735,,,,,,,,,,,
5/30/2019 12:00,5/30/2019 14:00,20632.455,9.236,,,,,,,,,,,
5/30/2019 13:00,5/30/2019 15:00,18245.018,8.663,,,,,,,,,,,
5/30/2019 14:00,5/30/2019 16:00,15591.839,8.057,,,,,,,,,,,
5/30/2019 15:00,5/30/2019 17:00,12990.171,7.471,,,,,,,,,,,
5/30/2019 16:00,5/30/2019 18:00,10206.058,6.815,,,,,,,,,,,
5/30/2019 17:00,5/30/2019 19:00,7168.886,6.008,,,,,,,,,,,
5/30/2019 18:00,5/30/2019 20:00,4475.323,5.151,,,,,,,,,,,
5/30/2019 19:00,5/30/2019 21:00,3072.272,4.587,,,,,,,,,,,
5/30/2019 20:00,5/30/2019 22:00,2291.517,4.214,,,,,,,,,,,
5/30/2019 21:00,5/30/2019 23:00,1307.783,3.625,,,,,,,,,,,
5/30/2019 22:00,5/31/2019 0:00,462.643,2.891,,,,,,,,,,,
5/30/2019 23:00,5/31/2019 1:00,67.895,2.081,,,,,,,,,,,
5/31/2019 0:00,5/31/2019 2:00,131.866,2.307,,,,,,,,,,,
5/31/2019 1:00,5/31/2019 3:00,514.729,2.947,,,,,,,,,,,
5/31/2019 2:00,5/31/2019 4:00,1132.822,3.505,,,,,,,,,,,
5/31/2019 3:00,5/31/2019 5:00,1741.334,3.909,,,,,,,,,,,
5/31/2019 4:00,5/31/2019 6:00,2009.504,4.063,,,,,,,,,,,
5/31/2019 5:00,5/31/2019 7:00,2304.599,4.221,,,,,,,,,,,
5/31/2019 6:00,5/31/2019 8:00,2853.716,4.488,,,,,,,,,,,
5/31/2019 7:00,5/31/2019 9:00,3481.212,4.763,,,,,,,,,,,
5/31/2019 8:00,5/31/2019 10:00,4553.787,5.18,,,,,,,,,,,
5/31/2019 9:00,5/31/2019 11:00,6167.431,5.709,,,,,,,,,,,
5/31/2019 10:00,5/31/2019 12:00,8008.092,6.248,,,,,,,,,,,
5/31/2019 11:00,5/31/2019 13:00,10022.006,6.769,,,,,,,,,,,
5/31/2019 12:00,5/31/2019 14:00,11697.797,7.166,,,,,,,,,,,
5/31/2019 13:00,5/31/2019 15:00,12226.601,7.296,,,,,,,,,,,
5/31/2019 14:00,5/31/2019 16:00,11841.588,7.206,,,,,,,,,,,
5/31/2019 15:00,5/31/2019 17:00,11136.794,7.04,,,,,,,,,,,
5/31/2019 16:00,5/31/2019 18:00,10553.284,6.897,,,,,,,,,,,
5/31/2019 17:00,5/31/2019 19:00,10018.696,6.76,,,,,,,,,,,
5/31/2019 18:00,5/31/2019 20:00,9303.469,6.59,,,,,,,,,,,
5/31/2019 19:00,5/31/2019 21:00,7898.382,6.22,,,,,,,,,,,
5/31/2019 20:00,5/31/2019 22:00,7428.529,6.083,,,,,,,,,,,
5/31/2019 21:00,5/31/2019 23:00,8195.185,6.3,,,,,,,,,,,
5/31/2019 22:00,6/1/2019 0:00,7928.857,6.224,,,,,,,,,,,
5/31/2019 23:00,6/1/2019 1:00,8399.977,6.348,,,,,,,,,,,
6/1/2019 0:00,6/1/2019 2:00,8161.979,6.292,,,,,,,,,,,
6/1/2019 1:00,6/1/2019 3:00,8473.931,6.368,,,,,,,,,,,
6/1/2019 2:00,6/1/2019 4:00,8981.687,6.508,,,,,,,,,,,
6/1/2019 3:00,6/1/2019 5:00,10323.097,6.842,,,,,,,,,,,
6/1/2019 4:00,6/1/2019 6:00,11997.677,7.236,,,,,,,,,,,
6/1/2019 5:00,6/1/2019 7:00,13346.32,7.553,,,,,,,,,,,
6/1/2019 6:00,6/1/2019 8:00,14613.888,7.83,,,,,,,,,,,
6/1/2019 7:00,6/1/2019 9:00,16520.586,8.269,,,,,,,,,,,
6/1/2019 8:00,6/1/2019 10:00,17978.367,8.604,,,,,,,,,,,
6/1/2019 9:00,6/1/2019 11:00,18391.296,8.7,,,,,,,,,,,
6/1/2019 10:00,6/1/2019 12:00,18524.285,8.731,,,,,,,,,,,
6/1/2019 11:00,6/1/2019 13:00,18008.842,8.611,,,,,,,,,,,
6/1/2019 12:00,6/1/2019 14:00,17309.875,8.444,,,,,,,,,,,
6/1/2019 13:00,6/1/2019 15:00,17527.619,8.494,,,,,,,,,,,
6/1/2019 14:00,6/1/2019 16:00,17324.525,8.453,,,,,,,,,,,
6/1/2019 15:00,6/1/2019 17:00,16448.929,8.252,,,,,,,,,,,
6/1/2019 16:00,6/1/2019 18:00,14855.417,7.892,,,,,,,,,,,
6/1/2019 17:00,6/1/2019 19:00,13598.502,7.608,,,,,,,,,,,
6/1/2019 18:00,6/1/2019 20:00,11743.389,7.182,,,,,,,,,,,
6/1/2019 19:00,6/1/2019 21:00,9414.613,6.614,,,,,,,,,,,
6/1/2019 20:00,6/1/2019 22:00,8805.695,6.456,,,,,,,,,,,
6/1/2019 21:00,6/1/2019 23:00,8683.123,6.429,,,,,,,,,,,
6/1/2019 22:00,6/2/2019 0:00,9460.593,6.626,,,,,,,,,,,
6/1/2019 23:00,6/2/2019 1:00,8995.713,6.511,,,,,,,,,,,
6/2/2019 0:00,6/2/2019 2:00,8683.162,6.429,,,,,,,,,,,
6/2/2019 1:00,6/2/2019 3:00,8081.842,6.268,,,,,,,,,,,
6/2/2019 2:00,6/2/2019 4:00,6883.556,5.933,,,,,,,,,,,
6/2/2019 3:00,6/2/2019 5:00,5713.162,5.565,,,,,,,,,,,
6/2/2019 4:00,6/2/2019 6:00,4636.622,5.204,,,,,,,,,,,
6/2/2019 5:00,6/2/2019 7:00,4510.345,5.164,,,,,,,,,,,
6/2/2019 6:00,6/2/2019 8:00,4607.176,5.195,,,,,,,,,,,
6/2/2019 7:00,6/2/2019 9:00,4478.932,5.152,,,,,,,,,,,
6/2/2019 8:00,6/2/2019 10:00,4528.886,5.171,,,,,,,,,,,
6/2/2019 9:00,6/2/2019 11:00,4658.182,5.217,,,,,,,,,,,
6/2/2019 10:00,6/2/2019 12:00,4532.792,5.172,,,,,,,,,,,
6/2/2019 11:00,6/2/2019 13:00,4163.549,5.028,,,,,,,,,,,
6/2/2019 12:00,6/2/2019 14:00,3787.404,4.879,,,,,,,,,,,
6/2/2019 13:00,6/2/2019 15:00,3485.477,4.765,,,,,,,,,,,
6/2/2019 14:00,6/2/2019 16:00,3218.151,4.642,,,,,,,,,,,
6/2/2019 15:00,6/2/2019 17:00,2807.696,4.467,,,,,,,,,,,
6/2/2019 16:00,6/2/2019 18:00,2467.373,4.303,,,,,,,,,,,
6/2/2019 17:00,6/2/2019 19:00,2169.144,4.141,,,,,,,,,,,
6/2/2019 18:00,6/2/2019 20:00,1747.874,3.914,,,,,,,,,,,
6/2/2019 19:00,6/2/2019 21:00,1450.299,3.723,,,,,,,,,,,
6/2/2019 20:00,6/2/2019 22:00,1330.335,3.645,,,,,,,,,,,
6/2/2019 21:00,6/2/2019 23:00,1056.423,3.446,,,,,,,,,,,
6/2/2019 22:00,6/3/2019 0:00,730.278,3.176,,,,,,,,,,,
6/2/2019 23:00,6/3/2019 1:00,462.498,2.891,,,,,,,,,,,
6/3/2019 0:00,6/3/2019 2:00,253.976,2.578,,,,,,,,,,,
6/3/2019 1:00,6/3/2019 3:00,127.887,2.296,,,,,,,,,,,
6/3/2019 2:00,6/3/2019 4:00,65.467,2.069,,,,,,,,,,,
6/3/2019 3:00,6/3/2019 5:00,193.908,2.46,,,,,,,,,,,
6/3/2019 4:00,6/3/2019 6:00,632.511,3.081,,,,,,,,,,,
6/3/2019 5:00,6/3/2019 7:00,1305.459,3.624,,,,,,,,,,,
6/3/2019 6:00,6/3/2019 8:00,1921.423,4.014,,,,,,,,,,,
6/3/2019 7:00,6/3/2019 9:00,2551.522,4.345,,,,,,,,,,,
6/3/2019 8:00,6/3/2019 10:00,3194.76,4.632,,,,,,,,,,,
6/3/2019 9:00,6/3/2019 11:00,3609.951,4.807,,,,,,,,,,,
6/3/2019 10:00,6/3/2019 12:00,3768.98,4.872,,,,,,,,,,,
6/3/2019 11:00,6/3/2019 13:00,4012.998,4.977,,,,,,,,,,,
6/3/2019 12:00,6/3/2019 14:00,4276.301,5.068,,,,,,,,,,,
6/3/2019 13:00,6/3/2019 15:00,4636.932,5.205,,,,,,,,,,,
6/3/2019 14:00,6/3/2019 16:00,5276.772,5.432,,,,,,,,,,,
6/3/2019 15:00,6/3/2019 17:00,6247.507,5.743,,,,,,,,,,,
6/3/2019 16:00,6/3/2019 18:00,6615.322,5.854,,,,,,,,,,,
6/3/2019 17:00,6/3/2019 19:00,6501.039,5.82,,,,,,,,,,,
6/3/2019 18:00,6/3/2019 20:00,5972.775,5.657,,,,,,,,,,,
6/3/2019 19:00,6/3/2019 21:00,5953.478,5.651,,,,,,,,,,,
6/3/2019 20:00,6/3/2019 22:00,5968.268,5.656,,,,,,,,,,,
6/3/2019 21:00,6/3/2019 23:00,5627.321,5.538,,,,,,,,,,,
6/3/2019 22:00,6/4/2019 0:00,4566.805,5.184,,,,,,,,,,,
6/3/2019 23:00,6/4/2019 1:00,4285.67,5.081,,,,,,,,,,,
6/4/2019 0:00,6/4/2019 2:00,3899.477,4.933,,,,,,,,,,,
6/4/2019 1:00,6/4/2019 3:00,3789.907,4.882,,,,,,,,,,,
6/4/2019 2:00,6/4/2019 4:00,3259.641,4.663,,,,,,,,,,,
6/4/2019 3:00,6/4/2019 5:00,2783.379,4.455,,,,,,,,,,,
6/4/2019 4:00,6/4/2019 6:00,2148.827,4.13,,,,,,,,,,,
6/4/2019 5:00,6/4/2019 7:00,1642.48,3.85,,,,,,,,,,,
6/4/2019 6:00,6/4/2019 8:00,1172.922,3.539,,,,,,,,,,,
6/4/2019 7:00,6/4/2019 9:00,692.035,3.14,,,,,,,,,,,
6/4/2019 8:00,6/4/2019 10:00,394.311,2.795,,,,,,,,,,,
6/4/2019 9:00,6/4/2019 11:00,455.784,2.883,,,,,,,,,,,
6/4/2019 10:00,6/4/2019 12:00,882.947,3.312,,,,,,,,,,,
6/4/2019 11:00,6/4/2019 13:00,1573.325,3.808,,,,,,,,,,,
6/4/2019 12:00,6/4/2019 14:00,2242.41,4.188,,,,,,,,,,,
6/4/2019 13:00,6/4/2019 15:00,2787.154,4.457,,,,,,,,,,,
6/4/2019 14:00,6/4/2019 16:00,3208.103,4.638,,,,,,,,,,,
6/4/2019 15:00,6/4/2019 17:00,3062.78,4.583,,,,,,,,,,,
6/4/2019 16:00,6/4/2019 18:00,2473.17,4.306,,,,,,,,,,,
6/4/2019 17:00,6/4/2019 19:00,2208.687,4.171,,,,,,,,,,,
6/4/2019 18:00,6/4/2019 20:00,2009.194,4.063,,,,,,,,,,,
6/4/2019 19:00,6/4/2019 21:00,1861.258,3.979,,,,,,,,,,,
6/4/2019 20:00,6/4/2019 22:00,1706.695,3.88,,,,,,,,,,,
6/4/2019 21:00,6/4/2019 23:00,1471.488,3.743,,,,,,,,,,,
6/4/2019 22:00,6/5/2019 0:00,1392.492,3.691,,,,,,,,,,,
6/4/2019 23:00,6/5/2019 1:00,1420.093,3.701,,,,,,,,,,,
6/5/2019 0:00,6/5/2019 2:00,1740.338,3.903,,,,,,,,,,,
6/5/2019 1:00,6/5/2019 3:00,1928.369,4.018,,,,,,,,,,,
6/5/2019 2:00,6/5/2019 4:00,1968.037,4.04,,,,,,,,,,,
6/5/2019 3:00,6/5/2019 5:00,1721.723,3.889,,,,,,,,,,,
6/5/2019 4:00,6/5/2019 6:00,1449.9,3.72,,,,,,,,,,,
6/5/2019 5:00,6/5/2019 7:00,1329.154,3.64,,,,,,,,,,,
6/5/2019 6:00,6/5/2019 8:00,1001.539,3.409,,,,,,,,,,,
6/5/2019 7:00,6/5/2019 9:00,623.402,3.071,,,,,,,,,,,
6/5/2019 8:00,6/5/2019 10:00,552.788,2.996,,,,,,,,,,,
6/5/2019 9:00,6/5/2019 11:00,751.995,3.194,,,,,,,,,,,
6/5/2019 10:00,6/5/2019 12:00,991.629,3.401,,,,,,,,,,,
6/5/2019 11:00,6/5/2019 13:00,1344.011,3.659,,,,,,,,,,,
6/5/2019 12:00,6/5/2019 14:00,1730.174,3.894,,,,,,,,,,,
6/5/2019 13:00,6/5/2019 15:00,1958.177,4.028,,,,,,,,,,,
6/5/2019 14:00,6/5/2019 16:00,1953.045,4.026,,,,,,,,,,,
6/5/2019 15:00,6/5/2019 17:00,2400.661,4.27,,,,,,,,,,,
6/5/2019 16:00,6/5/2019 18:00,2972.671,4.533,,,,,,,,,,,
6/5/2019 17:00,6/5/2019 19:00,3382.908,4.722,,,,,,,,,,,
6/5/2019 18:00,6/5/2019 20:00,4397.041,5.122,,,,,,,,,,,
6/5/2019 19:00,6/5/2019 21:00,5803.246,5.604,,,,,,,,,,,
6/5/2019 20:00,6/5/2019 22:00,7248.079,6.03,,,,,,,,,,,
6/5/2019 21:00,6/5/2019 23:00,8375.74,6.345,,,,,,,,,,,
6/5/2019 22:00,6/6/2019 0:00,9000.842,6.512,,,,,,,,,,,
6/5/2019 23:00,6/6/2019 1:00,8951.483,6.495,,,,,,,,,,,
6/6/2019 0:00,6/6/2019 2:00,8260.222,6.318,,,,,,,,,,,
6/6/2019 1:00,6/6/2019 3:00,7609.868,6.14,,,,,,,,,,,
6/6/2019 2:00,6/6/2019 4:00,9819.828,6.717,,,,,,,,,,,
6/6/2019 3:00,6/6/2019 5:00,9528.669,6.647,,,,,,,,,,,
6/6/2019 4:00,6/6/2019 6:00,8091.277,6.272,,,,,,,,,,,
6/6/2019 5:00,6/6/2019 7:00,8758.833,6.445,,,,,,,,,,,
6/6/2019 6:00,6/6/2019 8:00,11431.741,7.106,,,,,,,,,,,
6/6/2019 7:00,6/6/2019 9:00,14147.13,7.732,,,,,,,,,,,
6/6/2019 8:00,6/6/2019 10:00,15789.781,8.097,,,,,,,,,,,
6/6/2019 9:00,6/6/2019 11:00,15028.809,7.933,,,,,,,,,,,
6/6/2019 10:00,6/6/2019 12:00,15111.259,7.952,,,,,,,,,,,
6/6/2019 11:00,6/6/2019 13:00,13946.2,7.689,,,,,,,,,,,
6/6/2019 12:00,6/6/2019 14:00,11643.734,7.153,,,,,,,,,,,
6/6/2019 13:00,6/6/2019 15:00,9075.67,6.532,,,,,,,,,,,
6/6/2019 14:00,6/6/2019 16:00,6421.852,5.787,,,,,,,,,,,
6/6/2019 15:00,6/6/2019 17:00,4120.314,5.018,,,,,,,,,,,
6/6/2019 16:00,6/6/2019 18:00,2630.869,4.374,,,,,,,,,,,
6/6/2019 17:00,6/6/2019 19:00,1414.549,3.698,,,,,,,,,,,
6/6/2019 18:00,6/6/2019 20:00,1036.864,3.437,,,,,,,,,,,
6/6/2019 19:00,6/6/2019 21:00,1308.444,3.626,,,,,,,,,,,
6/6/2019 20:00,6/6/2019 22:00,2255.212,4.195,,,,,,,,,,,
6/6/2019 21:00,6/6/2019 23:00,3694.241,4.851,,,,,,,,,,,
6/6/2019 22:00,6/7/2019 0:00,5458.227,5.492,,,,,,,,,,,
6/6/2019 23:00,6/7/2019 1:00,7253.006,6.038,,,,,,,,,,,
6/7/2019 0:00,6/7/2019 2:00,8529.824,6.39,,,,,,,,,,,
6/7/2019 1:00,6/7/2019 3:00,9741.792,6.7,,,,,,,,,,,
6/7/2019 2:00,6/7/2019 4:00,10556.215,6.901,,,,,,,,,,,
6/7/2019 3:00,6/7/2019 5:00,10759.816,6.944,,,,,,,,,,,
6/7/2019 4:00,6/7/2019 6:00,10305.534,6.831,,,,,,,,,,,
6/7/2019 5:00,6/7/2019 7:00,9494.55,6.638,,,,,,,,,,,
6/7/2019 6:00,6/7/2019 8:00,9488.975,6.637,,,,,,,,,,,
6/7/2019 7:00,6/7/2019 9:00,7751.507,6.174,,,,,,,,,,,
6/7/2019 8:00,6/7/2019 10:00,6517.606,5.825,,,,,,,,,,,
6/7/2019 9:00,6/7/2019 11:00,6669.731,5.87,,,,,,,,,,,
6/7/2019 10:00,6/7/2019 12:00,7302.357,6.047,,,,,,,,,,,
6/7/2019 11:00,6/7/2019 13:00,7457.63,6.094,,,,,,,,,,,
6/7/2019 12:00,6/7/2019 14:00,7038.394,5.969,,,,,,,,,,,
6/7/2019 13:00,6/7/2019 15:00,5581.401,5.526,,,,,,,,,,,
6/7/2019 14:00,6/7/2019 16:00,4238.234,5.054,,,,,,,,,,,
6/7/2019 15:00,6/7/2019 17:00,2975.69,4.535,,,,,,,,,,,
6/7/2019 16:00,6/7/2019 18:00,2165.632,4.139,,,,,,,,,,,
6/7/2019 17:00,6/7/2019 19:00,1702.365,3.878,,,,,,,,,,,
6/7/2019 18:00,6/7/2019 20:00,1343.485,3.658,,,,,,,,,,,
6/7/2019 19:00,6/7/2019 21:00,1067.253,3.451,,,,,,,,,,,
6/7/2019 20:00,6/7/2019 22:00,861.728,3.294,,,,,,,,,,,
6/7/2019 21:00,6/7/2019 23:00,904.932,3.331,,,,,,,,,,,
6/7/2019 22:00,6/8/2019 0:00,1448.575,3.719,,,,,,,,,,,
6/7/2019 23:00,6/8/2019 1:00,2776.775,4.452,,,,,,,,,,,
6/8/2019 0:00,6/8/2019 2:00,4544.417,5.176,,,,,,,,,,,
6/8/2019 1:00,6/8/2019 3:00,4066.367,4.998,,,,,,,,,,,
6/8/2019 2:00,6/8/2019 4:00,2648.486,4.382,,,,,,,,,,,
6/8/2019 3:00,6/8/2019 5:00,1434.833,3.71,,,,,,,,,,,
6/8/2019 4:00,6/8/2019 6:00,1015.197,3.42,,,,,,,,,,,
6/8/2019 5:00,6/8/2019 7:00,912.891,3.337,,,,,,,,,,,
6/8/2019 6:00,6/8/2019 8:00,982.484,3.394,,,,,,,,,,,
6/8/2019 7:00,6/8/2019 9:00,1125.56,3.495,,,,,,,,,,,
6/8/2019 8:00,6/8/2019 10:00,1349.61,3.663,,,,,,,,,,,
6/8/2019 9:00,6/8/2019 11:00,1481.634,3.75,,,,,,,,,,,
6/8/2019 10:00,6/8/2019 12:00,1707.143,3.88,,,,,,,,,,,
6/8/2019 11:00,6/8/2019 13:00,1731.75,3.895,,,,,,,,,,,
6/8/2019 12:00,6/8/2019 14:00,1622.956,3.838,,,,,,,,,,,
6/8/2019 13:00,6/8/2019 15:00,1609.059,3.83,,,,,,,,,,,
6/8/2019 14:00,6/8/2019 16:00,1669.008,3.863,,,,,,,,,,,
6/8/2019 15:00,6/8/2019 17:00,1571.043,3.806,,,,,,,,,,,
6/8/2019 16:00,6/8/2019 18:00,1304.58,3.623,,,,,,,,,,,
6/8/2019 17:00,6/8/2019 19:00,1033.33,3.434,,,,,,,,,,,
6/8/2019 18:00,6/8/2019 20:00,931.598,3.353,,,,,,,,,,,
6/8/2019 19:00,6/8/2019 21:00,991.903,3.402,,,,,,,,,,,
6/8/2019 20:00,6/8/2019 22:00,1088.112,3.467,,,,,,,,,,,
6/8/2019 21:00,6/8/2019 23:00,1235.957,3.584,,,,,,,,,,,
6/8/2019 22:00,6/9/2019 0:00,1359.674,3.669,,,,,,,,,,,
6/8/2019 23:00,6/9/2019 1:00,1655.762,3.859,,,,,,,,,,,
6/9/2019 0:00,6/9/2019 2:00,1966.318,4.032,,,,,,,,,,,
6/9/2019 1:00,6/9/2019 3:00,2509.085,4.324,,,,,,,,,,,
6/9/2019 2:00,6/9/2019 4:00,2882.174,4.501,,,,,,,,,,,
6/9/2019 3:00,6/9/2019 5:00,3215.008,4.641,,,,,,,,,,,
6/9/2019 4:00,6/9/2019 6:00,3765.345,4.87,,,,,,,,,,,
6/9/2019 5:00,6/9/2019 7:00,4093.014,5.008,,,,,,,,,,,
6/9/2019 6:00,6/9/2019 8:00,4995.719,5.336,,,,,,,,,,,
6/9/2019 7:00,6/9/2019 9:00,5217.577,5.412,,,,,,,,,,,
6/9/2019 8:00,6/9/2019 10:00,5098.943,5.371,,,,,,,,,,,
6/9/2019 9:00,6/9/2019 11:00,4824.179,5.273,,,,,,,,,,,
6/9/2019 10:00,6/9/2019 12:00,4504.826,5.162,,,,,,,,,,,
6/9/2019 11:00,6/9/2019 13:00,3938.822,4.948,,,,,,,,,,,
6/9/2019 12:00,6/9/2019 14:00,3497.603,4.77,,,,,,,,,,,
6/9/2019 13:00,6/9/2019 15:00,3103.037,4.601,,,,,,,,,,,
6/9/2019 14:00,6/9/2019 16:00,2742.429,4.436,,,,,,,,,,,
6/9/2019 15:00,6/9/2019 17:00,2355.754,4.247,,,,,,,,,,,
6/9/2019 16:00,6/9/2019 18:00,2278.687,4.207,,,,,,,,,,,
6/9/2019 17:00,6/9/2019 19:00,2265.801,4.2,,,,,,,,,,,
6/9/2019 18:00,6/9/2019 20:00,2330.005,4.234,,,,,,,,,,,
6/9/2019 19:00,6/9/2019 21:00,1746.486,3.913,,,,,,,,,,,
6/9/2019 20:00,6/9/2019 22:00,681.006,3.125,,,,,,,,,,,
6/9/2019 21:00,6/9/2019 23:00,462.115,2.891,,,,,,,,,,,
6/9/2019 22:00,6/10/2019 0:00,651.755,3.1,,,,,,,,,,,
6/9/2019 23:00,6/10/2019 1:00,957.893,3.368,,,,,,,,,,,
6/10/2019 0:00,6/10/2019 2:00,1570.321,3.806,,,,,,,,,,,
6/10/2019 1:00,6/10/2019 3:00,1693.793,3.872,,,,,,,,,,,
6/10/2019 2:00,6/10/2019 4:00,1740.034,3.901,,,,,,,,,,,
6/10/2019 3:00,6/10/2019 5:00,2346.334,4.242,,,,,,,,,,,
6/10/2019 4:00,6/10/2019 6:00,2753.908,4.442,,,,,,,,,,,
6/10/2019 5:00,6/10/2019 7:00,3050.936,4.578,,,,,,,,,,,
6/10/2019 6:00,6/10/2019 8:00,3554.197,4.784,,,,,,,,,,,
6/10/2019 7:00,6/10/2019 9:00,3947.976,4.952,,,,,,,,,,,
6/10/2019 8:00,6/10/2019 10:00,4071.497,5,,,,,,,,,,,
6/10/2019 9:00,6/10/2019 11:00,4453.566,5.143,,,,,,,,,,,
6/10/2019 10:00,6/10/2019 12:00,5169.796,5.395,,,,,,,,,,,
6/10/2019 11:00,6/10/2019 13:00,6145.454,5.702,,,,,,,,,,,
6/10/2019 12:00,6/10/2019 14:00,7251.815,6.033,,,,,,,,,,,
6/10/2019 13:00,6/10/2019 15:00,8180.543,6.297,,,,,,,,,,,
6/10/2019 14:00,6/10/2019 16:00,8710.295,6.434,,,,,,,,,,,
6/10/2019 15:00,6/10/2019 17:00,8417.719,6.359,,,,,,,,,,,
6/10/2019 16:00,6/10/2019 18:00,7453.309,6.093,,,,,,,,,,,
6/10/2019 17:00,6/10/2019 19:00,6194.015,5.726,,,,,,,,,,,
6/10/2019 18:00,6/10/2019 20:00,5024.377,5.346,,,,,,,,,,,
6/10/2019 19:00,6/10/2019 21:00,4251.784,5.059,,,,,,,,,,,
6/10/2019 20:00,6/10/2019 22:00,4192.183,5.036,,,,,,,,,,,
6/10/2019 21:00,6/10/2019 23:00,4182.723,5.033,,,,,,,,,,,
6/10/2019 22:00,6/11/2019 0:00,3875.941,4.924,,,,,,,,,,,
6/10/2019 23:00,6/11/2019 1:00,3646.132,4.831,,,,,,,,,,,
6/11/2019 0:00,6/11/2019 2:00,3471.036,4.759,,,,,,,,,,,
6/11/2019 1:00,6/11/2019 3:00,3332.72,4.701,,,,,,,,,,,
6/11/2019 2:00,6/11/2019 4:00,2988.753,4.548,,,,,,,,,,,
6/11/2019 3:00,6/11/2019 5:00,2797.899,4.462,,,,,,,,,,,
6/11/2019 4:00,6/11/2019 6:00,2596.403,4.363,,,,,,,,,,,
6/11/2019 5:00,6/11/2019 7:00,2468.066,4.303,,,,,,,,,,,
6/11/2019 6:00,6/11/2019 8:00,2305.128,4.221,,,,,,,,,,,
6/11/2019 7:00,6/11/2019 9:00,2026.643,4.073,,,,,,,,,,,
6/11/2019 8:00,6/11/2019 10:00,1792.509,3.94,,,,,,,,,,,
6/11/2019 9:00,6/11/2019 11:00,1627.854,3.841,,,,,,,,,,,
6/11/2019 10:00,6/11/2019 12:00,1663.028,3.862,,,,,,,,,,,
6/11/2019 11:00,6/11/2019 13:00,1974.593,4.044,,,,,,,,,,,
6/11/2019 12:00,6/11/2019 14:00,2342.545,4.24,,,,,,,,,,,
6/11/2019 13:00,6/11/2019 15:00,2671.011,4.393,,,,,,,,,,,
6/11/2019 14:00,6/11/2019 16:00,2864.681,4.493,,,,,,,,,,,
6/11/2019 15:00,6/11/2019 17:00,2988.982,4.55,,,,,,,,,,,
6/11/2019 16:00,6/11/2019 18:00,2880.079,4.5,,,,,,,,,,,
6/11/2019 17:00,6/11/2019 19:00,2484.131,4.311,,,,,,,,,,,
6/11/2019 18:00,6/11/2019 20:00,1986.478,4.051,,,,,,,,,,,
6/11/2019 19:00,6/11/2019 21:00,1498.967,3.761,,,,,,,,,,,
6/11/2019 20:00,6/11/2019 22:00,1115.753,3.488,,,,,,,,,,,
6/11/2019 21:00,6/11/2019 23:00,706.355,3.154,,,,,,,,,,,
6/11/2019 22:00,6/12/2019 0:00,401.665,2.813,,,,,,,,,,,
6/11/2019 23:00,6/12/2019 1:00,237.716,2.548,,,,,,,,,,,
6/12/2019 0:00,6/12/2019 2:00,147.954,2.354,,,,,,,,,,,
6/12/2019 1:00,6/12/2019 3:00,86.216,2.165,,,,,,,,,,,
6/12/2019 2:00,6/12/2019 4:00,100.956,2.215,,,,,,,,,,,
6/12/2019 3:00,6/12/2019 5:00,215.493,2.513,,,,,,,,,,,
6/12/2019 4:00,6/12/2019 6:00,451.347,2.877,,,,,,,,,,,
6/12/2019 5:00,6/12/2019 7:00,739.18,3.185,,,,,,,,,,,
6/12/2019 6:00,6/12/2019 8:00,967.984,3.382,,,,,,,,,,,
6/12/2019 7:00,6/12/2019 9:00,1118.421,3.49,,,,,,,,,,,
6/12/2019 8:00,6/12/2019 10:00,1084.627,3.465,,,,,,,,,,,
6/12/2019 9:00,6/12/2019 11:00,958.175,3.368,,,,,,,,,,,
6/12/2019 10:00,6/12/2019 12:00,811.689,3.251,,,,,,,,,,,
6/12/2019 11:00,6/12/2019 13:00,792.48,3.225,,,,,,,,,,,
6/12/2019 12:00,6/12/2019 14:00,841.569,3.277,,,,,,,,,,,
6/12/2019 13:00,6/12/2019 15:00,732.207,3.178,,,,,,,,,,,
6/12/2019 14:00,6/12/2019 16:00,586.789,3.033,,,,,,,,,,,
6/12/2019 15:00,6/12/2019 17:00,392.935,2.793,,,,,,,,,,,
6/12/2019 16:00,6/12/2019 18:00,129.569,2.301,,,,,,,,,,,
6/12/2019 17:00,6/12/2019 19:00,102.554,2.224,,,,,,,,,,,
6/12/2019 18:00,6/12/2019 20:00,349.229,2.739,,,,,,,,,,,
6/12/2019 19:00,6/12/2019 21:00,820.88,3.259,,,,,,,,,,,
6/12/2019 20:00,6/12/2019 22:00,1322.318,3.635,,,,,,,,,,,
6/12/2019 21:00,6/12/2019 23:00,1740.995,3.907,,,,,,,,,,,
6/12/2019 22:00,6/13/2019 0:00,2161.476,4.136,,,,,,,,,,,
6/12/2019 23:00,6/13/2019 1:00,2453.396,4.287,,,,,,,,,,,
6/13/2019 0:00,6/13/2019 2:00,2269.801,4.203,,,,,,,,,,,
6/13/2019 1:00,6/13/2019 3:00,2167.146,4.14,,,,,,,,,,,
6/13/2019 2:00,6/13/2019 4:00,2280.968,4.208,,,,,,,,,,,
6/13/2019 3:00,6/13/2019 5:00,2065.036,4.094,,,,,,,,,,,
6/13/2019 4:00,6/13/2019 6:00,1855.996,3.968,,,,,,,,,,,
6/13/2019 5:00,6/13/2019 7:00,2077.283,4.1,,,,,,,,,,,
6/13/2019 6:00,6/13/2019 8:00,2485.458,4.312,,,,,,,,,,,
6/13/2019 7:00,6/13/2019 9:00,2498.673,4.318,,,,,,,,,,,
6/13/2019 8:00,6/13/2019 10:00,2160.106,4.136,,,,,,,,,,,
6/13/2019 9:00,6/13/2019 11:00,1860.528,3.974,,,,,,,,,,,
6/13/2019 10:00,6/13/2019 12:00,1653.765,3.857,,,,,,,,,,,
6/13/2019 11:00,6/13/2019 13:00,1451.126,3.728,,,,,,,,,,,
6/13/2019 12:00,6/13/2019 14:00,1225.377,3.577,,,,,,,,,,,
6/13/2019 13:00,6/13/2019 15:00,1069.095,3.453,,,,,,,,,,,
6/13/2019 14:00,6/13/2019 16:00,929.814,3.351,,,,,,,,,,,
6/13/2019 15:00,6/13/2019 17:00,835.519,3.272,,,,,,,,,,,
6/13/2019 16:00,6/13/2019 18:00,928.992,3.351,,,,,,,,,,,
6/13/2019 17:00,6/13/2019 19:00,1124.746,3.495,,,,,,,,,,,
6/13/2019 18:00,6/13/2019 20:00,1255.845,3.598,,,,,,,,,,,
6/13/2019 19:00,6/13/2019 21:00,859.475,3.292,,,,,,,,,,,
6/13/2019 20:00,6/13/2019 22:00,592.857,3.04,,,,,,,,,,,
6/13/2019 21:00,6/13/2019 23:00,705.716,3.153,,,,,,,,,,,
6/13/2019 22:00,6/14/2019 0:00,884.685,3.314,,,,,,,,,,,
6/13/2019 23:00,6/14/2019 1:00,1006.326,3.413,,,,,,,,,,,
6/14/2019 0:00,6/14/2019 2:00,1064.996,3.45,,,,,,,,,,,
6/14/2019 1:00,6/14/2019 3:00,984.197,3.395,,,,,,,,,,,
6/14/2019 2:00,6/14/2019 4:00,887.6,3.316,,,,,,,,,,,
6/14/2019 3:00,6/14/2019 5:00,647.339,3.096,,,,,,,,,,,
6/14/2019 4:00,6/14/2019 6:00,431.244,2.852,,,,,,,,,,,
6/14/2019 5:00,6/14/2019 7:00,170.511,2.415,,,,,,,,,,,
6/14/2019 6:00,6/14/2019 8:00,46.563,1.975,,,,,,,,,,,
6/14/2019 7:00,6/14/2019 9:00,242.095,2.556,,,,,,,,,,,
6/14/2019 8:00,6/14/2019 10:00,586.052,3.032,,,,,,,,,,,
6/14/2019 9:00,6/14/2019 11:00,767.505,3.202,,,,,,,,,,,
6/14/2019 10:00,6/14/2019 12:00,858.753,3.292,,,,,,,,,,,
6/14/2019 11:00,6/14/2019 13:00,1029.608,3.431,,,,,,,,,,,
6/14/2019 12:00,6/14/2019 14:00,1374.135,3.679,,,,,,,,,,,
6/14/2019 13:00,6/14/2019 15:00,1885.577,3.994,,,,,,,,,,,
6/14/2019 14:00,6/14/2019 16:00,2385.292,4.262,,,,,,,,,,,
6/14/2019 15:00,6/14/2019 17:00,2896.198,4.508,,,,,,,,,,,
6/14/2019 16:00,6/14/2019 18:00,3259.263,4.66,,,,,,,,,,,
6/14/2019 17:00,6/14/2019 19:00,3260.582,4.668,,,,,,,,,,,
6/14/2019 18:00,6/14/2019 20:00,2997.612,4.554,,,,,,,,,,,
6/14/2019 19:00,6/14/2019 21:00,2460.976,4.297,,,,,,,,,,,
6/14/2019 20:00,6/14/2019 22:00,1966.109,4.031,,,,,,,,,,,
6/14/2019 21:00,6/14/2019 23:00,1613.605,3.833,,,,,,,,,,,
6/14/2019 22:00,6/15/2019 0:00,1463.441,3.738,,,,,,,,,,,
6/14/2019 23:00,6/15/2019 1:00,1603.838,3.827,,,,,,,,,,,
6/15/2019 0:00,6/15/2019 2:00,1795.658,3.941,,,,,,,,,,,
6/15/2019 1:00,6/15/2019 3:00,1887.554,3.995,,,,,,,,,,,
6/15/2019 2:00,6/15/2019 4:00,1749.502,3.915,,,,,,,,,,,
6/15/2019 3:00,6/15/2019 5:00,1315.903,3.631,,,,,,,,,,,
6/15/2019 4:00,6/15/2019 6:00,963.585,3.371,,,,,,,,,,,
6/15/2019 5:00,6/15/2019 7:00,656.485,3.105,,,,,,,,,,,
6/15/2019 6:00,6/15/2019 8:00,336.803,2.713,,,,,,,,,,,
6/15/2019 7:00,6/15/2019 9:00,152.428,2.37,,,,,,,,,,,
6/15/2019 8:00,6/15/2019 10:00,121.248,2.278,,,,,,,,,,,
6/15/2019 9:00,6/15/2019 11:00,255.984,2.587,,,,,,,,,,,
6/15/2019 10:00,6/15/2019 12:00,644.91,3.093,,,,,,,,,,,
6/15/2019 11:00,6/15/2019 13:00,1264.291,3.604,,,,,,,,,,,
6/15/2019 12:00,6/15/2019 14:00,2041.305,4.081,,,,,,,,,,,
6/15/2019 13:00,6/15/2019 15:00,2810.682,4.468,,,,,,,,,,,
6/15/2019 14:00,6/15/2019 16:00,3480.383,4.763,,,,,,,,,,,
6/15/2019 15:00,6/15/2019 17:00,3791.051,4.888,,,,,,,,,,,
6/15/2019 16:00,6/15/2019 18:00,3807.843,4.897,,,,,,,,,,,
6/15/2019 17:00,6/15/2019 19:00,3617.392,4.816,,,,,,,,,,,
6/15/2019 18:00,6/15/2019 20:00,3120.022,4.608,,,,,,,,,,,
6/15/2019 19:00,6/15/2019 21:00,2650.224,4.383,,,,,,,,,,,
6/15/2019 20:00,6/15/2019 22:00,2318.578,4.228,,,,,,,,,,,
6/15/2019 21:00,6/15/2019 23:00,2040.968,4.081,,,,,,,,,,,
6/15/2019 22:00,6/16/2019 0:00,1741.198,3.908,,,,,,,,,,,
6/15/2019 23:00,6/16/2019 1:00,1485.704,3.752,,,,,,,,,,,
6/16/2019 0:00,6/16/2019 2:00,1319.718,3.633,,,,,,,,,,,
6/16/2019 1:00,6/16/2019 3:00,1100.879,3.477,,,,,,,,,,,
6/16/2019 2:00,6/16/2019 4:00,734.229,3.18,,,,,,,,,,,
6/16/2019 3:00,6/16/2019 5:00,474.019,2.905,,,,,,,,,,,
6/16/2019 4:00,6/16/2019 6:00,251.084,2.572,,,,,,,,,,,
6/16/2019 5:00,6/16/2019 7:00,94.087,2.193,,,,,,,,,,,
6/16/2019 6:00,6/16/2019 8:00,65.498,2.069,,,,,,,,,,,
6/16/2019 7:00,6/16/2019 9:00,53.283,2.014,,,,,,,,,,,
6/16/2019 8:00,6/16/2019 10:00,61.172,2.048,,,,,,,,,,,
6/16/2019 9:00,6/16/2019 11:00,125.82,2.29,,,,,,,,,,,
6/16/2019 10:00,6/16/2019 12:00,265.836,2.607,,,,,,,,,,,
6/16/2019 11:00,6/16/2019 13:00,424.909,2.844,,,,,,,,,,,
6/16/2019 12:00,6/16/2019 14:00,600.388,3.048,,,,,,,,,,,
6/16/2019 13:00,6/16/2019 15:00,809.739,3.242,,,,,,,,,,,
6/16/2019 14:00,6/16/2019 16:00,964.895,3.38,,,,,,,,,,,
6/16/2019 15:00,6/16/2019 17:00,957.341,3.367,,,,,,,,,,,
6/16/2019 16:00,6/16/2019 18:00,860.369,3.293,,,,,,,,,,,
6/16/2019 17:00,6/16/2019 19:00,937.002,3.357,,,,,,,,,,,
6/16/2019 18:00,6/16/2019 20:00,1132.581,3.504,,,,,,,,,,,
6/16/2019 19:00,6/16/2019 21:00,1241.419,3.588,,,,,,,,,,,
6/16/2019 20:00,6/16/2019 22:00,1398.024,3.693,,,,,,,,,,,
6/16/2019 21:00,6/16/2019 23:00,1768.176,3.926,,,,,,,,,,,
6/16/2019 22:00,6/17/2019 0:00,2184.852,4.149,,,,,,,,,,,
6/16/2019 23:00,6/17/2019 1:00,2533.671,4.336,,,,,,,,,,,
6/17/2019 0:00,6/17/2019 2:00,2880.236,4.5,,,,,,,,,,,
6/17/2019 1:00,6/17/2019 3:00,3288.362,4.682,,,,,,,,,,,
6/17/2019 2:00,6/17/2019 4:00,2849.311,4.486,,,,,,,,,,,
6/17/2019 3:00,6/17/2019 5:00,2239.77,4.187,,,,,,,,,,,
6/17/2019 4:00,6/17/2019 6:00,1640.516,3.849,,,,,,,,,,,
6/17/2019 5:00,6/17/2019 7:00,1283.602,3.614,,,,,,,,,,,
6/17/2019 6:00,6/17/2019 8:00,1423.749,3.703,,,,,,,,,,,
6/17/2019 7:00,6/17/2019 9:00,1921.246,4.014,,,,,,,,,,,
6/17/2019 8:00,6/17/2019 10:00,2912.948,4.515,,,,,,,,,,,
6/17/2019 9:00,6/17/2019 11:00,4102.191,5.011,,,,,,,,,,,
6/17/2019 10:00,6/17/2019 12:00,4982.858,5.331,,,,,,,,,,,
6/17/2019 11:00,6/17/2019 13:00,5253.984,5.424,,,,,,,,,,,
6/17/2019 12:00,6/17/2019 14:00,4999.33,5.337,,,,,,,,,,,
6/17/2019 13:00,6/17/2019 15:00,4636.278,5.202,,,,,,,,,,,
6/17/2019 14:00,6/17/2019 16:00,4085.258,5.005,,,,,,,,,,,
6/17/2019 15:00,6/17/2019 17:00,3295.906,4.685,,,,,,,,,,,
6/17/2019 16:00,6/17/2019 18:00,2644.722,4.38,,,,,,,,,,,
6/17/2019 17:00,6/17/2019 19:00,2221.903,4.178,,,,,,,,,,,
6/17/2019 18:00,6/17/2019 20:00,1966.796,4.035,,,,,,,,,,,
6/17/2019 19:00,6/17/2019 21:00,1679.766,3.867,,,,,,,,,,,
6/17/2019 20:00,6/17/2019 22:00,1451.259,3.729,,,,,,,,,,,
6/17/2019 21:00,6/17/2019 23:00,1114.172,3.487,,,,,,,,,,,
6/17/2019 22:00,6/18/2019 0:00,765.024,3.2,,,,,,,,,,,
6/17/2019 23:00,6/18/2019 1:00,538.82,2.972,,,,,,,,,,,
6/18/2019 0:00,6/18/2019 2:00,398.83,2.806,,,,,,,,,,,
6/18/2019 1:00,6/18/2019 3:00,337.418,2.714,,,,,,,,,,,
6/18/2019 2:00,6/18/2019 4:00,297.175,2.66,,,,,,,,,,,
6/18/2019 3:00,6/18/2019 5:00,259.763,2.596,,,,,,,,,,,
6/18/2019 4:00,6/18/2019 6:00,250.019,2.57,,,,,,,,,,,
6/18/2019 5:00,6/18/2019 7:00,336.874,2.713,,,,,,,,,,,
6/18/2019 6:00,6/18/2019 8:00,530.26,2.963,,,,,,,,,,,
6/18/2019 7:00,6/18/2019 9:00,686.821,3.135,,,,,,,,,,,
6/18/2019 8:00,6/18/2019 10:00,677.8,3.119,,,,,,,,,,,
6/18/2019 9:00,6/18/2019 11:00,484.61,2.918,,,,,,,,,,,
6/18/2019 10:00,6/18/2019 12:00,239.379,2.551,,,,,,,,,,,
6/18/2019 11:00,6/18/2019 13:00,118.578,2.273,,,,,,,,,,,
6/18/2019 12:00,6/18/2019 14:00,172.128,2.418,,,,,,,,,,,
6/18/2019 13:00,6/18/2019 15:00,236.281,2.545,,,,,,,,,,,
6/18/2019 14:00,6/18/2019 16:00,1411.642,3.697,,,,,,,,,,,
6/18/2019 15:00,6/18/2019 17:00,3600.851,4.804,,,,,,,,,,,
6/18/2019 16:00,6/18/2019 18:00,4441.488,5.139,,,,,,,,,,,
6/18/2019 17:00,6/18/2019 19:00,4281.742,5.073,,,,,,,,,,,
6/18/2019 18:00,6/18/2019 20:00,3443.568,4.748,,,,,,,,,,,
6/18/2019 19:00,6/18/2019 21:00,2416.829,4.274,,,,,,,,,,,
6/18/2019 20:00,6/18/2019 22:00,1741.407,3.91,,,,,,,,,,,
6/18/2019 21:00,6/18/2019 23:00,1230.613,3.58,,,,,,,,,,,
6/18/2019 22:00,6/19/2019 0:00,940.011,3.36,,,,,,,,,,,
6/18/2019 23:00,6/19/2019 1:00,830.057,3.267,,,,,,,,,,,
6/19/2019 0:00,6/19/2019 2:00,730.061,3.176,,,,,,,,,,,
6/19/2019 1:00,6/19/2019 3:00,602.748,3.05,,,,,,,,,,,
6/19/2019 2:00,6/19/2019 4:00,499.499,2.936,,,,,,,,,,,
6/19/2019 3:00,6/19/2019 5:00,587.412,3.034,,,,,,,,,,,
6/19/2019 4:00,6/19/2019 6:00,915.349,3.339,,,,,,,,,,,
6/19/2019 5:00,6/19/2019 7:00,1146.155,3.519,,,,,,,,,,,
6/19/2019 6:00,6/19/2019 8:00,1149.9,3.522,,,,,,,,,,,
6/19/2019 7:00,6/19/2019 9:00,1377.294,3.681,,,,,,,,,,,
6/19/2019 8:00,6/19/2019 10:00,1797.163,3.941,,,,,,,,,,,
6/19/2019 9:00,6/19/2019 11:00,2296.633,4.216,,,,,,,,,,,
6/19/2019 10:00,6/19/2019 12:00,2988.543,4.547,,,,,,,,,,,
6/19/2019 11:00,6/19/2019 13:00,3562.356,4.788,,,,,,,,,,,
6/19/2019 12:00,6/19/2019 14:00,3929.341,4.945,,,,,,,,,,,
6/19/2019 13:00,6/19/2019 15:00,4187.298,5.035,,,,,,,,,,,
6/19/2019 14:00,6/19/2019 16:00,4231.882,5.051,,,,,,,,,,,
6/19/2019 15:00,6/19/2019 17:00,3925.413,4.943,,,,,,,,,,,
6/19/2019 16:00,6/19/2019 18:00,3451.129,4.751,,,,,,,,,,,
6/19/2019 17:00,6/19/2019 19:00,3166.878,4.62,,,,,,,,,,,
6/19/2019 18:00,6/19/2019 20:00,2626.401,4.372,,,,,,,,,,,
6/19/2019 19:00,6/19/2019 21:00,1986.884,4.051,,,,,,,,,,,
6/19/2019 20:00,6/19/2019 22:00,1692.86,3.872,,,,,,,,,,,
6/19/2019 21:00,6/19/2019 23:00,1329.727,3.641,,,,,,,,,,,
6/19/2019 22:00,6/20/2019 0:00,886.978,3.316,,,,,,,,,,,
6/19/2019 23:00,6/20/2019 1:00,582.399,3.028,,,,,,,,,,,
6/20/2019 0:00,6/20/2019 2:00,364.989,2.763,,,,,,,,,,,
6/20/2019 1:00,6/20/2019 3:00,215.884,2.513,,,,,,,,,,,
6/20/2019 2:00,6/20/2019 4:00,133.63,2.312,,,,,,,,,,,
6/20/2019 3:00,6/20/2019 5:00,115.532,2.266,,,,,,,,,,,
6/20/2019 4:00,6/20/2019 6:00,114.108,2.262,,,,,,,,,,,
6/20/2019 5:00,6/20/2019 7:00,148.205,2.357,,,,,,,,,,,
6/20/2019 6:00,6/20/2019 8:00,349.105,2.738,,,,,,,,,,,
6/20/2019 7:00,6/20/2019 9:00,735.565,3.181,,,,,,,,,,,
6/20/2019 8:00,6/20/2019 10:00,1103.578,3.479,,,,,,,,,,,
6/20/2019 9:00,6/20/2019 11:00,1504.87,3.764,,,,,,,,,,,
6/20/2019 10:00,6/20/2019 12:00,1940.431,4.023,,,,,,,,,,,
6/20/2019 11:00,6/20/2019 13:00,2453.541,4.287,,,,,,,,,,,
6/20/2019 12:00,6/20/2019 14:00,2895.243,4.507,,,,,,,,,,,
6/20/2019 13:00,6/20/2019 15:00,3107.508,4.603,,,,,,,,,,,
6/20/2019 14:00,6/20/2019 16:00,3301.489,4.687,,,,,,,,,,,
6/20/2019 15:00,6/20/2019 17:00,3307.875,4.69,,,,,,,,,,,
6/20/2019 16:00,6/20/2019 18:00,3574.919,4.793,,,,,,,,,,,
6/20/2019 17:00,6/20/2019 19:00,3885.76,4.927,,,,,,,,,,,
6/20/2019 18:00,6/20/2019 20:00,3985.338,4.966,,,,,,,,,,,
6/20/2019 19:00,6/20/2019 21:00,4751.853,5.251,,,,,,,,,,,
6/20/2019 20:00,6/20/2019 22:00,5759.4,5.585,,,,,,,,,,,
6/20/2019 21:00,6/20/2019 23:00,6791.408,5.906,,,,,,,,,,,
6/20/2019 22:00,6/21/2019 0:00,8006.948,6.243,,,,,,,,,,,
6/20/2019 23:00,6/21/2019 1:00,8527.035,6.389,,,,,,,,,,,
6/21/2019 0:00,6/21/2019 2:00,9147.479,6.55,,,,,,,,,,,
6/21/2019 1:00,6/21/2019 3:00,10719.859,6.935,,,,,,,,,,,
6/21/2019 2:00,6/21/2019 4:00,10660.318,6.918,,,,,,,,,,,
6/21/2019 3:00,6/21/2019 5:00,12201.951,7.288,,,,,,,,,,,
6/21/2019 4:00,6/21/2019 6:00,11481.476,7.116,,,,,,,,,,,
6/21/2019 5:00,6/21/2019 7:00,10677.272,6.927,,,,,,,,,,,
6/21/2019 6:00,6/21/2019 8:00,10330.211,6.843,,,,,,,,,,,
6/21/2019 7:00,6/21/2019 9:00,9655.146,6.67,,,,,,,,,,,
6/21/2019 8:00,6/21/2019 10:00,8200.67,6.302,,,,,,,,,,,
6/21/2019 9:00,6/21/2019 11:00,6798.55,5.908,,,,,,,,,,,
6/21/2019 10:00,6/21/2019 12:00,5013.419,5.342,,,,,,,,,,,
6/21/2019 11:00,6/21/2019 13:00,3207.271,4.637,,,,,,,,,,,
6/21/2019 12:00,6/21/2019 14:00,1828.296,3.952,,,,,,,,,,,
6/21/2019 13:00,6/21/2019 15:00,1361.085,3.67,,,,,,,,,,,
6/21/2019 14:00,6/21/2019 16:00,1715.826,3.886,,,,,,,,,,,
6/21/2019 15:00,6/21/2019 17:00,2206.076,4.169,,,,,,,,,,,
6/21/2019 16:00,6/21/2019 18:00,2885.089,4.503,,,,,,,,,,,
6/21/2019 17:00,6/21/2019 19:00,3324.909,4.697,,,,,,,,,,,
6/21/2019 18:00,6/21/2019 20:00,3273.146,4.675,,,,,,,,,,,
6/21/2019 19:00,6/21/2019 21:00,3439.271,4.746,,,,,,,,,,,
6/21/2019 20:00,6/21/2019 22:00,3556.51,4.785,,,,,,,,,,,
6/21/2019 21:00,6/21/2019 23:00,3437.165,4.745,,,,,,,,,,,
6/21/2019 22:00,6/22/2019 0:00,3582.247,4.796,,,,,,,,,,,
6/21/2019 23:00,6/22/2019 1:00,3497.888,4.77,,,,,,,,,,,
6/22/2019 0:00,6/22/2019 2:00,3598.586,4.803,,,,,,,,,,,
6/22/2019 1:00,6/22/2019 3:00,3283.343,4.68,,,,,,,,,,,
6/22/2019 2:00,6/22/2019 4:00,2974.105,4.534,,,,,,,,,,,
6/22/2019 3:00,6/22/2019 5:00,2875.655,4.498,,,,,,,,,,,
6/22/2019 4:00,6/22/2019 6:00,2907.138,4.513,,,,,,,,,,,
6/22/2019 5:00,6/22/2019 7:00,3215.767,4.641,,,,,,,,,,,
6/22/2019 6:00,6/22/2019 8:00,3545.604,4.781,,,,,,,,,,,
6/22/2019 7:00,6/22/2019 9:00,4047.454,4.99,,,,,,,,,,,
6/22/2019 8:00,6/22/2019 10:00,4825.518,5.273,,,,,,,,,,,
6/22/2019 9:00,6/22/2019 11:00,5491.137,5.503,,,,,,,,,,,
6/22/2019 10:00,6/22/2019 12:00,6213.989,5.732,,,,,,,,,,,
6/22/2019 11:00,6/22/2019 13:00,6840.027,5.921,,,,,,,,,,,
6/22/2019 12:00,6/22/2019 14:00,7660.371,6.154,,,,,,,,,,,
6/22/2019 13:00,6/22/2019 15:00,8549.506,6.395,,,,,,,,,,,
6/22/2019 14:00,6/22/2019 16:00,9526.883,6.647,,,,,,,,,,,
6/22/2019 15:00,6/22/2019 17:00,10111.56,6.792,,,,,,,,,,,
6/22/2019 16:00,6/22/2019 18:00,9940.206,6.74,,,,,,,,,,,
6/22/2019 17:00,6/22/2019 19:00,9738.273,6.69,,,,,,,,,,,
6/22/2019 18:00,6/22/2019 20:00,8243.75,6.314,,,,,,,,,,,
6/22/2019 19:00,6/22/2019 21:00,6673.039,5.871,,,,,,,,,,,
6/22/2019 20:00,6/22/2019 22:00,5870.115,5.625,,,,,,,,,,,
6/22/2019 21:00,6/22/2019 23:00,4729.836,5.243,,,,,,,,,,,
6/22/2019 22:00,6/23/2019 0:00,4775.9,5.259,,,,,,,,,,,
6/22/2019 23:00,6/23/2019 1:00,4877.004,5.285,,,,,,,,,,,
6/23/2019 0:00,6/23/2019 2:00,4509.778,5.164,,,,,,,,,,,
6/23/2019 1:00,6/23/2019 3:00,4011.666,4.977,,,,,,,,,,,
6/23/2019 2:00,6/23/2019 4:00,3561.803,4.788,,,,,,,,,,,
6/23/2019 3:00,6/23/2019 5:00,3675.776,4.844,,,,,,,,,,,
6/23/2019 4:00,6/23/2019 6:00,4177.687,5.031,,,,,,,,,,,
6/23/2019 5:00,6/23/2019 7:00,4927.726,5.303,,,,,,,,,,,
6/23/2019 6:00,6/23/2019 8:00,5049.77,5.355,,,,,,,,,,,
6/23/2019 7:00,6/23/2019 9:00,5291.381,5.436,,,,,,,,,,,
6/23/2019 8:00,6/23/2019 10:00,5630.711,5.539,,,,,,,,,,,
6/23/2019 9:00,6/23/2019 11:00,5071.4,5.362,,,,,,,,,,,
6/23/2019 10:00,6/23/2019 12:00,4341.981,5.102,,,,,,,,,,,
6/23/2019 11:00,6/23/2019 13:00,3921.191,4.941,,,,,,,,,,,
6/23/2019 12:00,6/23/2019 14:00,3541.487,4.78,,,,,,,,,,,
6/23/2019 13:00,6/23/2019 15:00,3178.739,4.625,,,,,,,,,,,
6/23/2019 14:00,6/23/2019 16:00,2929.3,4.521,,,,,,,,,,,
6/23/2019 15:00,6/23/2019 17:00,2879.123,4.5,,,,,,,,,,,
6/23/2019 16:00,6/23/2019 18:00,2737.096,4.434,,,,,,,,,,,
6/23/2019 17:00,6/23/2019 19:00,2439.195,4.28,,,,,,,,,,,
6/23/2019 18:00,6/23/2019 20:00,1999.528,4.058,,,,,,,,,,,
6/23/2019 19:00,6/23/2019 21:00,1740.797,3.906,,,,,,,,,,,
6/23/2019 20:00,6/23/2019 22:00,1795.781,3.941,,,,,,,,,,,
6/23/2019 21:00,6/23/2019 23:00,1861.228,3.978,,,,,,,,,,,
6/23/2019 22:00,6/24/2019 0:00,1997.421,4.057,,,,,,,,,,,
6/23/2019 23:00,6/24/2019 1:00,2180.022,4.146,,,,,,,,,,,
6/24/2019 0:00,6/24/2019 2:00,2446.707,4.283,,,,,,,,,,,
6/24/2019 1:00,6/24/2019 3:00,2587.321,4.361,,,,,,,,,,,
6/24/2019 2:00,6/24/2019 4:00,2385.229,4.262,,,,,,,,,,,
6/24/2019 3:00,6/24/2019 5:00,2731.377,4.431,,,,,,,,,,,
6/24/2019 4:00,6/24/2019 6:00,3782.259,4.877,,,,,,,,,,,
6/24/2019 5:00,6/24/2019 7:00,4558.738,5.181,,,,,,,,,,,
6/24/2019 6:00,6/24/2019 8:00,6322.939,5.766,,,,,,,,,,,
6/24/2019 7:00,6/24/2019 9:00,8120.026,6.28,,,,,,,,,,,
6/24/2019 8:00,6/24/2019 10:00,9659.259,6.675,,,,,,,,,,,
6/24/2019 9:00,6/24/2019 11:00,10512.144,6.885,,,,,,,,,,,
6/24/2019 10:00,6/24/2019 12:00,11376.32,7.093,,,,,,,,,,,
6/24/2019 11:00,6/24/2019 13:00,12211.688,7.292,,,,,,,,,,,
6/24/2019 12:00,6/24/2019 14:00,13064.5,7.484,,,,,,,,,,,
6/24/2019 13:00,6/24/2019 15:00,13332.682,7.55,,,,,,,,,,,
6/24/2019 14:00,6/24/2019 16:00,13290.234,7.535,,,,,,,,,,,
6/24/2019 15:00,6/24/2019 17:00,12853.141,7.435,,,,,,,,,,,
6/24/2019 16:00,6/24/2019 18:00,11716.503,7.169,,,,,,,,,,,
6/24/2019 17:00,6/24/2019 19:00,9933.961,6.739,,,,,,,,,,,
6/24/2019 18:00,6/24/2019 20:00,7868.692,6.206,,,,,,,,,,,
6/24/2019 19:00,6/24/2019 21:00,5843.568,5.617,,,,,,,,,,,
6/24/2019 20:00,6/24/2019 22:00,4790.868,5.264,,,,,,,,,,,
6/24/2019 21:00,6/24/2019 23:00,4228.693,5.05,,,,,,,,,,,
6/24/2019 22:00,6/25/2019 0:00,3723.409,4.861,,,,,,,,,,,
6/24/2019 23:00,6/25/2019 1:00,3316.567,4.694,,,,,,,,,,,
6/25/2019 0:00,6/25/2019 2:00,3013.585,4.561,,,,,,,,,,,
6/25/2019 1:00,6/25/2019 3:00,2805.023,4.466,,,,,,,,,,,
6/25/2019 2:00,6/25/2019 4:00,2773.495,4.451,,,,,,,,,,,
6/25/2019 3:00,6/25/2019 5:00,2830.383,4.477,,,,,,,,,,,
6/25/2019 4:00,6/25/2019 6:00,3179.794,4.625,,,,,,,,,,,
6/25/2019 5:00,6/25/2019 7:00,3756.438,4.868,,,,,,,,,,,
6/25/2019 6:00,6/25/2019 8:00,4714.432,5.237,,,,,,,,,,,
6/25/2019 7:00,6/25/2019 9:00,5822.444,5.61,,,,,,,,,,,
6/25/2019 8:00,6/25/2019 10:00,7173.636,6.009,,,,,,,,,,,
6/25/2019 9:00,6/25/2019 11:00,8341.2,6.332,,,,,,,,,,,
6/25/2019 10:00,6/25/2019 12:00,9505.7,6.641,,,,,,,,,,,
6/25/2019 11:00,6/25/2019 13:00,9819.054,6.713,,,,,,,,,,,
6/25/2019 12:00,6/25/2019 14:00,9486.074,6.636,,,,,,,,,,,
6/25/2019 13:00,6/25/2019 15:00,8427.357,6.361,,,,,,,,,,,
6/25/2019 14:00,6/25/2019 16:00,7990.466,6.236,,,,,,,,,,,
6/25/2019 15:00,6/25/2019 17:00,7750.863,6.171,,,,,,,,,,,
6/25/2019 16:00,6/25/2019 18:00,7102.979,5.997,,,,,,,,,,,
6/25/2019 17:00,6/25/2019 19:00,6167.572,5.709,,,,,,,,,,,
6/25/2019 18:00,6/25/2019 20:00,4978.001,5.327,,,,,,,,,,,
6/25/2019 19:00,6/25/2019 21:00,4276.008,5.068,,,,,,,,,,,
6/25/2019 20:00,6/25/2019 22:00,4196.099,5.038,,,,,,,,,,,
6/25/2019 21:00,6/25/2019 23:00,4165.621,5.028,,,,,,,,,,,
6/25/2019 22:00,6/26/2019 0:00,4164.078,5.028,,,,,,,,,,,
6/25/2019 23:00,6/26/2019 1:00,4238.918,5.054,,,,,,,,,,,
6/26/2019 0:00,6/26/2019 2:00,4060.98,4.996,,,,,,,,,,,
6/26/2019 1:00,6/26/2019 3:00,3818.615,4.901,,,,,,,,,,,
6/26/2019 2:00,6/26/2019 4:00,3713.124,4.859,,,,,,,,,,,
6/26/2019 3:00,6/26/2019 5:00,3676.203,4.844,,,,,,,,,,,
6/26/2019 4:00,6/26/2019 6:00,3760.631,4.869,,,,,,,,,,,
6/26/2019 5:00,6/26/2019 7:00,4071.481,5,,,,,,,,,,,
6/26/2019 6:00,6/26/2019 8:00,4706.951,5.235,,,,,,,,,,,
6/26/2019 7:00,6/26/2019 9:00,5785.661,5.598,,,,,,,,,,,
6/26/2019 8:00,6/26/2019 10:00,6633.215,5.859,,,,,,,,,,,
6/26/2019 9:00,6/26/2019 11:00,7931.85,6.225,,,,,,,,,,,
6/26/2019 10:00,6/26/2019 12:00,9451.693,6.619,,,,,,,,,,,
6/26/2019 11:00,6/26/2019 13:00,10648.964,6.917,,,,,,,,,,,
6/26/2019 12:00,6/26/2019 14:00,12054.996,7.253,,,,,,,,,,,
6/26/2019 13:00,6/26/2019 15:00,13223.927,7.522,,,,,,,,,,,
6/26/2019 14:00,6/26/2019 16:00,14301.774,7.76,,,,,,,,,,,
6/26/2019 15:00,6/26/2019 17:00,15014.58,7.922,,,,,,,,,,,
6/26/2019 16:00,6/26/2019 18:00,15028.097,7.933,,,,,,,,,,,
6/26/2019 17:00,6/26/2019 19:00,13653.921,7.616,,,,,,,,,,,
6/26/2019 18:00,6/26/2019 20:00,11516.416,7.125,,,,,,,,,,,
6/26/2019 19:00,6/26/2019 21:00,9819.323,6.715,,,,,,,,,,,
6/26/2019 20:00,6/26/2019 22:00,8758.845,6.445,,,,,,,,,,,
6/26/2019 21:00,6/26/2019 23:00,7897.281,6.215,,,,,,,,,,,
6/26/2019 22:00,6/27/2019 0:00,7351.511,6.068,,,,,,,,,,,
6/26/2019 23:00,6/27/2019 1:00,7292.563,6.046,,,,,,,,,,,
6/27/2019 0:00,6/27/2019 2:00,7642.32,6.149,,,,,,,,,,,
6/27/2019 1:00,6/27/2019 3:00,8342.407,6.338,,,,,,,,,,,
6/27/2019 2:00,6/27/2019 4:00,9303.494,6.59,,,,,,,,,,,
6/27/2019 3:00,6/27/2019 5:00,9985.969,6.752,,,,,,,,,,,
6/27/2019 4:00,6/27/2019 6:00,10844.011,6.969,,,,,,,,,,,
6/27/2019 5:00,6/27/2019 7:00,12449.442,7.344,,,,,,,,,,,
6/27/2019 6:00,6/27/2019 8:00,13805.028,7.647,,,,,,,,,,,
6/27/2019 7:00,6/27/2019 9:00,15724.997,8.09,,,,,,,,,,,
6/27/2019 8:00,6/27/2019 10:00,17310.825,8.45,,,,,,,,,,,
6/27/2019 9:00,6/27/2019 11:00,19141.834,8.878,,,,,,,,,,,
6/27/2019 10:00,6/27/2019 12:00,20251.357,9.144,,,,,,,,,,,
6/27/2019 11:00,6/27/2019 13:00,20660.052,9.245,,,,,,,,,,,
6/27/2019 12:00,6/27/2019 14:00,21191.06,9.386,,,,,,,,,,,
6/27/2019 13:00,6/27/2019 15:00,21974.265,9.592,,,,,,,,,,,
6/27/2019 14:00,6/27/2019 16:00,22442.496,9.718,,,,,,,,,,,
6/27/2019 15:00,6/27/2019 17:00,22447.73,9.722,,,,,,,,,,,
6/27/2019 16:00,6/27/2019 18:00,22370.593,9.696,,,,,,,,,,,
6/27/2019 17:00,6/27/2019 19:00,21590.082,9.485,,,,,,,,,,,
6/27/2019 18:00,6/27/2019 20:00,19359.503,8.925,,,,,,,,,,,
6/27/2019 19:00,6/27/2019 21:00,15901.974,8.126,,,,,,,,,,,
6/27/2019 20:00,6/27/2019 22:00,13242.945,7.525,,,,,,,,,,,
6/27/2019 21:00,6/27/2019 23:00,12454.234,7.344,,,,,,,,,,,
6/27/2019 22:00,6/28/2019 0:00,12074.799,7.255,,,,,,,,,,,
6/27/2019 23:00,6/28/2019 1:00,11837.734,7.205,,,,,,,,,,,
6/28/2019 0:00,6/28/2019 2:00,11241.927,7.065,,,,,,,,,,,
6/28/2019 1:00,6/28/2019 3:00,10250.924,6.823,,,,,,,,,,,
6/28/2019 2:00,6/28/2019 4:00,9972.607,6.748,,,,,,,,,,,
6/28/2019 3:00,6/28/2019 5:00,10055.993,6.778,,,,,,,,,,,
6/28/2019 4:00,6/28/2019 6:00,10306.356,6.836,,,,,,,,,,,
6/28/2019 5:00,6/28/2019 7:00,11722.143,7.169,,,,,,,,,,,
6/28/2019 6:00,6/28/2019 8:00,13906.505,7.671,,,,,,,,,,,
6/28/2019 7:00,6/28/2019 9:00,15991.853,8.145,,,,,,,,,,,
6/28/2019 8:00,6/28/2019 10:00,16666.352,8.297,,,,,,,,,,,
6/28/2019 9:00,6/28/2019 11:00,16696.572,8.306,,,,,,,,,,,
6/28/2019 10:00,6/28/2019 12:00,17222.6,8.425,,,,,,,,,,,
6/28/2019 11:00,6/28/2019 13:00,16983.802,8.375,,,,,,,,,,,
6/28/2019 12:00,6/28/2019 14:00,16956.947,8.369,,,,,,,,,,,
6/28/2019 13:00,6/28/2019 15:00,16343.591,8.23,,,,,,,,,,,
6/28/2019 14:00,6/28/2019 16:00,15789.143,8.097,,,,,,,,,,,
6/28/2019 15:00,6/28/2019 17:00,14615.507,7.836,,,,,,,,,,,
6/28/2019 16:00,6/28/2019 18:00,12310.023,7.315,,,,,,,,,,,
6/28/2019 17:00,6/28/2019 19:00,9069.038,6.53,,,,,,,,,,,
6/28/2019 18:00,6/28/2019 20:00,5807.216,5.605,,,,,,,,,,,
6/28/2019 19:00,6/28/2019 21:00,4833.939,5.275,,,,,,,,,,,
6/28/2019 20:00,6/28/2019 22:00,5392.166,5.47,,,,,,,,,,,
6/28/2019 21:00,6/28/2019 23:00,6367.954,5.775,,,,,,,,,,,
6/28/2019 22:00,6/29/2019 0:00,7363.345,6.071,,,,,,,,,,,
6/28/2019 23:00,6/29/2019 1:00,7499.03,6.1,,,,,,,,,,,
6/29/2019 0:00,6/29/2019 2:00,7763.414,6.182,,,,,,,,,,,
6/29/2019 1:00,6/29/2019 3:00,8415.943,6.35,,,,,,,,,,,
6/29/2019 2:00,6/29/2019 4:00,8475.965,6.368,,,,,,,,,,,
6/29/2019 3:00,6/29/2019 5:00,8211.512,6.305,,,,,,,,,,,
6/29/2019 4:00,6/29/2019 6:00,10071.529,6.782,,,,,,,,,,,
6/29/2019 5:00,6/29/2019 7:00,13867.211,7.661,,,,,,,,,,,
6/29/2019 6:00,6/29/2019 8:00,16812.69,8.326,,,,,,,,,,,
6/29/2019 7:00,6/29/2019 9:00,18079.998,8.628,,,,,,,,,,,
6/29/2019 8:00,6/29/2019 10:00,19437.476,8.949,,,,,,,,,,,
6/29/2019 9:00,6/29/2019 11:00,20774.055,9.279,,,,,,,,,,,
6/29/2019 10:00,6/29/2019 12:00,22070.237,9.618,,,,,,,,,,,
6/29/2019 11:00,6/29/2019 13:00,22991.171,9.875,,,,,,,,,,,
6/29/2019 12:00,6/29/2019 14:00,23184.494,9.922,,,,,,,,,,,
6/29/2019 13:00,6/29/2019 15:00,22421.836,9.707,,,,,,,,,,,
6/29/2019 14:00,6/29/2019 16:00,21438.305,9.449,,,,,,,,,,,
6/29/2019 15:00,6/29/2019 17:00,20381.544,9.171,,,,,,,,,,,
6/29/2019 16:00,6/29/2019 18:00,19023.466,8.85,,,,,,,,,,,
6/29/2019 17:00,6/29/2019 19:00,17353.78,8.46,,,,,,,,,,,
6/29/2019 18:00,6/29/2019 20:00,14736.724,7.864,,,,,,,,,,,
6/29/2019 19:00,6/29/2019 21:00,11206.389,7.056,,,,,,,,,,,
6/29/2019 20:00,6/29/2019 22:00,9557.755,6.654,,,,,,,,,,,
6/29/2019 21:00,6/29/2019 23:00,8712.336,6.434,,,,,,,,,,,
6/29/2019 22:00,6/30/2019 0:00,8276.226,6.321,,,,,,,,,,,
6/29/2019 23:00,6/30/2019 1:00,7705.263,6.164,,,,,,,,,,,
6/30/2019 0:00,6/30/2019 2:00,6844.978,5.922,,,,,,,,,,,
6/30/2019 1:00,6/30/2019 3:00,6484.774,5.815,,,,,,,,,,,
6/30/2019 2:00,6/30/2019 4:00,6071.342,5.688,,,,,,,,,,,
6/30/2019 3:00,6/30/2019 5:00,5391.713,5.468,,,,,,,,,,,
6/30/2019 4:00,6/30/2019 6:00,4558.19,5.181,,,,,,,,,,,
6/30/2019 5:00,6/30/2019 7:00,3491.43,4.768,,,,,,,,,,,
6/30/2019 6:00,6/30/2019 8:00,2975.978,4.535,,,,,,,,,,,
6/30/2019 7:00,6/30/2019 9:00,3199.243,4.634,,,,,,,,,,,
6/30/2019 8:00,6/30/2019 10:00,3445.322,4.748,,,,,,,,,,,
6/30/2019 9:00,6/30/2019 11:00,3508.295,4.772,,,,,,,,,,,
6/30/2019 10:00,6/30/2019 12:00,2808.593,4.467,,,,,,,,,,,
6/30/2019 11:00,6/30/2019 13:00,1717.758,3.887,,,,,,,,,,,
6/30/2019 12:00,6/30/2019 14:00,1119.783,3.491,,,,,,,,,,,
6/30/2019 13:00,6/30/2019 15:00,828.702,3.266,,,,,,,,,,,
6/30/2019 14:00,6/30/2019 16:00,468.401,2.898,,,,,,,,,,,
6/30/2019 15:00,6/30/2019 17:00,804.857,3.236,,,,,,,,,,,
6/30/2019 16:00,6/30/2019 18:00,1857.237,3.968,,,,,,,,,,,
6/30/2019 17:00,6/30/2019 19:00,2421.963,4.275,,,,,,,,,,,
6/30/2019 18:00,6/30/2019 20:00,2844.255,4.484,,,,,,,,,,,
6/30/2019 19:00,6/30/2019 21:00,4641.371,5.211,,,,,,,,,,,
6/30/2019 20:00,6/30/2019 22:00,6480.75,5.814,,,,,,,,,,,
6/30/2019 21:00,6/30/2019 23:00,7103.38,5.997,,,,,,,,,,,
6/30/2019 22:00,7/1/2019 0:00,6973.724,5.95,,,,,,,,,,,
6/30/2019 23:00,7/1/2019 1:00,8417.95,6.36,,,,,,,,,,,
7/1/2019 0:00,7/1/2019 2:00,9538.91,6.65,,,,,,,,,,,
7/1/2019 1:00,7/1/2019 3:00,10141.457,6.799,,,,,,,,,,,
7/1/2019 2:00,7/1/2019 4:00,11225.533,7.061,,,,,,,,,,,
7/1/2019 3:00,7/1/2019 5:00,10389.134,6.86,,,,,,,,,,,
7/1/2019 4:00,7/1/2019 6:00,10709.312,6.934,,,,,,,,,,,
7/1/2019 5:00,7/1/2019 7:00,9101.908,6.538,,,,,,,,,,,
7/1/2019 6:00,7/1/2019 8:00,7519.052,6.115,,,,,,,,,,,
7/1/2019 7:00,7/1/2019 9:00,5983.287,5.661,,,,,,,,,,,
7/1/2019 8:00,7/1/2019 10:00,3861.529,4.918,,,,,,,,,,,
7/1/2019 9:00,7/1/2019 11:00,1827.265,3.951,,,,,,,,,,,
7/1/2019 10:00,7/1/2019 12:00,713.89,3.161,,,,,,,,,,,
7/1/2019 11:00,7/1/2019 13:00,731.623,3.178,,,,,,,,,,,
7/1/2019 12:00,7/1/2019 14:00,1620.417,3.837,,,,,,,,,,,
7/1/2019 13:00,7/1/2019 15:00,2988.056,4.544,,,,,,,,,,,
7/1/2019 14:00,7/1/2019 16:00,4213.239,5.044,,,,,,,,,,,
7/1/2019 15:00,7/1/2019 17:00,4735.219,5.245,,,,,,,,,,,
7/1/2019 16:00,7/1/2019 18:00,4977.567,5.325,,,,,,,,,,,
7/1/2019 17:00,7/1/2019 19:00,5230.46,5.416,,,,,,,,,,,
7/1/2019 18:00,7/1/2019 20:00,5369.037,5.453,,,,,,,,,,,
7/1/2019 19:00,7/1/2019 21:00,5711.027,5.565,,,,,,,,,,,
7/1/2019 20:00,7/1/2019 22:00,5670.656,5.552,,,,,,,,,,,
7/1/2019 21:00,7/1/2019 23:00,5409.228,5.476,,,,,,,,,,,
7/1/2019 22:00,7/2/2019 0:00,5461.509,5.493,,,,,,,,,,,
7/1/2019 23:00,7/2/2019 1:00,5045.662,5.353,,,,,,,,,,,
7/2/2019 0:00,7/2/2019 2:00,4473.415,5.15,,,,,,,,,,,
7/2/2019 1:00,7/2/2019 3:00,4465.475,5.147,,,,,,,,,,,
7/2/2019 2:00,7/2/2019 4:00,4061.399,4.996,,,,,,,,,,,
7/2/2019 3:00,7/2/2019 5:00,3940.391,4.949,,,,,,,,,,,
7/2/2019 4:00,7/2/2019 6:00,4012.73,4.977,,,,,,,,,,,
7/2/2019 5:00,7/2/2019 7:00,3870.073,4.921,,,,,,,,,,,
7/2/2019 6:00,7/2/2019 8:00,3597.202,4.802,,,,,,,,,,,
7/2/2019 7:00,7/2/2019 9:00,3426.107,4.74,,,,,,,,,,,
7/2/2019 8:00,7/2/2019 10:00,3281.876,4.679,,,,,,,,,,,
7/2/2019 9:00,7/2/2019 11:00,2979.805,4.537,,,,,,,,,,,
7/2/2019 10:00,7/2/2019 12:00,2450.577,4.285,,,,,,,,,,,
7/2/2019 11:00,7/2/2019 13:00,1917.879,4.012,,,,,,,,,,,
7/2/2019 12:00,7/2/2019 14:00,1460.842,3.736,,,,,,,,,,,
7/2/2019 13:00,7/2/2019 15:00,1113.551,3.486,,,,,,,,,,,
7/2/2019 14:00,7/2/2019 16:00,707.883,3.155,,,,,,,,,,,
7/2/2019 15:00,7/2/2019 17:00,348.765,2.735,,,,,,,,,,,
7/2/2019 16:00,7/2/2019 18:00,128.367,2.297,,,,,,,,,,,
7/2/2019 17:00,7/2/2019 19:00,62.866,2.057,,,,,,,,,,,
7/2/2019 18:00,7/2/2019 20:00,194.343,2.46,,,,,,,,,,,
7/2/2019 19:00,7/2/2019 21:00,613.959,3.062,,,,,,,,,,,
7/2/2019 20:00,7/2/2019 22:00,1426.409,3.705,,,,,,,,,,,
7/2/2019 21:00,7/2/2019 23:00,1623.622,3.839,,,,,,,,,,,
7/2/2019 22:00,7/3/2019 0:00,1627.879,3.841,,,,,,,,,,,
7/2/2019 23:00,7/3/2019 1:00,1775.553,3.93,,,,,,,,,,,
7/3/2019 0:00,7/3/2019 2:00,1914.044,4.01,,,,,,,,,,,
7/3/2019 1:00,7/3/2019 3:00,2059.569,4.091,,,,,,,,,,,
7/3/2019 2:00,7/3/2019 4:00,1964.167,4.029,,,,,,,,,,,
7/3/2019 3:00,7/3/2019 5:00,1524.183,3.777,,,,,,,,,,,
7/3/2019 4:00,7/3/2019 6:00,1340.176,3.656,,,,,,,,,,,
7/3/2019 5:00,7/3/2019 7:00,933.357,3.354,,,,,,,,,,,
7/3/2019 6:00,7/3/2019 8:00,546.52,2.986,,,,,,,,,,,
7/3/2019 7:00,7/3/2019 9:00,274.975,2.623,,,,,,,,,,,
7/3/2019 8:00,7/3/2019 10:00,94.483,2.193,,,,,,,,,,,
7/3/2019 9:00,7/3/2019 11:00,31.254,1.863,,,,,,,,,,,
7/3/2019 10:00,7/3/2019 12:00,190.308,2.452,,,,,,,,,,,
7/3/2019 11:00,7/3/2019 13:00,922.531,3.345,,,,,,,,,,,
7/3/2019 12:00,7/3/2019 14:00,1960.574,4.028,,,,,,,,,,,
7/3/2019 13:00,7/3/2019 15:00,2999.057,4.555,,,,,,,,,,,
7/3/2019 14:00,7/3/2019 16:00,3962.012,4.957,,,,,,,,,,,
7/3/2019 15:00,7/3/2019 17:00,4457.849,5.145,,,,,,,,,,,
7/3/2019 16:00,7/3/2019 18:00,4599.826,5.193,,,,,,,,,,,
7/3/2019 17:00,7/3/2019 19:00,4431.082,5.135,,,,,,,,,,,
7/3/2019 18:00,7/3/2019 20:00,3896.022,4.931,,,,,,,,,,,
7/3/2019 19:00,7/3/2019 21:00,3581.637,4.796,,,,,,,,,,,
7/3/2019 20:00,7/3/2019 22:00,3513.1,4.773,,,,,,,,,,,
7/3/2019 21:00,7/3/2019 23:00,3442.618,4.747,,,,,,,,,,,
7/3/2019 22:00,7/4/2019 0:00,3068.571,4.586,,,,,,,,,,,
7/3/2019 23:00,7/4/2019 1:00,2913.587,4.516,,,,,,,,,,,
7/4/2019 0:00,7/4/2019 2:00,2841.189,4.482,,,,,,,,,,,
7/4/2019 1:00,7/4/2019 3:00,2551.315,4.344,,,,,,,,,,,
7/4/2019 2:00,7/4/2019 4:00,2478.487,4.308,,,,,,,,,,,
7/4/2019 3:00,7/4/2019 5:00,2472.608,4.306,,,,,,,,,,,
7/4/2019 4:00,7/4/2019 6:00,2673.535,4.394,,,,,,,,,,,
7/4/2019 5:00,7/4/2019 7:00,2848.688,4.486,,,,,,,,,,,
7/4/2019 6:00,7/4/2019 8:00,3097.802,4.599,,,,,,,,,,,
7/4/2019 7:00,7/4/2019 9:00,3414.876,4.736,,,,,,,,,,,
7/4/2019 8:00,7/4/2019 10:00,3799.203,4.893,,,,,,,,,,,
7/4/2019 9:00,7/4/2019 11:00,3875.679,4.923,,,,,,,,,,,
7/4/2019 10:00,7/4/2019 12:00,4180.951,5.032,,,,,,,,,,,
7/4/2019 11:00,7/4/2019 13:00,4640.616,5.211,,,,,,,,,,,
7/4/2019 12:00,7/4/2019 14:00,5300.903,5.44,,,,,,,,,,,
7/4/2019 13:00,7/4/2019 15:00,5843.961,5.617,,,,,,,,,,,
7/4/2019 14:00,7/4/2019 16:00,5925.904,5.643,,,,,,,,,,,
7/4/2019 15:00,7/4/2019 17:00,5744.243,5.575,,,,,,,,,,,
7/4/2019 16:00,7/4/2019 18:00,5187.312,5.401,,,,,,,,,,,
7/4/2019 17:00,7/4/2019 19:00,4537.291,5.174,,,,,,,,,,,
7/4/2019 18:00,7/4/2019 20:00,3790.363,4.885,,,,,,,,,,,
7/4/2019 19:00,7/4/2019 21:00,3038.818,4.572,,,,,,,,,,,
7/4/2019 20:00,7/4/2019 22:00,2464.998,4.302,,,,,,,,,,,
7/4/2019 21:00,7/4/2019 23:00,2288.808,4.212,,,,,,,,,,,
7/4/2019 22:00,7/5/2019 0:00,2293.651,4.215,,,,,,,,,,,
7/4/2019 23:00,7/5/2019 1:00,2364.915,4.251,,,,,,,,,,,
7/5/2019 0:00,7/5/2019 2:00,2473.346,4.306,,,,,,,,,,,
7/5/2019 1:00,7/5/2019 3:00,2295.007,4.216,,,,,,,,,,,
7/5/2019 2:00,7/5/2019 4:00,2110.925,4.114,,,,,,,,,,,
7/5/2019 3:00,7/5/2019 5:00,1860.576,3.974,,,,,,,,,,,
7/5/2019 4:00,7/5/2019 6:00,1775.278,3.93,,,,,,,,,,,
7/5/2019 5:00,7/5/2019 7:00,1409.749,3.697,,,,,,,,,,,
7/5/2019 6:00,7/5/2019 8:00,1138.115,3.513,,,,,,,,,,,
7/5/2019 7:00,7/5/2019 9:00,924.737,3.347,,,,,,,,,,,
7/5/2019 8:00,7/5/2019 10:00,824.875,3.262,,,,,,,,,,,
7/5/2019 9:00,7/5/2019 11:00,744.007,3.189,,,,,,,,,,,
7/5/2019 10:00,7/5/2019 12:00,847.629,3.282,,,,,,,,,,,
7/5/2019 11:00,7/5/2019 13:00,1126.093,3.496,,,,,,,,,,,
7/5/2019 12:00,7/5/2019 14:00,1337.478,3.654,,,,,,,,,,,
7/5/2019 13:00,7/5/2019 15:00,1575.583,3.809,,,,,,,,,,,
7/5/2019 14:00,7/5/2019 16:00,1835.567,3.956,,,,,,,,,,,
7/5/2019 15:00,7/5/2019 17:00,2187.846,4.155,,,,,,,,,,,
7/5/2019 16:00,7/5/2019 18:00,2544.319,4.341,,,,,,,,,,,
7/5/2019 17:00,7/5/2019 19:00,2948.904,4.526,,,,,,,,,,,
7/5/2019 18:00,7/5/2019 20:00,3226.508,4.646,,,,,,,,,,,
7/5/2019 19:00,7/5/2019 21:00,3351.922,4.709,,,,,,,,,,,
7/5/2019 20:00,7/5/2019 22:00,3773.687,4.874,,,,,,,,,,,
7/5/2019 21:00,7/5/2019 23:00,3985.106,4.966,,,,,,,,,,,
7/5/2019 22:00,7/6/2019 0:00,3949.411,4.952,,,,,,,,,,,
7/5/2019 23:00,7/6/2019 1:00,3850.347,4.913,,,,,,,,,,,
7/6/2019 0:00,7/6/2019 2:00,3865.196,4.919,,,,,,,,,,,
7/6/2019 1:00,7/6/2019 3:00,4043.805,4.989,,,,,,,,,,,
7/6/2019 2:00,7/6/2019 4:00,3986.153,4.967,,,,,,,,,,,
7/6/2019 3:00,7/6/2019 5:00,3973.021,4.962,,,,,,,,,,,
7/6/2019 4:00,7/6/2019 6:00,4587.25,5.191,,,,,,,,,,,
7/6/2019 5:00,7/6/2019 7:00,5857.059,5.621,,,,,,,,,,,
7/6/2019 6:00,7/6/2019 8:00,6067.208,5.687,,,,,,,,,,,
7/6/2019 7:00,7/6/2019 9:00,6173.726,5.72,,,,,,,,,,,
7/6/2019 8:00,7/6/2019 10:00,5835.935,5.614,,,,,,,,,,,
7/6/2019 9:00,7/6/2019 11:00,5316.976,5.443,,,,,,,,,,,
7/6/2019 10:00,7/6/2019 12:00,5056.535,5.357,,,,,,,,,,,
7/6/2019 11:00,7/6/2019 13:00,5157.99,5.391,,,,,,,,,,,
7/6/2019 12:00,7/6/2019 14:00,5097.884,5.371,,,,,,,,,,,
7/6/2019 13:00,7/6/2019 15:00,4838.625,5.276,,,,,,,,,,,
7/6/2019 14:00,7/6/2019 16:00,4269.04,5.065,,,,,,,,,,,
7/6/2019 15:00,7/6/2019 17:00,3327.541,4.699,,,,,,,,,,,
7/6/2019 16:00,7/6/2019 18:00,2488.191,4.313,,,,,,,,,,,
7/6/2019 17:00,7/6/2019 19:00,1987.238,4.051,,,,,,,,,,,
7/6/2019 18:00,7/6/2019 20:00,1691.114,3.871,,,,,,,,,,,
7/6/2019 19:00,7/6/2019 21:00,1556.299,3.797,,,,,,,,,,,
7/6/2019 20:00,7/6/2019 22:00,2379.096,4.259,,,,,,,,,,,
7/6/2019 21:00,7/6/2019 23:00,3407.537,4.733,,,,,,,,,,,
7/6/2019 22:00,7/7/2019 0:00,4466.551,5.148,,,,,,,,,,,
7/6/2019 23:00,7/7/2019 1:00,4707.612,5.235,,,,,,,,,,,
7/7/2019 0:00,7/7/2019 2:00,4738.182,5.246,,,,,,,,,,,
7/7/2019 1:00,7/7/2019 3:00,4697.799,5.231,,,,,,,,,,,
7/7/2019 2:00,7/7/2019 4:00,4342.237,5.102,,,,,,,,,,,
7/7/2019 3:00,7/7/2019 5:00,3644.658,4.831,,,,,,,,,,,
7/7/2019 4:00,7/7/2019 6:00,3452.319,4.751,,,,,,,,,,,
7/7/2019 5:00,7/7/2019 7:00,3298.475,4.686,,,,,,,,,,,
7/7/2019 6:00,7/7/2019 8:00,2717.369,4.424,,,,,,,,,,,
7/7/2019 7:00,7/7/2019 9:00,2153.703,4.132,,,,,,,,,,,
7/7/2019 8:00,7/7/2019 10:00,1721.372,3.889,,,,,,,,,,,
7/7/2019 9:00,7/7/2019 11:00,1468.142,3.741,,,,,,,,,,,
7/7/2019 10:00,7/7/2019 12:00,1516.863,3.772,,,,,,,,,,,
7/7/2019 11:00,7/7/2019 13:00,1731.975,3.895,,,,,,,,,,,
7/7/2019 12:00,7/7/2019 14:00,1912.258,4.009,,,,,,,,,,,
7/7/2019 13:00,7/7/2019 15:00,2207.356,4.17,,,,,,,,,,,
7/7/2019 14:00,7/7/2019 16:00,2595.061,4.363,,,,,,,,,,,
7/7/2019 15:00,7/7/2019 17:00,2866.586,4.494,,,,,,,,,,,
7/7/2019 16:00,7/7/2019 18:00,2988.959,4.549,,,,,,,,,,,
7/7/2019 17:00,7/7/2019 19:00,2735.357,4.433,,,,,,,,,,,
7/7/2019 18:00,7/7/2019 20:00,2730.48,4.431,,,,,,,,,,,
7/7/2019 19:00,7/7/2019 21:00,3219.848,4.643,,,,,,,,,,,
7/7/2019 20:00,7/7/2019 22:00,3564.591,4.789,,,,,,,,,,,
7/7/2019 21:00,7/7/2019 23:00,3677.478,4.844,,,,,,,,,,,
7/7/2019 22:00,7/8/2019 0:00,4269.267,5.066,,,,,,,,,,,
7/7/2019 23:00,7/8/2019 1:00,4983.794,5.332,,,,,,,,,,,
7/8/2019 0:00,7/8/2019 2:00,5557.152,5.522,,,,,,,,,,,
7/8/2019 1:00,7/8/2019 3:00,5802.011,5.603,,,,,,,,,,,
7/8/2019 2:00,7/8/2019 4:00,5102.518,5.373,,,,,,,,,,,
7/8/2019 3:00,7/8/2019 5:00,4781.331,5.261,,,,,,,,,,,
7/8/2019 4:00,7/8/2019 6:00,4555.525,5.18,,,,,,,,,,,
7/8/2019 5:00,7/8/2019 7:00,4030.665,4.984,,,,,,,,,,,
7/8/2019 6:00,7/8/2019 8:00,3622.466,4.822,,,,,,,,,,,
7/8/2019 7:00,7/8/2019 9:00,3733.96,4.864,,,,,,,,,,,
7/8/2019 8:00,7/8/2019 10:00,3875.736,4.923,,,,,,,,,,,
7/8/2019 9:00,7/8/2019 11:00,4316.315,5.092,,,,,,,,,,,
7/8/2019 10:00,7/8/2019 12:00,4976.848,5.321,,,,,,,,,,,
7/8/2019 11:00,7/8/2019 13:00,5478.014,5.498,,,,,,,,,,,
7/8/2019 12:00,7/8/2019 14:00,5762.672,5.591,,,,,,,,,,,
7/8/2019 13:00,7/8/2019 15:00,5759.276,5.584,,,,,,,,,,,
7/8/2019 14:00,7/8/2019 16:00,5763.675,5.591,,,,,,,,,,,
7/8/2019 15:00,7/8/2019 17:00,5713.735,5.566,,,,,,,,,,,
7/8/2019 16:00,7/8/2019 18:00,5250.467,5.423,,,,,,,,,,,
7/8/2019 17:00,7/8/2019 19:00,4780.156,5.261,,,,,,,,,,,
7/8/2019 18:00,7/8/2019 20:00,3120.905,4.609,,,,,,,,,,,
7/8/2019 19:00,7/8/2019 21:00,2463.113,4.301,,,,,,,,,,,
7/8/2019 20:00,7/8/2019 22:00,2308.624,4.223,,,,,,,,,,,
7/8/2019 21:00,7/8/2019 23:00,2062.929,4.093,,,,,,,,,,,
7/8/2019 22:00,7/9/2019 0:00,1763.794,3.923,,,,,,,,,,,
7/8/2019 23:00,7/9/2019 1:00,1508.775,3.767,,,,,,,,,,,
7/9/2019 0:00,7/9/2019 2:00,1350.192,3.663,,,,,,,,,,,
7/9/2019 1:00,7/9/2019 3:00,1223.921,3.576,,,,,,,,,,,
7/9/2019 2:00,7/9/2019 4:00,1094.866,3.472,,,,,,,,,,,
7/9/2019 3:00,7/9/2019 5:00,781.301,3.215,,,,,,,,,,,
7/9/2019 4:00,7/9/2019 6:00,193.333,2.458,,,,,,,,,,,
7/9/2019 5:00,7/9/2019 7:00,251.019,2.572,,,,,,,,,,,
7/9/2019 6:00,7/9/2019 8:00,677.434,3.118,,,,,,,,,,,
7/9/2019 7:00,7/9/2019 9:00,979.555,3.392,,,,,,,,,,,
7/9/2019 8:00,7/9/2019 10:00,1243.185,3.589,,,,,,,,,,,
7/9/2019 9:00,7/9/2019 11:00,1455.576,3.733,,,,,,,,,,,
7/9/2019 10:00,7/9/2019 12:00,1831.148,3.953,,,,,,,,,,,
7/9/2019 11:00,7/9/2019 13:00,2492.916,4.316,,,,,,,,,,,
7/9/2019 12:00,7/9/2019 14:00,3283.574,4.68,,,,,,,,,,,
7/9/2019 13:00,7/9/2019 15:00,3773.55,4.874,,,,,,,,,,,
7/9/2019 14:00,7/9/2019 16:00,3879.216,4.925,,,,,,,,,,,
7/9/2019 15:00,7/9/2019 17:00,3962.077,4.957,,,,,,,,,,,
7/9/2019 16:00,7/9/2019 18:00,3796.62,4.892,,,,,,,,,,,
7/9/2019 17:00,7/9/2019 19:00,3583.11,4.796,,,,,,,,,,,
7/9/2019 18:00,7/9/2019 20:00,2891.268,4.505,,,,,,,,,,,
7/9/2019 19:00,7/9/2019 21:00,2403.219,4.27,,,,,,,,,,,
7/9/2019 20:00,7/9/2019 22:00,2116.879,4.116,,,,,,,,,,,
7/9/2019 21:00,7/9/2019 23:00,1542.023,3.788,,,,,,,,,,,
7/9/2019 22:00,7/10/2019 0:00,1008.879,3.415,,,,,,,,,,,
7/9/2019 23:00,7/10/2019 1:00,615.99,3.064,,,,,,,,,,,
7/10/2019 0:00,7/10/2019 2:00,335.681,2.711,,,,,,,,,,,
7/10/2019 1:00,7/10/2019 3:00,216.154,2.514,,,,,,,,,,,
7/10/2019 2:00,7/10/2019 4:00,138.545,2.326,,,,,,,,,,,
7/10/2019 3:00,7/10/2019 5:00,81.993,2.149,,,,,,,,,,,
7/10/2019 4:00,7/10/2019 6:00,53.695,2.017,,,,,,,,,,,
7/10/2019 5:00,7/10/2019 7:00,192.738,2.457,,,,,,,,,,,
7/10/2019 6:00,7/10/2019 8:00,445.864,2.871,,,,,,,,,,,
7/10/2019 7:00,7/10/2019 9:00,601.595,3.049,,,,,,,,,,,
7/10/2019 8:00,7/10/2019 10:00,675.968,3.118,,,,,,,,,,,
7/10/2019 9:00,7/10/2019 11:00,734.331,3.18,,,,,,,,,,,
7/10/2019 10:00,7/10/2019 12:00,876.285,3.307,,,,,,,,,,,
7/10/2019 11:00,7/10/2019 13:00,1026.668,3.429,,,,,,,,,,,
7/10/2019 12:00,7/10/2019 14:00,1180.081,3.544,,,,,,,,,,,
7/10/2019 13:00,7/10/2019 15:00,1386.865,3.688,,,,,,,,,,,
7/10/2019 14:00,7/10/2019 16:00,1581.284,3.813,,,,,,,,,,,
7/10/2019 15:00,7/10/2019 17:00,1672.345,3.864,,,,,,,,,,,
7/10/2019 16:00,7/10/2019 18:00,1630.401,3.843,,,,,,,,,,,
7/10/2019 17:00,7/10/2019 19:00,1450.513,3.724,,,,,,,,,,,
7/10/2019 18:00,7/10/2019 20:00,1266.856,3.606,,,,,,,,,,,
7/10/2019 19:00,7/10/2019 21:00,1161.197,3.53,,,,,,,,,,,
7/10/2019 20:00,7/10/2019 22:00,1074.793,3.457,,,,,,,,,,,
7/10/2019 21:00,7/10/2019 23:00,927.216,3.349,,,,,,,,,,,
7/10/2019 22:00,7/11/2019 0:00,872.854,3.304,,,,,,,,,,,
7/10/2019 23:00,7/11/2019 1:00,912.009,3.337,,,,,,,,,,,
7/11/2019 0:00,7/11/2019 2:00,1023.129,3.426,,,,,,,,,,,
7/11/2019 1:00,7/11/2019 3:00,1189.74,3.551,,,,,,,,,,,
7/11/2019 2:00,7/11/2019 4:00,1133.452,3.51,,,,,,,,,,,
7/11/2019 3:00,7/11/2019 5:00,948.25,3.363,,,,,,,,,,,
7/11/2019 4:00,7/11/2019 6:00,1021.585,3.425,,,,,,,,,,,
7/11/2019 5:00,7/11/2019 7:00,1184.629,3.547,,,,,,,,,,,
7/11/2019 6:00,7/11/2019 8:00,1444.8,3.717,,,,,,,,,,,
7/11/2019 7:00,7/11/2019 9:00,1720.327,3.888,,,,,,,,,,,
7/11/2019 8:00,7/11/2019 10:00,1925.067,4.016,,,,,,,,,,,
7/11/2019 9:00,7/11/2019 11:00,2141.591,4.126,,,,,,,,,,,
7/11/2019 10:00,7/11/2019 12:00,2355.65,4.247,,,,,,,,,,,
7/11/2019 11:00,7/11/2019 13:00,2563.374,4.35,,,,,,,,,,,
7/11/2019 12:00,7/11/2019 14:00,2670.584,4.393,,,,,,,,,,,
7/11/2019 13:00,7/11/2019 15:00,2693.009,4.404,,,,,,,,,,,
7/11/2019 14:00,7/11/2019 16:00,2706.994,4.413,,,,,,,,,,,
7/11/2019 15:00,7/11/2019 17:00,2760.865,4.445,,,,,,,,,,,
7/11/2019 16:00,7/11/2019 18:00,2751.106,4.44,,,,,,,,,,,
7/11/2019 17:00,7/11/2019 19:00,2707.018,4.413,,,,,,,,,,,
7/11/2019 18:00,7/11/2019 20:00,2520.164,4.329,,,,,,,,,,,
7/11/2019 19:00,7/11/2019 21:00,2147.638,4.129,,,,,,,,,,,
7/11/2019 20:00,7/11/2019 22:00,1860.476,3.974,,,,,,,,,,,
7/11/2019 21:00,7/11/2019 23:00,1619.106,3.836,,,,,,,,,,,
7/11/2019 22:00,7/12/2019 0:00,1434.463,3.71,,,,,,,,,,,
7/11/2019 23:00,7/12/2019 1:00,1248.641,3.593,,,,,,,,,,,
7/12/2019 0:00,7/12/2019 2:00,1099.26,3.476,,,,,,,,,,,
7/12/2019 1:00,7/12/2019 3:00,931.016,3.352,,,,,,,,,,,
7/12/2019 2:00,7/12/2019 4:00,824.36,3.262,,,,,,,,,,,
7/12/2019 3:00,7/12/2019 5:00,699.46,3.147,,,,,,,,,,,
7/12/2019 4:00,7/12/2019 6:00,635.78,3.084,,,,,,,,,,,
7/12/2019 5:00,7/12/2019 7:00,530.482,2.963,,,,,,,,,,,
7/12/2019 6:00,7/12/2019 8:00,366.999,2.765,,,,,,,,,,,
7/12/2019 7:00,7/12/2019 9:00,291.443,2.65,,,,,,,,,,,
7/12/2019 8:00,7/12/2019 10:00,275.472,2.623,,,,,,,,,,,
7/12/2019 9:00,7/12/2019 11:00,361.638,2.758,,,,,,,,,,,
7/12/2019 10:00,7/12/2019 12:00,584.614,3.031,,,,,,,,,,,
7/12/2019 11:00,7/12/2019 13:00,901.447,3.328,,,,,,,,,,,
7/12/2019 12:00,7/12/2019 14:00,1261.309,3.602,,,,,,,,,,,
7/12/2019 13:00,7/12/2019 15:00,1631.778,3.844,,,,,,,,,,,
7/12/2019 14:00,7/12/2019 16:00,2030.261,4.075,,,,,,,,,,,
7/12/2019 15:00,7/12/2019 17:00,2532.456,4.335,,,,,,,,,,,
7/12/2019 16:00,7/12/2019 18:00,2987.634,4.542,,,,,,,,,,,
7/12/2019 17:00,7/12/2019 19:00,2955.454,4.528,,,,,,,,,,,
7/12/2019 18:00,7/12/2019 20:00,2498.546,4.318,,,,,,,,,,,
7/12/2019 19:00,7/12/2019 21:00,1980.725,4.047,,,,,,,,,,,
7/12/2019 20:00,7/12/2019 22:00,1740.147,3.902,,,,,,,,,,,
7/12/2019 21:00,7/12/2019 23:00,1446.849,3.718,,,,,,,,,,,
7/12/2019 22:00,7/13/2019 0:00,1089.684,3.468,,,,,,,,,,,
7/12/2019 23:00,7/13/2019 1:00,877.8,3.308,,,,,,,,,,,
7/13/2019 0:00,7/13/2019 2:00,805.394,3.236,,,,,,,,,,,
7/13/2019 1:00,7/13/2019 3:00,709.005,3.156,,,,,,,,,,,
7/13/2019 2:00,7/13/2019 4:00,531.997,2.965,,,,,,,,,,,
7/13/2019 3:00,7/13/2019 5:00,338.856,2.716,,,,,,,,,,,
7/13/2019 4:00,7/13/2019 6:00,213.639,2.509,,,,,,,,,,,
7/13/2019 5:00,7/13/2019 7:00,104.979,2.232,,,,,,,,,,,
7/13/2019 6:00,7/13/2019 8:00,110,2.249,,,,,,,,,,,
7/13/2019 7:00,7/13/2019 9:00,377.304,2.775,,,,,,,,,,,
7/13/2019 8:00,7/13/2019 10:00,788.531,3.221,,,,,,,,,,,
7/13/2019 9:00,7/13/2019 11:00,1388.586,3.689,,,,,,,,,,,
7/13/2019 10:00,7/13/2019 12:00,2170.098,4.141,,,,,,,,,,,
7/13/2019 11:00,7/13/2019 13:00,2892.285,4.506,,,,,,,,,,,
7/13/2019 12:00,7/13/2019 14:00,3348.597,4.708,,,,,,,,,,,
7/13/2019 13:00,7/13/2019 15:00,3573.438,4.792,,,,,,,,,,,
7/13/2019 14:00,7/13/2019 16:00,3616.356,4.811,,,,,,,,,,,
7/13/2019 15:00,7/13/2019 17:00,3679.25,4.845,,,,,,,,,,,
7/13/2019 16:00,7/13/2019 18:00,3840.527,4.91,,,,,,,,,,,
7/13/2019 17:00,7/13/2019 19:00,3804.658,4.895,,,,,,,,,,,
7/13/2019 18:00,7/13/2019 20:00,3522.22,4.775,,,,,,,,,,,
7/13/2019 19:00,7/13/2019 21:00,3068.525,4.586,,,,,,,,,,,
7/13/2019 20:00,7/13/2019 22:00,2638.913,4.378,,,,,,,,,,,
7/13/2019 21:00,7/13/2019 23:00,2436.181,4.279,,,,,,,,,,,
7/13/2019 22:00,7/14/2019 0:00,2175.903,4.144,,,,,,,,,,,
7/13/2019 23:00,7/14/2019 1:00,1853.512,3.966,,,,,,,,,,,
7/14/2019 0:00,7/14/2019 2:00,1651.369,3.856,,,,,,,,,,,
7/14/2019 1:00,7/14/2019 3:00,1588.256,3.817,,,,,,,,,,,
7/14/2019 2:00,7/14/2019 4:00,1697.294,3.875,,,,,,,,,,,
7/14/2019 3:00,7/14/2019 5:00,1580.308,3.812,,,,,,,,,,,
7/14/2019 4:00,7/14/2019 6:00,1463.02,3.738,,,,,,,,,,,
7/14/2019 5:00,7/14/2019 7:00,1367.968,3.675,,,,,,,,,,,
7/14/2019 6:00,7/14/2019 8:00,1259.757,3.601,,,,,,,,,,,
7/14/2019 7:00,7/14/2019 9:00,1094.581,3.472,,,,,,,,,,,
7/14/2019 8:00,7/14/2019 10:00,908.913,3.334,,,,,,,,,,,
7/14/2019 9:00,7/14/2019 11:00,868.377,3.3,,,,,,,,,,,
7/14/2019 10:00,7/14/2019 12:00,900.167,3.327,,,,,,,,,,,
7/14/2019 11:00,7/14/2019 13:00,1007.305,3.414,,,,,,,,,,,
7/14/2019 12:00,7/14/2019 14:00,1214.964,3.569,,,,,,,,,,,
7/14/2019 13:00,7/14/2019 15:00,1471.181,3.743,,,,,,,,,,,
7/14/2019 14:00,7/14/2019 16:00,1713.032,3.884,,,,,,,,,,,
7/14/2019 15:00,7/14/2019 17:00,1765.32,3.924,,,,,,,,,,,
7/14/2019 16:00,7/14/2019 18:00,1889.589,3.996,,,,,,,,,,,
7/14/2019 17:00,7/14/2019 19:00,2249.298,4.192,,,,,,,,,,,
7/14/2019 18:00,7/14/2019 20:00,2548.414,4.343,,,,,,,,,,,
7/14/2019 19:00,7/14/2019 21:00,2614.109,4.368,,,,,,,,,,,
7/14/2019 20:00,7/14/2019 22:00,2484.345,4.311,,,,,,,,,,,
7/14/2019 21:00,7/14/2019 23:00,2405.075,4.271,,,,,,,,,,,
7/14/2019 22:00,7/15/2019 0:00,2147.944,4.129,,,,,,,,,,,
7/14/2019 23:00,7/15/2019 1:00,1859.992,3.971,,,,,,,,,,,
7/15/2019 0:00,7/15/2019 2:00,1605.284,3.828,,,,,,,,,,,
7/15/2019 1:00,7/15/2019 3:00,1402.726,3.694,,,,,,,,,,,
7/15/2019 2:00,7/15/2019 4:00,1267.646,3.606,,,,,,,,,,,
7/15/2019 3:00,7/15/2019 5:00,1167.023,3.535,,,,,,,,,,,
7/15/2019 4:00,7/15/2019 6:00,1082.494,3.463,,,,,,,,,,,
7/15/2019 5:00,7/15/2019 7:00,989.085,3.399,,,,,,,,,,,
7/15/2019 6:00,7/15/2019 8:00,952.166,3.365,,,,,,,,,,,
7/15/2019 7:00,7/15/2019 9:00,910.01,3.335,,,,,,,,,,,
7/15/2019 8:00,7/15/2019 10:00,967.777,3.382,,,,,,,,,,,
7/15/2019 9:00,7/15/2019 11:00,1165.864,3.534,,,,,,,,,,,
7/15/2019 10:00,7/15/2019 12:00,1606.368,3.828,,,,,,,,,,,
7/15/2019 11:00,7/15/2019 13:00,2186.481,4.15,,,,,,,,,,,
7/15/2019 12:00,7/15/2019 14:00,2710.441,4.421,,,,,,,,,,,
7/15/2019 13:00,7/15/2019 15:00,3061.816,4.583,,,,,,,,,,,
7/15/2019 14:00,7/15/2019 16:00,3097.285,4.598,,,,,,,,,,,
7/15/2019 15:00,7/15/2019 17:00,2875.958,4.498,,,,,,,,,,,
7/15/2019 16:00,7/15/2019 18:00,2750.127,4.44,,,,,,,,,,,
7/15/2019 17:00,7/15/2019 19:00,2877.213,4.499,,,,,,,,,,,
7/15/2019 18:00,7/15/2019 20:00,3106.099,4.602,,,,,,,,,,,
7/15/2019 19:00,7/15/2019 21:00,3239.045,4.651,,,,,,,,,,,
7/15/2019 20:00,7/15/2019 22:00,3168.125,4.62,,,,,,,,,,,
7/15/2019 21:00,7/15/2019 23:00,3045.13,4.575,,,,,,,,,,,
7/15/2019 22:00,7/16/2019 0:00,2783.058,4.455,,,,,,,,,,,
7/15/2019 23:00,7/16/2019 1:00,2490.307,4.314,,,,,,,,,,,
7/16/2019 0:00,7/16/2019 2:00,2255.605,4.195,,,,,,,,,,,
7/16/2019 1:00,7/16/2019 3:00,2037.932,4.079,,,,,,,,,,,
7/16/2019 2:00,7/16/2019 4:00,1891.844,3.997,,,,,,,,,,,
7/16/2019 3:00,7/16/2019 5:00,1575.097,3.809,,,,,,,,,,,
7/16/2019 4:00,7/16/2019 6:00,1390.521,3.69,,,,,,,,,,,
7/16/2019 5:00,7/16/2019 7:00,1330.163,3.644,,,,,,,,,,,
7/16/2019 6:00,7/16/2019 8:00,1276.646,3.611,,,,,,,,,,,
7/16/2019 7:00,7/16/2019 9:00,1224.061,3.576,,,,,,,,,,,
7/16/2019 8:00,7/16/2019 10:00,1243.335,3.589,,,,,,,,,,,
7/16/2019 9:00,7/16/2019 11:00,1330.324,3.645,,,,,,,,,,,
7/16/2019 10:00,7/16/2019 12:00,1451.03,3.728,,,,,,,,,,,
7/16/2019 11:00,7/16/2019 13:00,1566.641,3.804,,,,,,,,,,,
7/16/2019 12:00,7/16/2019 14:00,1740.437,3.904,,,,,,,,,,,
7/16/2019 13:00,7/16/2019 15:00,1872.482,3.986,,,,,,,,,,,
7/16/2019 14:00,7/16/2019 16:00,1980.229,4.047,,,,,,,,,,,
7/16/2019 15:00,7/16/2019 17:00,1966.722,4.035,,,,,,,,,,,
7/16/2019 16:00,7/16/2019 18:00,1795.392,3.941,,,,,,,,,,,
7/16/2019 17:00,7/16/2019 19:00,1684.787,3.868,,,,,,,,,,,
7/16/2019 18:00,7/16/2019 20:00,1640.76,3.849,,,,,,,,,,,
7/16/2019 19:00,7/16/2019 21:00,1698.798,3.875,,,,,,,,,,,
7/16/2019 20:00,7/16/2019 22:00,1706.569,3.88,,,,,,,,,,,
7/16/2019 21:00,7/16/2019 23:00,1510.659,3.768,,,,,,,,,,,
7/16/2019 22:00,7/17/2019 0:00,1330.729,3.648,,,,,,,,,,,
7/16/2019 23:00,7/17/2019 1:00,1208.403,3.564,,,,,,,,,,,
7/17/2019 0:00,7/17/2019 2:00,1159.122,3.529,,,,,,,,,,,
7/17/2019 1:00,7/17/2019 3:00,1163.995,3.532,,,,,,,,,,,
7/17/2019 2:00,7/17/2019 4:00,1144.391,3.518,,,,,,,,,,,
7/17/2019 3:00,7/17/2019 5:00,719.949,3.167,,,,,,,,,,,
7/17/2019 4:00,7/17/2019 6:00,402.005,2.814,,,,,,,,,,,
7/17/2019 5:00,7/17/2019 7:00,203.653,2.481,,,,,,,,,,,
7/17/2019 6:00,7/17/2019 8:00,69.978,2.09,,,,,,,,,,,
7/17/2019 7:00,7/17/2019 9:00,42.517,1.945,,,,,,,,,,,
7/17/2019 8:00,7/17/2019 10:00,48.931,1.99,,,,,,,,,,,
7/17/2019 9:00,7/17/2019 11:00,60.287,2.044,,,,,,,,,,,
7/17/2019 10:00,7/17/2019 12:00,80.287,2.142,,,,,,,,,,,
7/17/2019 11:00,7/17/2019 13:00,135.712,2.318,,,,,,,,,,,
7/17/2019 12:00,7/17/2019 14:00,203.598,2.481,,,,,,,,,,,
7/17/2019 13:00,7/17/2019 15:00,250.247,2.571,,,,,,,,,,,
7/17/2019 14:00,7/17/2019 16:00,294.59,2.655,,,,,,,,,,,
7/17/2019 15:00,7/17/2019 17:00,259.765,2.596,,,,,,,,,,,
7/17/2019 16:00,7/17/2019 18:00,279.309,2.63,,,,,,,,,,,
7/17/2019 17:00,7/17/2019 19:00,311.998,2.683,,,,,,,,,,,
7/17/2019 18:00,7/17/2019 20:00,293.787,2.654,,,,,,,,,,,
7/17/2019 19:00,7/17/2019 21:00,229.915,2.533,,,,,,,,,,,
7/17/2019 20:00,7/17/2019 22:00,151.153,2.367,,,,,,,,,,,
7/17/2019 21:00,7/17/2019 23:00,125.23,2.288,,,,,,,,,,,
7/17/2019 22:00,7/18/2019 0:00,140.282,2.33,,,,,,,,,,,
7/17/2019 23:00,7/18/2019 1:00,179.489,2.435,,,,,,,,,,,
7/18/2019 0:00,7/18/2019 2:00,234.355,2.541,,,,,,,,,,,
7/18/2019 1:00,7/18/2019 3:00,289.034,2.646,,,,,,,,,,,
7/18/2019 2:00,7/18/2019 4:00,380.837,2.778,,,,,,,,,,,
7/18/2019 3:00,7/18/2019 5:00,528.486,2.961,,,,,,,,,,,
7/18/2019 4:00,7/18/2019 6:00,737.751,3.183,,,,,,,,,,,
7/18/2019 5:00,7/18/2019 7:00,970.501,3.384,,,,,,,,,,,
7/18/2019 6:00,7/18/2019 8:00,1238.418,3.586,,,,,,,,,,,
7/18/2019 7:00,7/18/2019 9:00,1558.321,3.798,,,,,,,,,,,
7/18/2019 8:00,7/18/2019 10:00,1740.811,3.906,,,,,,,,,,,
7/18/2019 9:00,7/18/2019 11:00,1906.756,4.006,,,,,,,,,,,
7/18/2019 10:00,7/18/2019 12:00,2150.02,4.13,,,,,,,,,,,
7/18/2019 11:00,7/18/2019 13:00,2394.793,4.267,,,,,,,,,,,
7/18/2019 12:00,7/18/2019 14:00,2621.279,4.37,,,,,,,,,,,
7/18/2019 13:00,7/18/2019 15:00,2816.283,4.471,,,,,,,,,,,
7/18/2019 14:00,7/18/2019 16:00,3150.585,4.616,,,,,,,,,,,
7/18/2019 15:00,7/18/2019 17:00,3196.483,4.633,,,,,,,,,,,
7/18/2019 16:00,7/18/2019 18:00,3194.313,4.632,,,,,,,,,,,
7/18/2019 17:00,7/18/2019 19:00,3227.921,4.646,,,,,,,,,,,
7/18/2019 18:00,7/18/2019 20:00,3109.802,4.604,,,,,,,,,,,
7/18/2019 19:00,7/18/2019 21:00,4016.049,4.978,,,,,,,,,,,
7/18/2019 20:00,7/18/2019 22:00,5173.239,5.397,,,,,,,,,,,
7/18/2019 21:00,7/18/2019 23:00,5823.972,5.61,,,,,,,,,,,
7/18/2019 22:00,7/19/2019 0:00,5941.84,5.648,,,,,,,,,,,
7/18/2019 23:00,7/19/2019 1:00,6067.075,5.687,,,,,,,,,,,
7/19/2019 0:00,7/19/2019 2:00,6172.682,5.715,,,,,,,,,,,
7/19/2019 1:00,7/19/2019 3:00,5917.833,5.64,,,,,,,,,,,
7/19/2019 2:00,7/19/2019 4:00,5212.74,5.41,,,,,,,,,,,
7/19/2019 3:00,7/19/2019 5:00,4007.077,4.975,,,,,,,,,,,
7/19/2019 4:00,7/19/2019 6:00,3433.474,4.743,,,,,,,,,,,
7/19/2019 5:00,7/19/2019 7:00,4321.786,5.094,,,,,,,,,,,
7/19/2019 6:00,7/19/2019 8:00,4916.065,5.299,,,,,,,,,,,
7/19/2019 7:00,7/19/2019 9:00,4552.817,5.179,,,,,,,,,,,
7/19/2019 8:00,7/19/2019 10:00,4061.834,4.996,,,,,,,,,,,
7/19/2019 9:00,7/19/2019 11:00,3895.434,4.931,,,,,,,,,,,
7/19/2019 10:00,7/19/2019 12:00,3790.494,4.885,,,,,,,,,,,
7/19/2019 11:00,7/19/2019 13:00,3502.421,4.771,,,,,,,,,,,
7/19/2019 12:00,7/19/2019 14:00,3170.139,4.621,,,,,,,,,,,
7/19/2019 13:00,7/19/2019 15:00,2878.02,4.499,,,,,,,,,,,
7/19/2019 14:00,7/19/2019 16:00,2669.075,4.392,,,,,,,,,,,
7/19/2019 15:00,7/19/2019 17:00,2187.089,4.151,,,,,,,,,,,
7/19/2019 16:00,7/19/2019 18:00,1810.731,3.946,,,,,,,,,,,
7/19/2019 17:00,7/19/2019 19:00,1553.286,3.795,,,,,,,,,,,
7/19/2019 18:00,7/19/2019 20:00,1085.503,3.465,,,,,,,,,,,
7/19/2019 19:00,7/19/2019 21:00,703.77,3.151,,,,,,,,,,,
7/19/2019 20:00,7/19/2019 22:00,767.812,3.203,,,,,,,,,,,
7/19/2019 21:00,7/19/2019 23:00,1382.333,3.684,,,,,,,,,,,
7/19/2019 22:00,7/20/2019 0:00,2239.504,4.187,,,,,,,,,,,
7/19/2019 23:00,7/20/2019 1:00,2723.429,4.427,,,,,,,,,,,
7/20/2019 0:00,7/20/2019 2:00,2894.285,4.507,,,,,,,,,,,
7/20/2019 1:00,7/20/2019 3:00,3053.788,4.579,,,,,,,,,,,
7/20/2019 2:00,7/20/2019 4:00,3157.338,4.618,,,,,,,,,,,
7/20/2019 3:00,7/20/2019 5:00,2707.357,4.415,,,,,,,,,,,
7/20/2019 4:00,7/20/2019 6:00,1857.722,3.969,,,,,,,,,,,
7/20/2019 5:00,7/20/2019 7:00,1343.698,3.659,,,,,,,,,,,
7/20/2019 6:00,7/20/2019 8:00,1235.072,3.583,,,,,,,,,,,
7/20/2019 7:00,7/20/2019 9:00,1178.622,3.543,,,,,,,,,,,
7/20/2019 8:00,7/20/2019 10:00,1115.871,3.488,,,,,,,,,,,
7/20/2019 9:00,7/20/2019 11:00,1143.779,3.518,,,,,,,,,,,
7/20/2019 10:00,7/20/2019 12:00,1276.039,3.611,,,,,,,,,,,
7/20/2019 11:00,7/20/2019 13:00,1364.447,3.673,,,,,,,,,,,
7/20/2019 12:00,7/20/2019 14:00,1511.572,3.769,,,,,,,,,,,
7/20/2019 13:00,7/20/2019 15:00,1695.169,3.873,,,,,,,,,,,
7/20/2019 14:00,7/20/2019 16:00,1727.279,3.893,,,,,,,,,,,
7/20/2019 15:00,7/20/2019 17:00,1622.178,3.838,,,,,,,,,,,
7/20/2019 16:00,7/20/2019 18:00,1451.142,3.728,,,,,,,,,,,
7/20/2019 17:00,7/20/2019 19:00,1231.68,3.581,,,,,,,,,,,
7/20/2019 18:00,7/20/2019 20:00,1330.856,3.648,,,,,,,,,,,
7/20/2019 19:00,7/20/2019 21:00,1478.725,3.748,,,,,,,,,,,
7/20/2019 20:00,7/20/2019 22:00,1471.084,3.743,,,,,,,,,,,
7/20/2019 21:00,7/20/2019 23:00,1652.126,3.856,,,,,,,,,,,
7/20/2019 22:00,7/21/2019 0:00,2136.85,4.123,,,,,,,,,,,
7/20/2019 23:00,7/21/2019 1:00,2718.279,4.425,,,,,,,,,,,
7/21/2019 0:00,7/21/2019 2:00,3367.711,4.716,,,,,,,,,,,
7/21/2019 1:00,7/21/2019 3:00,3999.762,4.972,,,,,,,,,,,
7/21/2019 2:00,7/21/2019 4:00,4525.61,5.169,,,,,,,,,,,
7/21/2019 3:00,7/21/2019 5:00,3975.714,4.963,,,,,,,,,,,
7/21/2019 4:00,7/21/2019 6:00,3274.359,4.676,,,,,,,,,,,
7/21/2019 5:00,7/21/2019 7:00,3186.074,4.628,,,,,,,,,,,
7/21/2019 6:00,7/21/2019 8:00,3352.953,4.709,,,,,,,,,,,
7/21/2019 7:00,7/21/2019 9:00,3616.374,4.811,,,,,,,,,,,
7/21/2019 8:00,7/21/2019 10:00,3699.217,4.853,,,,,,,,,,,
7/21/2019 9:00,7/21/2019 11:00,3875.853,4.924,,,,,,,,,,,
7/21/2019 10:00,7/21/2019 12:00,4163.751,5.028,,,,,,,,,,,
7/21/2019 11:00,7/21/2019 13:00,4347.889,5.104,,,,,,,,,,,
7/21/2019 12:00,7/21/2019 14:00,3777.265,4.875,,,,,,,,,,,
7/21/2019 13:00,7/21/2019 15:00,3097.96,4.599,,,,,,,,,,,
7/21/2019 14:00,7/21/2019 16:00,2794.269,4.461,,,,,,,,,,,
7/21/2019 15:00,7/21/2019 17:00,2424.403,4.276,,,,,,,,,,,
7/21/2019 16:00,7/21/2019 18:00,2229.006,4.181,,,,,,,,,,,
7/21/2019 17:00,7/21/2019 19:00,2306.099,4.221,,,,,,,,,,,
7/21/2019 18:00,7/21/2019 20:00,2406.134,4.271,,,,,,,,,,,
7/21/2019 19:00,7/21/2019 21:00,2856.19,4.489,,,,,,,,,,,
7/21/2019 20:00,7/21/2019 22:00,2987.894,4.543,,,,,,,,,,,
7/21/2019 21:00,7/21/2019 23:00,3287.884,4.682,,,,,,,,,,,
7/21/2019 22:00,7/22/2019 0:00,3794.972,4.891,,,,,,,,,,,
7/21/2019 23:00,7/22/2019 1:00,4281.616,5.072,,,,,,,,,,,
7/22/2019 0:00,7/22/2019 2:00,4832.322,5.275,,,,,,,,,,,
7/22/2019 1:00,7/22/2019 3:00,5373.467,5.454,,,,,,,,,,,
7/22/2019 2:00,7/22/2019 4:00,5505.27,5.507,,,,,,,,,,,
7/22/2019 3:00,7/22/2019 5:00,4302.002,5.087,,,,,,,,,,,
7/22/2019 4:00,7/22/2019 6:00,3789.907,4.882,,,,,,,,,,,
7/22/2019 5:00,7/22/2019 7:00,4314.195,5.092,,,,,,,,,,,
7/22/2019 6:00,7/22/2019 8:00,4342.108,5.102,,,,,,,,,,,
7/22/2019 7:00,7/22/2019 9:00,4384.039,5.118,,,,,,,,,,,
7/22/2019 8:00,7/22/2019 10:00,4394.268,5.121,,,,,,,,,,,
7/22/2019 9:00,7/22/2019 11:00,4546.423,5.177,,,,,,,,,,,
7/22/2019 10:00,7/22/2019 12:00,4614.32,5.196,,,,,,,,,,,
7/22/2019 11:00,7/22/2019 13:00,4371.645,5.113,,,,,,,,,,,
7/22/2019 12:00,7/22/2019 14:00,3843.105,4.911,,,,,,,,,,,
7/22/2019 13:00,7/22/2019 15:00,3094.227,4.597,,,,,,,,,,,
7/22/2019 14:00,7/22/2019 16:00,2166.81,4.139,,,,,,,,,,,
7/22/2019 15:00,7/22/2019 17:00,1288.123,3.616,,,,,,,,,,,
7/22/2019 16:00,7/22/2019 18:00,681.456,3.128,,,,,,,,,,,
7/22/2019 17:00,7/22/2019 19:00,312.041,2.683,,,,,,,,,,,
7/22/2019 18:00,7/22/2019 20:00,175.601,2.427,,,,,,,,,,,
7/22/2019 19:00,7/22/2019 21:00,153.195,2.372,,,,,,,,,,,
7/22/2019 20:00,7/22/2019 22:00,255.671,2.583,,,,,,,,,,,
7/22/2019 21:00,7/22/2019 23:00,535.171,2.968,,,,,,,,,,,
7/22/2019 22:00,7/23/2019 0:00,1131.59,3.5,,,,,,,,,,,
7/22/2019 23:00,7/23/2019 1:00,2156.508,4.134,,,,,,,,,,,
7/23/2019 0:00,7/23/2019 2:00,3126.844,4.611,,,,,,,,,,,
7/23/2019 1:00,7/23/2019 3:00,3455.031,4.753,,,,,,,,,,,
7/23/2019 2:00,7/23/2019 4:00,3821.6,4.902,,,,,,,,,,,
7/23/2019 3:00,7/23/2019 5:00,3689.65,4.849,,,,,,,,,,,
7/23/2019 4:00,7/23/2019 6:00,3933.097,4.946,,,,,,,,,,,
7/23/2019 5:00,7/23/2019 7:00,4161.45,5.027,,,,,,,,,,,
7/23/2019 6:00,7/23/2019 8:00,4553.426,5.18,,,,,,,,,,,
7/23/2019 7:00,7/23/2019 9:00,5372.22,5.454,,,,,,,,,,,
7/23/2019 8:00,7/23/2019 10:00,6467.839,5.807,,,,,,,,,,,
7/23/2019 9:00,7/23/2019 11:00,7100.74,5.996,,,,,,,,,,,
7/23/2019 10:00,7/23/2019 12:00,7077.372,5.982,,,,,,,,,,,
7/23/2019 11:00,7/23/2019 13:00,6445.638,5.794,,,,,,,,,,,
7/23/2019 12:00,7/23/2019 14:00,5249.401,5.422,,,,,,,,,,,
7/23/2019 13:00,7/23/2019 15:00,4403.194,5.125,,,,,,,,,,,
7/23/2019 14:00,7/23/2019 16:00,3740.315,4.865,,,,,,,,,,,
7/23/2019 15:00,7/23/2019 17:00,3259.941,4.664,,,,,,,,,,,
7/23/2019 16:00,7/23/2019 18:00,2988.758,4.548,,,,,,,,,,,
7/23/2019 17:00,7/23/2019 19:00,2381.541,4.26,,,,,,,,,,,
7/23/2019 18:00,7/23/2019 20:00,1735.344,3.897,,,,,,,,,,,
7/23/2019 19:00,7/23/2019 21:00,1917.543,4.012,,,,,,,,,,,
7/23/2019 20:00,7/23/2019 22:00,2703.11,4.408,,,,,,,,,,,
7/23/2019 21:00,7/23/2019 23:00,3091.525,4.596,,,,,,,,,,,
7/23/2019 22:00,7/24/2019 0:00,2349.825,4.244,,,,,,,,,,,
7/23/2019 23:00,7/24/2019 1:00,2142.213,4.126,,,,,,,,,,,
7/24/2019 0:00,7/24/2019 2:00,2392.514,4.265,,,,,,,,,,,
7/24/2019 1:00,7/24/2019 3:00,2371.122,4.255,,,,,,,,,,,
7/24/2019 2:00,7/24/2019 4:00,2062.232,4.092,,,,,,,,,,,
7/24/2019 3:00,7/24/2019 5:00,1653.028,3.857,,,,,,,,,,,
7/24/2019 4:00,7/24/2019 6:00,1368.415,3.675,,,,,,,,,,,
7/24/2019 5:00,7/24/2019 7:00,1722.418,3.89,,,,,,,,,,,
7/24/2019 6:00,7/24/2019 8:00,2789.524,4.458,,,,,,,,,,,
7/24/2019 7:00,7/24/2019 9:00,3617.842,4.819,,,,,,,,,,,
7/24/2019 8:00,7/24/2019 10:00,4378.98,5.116,,,,,,,,,,,
7/24/2019 9:00,7/24/2019 11:00,5887.692,5.631,,,,,,,,,,,
7/24/2019 10:00,7/24/2019 12:00,7332.947,6.063,,,,,,,,,,,
7/24/2019 11:00,7/24/2019 13:00,8327.203,6.328,,,,,,,,,,,
7/24/2019 12:00,7/24/2019 14:00,9131.284,6.546,,,,,,,,,,,
7/24/2019 13:00,7/24/2019 15:00,8985.572,6.509,,,,,,,,,,,
7/24/2019 14:00,7/24/2019 16:00,8718.226,6.435,,,,,,,,,,,
7/24/2019 15:00,7/24/2019 17:00,7331.797,6.062,,,,,,,,,,,
7/24/2019 16:00,7/24/2019 18:00,5704.895,5.563,,,,,,,,,,,
7/24/2019 17:00,7/24/2019 19:00,3652.072,4.834,,,,,,,,,,,
7/24/2019 18:00,7/24/2019 20:00,2271.694,4.204,,,,,,,,,,,
7/24/2019 19:00,7/24/2019 21:00,1996.982,4.056,,,,,,,,,,,
7/24/2019 20:00,7/24/2019 22:00,2384.194,4.261,,,,,,,,,,,
7/24/2019 21:00,7/24/2019 23:00,2943.481,4.525,,,,,,,,,,,
7/24/2019 22:00,7/25/2019 0:00,3175.3,4.624,,,,,,,,,,,
7/24/2019 23:00,7/25/2019 1:00,2813.835,4.47,,,,,,,,,,,
7/25/2019 0:00,7/25/2019 2:00,2269.084,4.202,,,,,,,,,,,
7/25/2019 1:00,7/25/2019 3:00,1727.141,3.892,,,,,,,,,,,
7/25/2019 2:00,7/25/2019 4:00,1410.538,3.697,,,,,,,,,,,
7/25/2019 3:00,7/25/2019 5:00,835.176,3.271,,,,,,,,,,,
7/25/2019 4:00,7/25/2019 6:00,883.791,3.313,,,,,,,,,,,
7/25/2019 5:00,7/25/2019 7:00,1222.466,3.574,,,,,,,,,,,
7/25/2019 6:00,7/25/2019 8:00,1813.513,3.946,,,,,,,,,,,
7/25/2019 7:00,7/25/2019 9:00,2321.544,4.229,,,,,,,,,,,
7/25/2019 8:00,7/25/2019 10:00,2817.659,4.471,,,,,,,,,,,
7/25/2019 9:00,7/25/2019 11:00,3211.993,4.64,,,,,,,,,,,
7/25/2019 10:00,7/25/2019 12:00,3327.746,4.699,,,,,,,,,,,
7/25/2019 11:00,7/25/2019 13:00,3166.834,4.62,,,,,,,,,,,
7/25/2019 12:00,7/25/2019 14:00,2741.38,4.436,,,,,,,,,,,
7/25/2019 13:00,7/25/2019 15:00,2064.068,4.093,,,,,,,,,,,
7/25/2019 14:00,7/25/2019 16:00,1450.43,3.724,,,,,,,,,,,
7/25/2019 15:00,7/25/2019 17:00,1058.367,3.447,,,,,,,,,,,
7/25/2019 16:00,7/25/2019 18:00,808.957,3.24,,,,,,,,,,,
7/25/2019 17:00,7/25/2019 19:00,558.407,3.002,,,,,,,,,,,
7/25/2019 18:00,7/25/2019 20:00,1593.672,3.82,,,,,,,,,,,
7/25/2019 19:00,7/25/2019 21:00,3214.253,4.641,,,,,,,,,,,
7/25/2019 20:00,7/25/2019 22:00,4394.054,5.121,,,,,,,,,,,
7/25/2019 21:00,7/25/2019 23:00,5263.508,5.427,,,,,,,,,,,
7/25/2019 22:00,7/26/2019 0:00,5995.829,5.665,,,,,,,,,,,
7/25/2019 23:00,7/26/2019 1:00,7501.018,6.11,,,,,,,,,,,
7/26/2019 0:00,7/26/2019 2:00,12249.764,7.301,,,,,,,,,,,
7/26/2019 1:00,7/26/2019 3:00,13509.665,7.582,,,,,,,,,,,
7/26/2019 2:00,7/26/2019 4:00,11729.348,7.175,,,,,,,,,,,
7/26/2019 3:00,7/26/2019 5:00,7404.46,6.077,,,,,,,,,,,
7/26/2019 4:00,7/26/2019 6:00,6427.548,5.788,,,,,,,,,,,
7/26/2019 5:00,7/26/2019 7:00,6282.257,5.753,,,,,,,,,,,
7/26/2019 6:00,7/26/2019 8:00,5967.876,5.656,,,,,,,,,,,
7/26/2019 7:00,7/26/2019 9:00,5758.482,5.58,,,,,,,,,,,
7/26/2019 8:00,7/26/2019 10:00,5304.391,5.44,,,,,,,,,,,
7/26/2019 9:00,7/26/2019 11:00,4605.286,5.194,,,,,,,,,,,
7/26/2019 10:00,7/26/2019 12:00,3791.392,4.89,,,,,,,,,,,
7/26/2019 11:00,7/26/2019 13:00,3120.376,4.609,,,,,,,,,,,
7/26/2019 12:00,7/26/2019 14:00,2558.453,4.348,,,,,,,,,,,
7/26/2019 13:00,7/26/2019 15:00,2170.82,4.141,,,,,,,,,,,
7/26/2019 14:00,7/26/2019 16:00,1844.742,3.961,,,,,,,,,,,
7/26/2019 15:00,7/26/2019 17:00,1489.593,3.755,,,,,,,,,,,
7/26/2019 16:00,7/26/2019 18:00,1196.02,3.556,,,,,,,,,,,
7/26/2019 17:00,7/26/2019 19:00,946.383,3.363,,,,,,,,,,,
7/26/2019 18:00,7/26/2019 20:00,752.596,3.194,,,,,,,,,,,
7/26/2019 19:00,7/26/2019 21:00,685.78,3.134,,,,,,,,,,,
7/26/2019 20:00,7/26/2019 22:00,652.943,3.101,,,,,,,,,,,
7/26/2019 21:00,7/26/2019 23:00,778.169,3.212,,,,,,,,,,,
7/26/2019 22:00,7/27/2019 0:00,1069.172,3.453,,,,,,,,,,,
7/26/2019 23:00,7/27/2019 1:00,1330.093,3.644,,,,,,,,,,,
7/27/2019 0:00,7/27/2019 2:00,1550.532,3.793,,,,,,,,,,,
7/27/2019 1:00,7/27/2019 3:00,1765.591,3.924,,,,,,,,,,,
7/27/2019 2:00,7/27/2019 4:00,1857.823,3.969,,,,,,,,,,,
7/27/2019 3:00,7/27/2019 5:00,1553.261,3.795,,,,,,,,,,,
7/27/2019 4:00,7/27/2019 6:00,924.203,3.347,,,,,,,,,,,
7/27/2019 5:00,7/27/2019 7:00,444.699,2.869,,,,,,,,,,,
7/27/2019 6:00,7/27/2019 8:00,309.119,2.679,,,,,,,,,,,
7/27/2019 7:00,7/27/2019 9:00,719.156,3.166,,,,,,,,,,,
7/27/2019 8:00,7/27/2019 10:00,1455.745,3.733,,,,,,,,,,,
7/27/2019 9:00,7/27/2019 11:00,1627.816,3.841,,,,,,,,,,,
7/27/2019 10:00,7/27/2019 12:00,1598.032,3.823,,,,,,,,,,,
7/27/2019 11:00,7/27/2019 13:00,1830.159,3.953,,,,,,,,,,,
7/27/2019 12:00,7/27/2019 14:00,2306.137,4.221,,,,,,,,,,,
7/27/2019 13:00,7/27/2019 15:00,2917.362,4.517,,,,,,,,,,,
7/27/2019 14:00,7/27/2019 16:00,3294.544,4.684,,,,,,,,,,,
7/27/2019 15:00,7/27/2019 17:00,3580.311,4.795,,,,,,,,,,,
7/27/2019 16:00,7/27/2019 18:00,3212.981,4.64,,,,,,,,,,,
7/27/2019 17:00,7/27/2019 19:00,2616.326,4.368,,,,,,,,,,,
7/27/2019 18:00,7/27/2019 20:00,2305.153,4.221,,,,,,,,,,,
7/27/2019 19:00,7/27/2019 21:00,2327.476,4.232,,,,,,,,,,,
7/27/2019 20:00,7/27/2019 22:00,2731.605,4.431,,,,,,,,,,,
7/27/2019 21:00,7/27/2019 23:00,3410.165,4.734,,,,,,,,,,,
7/27/2019 22:00,7/28/2019 0:00,4132.554,5.022,,,,,,,,,,,
7/27/2019 23:00,7/28/2019 1:00,4885.024,5.288,,,,,,,,,,,
7/28/2019 0:00,7/28/2019 2:00,5760.094,5.588,,,,,,,,,,,
7/28/2019 1:00,7/28/2019 3:00,6014.443,5.67,,,,,,,,,,,
7/28/2019 2:00,7/28/2019 4:00,5653.13,5.546,,,,,,,,,,,
7/28/2019 3:00,7/28/2019 5:00,5705.275,5.563,,,,,,,,,,,
7/28/2019 4:00,7/28/2019 6:00,5097.525,5.371,,,,,,,,,,,
7/28/2019 5:00,7/28/2019 7:00,5073.357,5.363,,,,,,,,,,,
7/28/2019 6:00,7/28/2019 8:00,5338.855,5.446,,,,,,,,,,,
7/28/2019 7:00,7/28/2019 9:00,5221.67,5.413,,,,,,,,,,,
7/28/2019 8:00,7/28/2019 10:00,5118.196,5.378,,,,,,,,,,,
7/28/2019 9:00,7/28/2019 11:00,5217.785,5.412,,,,,,,,,,,
7/28/2019 10:00,7/28/2019 12:00,5706.577,5.563,,,,,,,,,,,
7/28/2019 11:00,7/28/2019 13:00,6264.402,5.748,,,,,,,,,,,
7/28/2019 12:00,7/28/2019 14:00,6504.477,5.821,,,,,,,,,,,
7/28/2019 13:00,7/28/2019 15:00,6103.642,5.694,,,,,,,,,,,
7/28/2019 14:00,7/28/2019 16:00,5464.209,5.494,,,,,,,,,,,
7/28/2019 15:00,7/28/2019 17:00,4736.031,5.245,,,,,,,,,,,
7/28/2019 16:00,7/28/2019 18:00,4038.637,4.987,,,,,,,,,,,
7/28/2019 17:00,7/28/2019 19:00,3684.161,4.847,,,,,,,,,,,
7/28/2019 18:00,7/28/2019 20:00,3396.401,4.728,,,,,,,,,,,
7/28/2019 19:00,7/28/2019 21:00,3333.48,4.701,,,,,,,,,,,
7/28/2019 20:00,7/28/2019 22:00,3545.597,4.781,,,,,,,,,,,
7/28/2019 21:00,7/28/2019 23:00,3704.71,4.855,,,,,,,,,,,
7/28/2019 22:00,7/29/2019 0:00,4227.884,5.05,,,,,,,,,,,
7/28/2019 23:00,7/29/2019 1:00,4873.262,5.284,,,,,,,,,,,
7/29/2019 0:00,7/29/2019 2:00,5805.245,5.604,,,,,,,,,,,
7/29/2019 1:00,7/29/2019 3:00,6058.747,5.684,,,,,,,,,,,
7/29/2019 2:00,7/29/2019 4:00,6280.739,5.753,,,,,,,,,,,
7/29/2019 3:00,7/29/2019 5:00,5023.381,5.345,,,,,,,,,,,
7/29/2019 4:00,7/29/2019 6:00,4032.123,4.985,,,,,,,,,,,
7/29/2019 5:00,7/29/2019 7:00,3770.213,4.872,,,,,,,,,,,
7/29/2019 6:00,7/29/2019 8:00,3902.597,4.934,,,,,,,,,,,
7/29/2019 7:00,7/29/2019 9:00,4408.002,5.126,,,,,,,,,,,
7/29/2019 8:00,7/29/2019 10:00,5142.504,5.386,,,,,,,,,,,
7/29/2019 9:00,7/29/2019 11:00,5613.412,5.533,,,,,,,,,,,
7/29/2019 10:00,7/29/2019 12:00,5827.225,5.611,,,,,,,,,,,
7/29/2019 11:00,7/29/2019 13:00,6211.725,5.732,,,,,,,,,,,
7/29/2019 12:00,7/29/2019 14:00,6628.254,5.858,,,,,,,,,,,
7/29/2019 13:00,7/29/2019 15:00,7143.754,6.004,,,,,,,,,,,
7/29/2019 14:00,7/29/2019 16:00,7598.788,6.137,,,,,,,,,,,
7/29/2019 15:00,7/29/2019 17:00,8341.91,6.336,,,,,,,,,,,
7/29/2019 16:00,7/29/2019 18:00,8920.743,6.482,,,,,,,,,,,
7/29/2019 17:00,7/29/2019 19:00,8843.935,6.471,,,,,,,,,,,
7/29/2019 18:00,7/29/2019 20:00,8081.872,6.268,,,,,,,,,,,
7/29/2019 19:00,7/29/2019 21:00,7823.987,6.193,,,,,,,,,,,
7/29/2019 20:00,7/29/2019 22:00,7248.066,6.03,,,,,,,,,,,
7/29/2019 21:00,7/29/2019 23:00,5760.186,5.589,,,,,,,,,,,
7/29/2019 22:00,7/30/2019 0:00,5688.981,5.558,,,,,,,,,,,
7/29/2019 23:00,7/30/2019 1:00,5002.55,5.338,,,,,,,,,,,
7/30/2019 0:00,7/30/2019 2:00,4007.035,4.975,,,,,,,,,,,
7/30/2019 1:00,7/30/2019 3:00,3342.589,4.705,,,,,,,,,,,
7/30/2019 2:00,7/30/2019 4:00,2818.91,4.472,,,,,,,,,,,
7/30/2019 3:00,7/30/2019 5:00,2491.809,4.315,,,,,,,,,,,
7/30/2019 4:00,7/30/2019 6:00,2511.421,4.325,,,,,,,,,,,
7/30/2019 5:00,7/30/2019 7:00,2720.306,4.426,,,,,,,,,,,
7/30/2019 6:00,7/30/2019 8:00,3097.614,4.599,,,,,,,,,,,
7/30/2019 7:00,7/30/2019 9:00,3626.24,4.823,,,,,,,,,,,
7/30/2019 8:00,7/30/2019 10:00,3917.054,4.94,,,,,,,,,,,
7/30/2019 9:00,7/30/2019 11:00,3616.267,4.81,,,,,,,,,,,
7/30/2019 10:00,7/30/2019 12:00,3434.346,4.744,,,,,,,,,,,
7/30/2019 11:00,7/30/2019 13:00,3617.674,4.818,,,,,,,,,,,
7/30/2019 12:00,7/30/2019 14:00,3786.271,4.879,,,,,,,,,,,
7/30/2019 13:00,7/30/2019 15:00,3781.993,4.877,,,,,,,,,,,
7/30/2019 14:00,7/30/2019 16:00,3706.146,4.856,,,,,,,,,,,
7/30/2019 15:00,7/30/2019 17:00,3519.751,4.775,,,,,,,,,,,
7/30/2019 16:00,7/30/2019 18:00,3102.114,4.601,,,,,,,,,,,
7/30/2019 17:00,7/30/2019 19:00,2699.964,4.407,,,,,,,,,,,
7/30/2019 18:00,7/30/2019 20:00,2509.836,4.324,,,,,,,,,,,
7/30/2019 19:00,7/30/2019 21:00,2536.131,4.337,,,,,,,,,,,
7/30/2019 20:00,7/30/2019 22:00,2268.642,4.202,,,,,,,,,,,
7/30/2019 21:00,7/30/2019 23:00,2243.268,4.189,,,,,,,,,,,
7/30/2019 22:00,7/31/2019 0:00,2087.958,4.106,,,,,,,,,,,
7/30/2019 23:00,7/31/2019 1:00,1740.919,3.907,,,,,,,,,,,
7/31/2019 0:00,7/31/2019 2:00,1372.388,3.678,,,,,,,,,,,
7/31/2019 1:00,7/31/2019 3:00,1087.009,3.466,,,,,,,,,,,
7/31/2019 2:00,7/31/2019 4:00,803.796,3.235,,,,,,,,,,,
7/31/2019 3:00,7/31/2019 5:00,400.854,2.812,,,,,,,,,,,
7/31/2019 4:00,7/31/2019 6:00,146.201,2.346,,,,,,,,,,,
7/31/2019 5:00,7/31/2019 7:00,428.418,2.848,,,,,,,,,,,
7/31/2019 6:00,7/31/2019 8:00,986.471,3.397,,,,,,,,,,,
7/31/2019 7:00,7/31/2019 9:00,1644.441,3.852,,,,,,,,,,,
7/31/2019 8:00,7/31/2019 10:00,1951.403,4.026,,,,,,,,,,,
7/31/2019 9:00,7/31/2019 11:00,2297.759,4.217,,,,,,,,,,,
7/31/2019 10:00,7/31/2019 12:00,2679.497,4.397,,,,,,,,,,,
7/31/2019 11:00,7/31/2019 13:00,3165.752,4.62,,,,,,,,,,,
7/31/2019 12:00,7/31/2019 14:00,3707.791,4.856,,,,,,,,,,,
7/31/2019 13:00,7/31/2019 15:00,3972.699,4.961,,,,,,,,,,,
7/31/2019 14:00,7/31/2019 16:00,3861.533,4.918,,,,,,,,,,,
7/31/2019 15:00,7/31/2019 17:00,3657.401,4.836,,,,,,,,,,,
7/31/2019 16:00,7/31/2019 18:00,3378.196,4.72,,,,,,,,,,,
7/31/2019 17:00,7/31/2019 19:00,2969.499,4.532,,,,,,,,,,,
7/31/2019 18:00,7/31/2019 20:00,2684.995,4.4,,,,,,,,,,,
7/31/2019 19:00,7/31/2019 21:00,2793.958,4.46,,,,,,,,,,,
7/31/2019 20:00,7/31/2019 22:00,2575.974,4.356,,,,,,,,,,,
7/31/2019 21:00,7/31/2019 23:00,1980.808,4.047,,,,,,,,,,,
7/31/2019 22:00,8/1/2019 0:00,1451.199,3.729,,,,,,,,,,,
7/31/2019 23:00,8/1/2019 1:00,1174.84,3.54,,,,,,,,,,,
8/1/2019 0:00,8/1/2019 2:00,1105.508,3.48,,,,,,,,,,,
8/1/2019 1:00,8/1/2019 3:00,1145.683,3.519,,,,,,,,,,,
8/1/2019 2:00,8/1/2019 4:00,1331.101,3.65,,,,,,,,,,,
8/1/2019 3:00,8/1/2019 5:00,1173.563,3.539,,,,,,,,,,,
8/1/2019 4:00,8/1/2019 6:00,1083.842,3.464,,,,,,,,,,,
8/1/2019 5:00,8/1/2019 7:00,1396.527,3.692,,,,,,,,,,,
8/1/2019 6:00,8/1/2019 8:00,1958.886,4.028,,,,,,,,,,,
8/1/2019 7:00,8/1/2019 9:00,2574.763,4.356,,,,,,,,,,,
8/1/2019 8:00,8/1/2019 10:00,3266.263,4.672,,,,,,,,,,,
8/1/2019 9:00,8/1/2019 11:00,4081.447,5.004,,,,,,,,,,,
8/1/2019 10:00,8/1/2019 12:00,4463.267,5.147,,,,,,,,,,,
8/1/2019 11:00,8/1/2019 13:00,4628.502,5.199,,,,,,,,,,,
8/1/2019 12:00,8/1/2019 14:00,4383.212,5.117,,,,,,,,,,,
8/1/2019 13:00,8/1/2019 15:00,4000.752,4.972,,,,,,,,,,,
8/1/2019 14:00,8/1/2019 16:00,3672.893,4.842,,,,,,,,,,,
8/1/2019 15:00,8/1/2019 17:00,3283.644,4.68,,,,,,,,,,,
8/1/2019 16:00,8/1/2019 18:00,2775.819,4.452,,,,,,,,,,,
8/1/2019 17:00,8/1/2019 19:00,2246.097,4.19,,,,,,,,,,,
8/1/2019 18:00,8/1/2019 20:00,1918.367,4.012,,,,,,,,,,,
8/1/2019 19:00,8/1/2019 21:00,1859.07,3.97,,,,,,,,,,,
8/1/2019 20:00,8/1/2019 22:00,1682.054,3.868,,,,,,,,,,,
8/1/2019 21:00,8/1/2019 23:00,1439.376,3.713,,,,,,,,,,,
8/1/2019 22:00,8/2/2019 0:00,1338.446,3.655,,,,,,,,,,,
8/1/2019 23:00,8/2/2019 1:00,1455.458,3.733,,,,,,,,,,,
8/2/2019 0:00,8/2/2019 2:00,1537.314,3.785,,,,,,,,,,,
8/2/2019 1:00,8/2/2019 3:00,1547.545,3.792,,,,,,,,,,,
8/2/2019 2:00,8/2/2019 4:00,1452.214,3.731,,,,,,,,,,,
8/2/2019 3:00,8/2/2019 5:00,1191.111,3.552,,,,,,,,,,,
8/2/2019 4:00,8/2/2019 6:00,865.375,3.297,,,,,,,,,,,
8/2/2019 5:00,8/2/2019 7:00,702,3.15,,,,,,,,,,,
8/2/2019 6:00,8/2/2019 8:00,573.193,3.019,,,,,,,,,,,
8/2/2019 7:00,8/2/2019 9:00,406.932,2.82,,,,,,,,,,,
8/2/2019 8:00,8/2/2019 10:00,210.447,2.502,,,,,,,,,,,
8/2/2019 9:00,8/2/2019 11:00,118.105,2.272,,,,,,,,,,,
8/2/2019 10:00,8/2/2019 12:00,132.021,2.308,,,,,,,,,,,
8/2/2019 11:00,8/2/2019 13:00,322.927,2.696,,,,,,,,,,,
8/2/2019 12:00,8/2/2019 14:00,639.998,3.088,,,,,,,,,,,
8/2/2019 13:00,8/2/2019 15:00,910.767,3.336,,,,,,,,,,,
8/2/2019 14:00,8/2/2019 16:00,1222.626,3.575,,,,,,,,,,,
8/2/2019 15:00,8/2/2019 17:00,1578.174,3.811,,,,,,,,,,,
8/2/2019 16:00,8/2/2019 18:00,1905.212,4.005,,,,,,,,,,,
8/2/2019 17:00,8/2/2019 19:00,2163.559,4.138,,,,,,,,,,,
8/2/2019 18:00,8/2/2019 20:00,1888.203,3.995,,,,,,,,,,,
8/2/2019 19:00,8/2/2019 21:00,1462.082,3.737,,,,,,,,,,,
8/2/2019 20:00,8/2/2019 22:00,1073.972,3.456,,,,,,,,,,,
8/2/2019 21:00,8/2/2019 23:00,682.641,3.131,,,,,,,,,,,
8/2/2019 22:00,8/3/2019 0:00,389.469,2.788,,,,,,,,,,,
8/2/2019 23:00,8/3/2019 1:00,238.395,2.549,,,,,,,,,,,
8/3/2019 0:00,8/3/2019 2:00,151.306,2.367,,,,,,,,,,,
8/3/2019 1:00,8/3/2019 3:00,210.044,2.501,,,,,,,,,,,
8/3/2019 2:00,8/3/2019 4:00,280.098,2.631,,,,,,,,,,,
8/3/2019 3:00,8/3/2019 5:00,369.112,2.768,,,,,,,,,,,
8/3/2019 4:00,8/3/2019 6:00,434.396,2.856,,,,,,,,,,,
8/3/2019 5:00,8/3/2019 7:00,499.966,2.936,,,,,,,,,,,
8/3/2019 6:00,8/3/2019 8:00,672.439,3.116,,,,,,,,,,,
8/3/2019 7:00,8/3/2019 9:00,736.674,3.182,,,,,,,,,,,
8/3/2019 8:00,8/3/2019 10:00,805.564,3.237,,,,,,,,,,,
8/3/2019 9:00,8/3/2019 11:00,922.759,3.346,,,,,,,,,,,
8/3/2019 10:00,8/3/2019 12:00,1125.4,3.495,,,,,,,,,,,
8/3/2019 11:00,8/3/2019 13:00,1327.985,3.639,,,,,,,,,,,
8/3/2019 12:00,8/3/2019 14:00,1504.372,3.764,,,,,,,,,,,
8/3/2019 13:00,8/3/2019 15:00,1608.866,3.83,,,,,,,,,,,
8/3/2019 14:00,8/3/2019 16:00,1655.41,3.858,,,,,,,,,,,
8/3/2019 15:00,8/3/2019 17:00,1757.743,3.92,,,,,,,,,,,
8/3/2019 16:00,8/3/2019 18:00,1884.715,3.993,,,,,,,,,,,
8/3/2019 17:00,8/3/2019 19:00,1925.809,4.017,,,,,,,,,,,
8/3/2019 18:00,8/3/2019 20:00,1876.801,3.989,,,,,,,,,,,
8/3/2019 19:00,8/3/2019 21:00,1588.641,3.817,,,,,,,,,,,
8/3/2019 20:00,8/3/2019 22:00,1094.734,3.472,,,,,,,,,,,
8/3/2019 21:00,8/3/2019 23:00,725.583,3.172,,,,,,,,,,,
8/3/2019 22:00,8/4/2019 0:00,509.274,2.944,,,,,,,,,,,
8/3/2019 23:00,8/4/2019 1:00,431.645,2.853,,,,,,,,,,,
8/4/2019 0:00,8/4/2019 2:00,428.955,2.849,,,,,,,,,,,
8/4/2019 1:00,8/4/2019 3:00,439.312,2.862,,,,,,,,,,,
8/4/2019 2:00,8/4/2019 4:00,489.146,2.923,,,,,,,,,,,
8/4/2019 3:00,8/4/2019 5:00,527.285,2.959,,,,,,,,,,,
8/4/2019 4:00,8/4/2019 6:00,418.748,2.836,,,,,,,,,,,
8/4/2019 5:00,8/4/2019 7:00,409.615,2.824,,,,,,,,,,,
8/4/2019 6:00,8/4/2019 8:00,473.216,2.904,,,,,,,,,,,
8/4/2019 7:00,8/4/2019 9:00,548.419,2.991,,,,,,,,,,,
8/4/2019 8:00,8/4/2019 10:00,647.053,3.096,,,,,,,,,,,
8/4/2019 9:00,8/4/2019 11:00,809.605,3.241,,,,,,,,,,,
8/4/2019 10:00,8/4/2019 12:00,1079.264,3.461,,,,,,,,,,,
8/4/2019 11:00,8/4/2019 13:00,1372.584,3.678,,,,,,,,,,,
8/4/2019 12:00,8/4/2019 14:00,1722.417,3.89,,,,,,,,,,,
8/4/2019 13:00,8/4/2019 15:00,2066.175,4.094,,,,,,,,,,,
8/4/2019 14:00,8/4/2019 16:00,2365.818,4.252,,,,,,,,,,,
8/4/2019 15:00,8/4/2019 17:00,2448.766,4.285,,,,,,,,,,,
8/4/2019 16:00,8/4/2019 18:00,2428.148,4.277,,,,,,,,,,,
8/4/2019 17:00,8/4/2019 19:00,2444.434,4.282,,,,,,,,,,,
8/4/2019 18:00,8/4/2019 20:00,2551.05,4.344,,,,,,,,,,,
8/4/2019 19:00,8/4/2019 21:00,2592.791,4.362,,,,,,,,,,,
8/4/2019 20:00,8/4/2019 22:00,2187.865,4.156,,,,,,,,,,,
8/4/2019 21:00,8/4/2019 23:00,1683.775,3.868,,,,,,,,,,,
8/4/2019 22:00,8/5/2019 0:00,1262.679,3.603,,,,,,,,,,,
8/4/2019 23:00,8/5/2019 1:00,940.006,3.36,,,,,,,,,,,
8/5/2019 0:00,8/5/2019 2:00,707.229,3.155,,,,,,,,,,,
8/5/2019 1:00,8/5/2019 3:00,473.028,2.904,,,,,,,,,,,
8/5/2019 2:00,8/5/2019 4:00,298.462,2.662,,,,,,,,,,,
8/5/2019 3:00,8/5/2019 5:00,215.821,2.513,,,,,,,,,,,
8/5/2019 4:00,8/5/2019 6:00,152.103,2.369,,,,,,,,,,,
8/5/2019 5:00,8/5/2019 7:00,213.007,2.508,,,,,,,,,,,
8/5/2019 6:00,8/5/2019 8:00,334.408,2.71,,,,,,,,,,,
8/5/2019 7:00,8/5/2019 9:00,478.545,2.911,,,,,,,,,,,
8/5/2019 8:00,8/5/2019 10:00,685.16,3.133,,,,,,,,,,,
8/5/2019 9:00,8/5/2019 11:00,922.361,3.345,,,,,,,,,,,
8/5/2019 10:00,8/5/2019 12:00,979.408,3.392,,,,,,,,,,,
8/5/2019 11:00,8/5/2019 13:00,936.866,3.357,,,,,,,,,,,
8/5/2019 12:00,8/5/2019 14:00,959.254,3.368,,,,,,,,,,,
8/5/2019 13:00,8/5/2019 15:00,1000.438,3.408,,,,,,,,,,,
8/5/2019 14:00,8/5/2019 16:00,1031.788,3.433,,,,,,,,,,,
8/5/2019 15:00,8/5/2019 17:00,1151.442,3.523,,,,,,,,,,,
8/5/2019 16:00,8/5/2019 18:00,1349.324,3.662,,,,,,,,,,,
8/5/2019 17:00,8/5/2019 19:00,1728.532,3.893,,,,,,,,,,,
8/5/2019 18:00,8/5/2019 20:00,2188.059,4.157,,,,,,,,,,,
8/5/2019 19:00,8/5/2019 21:00,2438.402,4.28,,,,,,,,,,,
8/5/2019 20:00,8/5/2019 22:00,2231.809,4.183,,,,,,,,,,,
8/5/2019 21:00,8/5/2019 23:00,1769.487,3.927,,,,,,,,,,,
8/5/2019 22:00,8/6/2019 0:00,1362.407,3.671,,,,,,,,,,,
8/5/2019 23:00,8/6/2019 1:00,1215.979,3.57,,,,,,,,,,,
8/6/2019 0:00,8/6/2019 2:00,1225.163,3.576,,,,,,,,,,,
8/6/2019 1:00,8/6/2019 3:00,1381.449,3.684,,,,,,,,,,,
8/6/2019 2:00,8/6/2019 4:00,1593.318,3.82,,,,,,,,,,,
8/6/2019 3:00,8/6/2019 5:00,1746.04,3.913,,,,,,,,,,,
8/6/2019 4:00,8/6/2019 6:00,1725.036,3.891,,,,,,,,,,,
8/6/2019 5:00,8/6/2019 7:00,1645.467,3.852,,,,,,,,,,,
8/6/2019 6:00,8/6/2019 8:00,1388.677,3.689,,,,,,,,,,,
8/6/2019 7:00,8/6/2019 9:00,1107.12,3.482,,,,,,,,,,,
8/6/2019 8:00,8/6/2019 10:00,867.837,3.3,,,,,,,,,,,
8/6/2019 9:00,8/6/2019 11:00,875.595,3.306,,,,,,,,,,,
8/6/2019 10:00,8/6/2019 12:00,904.428,3.33,,,,,,,,,,,
8/6/2019 11:00,8/6/2019 13:00,894.382,3.322,,,,,,,,,,,
8/6/2019 12:00,8/6/2019 14:00,973.852,3.387,,,,,,,,,,,
8/6/2019 13:00,8/6/2019 15:00,1241.593,3.588,,,,,,,,,,,
8/6/2019 14:00,8/6/2019 16:00,1700.173,3.876,,,,,,,,,,,
8/6/2019 15:00,8/6/2019 17:00,2046.091,4.083,,,,,,,,,,,
8/6/2019 16:00,8/6/2019 18:00,2432.065,4.278,,,,,,,,,,,
8/6/2019 17:00,8/6/2019 19:00,3176.259,4.624,,,,,,,,,,,
8/6/2019 18:00,8/6/2019 20:00,4093.048,5.008,,,,,,,,,,,
8/6/2019 19:00,8/6/2019 21:00,5227.199,5.415,,,,,,,,,,,
8/6/2019 20:00,8/6/2019 22:00,6254.104,5.745,,,,,,,,,,,
8/6/2019 21:00,8/6/2019 23:00,7104.236,5.997,,,,,,,,,,,
8/6/2019 22:00,8/7/2019 0:00,7522.734,6.116,,,,,,,,,,,
8/6/2019 23:00,8/7/2019 1:00,7060.196,5.975,,,,,,,,,,,
8/7/2019 0:00,8/7/2019 2:00,6257.685,5.746,,,,,,,,,,,
8/7/2019 1:00,8/7/2019 3:00,5767.972,5.592,,,,,,,,,,,
8/7/2019 2:00,8/7/2019 4:00,5263.231,5.427,,,,,,,,,,,
8/7/2019 3:00,8/7/2019 5:00,4711,5.236,,,,,,,,,,,
8/7/2019 4:00,8/7/2019 6:00,4637.688,5.209,,,,,,,,,,,
8/7/2019 5:00,8/7/2019 7:00,4885.157,5.288,,,,,,,,,,,
8/7/2019 6:00,8/7/2019 8:00,4977.193,5.323,,,,,,,,,,,
8/7/2019 7:00,8/7/2019 9:00,4759.047,5.253,,,,,,,,,,,
8/7/2019 8:00,8/7/2019 10:00,4516.6,5.166,,,,,,,,,,,
8/7/2019 9:00,8/7/2019 11:00,4346.974,5.104,,,,,,,,,,,
8/7/2019 10:00,8/7/2019 12:00,4188.251,5.035,,,,,,,,,,,
8/7/2019 11:00,8/7/2019 13:00,3970.04,4.96,,,,,,,,,,,
8/7/2019 12:00,8/7/2019 14:00,3911.98,4.938,,,,,,,,,,,
8/7/2019 13:00,8/7/2019 15:00,4145.587,5.024,,,,,,,,,,,
8/7/2019 14:00,8/7/2019 16:00,4636.696,5.204,,,,,,,,,,,
8/7/2019 15:00,8/7/2019 17:00,4983.696,5.332,,,,,,,,,,,
8/7/2019 16:00,8/7/2019 18:00,5267.131,5.428,,,,,,,,,,,
8/7/2019 17:00,8/7/2019 19:00,5526.232,5.514,,,,,,,,,,,
8/7/2019 18:00,8/7/2019 20:00,5807.945,5.605,,,,,,,,,,,
8/7/2019 19:00,8/7/2019 21:00,6347.868,5.772,,,,,,,,,,,
8/7/2019 20:00,8/7/2019 22:00,6771.939,5.9,,,,,,,,,,,
8/7/2019 21:00,8/7/2019 23:00,6581.152,5.844,,,,,,,,,,,
8/7/2019 22:00,8/8/2019 0:00,6286.415,5.755,,,,,,,,,,,
8/7/2019 23:00,8/8/2019 1:00,6195.748,5.727,,,,,,,,,,,
8/8/2019 0:00,8/8/2019 2:00,6478.483,5.813,,,,,,,,,,,
8/8/2019 1:00,8/8/2019 3:00,6137.088,5.7,,,,,,,,,,,
8/8/2019 2:00,8/8/2019 4:00,6059.772,5.685,,,,,,,,,,,
8/8/2019 3:00,8/8/2019 5:00,5242.647,5.42,,,,,,,,,,,
8/8/2019 4:00,8/8/2019 6:00,4978.048,5.327,,,,,,,,,,,
8/8/2019 5:00,8/8/2019 7:00,5471.573,5.496,,,,,,,,,,,
8/8/2019 6:00,8/8/2019 8:00,5753.039,5.578,,,,,,,,,,,
8/8/2019 7:00,8/8/2019 9:00,5643.883,5.543,,,,,,,,,,,
8/8/2019 8:00,8/8/2019 10:00,5317.437,5.443,,,,,,,,,,,
8/8/2019 9:00,8/8/2019 11:00,4924.546,5.302,,,,,,,,,,,
8/8/2019 10:00,8/8/2019 12:00,4325.531,5.096,,,,,,,,,,,
8/8/2019 11:00,8/8/2019 13:00,3764.848,4.87,,,,,,,,,,,
8/8/2019 12:00,8/8/2019 14:00,3385.363,4.723,,,,,,,,,,,
8/8/2019 13:00,8/8/2019 15:00,3327.686,4.699,,,,,,,,,,,
8/8/2019 14:00,8/8/2019 16:00,3501.32,4.771,,,,,,,,,,,
8/8/2019 15:00,8/8/2019 17:00,3713.289,4.859,,,,,,,,,,,
8/8/2019 16:00,8/8/2019 18:00,3790.452,4.885,,,,,,,,,,,
8/8/2019 17:00,8/8/2019 19:00,3789.589,4.88,,,,,,,,,,,
8/8/2019 18:00,8/8/2019 20:00,4214.714,5.045,,,,,,,,,,,
8/8/2019 19:00,8/8/2019 21:00,4677.149,5.224,,,,,,,,,,,
8/8/2019 20:00,8/8/2019 22:00,4748.622,5.25,,,,,,,,,,,
8/8/2019 21:00,8/8/2019 23:00,4538.955,5.174,,,,,,,,,,,
8/8/2019 22:00,8/9/2019 0:00,4259.88,5.062,,,,,,,,,,,
8/8/2019 23:00,8/9/2019 1:00,3948.33,4.952,,,,,,,,,,,
8/9/2019 0:00,8/9/2019 2:00,3622.308,4.822,,,,,,,,,,,
8/9/2019 1:00,8/9/2019 3:00,3369.323,4.716,,,,,,,,,,,
8/9/2019 2:00,8/9/2019 4:00,3020.984,4.564,,,,,,,,,,,
8/9/2019 3:00,8/9/2019 5:00,2752.079,4.441,,,,,,,,,,,
8/9/2019 4:00,8/9/2019 6:00,2270.532,4.203,,,,,,,,,,,
8/9/2019 5:00,8/9/2019 7:00,1966.05,4.031,,,,,,,,,,,
8/9/2019 6:00,8/9/2019 8:00,1702.56,3.878,,,,,,,,,,,
8/9/2019 7:00,8/9/2019 9:00,1449.822,3.72,,,,,,,,,,,
8/9/2019 8:00,8/9/2019 10:00,1330.274,3.645,,,,,,,,,,,
8/9/2019 9:00,8/9/2019 11:00,1255.386,3.598,,,,,,,,,,,
8/9/2019 10:00,8/9/2019 12:00,1444.147,3.716,,,,,,,,,,,
8/9/2019 11:00,8/9/2019 13:00,1845.835,3.962,,,,,,,,,,,
8/9/2019 12:00,8/9/2019 14:00,2214.683,4.174,,,,,,,,,,,
8/9/2019 13:00,8/9/2019 15:00,2432.702,4.278,,,,,,,,,,,
8/9/2019 14:00,8/9/2019 16:00,2556.085,4.347,,,,,,,,,,,
8/9/2019 15:00,8/9/2019 17:00,2301.881,4.219,,,,,,,,,,,
8/9/2019 16:00,8/9/2019 18:00,1789.392,3.938,,,,,,,,,,,
8/9/2019 17:00,8/9/2019 19:00,1356.224,3.667,,,,,,,,,,,
8/9/2019 18:00,8/9/2019 20:00,927.293,3.349,,,,,,,,,,,
8/9/2019 19:00,8/9/2019 21:00,496.015,2.932,,,,,,,,,,,
8/9/2019 20:00,8/9/2019 22:00,213.128,2.508,,,,,,,,,,,
8/9/2019 21:00,8/9/2019 23:00,145.016,2.343,,,,,,,,,,,
8/9/2019 22:00,8/10/2019 0:00,262.308,2.601,,,,,,,,,,,
8/9/2019 23:00,8/10/2019 1:00,398.82,2.806,,,,,,,,,,,
8/10/2019 0:00,8/10/2019 2:00,422.926,2.841,,,,,,,,,,,
8/10/2019 1:00,8/10/2019 3:00,387.684,2.786,,,,,,,,,,,
8/10/2019 2:00,8/10/2019 4:00,368.566,2.768,,,,,,,,,,,
8/10/2019 3:00,8/10/2019 5:00,413.909,2.829,,,,,,,,,,,
8/10/2019 4:00,8/10/2019 6:00,521.465,2.953,,,,,,,,,,,
8/10/2019 5:00,8/10/2019 7:00,546.815,2.988,,,,,,,,,,,
8/10/2019 6:00,8/10/2019 8:00,727.323,3.174,,,,,,,,,,,
8/10/2019 7:00,8/10/2019 9:00,964.564,3.378,,,,,,,,,,,
8/10/2019 8:00,8/10/2019 10:00,1152.419,3.524,,,,,,,,,,,
8/10/2019 9:00,8/10/2019 11:00,1245.836,3.591,,,,,,,,,,,
8/10/2019 10:00,8/10/2019 12:00,1258.634,3.6,,,,,,,,,,,
8/10/2019 11:00,8/10/2019 13:00,1261.965,3.602,,,,,,,,,,,
8/10/2019 12:00,8/10/2019 14:00,1124.188,3.494,,,,,,,,,,,
8/10/2019 13:00,8/10/2019 15:00,1068.994,3.453,,,,,,,,,,,
8/10/2019 14:00,8/10/2019 16:00,1159.476,3.529,,,,,,,,,,,
8/10/2019 15:00,8/10/2019 17:00,1428.935,3.706,,,,,,,,,,,
8/10/2019 16:00,8/10/2019 18:00,1939.821,4.022,,,,,,,,,,,
8/10/2019 17:00,8/10/2019 19:00,2493.722,4.316,,,,,,,,,,,
8/10/2019 18:00,8/10/2019 20:00,3782.873,4.877,,,,,,,,,,,
8/10/2019 19:00,8/10/2019 21:00,4918.688,5.3,,,,,,,,,,,
8/10/2019 20:00,8/10/2019 22:00,5619.23,5.535,,,,,,,,,,,
8/10/2019 21:00,8/10/2019 23:00,6159.186,5.706,,,,,,,,,,,
8/10/2019 22:00,8/11/2019 0:00,7751.479,6.174,,,,,,,,,,,
8/10/2019 23:00,8/11/2019 1:00,7825.29,6.199,,,,,,,,,,,
8/11/2019 0:00,8/11/2019 2:00,7932.569,6.225,,,,,,,,,,,
8/11/2019 1:00,8/11/2019 3:00,7825.025,6.198,,,,,,,,,,,
8/11/2019 2:00,8/11/2019 4:00,7749.102,6.17,,,,,,,,,,,
8/11/2019 3:00,8/11/2019 5:00,7427.887,6.08,,,,,,,,,,,
8/11/2019 4:00,8/11/2019 6:00,7321.276,6.05,,,,,,,,,,,
8/11/2019 5:00,8/11/2019 7:00,6819.308,5.914,,,,,,,,,,,
8/11/2019 6:00,8/11/2019 8:00,7598.944,6.137,,,,,,,,,,,
8/11/2019 7:00,8/11/2019 9:00,7973.77,6.231,,,,,,,,,,,
8/11/2019 8:00,8/11/2019 10:00,8058.988,6.257,,,,,,,,,,,
8/11/2019 9:00,8/11/2019 11:00,8213.452,6.305,,,,,,,,,,,
8/11/2019 10:00,8/11/2019 12:00,8416.39,6.352,,,,,,,,,,,
8/11/2019 11:00,8/11/2019 13:00,8720.583,6.435,,,,,,,,,,,
8/11/2019 12:00,8/11/2019 14:00,8873.826,6.475,,,,,,,,,,,
8/11/2019 13:00,8/11/2019 15:00,9302.758,6.586,,,,,,,,,,,
8/11/2019 14:00,8/11/2019 16:00,9785.539,6.706,,,,,,,,,,,
8/11/2019 15:00,8/11/2019 17:00,8952.355,6.499,,,,,,,,,,,
8/11/2019 16:00,8/11/2019 18:00,7109.595,5.999,,,,,,,,,,,
8/11/2019 17:00,8/11/2019 19:00,6172.969,5.716,,,,,,,,,,,
8/11/2019 18:00,8/11/2019 20:00,6006.723,5.668,,,,,,,,,,,
8/11/2019 19:00,8/11/2019 21:00,5436.57,5.485,,,,,,,,,,,
8/11/2019 20:00,8/11/2019 22:00,4726.539,5.242,,,,,,,,,,,
8/11/2019 21:00,8/11/2019 23:00,4637.705,5.209,,,,,,,,,,,
8/11/2019 22:00,8/12/2019 0:00,4263.814,5.063,,,,,,,,,,,
8/11/2019 23:00,8/12/2019 1:00,3957.337,4.955,,,,,,,,,,,
8/12/2019 0:00,8/12/2019 2:00,3662.811,4.838,,,,,,,,,,,
8/12/2019 1:00,8/12/2019 3:00,3526.076,4.776,,,,,,,,,,,
8/12/2019 2:00,8/12/2019 4:00,3177.065,4.624,,,,,,,,,,,
8/12/2019 3:00,8/12/2019 5:00,2987.071,4.54,,,,,,,,,,,
8/12/2019 4:00,8/12/2019 6:00,2622.798,4.37,,,,,,,,,,,
8/12/2019 5:00,8/12/2019 7:00,2130.924,4.12,,,,,,,,,,,
8/12/2019 6:00,8/12/2019 8:00,2307.145,4.222,,,,,,,,,,,
8/12/2019 7:00,8/12/2019 9:00,2157.295,4.134,,,,,,,,,,,
8/12/2019 8:00,8/12/2019 10:00,1784.463,3.935,,,,,,,,,,,
8/12/2019 9:00,8/12/2019 11:00,1522.796,3.776,,,,,,,,,,,
8/12/2019 10:00,8/12/2019 12:00,1316.175,3.631,,,,,,,,,,,
8/12/2019 11:00,8/12/2019 13:00,1091.692,3.47,,,,,,,,,,,
8/12/2019 12:00,8/12/2019 14:00,964.857,3.379,,,,,,,,,,,
8/12/2019 13:00,8/12/2019 15:00,926.615,3.349,,,,,,,,,,,
8/12/2019 14:00,8/12/2019 16:00,1012.702,3.418,,,,,,,,,,,
8/12/2019 15:00,8/12/2019 17:00,1132.404,3.503,,,,,,,,,,,
8/12/2019 16:00,8/12/2019 18:00,1344.621,3.659,,,,,,,,,,,
8/12/2019 17:00,8/12/2019 19:00,1438.673,3.713,,,,,,,,,,,
8/12/2019 18:00,8/12/2019 20:00,1743.207,3.911,,,,,,,,,,,
8/12/2019 19:00,8/12/2019 21:00,2359.666,4.249,,,,,,,,,,,
8/12/2019 20:00,8/12/2019 22:00,2844.313,4.484,,,,,,,,,,,
8/12/2019 21:00,8/12/2019 23:00,3069.789,4.586,,,,,,,,,,,
8/12/2019 22:00,8/13/2019 0:00,3072.027,4.587,,,,,,,,,,,
8/12/2019 23:00,8/13/2019 1:00,3051.074,4.578,,,,,,,,,,,
8/13/2019 0:00,8/13/2019 2:00,2880.766,4.501,,,,,,,,,,,
8/13/2019 1:00,8/13/2019 3:00,2748.515,4.439,,,,,,,,,,,
8/13/2019 2:00,8/13/2019 4:00,2711.74,4.422,,,,,,,,,,,
8/13/2019 3:00,8/13/2019 5:00,2723.881,4.427,,,,,,,,,,,
8/13/2019 4:00,8/13/2019 6:00,2398.22,4.268,,,,,,,,,,,
8/13/2019 5:00,8/13/2019 7:00,2424.043,4.276,,,,,,,,,,,
8/13/2019 6:00,8/13/2019 8:00,2381.534,4.26,,,,,,,,,,,
8/13/2019 7:00,8/13/2019 9:00,2310.803,4.224,,,,,,,,,,,
8/13/2019 8:00,8/13/2019 10:00,2188.225,4.158,,,,,,,,,,,
8/13/2019 9:00,8/13/2019 11:00,1860.928,3.977,,,,,,,,,,,
8/13/2019 10:00,8/13/2019 12:00,1399.867,3.693,,,,,,,,,,,
8/13/2019 11:00,8/13/2019 13:00,1127.995,3.497,,,,,,,,,,,
8/13/2019 12:00,8/13/2019 14:00,969.683,3.384,,,,,,,,,,,
8/13/2019 13:00,8/13/2019 15:00,986.024,3.397,,,,,,,,,,,
8/13/2019 14:00,8/13/2019 16:00,1167.818,3.535,,,,,,,,,,,
8/13/2019 15:00,8/13/2019 17:00,1467.009,3.74,,,,,,,,,,,
8/13/2019 16:00,8/13/2019 18:00,1896.352,4,,,,,,,,,,,
8/13/2019 17:00,8/13/2019 19:00,2034.922,4.077,,,,,,,,,,,
8/13/2019 18:00,8/13/2019 20:00,2502.427,4.32,,,,,,,,,,,
8/13/2019 19:00,8/13/2019 21:00,3242.769,4.653,,,,,,,,,,,
8/13/2019 20:00,8/13/2019 22:00,3407.554,4.733,,,,,,,,,,,
8/13/2019 21:00,8/13/2019 23:00,3472.102,4.76,,,,,,,,,,,
8/13/2019 22:00,8/14/2019 0:00,3548.268,4.782,,,,,,,,,,,
8/13/2019 23:00,8/14/2019 1:00,3425.805,4.74,,,,,,,,,,,
8/14/2019 0:00,8/14/2019 2:00,3367.469,4.716,,,,,,,,,,,
8/14/2019 1:00,8/14/2019 3:00,3190.825,4.63,,,,,,,,,,,
8/14/2019 2:00,8/14/2019 4:00,3048.798,4.577,,,,,,,,,,,
8/14/2019 3:00,8/14/2019 5:00,2832.081,4.478,,,,,,,,,,,
8/14/2019 4:00,8/14/2019 6:00,2104.914,4.113,,,,,,,,,,,
8/14/2019 5:00,8/14/2019 7:00,1732.044,3.895,,,,,,,,,,,
8/14/2019 6:00,8/14/2019 8:00,1547.398,3.791,,,,,,,,,,,
8/14/2019 7:00,8/14/2019 9:00,1090.211,3.469,,,,,,,,,,,
8/14/2019 8:00,8/14/2019 10:00,546.283,2.984,,,,,,,,,,,
8/14/2019 9:00,8/14/2019 11:00,241.318,2.554,,,,,,,,,,,
8/14/2019 10:00,8/14/2019 12:00,132.026,2.308,,,,,,,,,,,
8/14/2019 11:00,8/14/2019 13:00,70.669,2.101,,,,,,,,,,,
8/14/2019 12:00,8/14/2019 14:00,190.754,2.453,,,,,,,,,,,
8/14/2019 13:00,8/14/2019 15:00,419.572,2.837,,,,,,,,,,,
8/14/2019 14:00,8/14/2019 16:00,623.726,3.072,,,,,,,,,,,
8/14/2019 15:00,8/14/2019 17:00,759.032,3.197,,,,,,,,,,,
8/14/2019 16:00,8/14/2019 18:00,810.339,3.246,,,,,,,,,,,
8/14/2019 17:00,8/14/2019 19:00,796.837,3.229,,,,,,,,,,,
8/14/2019 18:00,8/14/2019 20:00,884.35,3.314,,,,,,,,,,,
8/14/2019 19:00,8/14/2019 21:00,1187.134,3.549,,,,,,,,,,,
8/14/2019 20:00,8/14/2019 22:00,1556.612,3.797,,,,,,,,,,,
8/14/2019 21:00,8/14/2019 23:00,1888.751,3.996,,,,,,,,,,,
8/14/2019 22:00,8/15/2019 0:00,2138.233,4.124,,,,,,,,,,,
8/14/2019 23:00,8/15/2019 1:00,2364.551,4.251,,,,,,,,,,,
8/15/2019 0:00,8/15/2019 2:00,2417.338,4.274,,,,,,,,,,,
8/15/2019 1:00,8/15/2019 3:00,2451.204,4.286,,,,,,,,,,,
8/15/2019 2:00,8/15/2019 4:00,2460.247,4.293,,,,,,,,,,,
8/15/2019 3:00,8/15/2019 5:00,2520.61,4.329,,,,,,,,,,,
8/15/2019 4:00,8/15/2019 6:00,2601.259,4.365,,,,,,,,,,,
8/15/2019 5:00,8/15/2019 7:00,2870.491,4.496,,,,,,,,,,,
8/15/2019 6:00,8/15/2019 8:00,3240.215,4.652,,,,,,,,,,,
8/15/2019 7:00,8/15/2019 9:00,3616.778,4.813,,,,,,,,,,,
8/15/2019 8:00,8/15/2019 10:00,3921.738,4.942,,,,,,,,,,,
8/15/2019 9:00,8/15/2019 11:00,4086.707,5.006,,,,,,,,,,,
8/15/2019 10:00,8/15/2019 12:00,4258.134,5.061,,,,,,,,,,,
8/15/2019 11:00,8/15/2019 13:00,4130.277,5.021,,,,,,,,,,,
8/15/2019 12:00,8/15/2019 14:00,4024.734,4.982,,,,,,,,,,,
8/15/2019 13:00,8/15/2019 15:00,3947.277,4.952,,,,,,,,,,,
8/15/2019 14:00,8/15/2019 16:00,3802.285,4.894,,,,,,,,,,,
8/15/2019 15:00,8/15/2019 17:00,3637.027,4.828,,,,,,,,,,,
8/15/2019 16:00,8/15/2019 18:00,3279.748,4.678,,,,,,,,,,,
8/15/2019 17:00,8/15/2019 19:00,2707.116,4.414,,,,,,,,,,,
8/15/2019 18:00,8/15/2019 20:00,2356.154,4.247,,,,,,,,,,,
8/15/2019 19:00,8/15/2019 21:00,2359.11,4.248,,,,,,,,,,,
8/15/2019 20:00,8/15/2019 22:00,2201.482,4.167,,,,,,,,,,,
8/15/2019 21:00,8/15/2019 23:00,1979.738,4.047,,,,,,,,,,,
8/15/2019 22:00,8/16/2019 0:00,1675.371,3.865,,,,,,,,,,,
8/15/2019 23:00,8/16/2019 1:00,1294.92,3.618,,,,,,,,,,,
8/16/2019 0:00,8/16/2019 2:00,822.32,3.26,,,,,,,,,,,
8/16/2019 1:00,8/16/2019 3:00,432.943,2.854,,,,,,,,,,,
8/16/2019 2:00,8/16/2019 4:00,215.158,2.512,,,,,,,,,,,
8/16/2019 3:00,8/16/2019 5:00,138.376,2.325,,,,,,,,,,,
8/16/2019 4:00,8/16/2019 6:00,235.948,2.544,,,,,,,,,,,
8/16/2019 5:00,8/16/2019 7:00,656.75,3.105,,,,,,,,,,,
8/16/2019 6:00,8/16/2019 8:00,1204.601,3.562,,,,,,,,,,,
8/16/2019 7:00,8/16/2019 9:00,1848.812,3.964,,,,,,,,,,,
8/16/2019 8:00,8/16/2019 10:00,2333.845,4.236,,,,,,,,,,,
8/16/2019 9:00,8/16/2019 11:00,2814.117,4.47,,,,,,,,,,,
8/16/2019 10:00,8/16/2019 12:00,3359.555,4.712,,,,,,,,,,,
8/16/2019 11:00,8/16/2019 13:00,3713.079,4.859,,,,,,,,,,,
8/16/2019 12:00,8/16/2019 14:00,4023.114,4.981,,,,,,,,,,,
8/16/2019 13:00,8/16/2019 15:00,4269.988,5.066,,,,,,,,,,,
8/16/2019 14:00,8/16/2019 16:00,3612.61,4.809,,,,,,,,,,,
8/16/2019 15:00,8/16/2019 17:00,2523.838,4.331,,,,,,,,,,,
8/16/2019 16:00,8/16/2019 18:00,1650.778,3.855,,,,,,,,,,,
8/16/2019 17:00,8/16/2019 19:00,1015.875,3.42,,,,,,,,,,,
8/16/2019 18:00,8/16/2019 20:00,751.29,3.193,,,,,,,,,,,
8/16/2019 19:00,8/16/2019 21:00,856.447,3.29,,,,,,,,,,,
8/16/2019 20:00,8/16/2019 22:00,1548.97,3.792,,,,,,,,,,,
8/16/2019 21:00,8/16/2019 23:00,1919.253,4.013,,,,,,,,,,,
8/16/2019 22:00,8/17/2019 0:00,2296.347,4.216,,,,,,,,,,,
8/16/2019 23:00,8/17/2019 1:00,2481.926,4.31,,,,,,,,,,,
8/17/2019 0:00,8/17/2019 2:00,2349.105,4.243,,,,,,,,,,,
8/17/2019 1:00,8/17/2019 3:00,1904.029,4.004,,,,,,,,,,,
8/17/2019 2:00,8/17/2019 4:00,1276.143,3.611,,,,,,,,,,,
8/17/2019 3:00,8/17/2019 5:00,851.522,3.286,,,,,,,,,,,
8/17/2019 4:00,8/17/2019 6:00,627.232,3.075,,,,,,,,,,,
8/17/2019 5:00,8/17/2019 7:00,927.63,3.35,,,,,,,,,,,
8/17/2019 6:00,8/17/2019 8:00,1561.298,3.8,,,,,,,,,,,
8/17/2019 7:00,8/17/2019 9:00,2018.578,4.068,,,,,,,,,,,
8/17/2019 8:00,8/17/2019 10:00,2684.649,4.4,,,,,,,,,,,
8/17/2019 9:00,8/17/2019 11:00,3377.191,4.72,,,,,,,,,,,
8/17/2019 10:00,8/17/2019 12:00,4095.326,5.009,,,,,,,,,,,
8/17/2019 11:00,8/17/2019 13:00,4787.089,5.263,,,,,,,,,,,
8/17/2019 12:00,8/17/2019 14:00,5300.792,5.44,,,,,,,,,,,
8/17/2019 13:00,8/17/2019 15:00,5392.13,5.47,,,,,,,,,,,
8/17/2019 14:00,8/17/2019 16:00,5391.768,5.468,,,,,,,,,,,
8/17/2019 15:00,8/17/2019 17:00,5095.332,5.37,,,,,,,,,,,
8/17/2019 16:00,8/17/2019 18:00,5107.048,5.374,,,,,,,,,,,
8/17/2019 17:00,8/17/2019 19:00,7063.126,5.976,,,,,,,,,,,
8/17/2019 18:00,8/17/2019 20:00,7931.541,6.225,,,,,,,,,,,
8/17/2019 19:00,8/17/2019 21:00,8495.018,6.38,,,,,,,,,,,
8/17/2019 20:00,8/17/2019 22:00,8899.691,6.478,,,,,,,,,,,
8/17/2019 21:00,8/17/2019 23:00,8776.006,6.452,,,,,,,,,,,
8/17/2019 22:00,8/18/2019 0:00,8493.439,6.38,,,,,,,,,,,
8/17/2019 23:00,8/18/2019 1:00,8141.919,6.286,,,,,,,,,,,
8/18/2019 0:00,8/18/2019 2:00,8681.699,6.422,,,,,,,,,,,
8/18/2019 1:00,8/18/2019 3:00,8344.403,6.34,,,,,,,,,,,
8/18/2019 2:00,8/18/2019 4:00,7499.628,6.103,,,,,,,,,,,
8/18/2019 3:00,8/18/2019 5:00,7109.193,5.999,,,,,,,,,,,
8/18/2019 4:00,8/18/2019 6:00,6468.479,5.81,,,,,,,,,,,
8/18/2019 5:00,8/18/2019 7:00,10226.389,6.82,,,,,,,,,,,
8/18/2019 6:00,8/18/2019 8:00,9303.091,6.588,,,,,,,,,,,
8/18/2019 7:00,8/18/2019 9:00,9460.998,6.628,,,,,,,,,,,
8/18/2019 8:00,8/18/2019 10:00,9971.484,6.748,,,,,,,,,,,
8/18/2019 9:00,8/18/2019 11:00,10294.887,6.829,,,,,,,,,,,
8/18/2019 10:00,8/18/2019 12:00,11052.413,7.016,,,,,,,,,,,
8/18/2019 11:00,8/18/2019 13:00,10306.385,6.836,,,,,,,,,,,
8/18/2019 12:00,8/18/2019 14:00,8958.13,6.501,,,,,,,,,,,
8/18/2019 13:00,8/18/2019 15:00,8081.236,6.265,,,,,,,,,,,
8/18/2019 14:00,8/18/2019 16:00,6526.928,5.828,,,,,,,,,,,
8/18/2019 15:00,8/18/2019 17:00,4928.414,5.303,,,,,,,,,,,
8/18/2019 16:00,8/18/2019 18:00,4130.439,5.021,,,,,,,,,,,
8/18/2019 17:00,8/18/2019 19:00,3269.874,4.674,,,,,,,,,,,
8/18/2019 18:00,8/18/2019 20:00,3013.207,4.561,,,,,,,,,,,
8/18/2019 19:00,8/18/2019 21:00,2517.345,4.328,,,,,,,,,,,
8/18/2019 20:00,8/18/2019 22:00,1815.657,3.947,,,,,,,,,,,
8/18/2019 21:00,8/18/2019 23:00,1446.901,3.718,,,,,,,,,,,
8/18/2019 22:00,8/19/2019 0:00,1467.493,3.74,,,,,,,,,,,
8/18/2019 23:00,8/19/2019 1:00,1807.844,3.945,,,,,,,,,,,
8/19/2019 0:00,8/19/2019 2:00,2555.851,4.347,,,,,,,,,,,
8/19/2019 1:00,8/19/2019 3:00,3573.211,4.792,,,,,,,,,,,
8/19/2019 2:00,8/19/2019 4:00,4331.757,5.098,,,,,,,,,,,
8/19/2019 3:00,8/19/2019 5:00,4452.692,5.143,,,,,,,,,,,
8/19/2019 4:00,8/19/2019 6:00,4438.431,5.138,,,,,,,,,,,
8/19/2019 5:00,8/19/2019 7:00,4085.097,5.005,,,,,,,,,,,
8/19/2019 6:00,8/19/2019 8:00,3231.417,4.648,,,,,,,,,,,
8/19/2019 7:00,8/19/2019 9:00,2921.03,4.519,,,,,,,,,,,
8/19/2019 8:00,8/19/2019 10:00,3091.864,4.596,,,,,,,,,,,
8/19/2019 9:00,8/19/2019 11:00,2311.385,4.224,,,,,,,,,,,
8/19/2019 10:00,8/19/2019 12:00,1133.834,3.51,,,,,,,,,,,
8/19/2019 11:00,8/19/2019 13:00,504.601,2.941,,,,,,,,,,,
8/19/2019 12:00,8/19/2019 14:00,246.77,2.564,,,,,,,,,,,
8/19/2019 13:00,8/19/2019 15:00,104.887,2.232,,,,,,,,,,,
8/19/2019 14:00,8/19/2019 16:00,699.188,3.147,,,,,,,,,,,
8/19/2019 15:00,8/19/2019 17:00,1612.325,3.832,,,,,,,,,,,
8/19/2019 16:00,8/19/2019 18:00,2402.535,4.27,,,,,,,,,,,
8/19/2019 17:00,8/19/2019 19:00,3491.363,4.768,,,,,,,,,,,
8/19/2019 18:00,8/19/2019 20:00,4426.716,5.133,,,,,,,,,,,
8/19/2019 19:00,8/19/2019 21:00,5158.937,5.392,,,,,,,,,,,
8/19/2019 20:00,8/19/2019 22:00,5254.855,5.424,,,,,,,,,,,
8/19/2019 21:00,8/19/2019 23:00,4830.768,5.274,,,,,,,,,,,
8/19/2019 22:00,8/20/2019 0:00,4296.234,5.085,,,,,,,,,,,
8/19/2019 23:00,8/20/2019 1:00,3279.763,4.678,,,,,,,,,,,
8/20/2019 0:00,8/20/2019 2:00,2758.964,4.444,,,,,,,,,,,
8/20/2019 1:00,8/20/2019 3:00,2283.199,4.209,,,,,,,,,,,
8/20/2019 2:00,8/20/2019 4:00,1741.446,3.91,,,,,,,,,,,
8/20/2019 3:00,8/20/2019 5:00,1421.549,3.702,,,,,,,,,,,
8/20/2019 4:00,8/20/2019 6:00,1244.288,3.59,,,,,,,,,,,
8/20/2019 5:00,8/20/2019 7:00,1416.387,3.699,,,,,,,,,,,
8/20/2019 6:00,8/20/2019 8:00,1754.842,3.918,,,,,,,,,,,
8/20/2019 7:00,8/20/2019 9:00,2143.735,4.127,,,,,,,,,,,
8/20/2019 8:00,8/20/2019 10:00,2510.36,4.324,,,,,,,,,,,
8/20/2019 9:00,8/20/2019 11:00,2727.827,4.429,,,,,,,,,,,
8/20/2019 10:00,8/20/2019 12:00,3014.067,4.561,,,,,,,,,,,
8/20/2019 11:00,8/20/2019 13:00,3330.166,4.7,,,,,,,,,,,
8/20/2019 12:00,8/20/2019 14:00,3329.09,4.699,,,,,,,,,,,
8/20/2019 13:00,8/20/2019 15:00,3181.847,4.626,,,,,,,,,,,
8/20/2019 14:00,8/20/2019 16:00,2707.377,4.415,,,,,,,,,,,
8/20/2019 15:00,8/20/2019 17:00,2130.443,4.12,,,,,,,,,,,
8/20/2019 16:00,8/20/2019 18:00,1448.782,3.719,,,,,,,,,,,
8/20/2019 17:00,8/20/2019 19:00,876.726,3.307,,,,,,,,,,,
8/20/2019 18:00,8/20/2019 20:00,404.367,2.817,,,,,,,,,,,
8/20/2019 19:00,8/20/2019 21:00,228.748,2.531,,,,,,,,,,,
8/20/2019 20:00,8/20/2019 22:00,377.189,2.775,,,,,,,,,,,
8/20/2019 21:00,8/20/2019 23:00,727.161,3.174,,,,,,,,,,,
8/20/2019 22:00,8/21/2019 0:00,1076.102,3.458,,,,,,,,,,,
8/20/2019 23:00,8/21/2019 1:00,1332.544,3.651,,,,,,,,,,,
8/21/2019 0:00,8/21/2019 2:00,1514.192,3.77,,,,,,,,,,,
8/21/2019 1:00,8/21/2019 3:00,1724.458,3.891,,,,,,,,,,,
8/21/2019 2:00,8/21/2019 4:00,1667.19,3.863,,,,,,,,,,,
8/21/2019 3:00,8/21/2019 5:00,1614.485,3.833,,,,,,,,,,,
8/21/2019 4:00,8/21/2019 6:00,1540.755,3.787,,,,,,,,,,,
8/21/2019 5:00,8/21/2019 7:00,1585.073,3.815,,,,,,,,,,,
8/21/2019 6:00,8/21/2019 8:00,2195.038,4.163,,,,,,,,,,,
8/21/2019 7:00,8/21/2019 9:00,2676.211,4.396,,,,,,,,,,,
8/21/2019 8:00,8/21/2019 10:00,3549.763,4.783,,,,,,,,,,,
8/21/2019 9:00,8/21/2019 11:00,5103.499,5.373,,,,,,,,,,,
8/21/2019 10:00,8/21/2019 12:00,6749.08,5.894,,,,,,,,,,,
8/21/2019 11:00,8/21/2019 13:00,8007.142,6.244,,,,,,,,,,,
8/21/2019 12:00,8/21/2019 14:00,8812.697,6.457,,,,,,,,,,,
8/21/2019 13:00,8/21/2019 15:00,8985.677,6.509,,,,,,,,,,,
8/21/2019 14:00,8/21/2019 16:00,8951.532,6.496,,,,,,,,,,,
8/21/2019 15:00,8/21/2019 17:00,7952.993,6.228,,,,,,,,,,,
8/21/2019 16:00,8/21/2019 18:00,5909.715,5.637,,,,,,,,,,,
8/21/2019 17:00,8/21/2019 19:00,4698.44,5.232,,,,,,,,,,,
8/21/2019 18:00,8/21/2019 20:00,4727.066,5.242,,,,,,,,,,,
8/21/2019 19:00,8/21/2019 21:00,4955.948,5.313,,,,,,,,,,,
8/21/2019 20:00,8/21/2019 22:00,4722.032,5.24,,,,,,,,,,,
8/21/2019 21:00,8/21/2019 23:00,4956.898,5.313,,,,,,,,,,,
8/21/2019 22:00,8/22/2019 0:00,4750.312,5.25,,,,,,,,,,,
8/21/2019 23:00,8/22/2019 1:00,4286.601,5.081,,,,,,,,,,,
8/22/2019 0:00,8/22/2019 2:00,3972.592,4.961,,,,,,,,,,,
8/22/2019 1:00,8/22/2019 3:00,3610.332,4.808,,,,,,,,,,,
8/22/2019 2:00,8/22/2019 4:00,3403.901,4.731,,,,,,,,,,,
8/22/2019 3:00,8/22/2019 5:00,2722.711,4.427,,,,,,,,,,,
8/22/2019 4:00,8/22/2019 6:00,2228.73,4.181,,,,,,,,,,,
8/22/2019 5:00,8/22/2019 7:00,1859.916,3.97,,,,,,,,,,,
8/22/2019 6:00,8/22/2019 8:00,1443.232,3.716,,,,,,,,,,,
8/22/2019 7:00,8/22/2019 9:00,1313.917,3.629,,,,,,,,,,,
8/22/2019 8:00,8/22/2019 10:00,1298.624,3.619,,,,,,,,,,,
8/22/2019 9:00,8/22/2019 11:00,1220.781,3.573,,,,,,,,,,,
8/22/2019 10:00,8/22/2019 12:00,1185.33,3.548,,,,,,,,,,,
8/22/2019 11:00,8/22/2019 13:00,1213.71,3.568,,,,,,,,,,,
8/22/2019 12:00,8/22/2019 14:00,1244.696,3.59,,,,,,,,,,,
8/22/2019 13:00,8/22/2019 15:00,1085.946,3.466,,,,,,,,,,,
8/22/2019 14:00,8/22/2019 16:00,815.069,3.254,,,,,,,,,,,
8/22/2019 15:00,8/22/2019 17:00,669.2,3.114,,,,,,,,,,,
8/22/2019 16:00,8/22/2019 18:00,518.571,2.95,,,,,,,,,,,
8/22/2019 17:00,8/22/2019 19:00,527.685,2.96,,,,,,,,,,,
8/22/2019 18:00,8/22/2019 20:00,588.563,3.035,,,,,,,,,,,
8/22/2019 19:00,8/22/2019 21:00,709.066,3.156,,,,,,,,,,,
8/22/2019 20:00,8/22/2019 22:00,979.541,3.392,,,,,,,,,,,
8/22/2019 21:00,8/22/2019 23:00,1269.653,3.608,,,,,,,,,,,
8/22/2019 22:00,8/23/2019 0:00,1656.702,3.859,,,,,,,,,,,
8/22/2019 23:00,8/23/2019 1:00,1989.176,4.052,,,,,,,,,,,
8/23/2019 0:00,8/23/2019 2:00,2287.265,4.212,,,,,,,,,,,
8/23/2019 1:00,8/23/2019 3:00,2404.591,4.271,,,,,,,,,,,
8/23/2019 2:00,8/23/2019 4:00,2406.048,4.271,,,,,,,,,,,
8/23/2019 3:00,8/23/2019 5:00,2582.934,4.36,,,,,,,,,,,
8/23/2019 4:00,8/23/2019 6:00,2780.182,4.454,,,,,,,,,,,
8/23/2019 5:00,8/23/2019 7:00,2352.56,4.245,,,,,,,,,,,
8/23/2019 6:00,8/23/2019 8:00,2165.279,4.139,,,,,,,,,,,
8/23/2019 7:00,8/23/2019 9:00,2187.729,4.155,,,,,,,,,,,
8/23/2019 8:00,8/23/2019 10:00,1874.734,3.988,,,,,,,,,,,
8/23/2019 9:00,8/23/2019 11:00,1328.215,3.639,,,,,,,,,,,
8/23/2019 10:00,8/23/2019 12:00,770.01,3.205,,,,,,,,,,,
8/23/2019 11:00,8/23/2019 13:00,399.574,2.81,,,,,,,,,,,
8/23/2019 12:00,8/23/2019 14:00,272.822,2.619,,,,,,,,,,,
8/23/2019 13:00,8/23/2019 15:00,342.983,2.722,,,,,,,,,,,
8/23/2019 14:00,8/23/2019 16:00,580.762,3.027,,,,,,,,,,,
8/23/2019 15:00,8/23/2019 17:00,922.54,3.345,,,,,,,,,,,
8/23/2019 16:00,8/23/2019 18:00,1305.872,3.624,,,,,,,,,,,
8/23/2019 17:00,8/23/2019 19:00,1582.818,3.814,,,,,,,,,,,
8/23/2019 18:00,8/23/2019 20:00,1940.408,4.023,,,,,,,,,,,
8/23/2019 19:00,8/23/2019 21:00,2460.955,4.297,,,,,,,,,,,
8/23/2019 20:00,8/23/2019 22:00,2745.316,4.438,,,,,,,,,,,
8/23/2019 21:00,8/23/2019 23:00,2782.147,4.455,,,,,,,,,,,
8/23/2019 22:00,8/24/2019 0:00,2745.028,4.437,,,,,,,,,,,
8/23/2019 23:00,8/24/2019 1:00,2778.593,4.453,,,,,,,,,,,
8/24/2019 0:00,8/24/2019 2:00,2658.405,4.387,,,,,,,,,,,
8/24/2019 1:00,8/24/2019 3:00,2459.896,4.291,,,,,,,,,,,
8/24/2019 2:00,8/24/2019 4:00,2245.969,4.19,,,,,,,,,,,
8/24/2019 3:00,8/24/2019 5:00,1908.333,4.007,,,,,,,,,,,
8/24/2019 4:00,8/24/2019 6:00,1450.169,3.722,,,,,,,,,,,
8/24/2019 5:00,8/24/2019 7:00,1182.756,3.546,,,,,,,,,,,
8/24/2019 6:00,8/24/2019 8:00,935.68,3.356,,,,,,,,,,,
8/24/2019 7:00,8/24/2019 9:00,829.923,3.267,,,,,,,,,,,
8/24/2019 8:00,8/24/2019 10:00,766.963,3.202,,,,,,,,,,,
8/24/2019 9:00,8/24/2019 11:00,712.763,3.16,,,,,,,,,,,
8/24/2019 10:00,8/24/2019 12:00,686.15,3.134,,,,,,,,,,,
8/24/2019 11:00,8/24/2019 13:00,663.487,3.111,,,,,,,,,,,
8/24/2019 12:00,8/24/2019 14:00,523.65,2.955,,,,,,,,,,,
8/24/2019 13:00,8/24/2019 15:00,253.335,2.576,,,,,,,,,,,
8/24/2019 14:00,8/24/2019 16:00,140.002,2.33,,,,,,,,,,,
8/24/2019 15:00,8/24/2019 17:00,180.057,2.437,,,,,,,,,,,
8/24/2019 16:00,8/24/2019 18:00,124.556,2.286,,,,,,,,,,,
8/24/2019 17:00,8/24/2019 19:00,36.437,1.907,,,,,,,,,,,
8/24/2019 18:00,8/24/2019 20:00,260.141,2.597,,,,,,,,,,,
8/24/2019 19:00,8/24/2019 21:00,874.097,3.305,,,,,,,,,,,
8/24/2019 20:00,8/24/2019 22:00,1721.651,3.889,,,,,,,,,,,
8/24/2019 21:00,8/24/2019 23:00,2662.479,4.389,,,,,,,,,,,
8/24/2019 22:00,8/25/2019 0:00,3694.764,4.851,,,,,,,,,,,
8/24/2019 23:00,8/25/2019 1:00,4756.959,5.252,,,,,,,,,,,
8/25/2019 0:00,8/25/2019 2:00,5437.519,5.485,,,,,,,,,,,
8/25/2019 1:00,8/25/2019 3:00,5633.504,5.54,,,,,,,,,,,
8/25/2019 2:00,8/25/2019 4:00,5759.993,5.588,,,,,,,,,,,
8/25/2019 3:00,8/25/2019 5:00,5292.327,5.437,,,,,,,,,,,
8/25/2019 4:00,8/25/2019 6:00,5288.465,5.435,,,,,,,,,,,
8/25/2019 5:00,8/25/2019 7:00,5060.078,5.358,,,,,,,,,,,
8/25/2019 6:00,8/25/2019 8:00,4347.454,5.104,,,,,,,,,,,
8/25/2019 7:00,8/25/2019 9:00,4057.278,4.994,,,,,,,,,,,
8/25/2019 8:00,8/25/2019 10:00,4040.703,4.988,,,,,,,,,,,
8/25/2019 9:00,8/25/2019 11:00,3990.455,4.968,,,,,,,,,,,
8/25/2019 10:00,8/25/2019 12:00,6526.422,5.827,,,,,,,,,,,
8/25/2019 11:00,8/25/2019 13:00,8263.042,6.319,,,,,,,,,,,
8/25/2019 12:00,8/25/2019 14:00,7502.118,6.11,,,,,,,,,,,
8/25/2019 13:00,8/25/2019 15:00,6294.827,5.757,,,,,,,,,,,
8/25/2019 14:00,8/25/2019 16:00,6269.098,5.749,,,,,,,,,,,
8/25/2019 15:00,8/25/2019 17:00,6508.272,5.822,,,,,,,,,,,
8/25/2019 16:00,8/25/2019 18:00,6878.161,5.932,,,,,,,,,,,
8/25/2019 17:00,8/25/2019 19:00,7261.408,6.041,,,,,,,,,,,
8/25/2019 18:00,8/25/2019 20:00,11729.191,7.174,,,,,,,,,,,
8/25/2019 19:00,8/25/2019 21:00,12902.555,7.451,,,,,,,,,,,
8/25/2019 20:00,8/25/2019 22:00,10956.15,6.989,,,,,,,,,,,
8/25/2019 21:00,8/25/2019 23:00,9949.043,6.742,,,,,,,,,,,
8/25/2019 22:00,8/26/2019 0:00,8080.624,6.262,,,,,,,,,,,
8/25/2019 23:00,8/26/2019 1:00,7258.41,6.041,,,,,,,,,,,
8/26/2019 0:00,8/26/2019 2:00,7211.839,6.024,,,,,,,,,,,
8/26/2019 1:00,8/26/2019 3:00,7751.629,6.174,,,,,,,,,,,
8/26/2019 2:00,8/26/2019 4:00,7403.231,6.076,,,,,,,,,,,
8/26/2019 3:00,8/26/2019 5:00,7814.306,6.189,,,,,,,,,,,
8/26/2019 4:00,8/26/2019 6:00,7823.883,6.193,,,,,,,,,,,
8/26/2019 5:00,8/26/2019 7:00,7322.653,6.055,,,,,,,,,,,
8/26/2019 6:00,8/26/2019 8:00,7639.128,6.149,,,,,,,,,,,
8/26/2019 7:00,8/26/2019 9:00,10329.829,6.843,,,,,,,,,,,
8/26/2019 8:00,8/26/2019 10:00,11169.931,7.048,,,,,,,,,,,
8/26/2019 9:00,8/26/2019 11:00,10989.275,7.002,,,,,,,,,,,
8/26/2019 10:00,8/26/2019 12:00,9736.954,6.69,,,,,,,,,,,
8/26/2019 11:00,8/26/2019 13:00,6777.011,5.902,,,,,,,,,,,
8/26/2019 12:00,8/26/2019 14:00,4506.669,5.163,,,,,,,,,,,
8/26/2019 13:00,8/26/2019 15:00,2569.06,4.353,,,,,,,,,,,
8/26/2019 14:00,8/26/2019 16:00,1438.891,3.713,,,,,,,,,,,
8/26/2019 15:00,8/26/2019 17:00,1270.767,3.608,,,,,,,,,,,
8/26/2019 16:00,8/26/2019 18:00,1890.145,3.996,,,,,,,,,,,
8/26/2019 17:00,8/26/2019 19:00,3073.276,4.588,,,,,,,,,,,
8/26/2019 18:00,8/26/2019 20:00,4319.696,5.094,,,,,,,,,,,
8/26/2019 19:00,8/26/2019 21:00,5069.686,5.361,,,,,,,,,,,
8/26/2019 20:00,8/26/2019 22:00,4978.465,5.329,,,,,,,,,,,
8/26/2019 21:00,8/26/2019 23:00,5760.445,5.59,,,,,,,,,,,
8/26/2019 22:00,8/27/2019 0:00,7273.823,6.043,,,,,,,,,,,
8/26/2019 23:00,8/27/2019 1:00,9252.076,6.574,,,,,,,,,,,
8/27/2019 0:00,8/27/2019 2:00,10968.404,6.995,,,,,,,,,,,
8/27/2019 1:00,8/27/2019 3:00,12201.608,7.286,,,,,,,,,,,
8/27/2019 2:00,8/27/2019 4:00,12028.532,7.241,,,,,,,,,,,
8/27/2019 3:00,8/27/2019 5:00,11505.638,7.119,,,,,,,,,,,
8/27/2019 4:00,8/27/2019 6:00,11729.977,7.179,,,,,,,,,,,
8/27/2019 5:00,8/27/2019 7:00,11247.126,7.066,,,,,,,,,,,
8/27/2019 6:00,8/27/2019 8:00,9977.829,6.75,,,,,,,,,,,
8/27/2019 7:00,8/27/2019 9:00,8874.076,6.475,,,,,,,,,,,
8/27/2019 8:00,8/27/2019 10:00,9943.572,6.741,,,,,,,,,,,
8/27/2019 9:00,8/27/2019 11:00,11814.503,7.193,,,,,,,,,,,
8/27/2019 10:00,8/27/2019 12:00,12029.779,7.249,,,,,,,,,,,
8/27/2019 11:00,8/27/2019 13:00,11619.58,7.144,,,,,,,,,,,
8/27/2019 12:00,8/27/2019 14:00,11110.621,7.034,,,,,,,,,,,
8/27/2019 13:00,8/27/2019 15:00,10020.774,6.763,,,,,,,,,,,
8/27/2019 14:00,8/27/2019 16:00,7532.295,6.119,,,,,,,,,,,
8/27/2019 15:00,8/27/2019 17:00,5127.007,5.381,,,,,,,,,,,
8/27/2019 16:00,8/27/2019 18:00,3545.566,4.781,,,,,,,,,,,
8/27/2019 17:00,8/27/2019 19:00,2997.767,4.554,,,,,,,,,,,
8/27/2019 18:00,8/27/2019 20:00,2607.55,4.366,,,,,,,,,,,
8/27/2019 19:00,8/27/2019 21:00,2644.461,4.38,,,,,,,,,,,
8/27/2019 20:00,8/27/2019 22:00,2736.827,4.434,,,,,,,,,,,
8/27/2019 21:00,8/27/2019 23:00,2619.189,4.369,,,,,,,,,,,
8/27/2019 22:00,8/28/2019 0:00,3031.629,4.569,,,,,,,,,,,
8/27/2019 23:00,8/28/2019 1:00,3064.766,4.584,,,,,,,,,,,
8/28/2019 0:00,8/28/2019 2:00,2965.384,4.53,,,,,,,,,,,
8/28/2019 1:00,8/28/2019 3:00,3015.413,4.562,,,,,,,,,,,
8/28/2019 2:00,8/28/2019 4:00,3037.107,4.572,,,,,,,,,,,
8/28/2019 3:00,8/28/2019 5:00,2894.107,4.507,,,,,,,,,,,
8/28/2019 4:00,8/28/2019 6:00,2899.465,4.509,,,,,,,,,,,
8/28/2019 5:00,8/28/2019 7:00,2551.191,4.344,,,,,,,,,,,
8/28/2019 6:00,8/28/2019 8:00,2054.747,4.088,,,,,,,,,,,
8/28/2019 7:00,8/28/2019 9:00,2247.054,4.191,,,,,,,,,,,
8/28/2019 8:00,8/28/2019 10:00,2823.536,4.474,,,,,,,,,,,
8/28/2019 9:00,8/28/2019 11:00,3167.304,4.62,,,,,,,,,,,
8/28/2019 10:00,8/28/2019 12:00,3008.988,4.559,,,,,,,,,,,
8/28/2019 11:00,8/28/2019 13:00,2715.592,4.424,,,,,,,,,,,
8/28/2019 12:00,8/28/2019 14:00,2369.637,4.254,,,,,,,,,,,
8/28/2019 13:00,8/28/2019 15:00,2257.037,4.196,,,,,,,,,,,
8/28/2019 14:00,8/28/2019 16:00,2578.53,4.358,,,,,,,,,,,
8/28/2019 15:00,8/28/2019 17:00,3253.138,4.657,,,,,,,,,,,
8/28/2019 16:00,8/28/2019 18:00,3790.397,4.885,,,,,,,,,,,
8/28/2019 17:00,8/28/2019 19:00,5406.874,5.475,,,,,,,,,,,
8/28/2019 18:00,8/28/2019 20:00,7182.519,6.016,,,,,,,,,,,
8/28/2019 19:00,8/28/2019 21:00,8681.935,6.423,,,,,,,,,,,
8/28/2019 20:00,8/28/2019 22:00,9695.521,6.685,,,,,,,,,,,
8/28/2019 21:00,8/28/2019 23:00,10715.936,6.935,,,,,,,,,,,
8/28/2019 22:00,8/29/2019 0:00,11286.775,7.073,,,,,,,,,,,
8/28/2019 23:00,8/29/2019 1:00,11430.808,7.1,,,,,,,,,,,
8/29/2019 0:00,8/29/2019 2:00,11246.799,7.066,,,,,,,,,,,
8/29/2019 1:00,8/29/2019 3:00,11051.786,7.013,,,,,,,,,,,
8/29/2019 2:00,8/29/2019 4:00,11051.455,7.011,,,,,,,,,,,
8/29/2019 3:00,8/29/2019 5:00,10185.796,6.81,,,,,,,,,,,
8/29/2019 4:00,8/29/2019 6:00,9459.75,6.622,,,,,,,,,,,
8/29/2019 5:00,8/29/2019 7:00,9659.375,6.676,,,,,,,,,,,
8/29/2019 6:00,8/29/2019 8:00,10456.451,6.868,,,,,,,,,,,
8/29/2019 7:00,8/29/2019 9:00,13547.223,7.594,,,,,,,,,,,
8/29/2019 8:00,8/29/2019 10:00,11956.72,7.231,,,,,,,,,,,
8/29/2019 9:00,8/29/2019 11:00,10843.259,6.965,,,,,,,,,,,
8/29/2019 10:00,8/29/2019 12:00,11643.309,7.151,,,,,,,,,,,
8/29/2019 11:00,8/29/2019 13:00,12225.685,7.295,,,,,,,,,,,
8/29/2019 12:00,8/29/2019 14:00,12808.363,7.422,,,,,,,,,,,
8/29/2019 13:00,8/29/2019 15:00,12183.262,7.278,,,,,,,,,,,
8/29/2019 14:00,8/29/2019 16:00,10557.646,6.901,,,,,,,,,,,
8/29/2019 15:00,8/29/2019 17:00,10305.558,6.832,,,,,,,,,,,
8/29/2019 16:00,8/29/2019 18:00,11054.083,7.02,,,,,,,,,,,
8/29/2019 17:00,8/29/2019 19:00,12964.013,7.465,,,,,,,,,,,
8/29/2019 18:00,8/29/2019 20:00,15292.859,7.986,,,,,,,,,,,
8/29/2019 19:00,8/29/2019 21:00,16520.424,8.264,,,,,,,,,,,
8/29/2019 20:00,8/29/2019 22:00,17527.619,8.497,,,,,,,,,,,
8/29/2019 21:00,8/29/2019 23:00,17309.894,8.447,,,,,,,,,,,
8/29/2019 22:00,8/30/2019 0:00,15606.802,8.063,,,,,,,,,,,
8/29/2019 23:00,8/30/2019 1:00,11286.274,7.073,,,,,,,,,,,
8/30/2019 0:00,8/30/2019 2:00,6712.192,5.883,,,,,,,,,,,
8/30/2019 1:00,8/30/2019 3:00,3364.787,4.714,,,,,,,,,,,
8/30/2019 2:00,8/30/2019 4:00,1518.483,3.773,,,,,,,,,,,
8/30/2019 3:00,8/30/2019 5:00,479.702,2.912,,,,,,,,,,,
8/30/2019 4:00,8/30/2019 6:00,94.27,2.193,,,,,,,,,,,
8/30/2019 5:00,8/30/2019 7:00,173.238,2.421,,,,,,,,,,,
8/30/2019 6:00,8/30/2019 8:00,992.491,3.402,,,,,,,,,,,
8/30/2019 7:00,8/30/2019 9:00,3260.648,4.668,,,,,,,,,,,
8/30/2019 8:00,8/30/2019 10:00,6708.768,5.882,,,,,,,,,,,
8/30/2019 9:00,8/30/2019 11:00,7353.096,6.068,,,,,,,,,,,
8/30/2019 10:00,8/30/2019 12:00,5760.395,5.59,,,,,,,,,,,
8/30/2019 11:00,8/30/2019 13:00,3597.023,4.802,,,,,,,,,,,
8/30/2019 12:00,8/30/2019 14:00,2466.968,4.303,,,,,,,,,,,
8/30/2019 13:00,8/30/2019 15:00,2024.565,4.072,,,,,,,,,,,
8/30/2019 14:00,8/30/2019 16:00,1515.452,3.771,,,,,,,,,,,
8/30/2019 15:00,8/30/2019 17:00,876.897,3.307,,,,,,,,,,,
8/30/2019 16:00,8/30/2019 18:00,337.915,2.715,,,,,,,,,,,
8/30/2019 17:00,8/30/2019 19:00,248.379,2.567,,,,,,,,,,,
8/30/2019 18:00,8/30/2019 20:00,976.733,3.389,,,,,,,,,,,
8/30/2019 19:00,8/30/2019 21:00,2391.979,4.265,,,,,,,,,,,
8/30/2019 20:00,8/30/2019 22:00,3654.71,4.835,,,,,,,,,,,
8/30/2019 21:00,8/30/2019 23:00,4882.597,5.287,,,,,,,,,,,
8/30/2019 22:00,8/31/2019 0:00,6228.409,5.737,,,,,,,,,,,
8/30/2019 23:00,8/31/2019 1:00,7064.349,5.976,,,,,,,,,,,
8/31/2019 0:00,8/31/2019 2:00,6787.537,5.905,,,,,,,,,,,
8/31/2019 1:00,8/31/2019 3:00,6171.866,5.711,,,,,,,,,,,
8/31/2019 2:00,8/31/2019 4:00,6466.618,5.801,,,,,,,,,,,
8/31/2019 3:00,8/31/2019 5:00,6875.607,5.931,,,,,,,,,,,
8/31/2019 4:00,8/31/2019 6:00,6576.755,5.843,,,,,,,,,,,
8/31/2019 5:00,8/31/2019 7:00,6224.237,5.736,,,,,,,,,,,
8/31/2019 6:00,8/31/2019 8:00,4936.068,5.306,,,,,,,,,,,
8/31/2019 7:00,8/31/2019 9:00,6467.593,5.806,,,,,,,,,,,
8/31/2019 8:00,8/31/2019 10:00,7128.346,6.002,,,,,,,,,,,
8/31/2019 9:00,8/31/2019 11:00,7002.46,5.958,,,,,,,,,,,
8/31/2019 10:00,8/31/2019 12:00,10552.232,6.892,,,,,,,,,,,
8/31/2019 11:00,8/31/2019 13:00,12115.103,7.264,,,,,,,,,,,
8/31/2019 12:00,8/31/2019 14:00,10536.191,6.888,,,,,,,,,,,
8/31/2019 13:00,8/31/2019 15:00,8758.487,6.443,,,,,,,,,,,
8/31/2019 14:00,8/31/2019 16:00,6433.691,5.79,,,,,,,,,,,
8/31/2019 15:00,8/31/2019 17:00,3801.255,4.894,,,,,,,,,,,
8/31/2019 16:00,8/31/2019 18:00,2337.357,4.237,,,,,,,,,,,
8/31/2019 17:00,8/31/2019 19:00,1540.135,3.787,,,,,,,,,,,
8/31/2019 18:00,8/31/2019 20:00,1038.821,3.438,,,,,,,,,,,
8/31/2019 19:00,8/31/2019 21:00,1740.454,3.904,,,,,,,,,,,
8/31/2019 20:00,8/31/2019 22:00,2712.606,4.422,,,,,,,,,,,
8/31/2019 21:00,8/31/2019 23:00,3850.177,4.913,,,,,,,,,,,
8/31/2019 22:00,9/1/2019 0:00,4892.315,5.291,,,,,,,,,,,
8/31/2019 23:00,9/1/2019 1:00,5970,5.656,,,,,,,,,,,
9/1/2019 0:00,9/1/2019 2:00,6298.396,5.758,,,,,,,,,,,
9/1/2019 1:00,9/1/2019 3:00,6172.383,5.713,,,,,,,,,,,
9/1/2019 2:00,9/1/2019 4:00,5946.011,5.649,,,,,,,,,,,
9/1/2019 3:00,9/1/2019 5:00,6110.003,5.695,,,,,,,,,,,
9/1/2019 4:00,9/1/2019 6:00,6353.241,5.773,,,,,,,,,,,
9/1/2019 5:00,9/1/2019 7:00,6384.662,5.778,,,,,,,,,,,
9/1/2019 6:00,9/1/2019 8:00,6533.914,5.83,,,,,,,,,,,
9/1/2019 7:00,9/1/2019 9:00,9827.219,6.721,,,,,,,,,,,
9/1/2019 8:00,9/1/2019 10:00,15325.627,7.997,,,,,,,,,,,
9/1/2019 9:00,9/1/2019 11:00,18218.442,8.657,,,,,,,,,,,
9/1/2019 10:00,9/1/2019 12:00,18687.678,8.762,,,,,,,,,,,
9/1/2019 11:00,9/1/2019 13:00,18402.748,8.702,,,,,,,,,,,
9/1/2019 12:00,9/1/2019 14:00,18031.342,8.616,,,,,,,,,,,
9/1/2019 13:00,9/1/2019 15:00,17222.599,8.424,,,,,,,,,,,
9/1/2019 14:00,9/1/2019 16:00,16432.207,8.243,,,,,,,,,,,
9/1/2019 15:00,9/1/2019 17:00,16432.208,8.243,,,,,,,,,,,
9/1/2019 16:00,9/1/2019 18:00,20903.595,9.312,,,,,,,,,,,
9/1/2019 17:00,9/1/2019 19:00,26891.097,11.218,,,,,,,,,,,
9/1/2019 18:00,9/1/2019 20:00,28309.835,11.909,,,,,,,,,,,
9/1/2019 19:00,9/1/2019 21:00,25011.684,10.503,,,,,,,,,,,
9/1/2019 20:00,9/1/2019 22:00,18517.436,8.73,,,,,,,,,,,
9/1/2019 21:00,9/1/2019 23:00,8213.633,6.305,,,,,,,,,,,
9/1/2019 22:00,9/2/2019 0:00,2205.069,4.169,,,,,,,,,,,
9/1/2019 23:00,9/2/2019 1:00,561.777,3.006,,,,,,,,,,,
9/2/2019 0:00,9/2/2019 2:00,304.709,2.672,,,,,,,,,,,
9/2/2019 1:00,9/2/2019 3:00,537.573,2.971,,,,,,,,,,,
9/2/2019 2:00,9/2/2019 4:00,681.225,3.126,,,,,,,,,,,
9/2/2019 3:00,9/2/2019 5:00,843.155,3.278,,,,,,,,,,,
9/2/2019 4:00,9/2/2019 6:00,1571.159,3.806,,,,,,,,,,,
9/2/2019 5:00,9/2/2019 7:00,2463.344,4.301,,,,,,,,,,,
9/2/2019 6:00,9/2/2019 8:00,3435.381,4.744,,,,,,,,,,,
9/2/2019 7:00,9/2/2019 9:00,3553.842,4.784,,,,,,,,,,,
9/2/2019 8:00,9/2/2019 10:00,3681.14,4.846,,,,,,,,,,,
9/2/2019 9:00,9/2/2019 11:00,3624.11,4.822,,,,,,,,,,,
9/2/2019 10:00,9/2/2019 12:00,3637.739,4.828,,,,,,,,,,,
9/2/2019 11:00,9/2/2019 13:00,3531.113,4.777,,,,,,,,,,,
9/2/2019 12:00,9/2/2019 14:00,3122.824,4.61,,,,,,,,,,,
9/2/2019 13:00,9/2/2019 15:00,2580.689,4.359,,,,,,,,,,,
9/2/2019 14:00,9/2/2019 16:00,2471.737,4.305,,,,,,,,,,,
9/2/2019 15:00,9/2/2019 17:00,2022.764,4.071,,,,,,,,,,,
9/2/2019 16:00,9/2/2019 18:00,1470.78,3.743,,,,,,,,,,,
9/2/2019 17:00,9/2/2019 19:00,1779.988,3.933,,,,,,,,,,,
9/2/2019 18:00,9/2/2019 20:00,1983.937,4.049,,,,,,,,,,,
9/2/2019 19:00,9/2/2019 21:00,2186.002,4.15,,,,,,,,,,,
9/2/2019 20:00,9/2/2019 22:00,2181.93,4.147,,,,,,,,,,,
9/2/2019 21:00,9/2/2019 23:00,2004.566,4.061,,,,,,,,,,,
9/2/2019 22:00,9/3/2019 0:00,1766.009,3.925,,,,,,,,,,,
9/2/2019 23:00,9/3/2019 1:00,1767.609,3.925,,,,,,,,,,,
9/3/2019 0:00,9/3/2019 2:00,1630.244,3.843,,,,,,,,,,,
9/3/2019 1:00,9/3/2019 3:00,1504.566,3.764,,,,,,,,,,,
9/3/2019 2:00,9/3/2019 4:00,1882.137,3.992,,,,,,,,,,,
9/3/2019 3:00,9/3/2019 5:00,2460.174,4.292,,,,,,,,,,,
9/3/2019 4:00,9/3/2019 6:00,3221.165,4.644,,,,,,,,,,,
9/3/2019 5:00,9/3/2019 7:00,3551.199,4.783,,,,,,,,,,,
9/3/2019 6:00,9/3/2019 8:00,5462.466,5.493,,,,,,,,,,,
9/3/2019 7:00,9/3/2019 9:00,7510.553,6.113,,,,,,,,,,,
9/3/2019 8:00,9/3/2019 10:00,8951.484,6.495,,,,,,,,,,,
9/3/2019 9:00,9/3/2019 11:00,10007.122,6.757,,,,,,,,,,,
9/3/2019 10:00,9/3/2019 12:00,10969.184,6.999,,,,,,,,,,,
9/3/2019 11:00,9/3/2019 13:00,11871.725,7.213,,,,,,,,,,,
9/3/2019 12:00,9/3/2019 14:00,12808.917,7.426,,,,,,,,,,,
9/3/2019 13:00,9/3/2019 15:00,13509.801,7.584,,,,,,,,,,,
9/3/2019 14:00,9/3/2019 16:00,13843.105,7.656,,,,,,,,,,,
9/3/2019 15:00,9/3/2019 17:00,13964.234,7.693,,,,,,,,,,,
9/3/2019 16:00,9/3/2019 18:00,14363.029,7.777,,,,,,,,,,,
9/3/2019 17:00,9/3/2019 19:00,14984.833,7.917,,,,,,,,,,,
9/3/2019 18:00,9/3/2019 20:00,15647.734,8.071,,,,,,,,,,,
9/3/2019 19:00,9/3/2019 21:00,15817.001,8.11,,,,,,,,,,,
9/3/2019 20:00,9/3/2019 22:00,14793.154,7.877,,,,,,,,,,,
9/3/2019 21:00,9/3/2019 23:00,14394.207,7.79,,,,,,,,,,,
9/3/2019 22:00,9/4/2019 0:00,15079.341,7.944,,,,,,,,,,,
9/3/2019 23:00,9/4/2019 1:00,14703.817,7.851,,,,,,,,,,,
9/4/2019 0:00,9/4/2019 2:00,13944.353,7.688,,,,,,,,,,,
9/4/2019 1:00,9/4/2019 3:00,13405.458,7.566,,,,,,,,,,,
9/4/2019 2:00,9/4/2019 4:00,13597.937,7.604,,,,,,,,,,,
9/4/2019 3:00,9/4/2019 5:00,13509.782,7.583,,,,,,,,,,,
9/4/2019 4:00,9/4/2019 6:00,13203.038,7.52,,,,,,,,,,,
9/4/2019 5:00,9/4/2019 7:00,13201.97,7.512,,,,,,,,,,,
9/4/2019 6:00,9/4/2019 8:00,13965.035,7.693,,,,,,,,,,,
9/4/2019 7:00,9/4/2019 9:00,15894.162,8.119,,,,,,,,,,,
9/4/2019 8:00,9/4/2019 10:00,16732.645,8.314,,,,,,,,,,,
9/4/2019 9:00,9/4/2019 11:00,16653.039,8.295,,,,,,,,,,,
9/4/2019 10:00,9/4/2019 12:00,17222.586,8.423,,,,,,,,,,,
9/4/2019 11:00,9/4/2019 13:00,16660.377,8.296,,,,,,,,,,,
9/4/2019 12:00,9/4/2019 14:00,15414.1,8.013,,,,,,,,,,,
9/4/2019 13:00,9/4/2019 15:00,14993.519,7.918,,,,,,,,,,,
9/4/2019 14:00,9/4/2019 16:00,13907.47,7.68,,,,,,,,,,,
9/4/2019 15:00,9/4/2019 17:00,10754.802,6.939,,,,,,,,,,,
9/4/2019 16:00,9/4/2019 18:00,8683.367,6.43,,,,,,,,,,,
9/4/2019 17:00,9/4/2019 19:00,6604.916,5.851,,,,,,,,,,,
9/4/2019 18:00,9/4/2019 20:00,6118.297,5.697,,,,,,,,,,,
9/4/2019 19:00,9/4/2019 21:00,5695.284,5.56,,,,,,,,,,,
9/4/2019 20:00,9/4/2019 22:00,5028.218,5.347,,,,,,,,,,,
9/4/2019 21:00,9/4/2019 23:00,4434.525,5.136,,,,,,,,,,,
9/4/2019 22:00,9/5/2019 0:00,3985.058,4.966,,,,,,,,,,,
9/4/2019 23:00,9/5/2019 1:00,3705.621,4.856,,,,,,,,,,,
9/5/2019 0:00,9/5/2019 2:00,3114.017,4.606,,,,,,,,,,,
9/5/2019 1:00,9/5/2019 3:00,2664.473,4.39,,,,,,,,,,,
9/5/2019 2:00,9/5/2019 4:00,2345.536,4.242,,,,,,,,,,,
9/5/2019 3:00,9/5/2019 5:00,1961.762,4.029,,,,,,,,,,,
9/5/2019 4:00,9/5/2019 6:00,1736.716,3.898,,,,,,,,,,,
9/5/2019 5:00,9/5/2019 7:00,2188.035,4.157,,,,,,,,,,,
9/5/2019 6:00,9/5/2019 8:00,2469.622,4.304,,,,,,,,,,,
9/5/2019 7:00,9/5/2019 9:00,2869.279,4.495,,,,,,,,,,,
9/5/2019 8:00,9/5/2019 10:00,3115.258,4.606,,,,,,,,,,,
9/5/2019 9:00,9/5/2019 11:00,3480.425,4.763,,,,,,,,,,,
9/5/2019 10:00,9/5/2019 12:00,3786.396,4.879,,,,,,,,,,,
9/5/2019 11:00,9/5/2019 13:00,3791.143,4.889,,,,,,,,,,,
9/5/2019 12:00,9/5/2019 14:00,3645.238,4.831,,,,,,,,,,,
9/5/2019 13:00,9/5/2019 15:00,3691.11,4.85,,,,,,,,,,,
9/5/2019 14:00,9/5/2019 16:00,3981.342,4.965,,,,,,,,,,,
9/5/2019 15:00,9/5/2019 17:00,3991.812,4.969,,,,,,,,,,,
9/5/2019 16:00,9/5/2019 18:00,3909.608,4.937,,,,,,,,,,,
9/5/2019 17:00,9/5/2019 19:00,3772.374,4.873,,,,,,,,,,,
9/5/2019 18:00,9/5/2019 20:00,3397.1,4.728,,,,,,,,,,,
9/5/2019 19:00,9/5/2019 21:00,2970.912,4.533,,,,,,,,,,,
9/5/2019 20:00,9/5/2019 22:00,2109.206,4.114,,,,,,,,,,,
9/5/2019 21:00,9/5/2019 23:00,1278.29,3.612,,,,,,,,,,,
9/5/2019 22:00,9/6/2019 0:00,652.76,3.101,,,,,,,,,,,
9/5/2019 23:00,9/6/2019 1:00,546.977,2.989,,,,,,,,,,,
9/6/2019 0:00,9/6/2019 2:00,1207.812,3.564,,,,,,,,,,,
9/6/2019 1:00,9/6/2019 3:00,2200.166,4.166,,,,,,,,,,,
9/6/2019 2:00,9/6/2019 4:00,3102.289,4.601,,,,,,,,,,,
9/6/2019 3:00,9/6/2019 5:00,3790.134,4.883,,,,,,,,,,,
9/6/2019 4:00,9/6/2019 6:00,4254.21,5.06,,,,,,,,,,,
9/6/2019 5:00,9/6/2019 7:00,4323.154,5.095,,,,,,,,,,,
9/6/2019 6:00,9/6/2019 8:00,4872.762,5.284,,,,,,,,,,,
9/6/2019 7:00,9/6/2019 9:00,6132.396,5.699,,,,,,,,,,,
9/6/2019 8:00,9/6/2019 10:00,7578.53,6.132,,,,,,,,,,,
9/6/2019 9:00,9/6/2019 11:00,8161.561,6.291,,,,,,,,,,,
9/6/2019 10:00,9/6/2019 12:00,8683.307,6.43,,,,,,,,,,,
9/6/2019 11:00,9/6/2019 13:00,9140.794,6.548,,,,,,,,,,,
9/6/2019 12:00,9/6/2019 14:00,8936.739,6.486,,,,,,,,,,,
9/6/2019 13:00,9/6/2019 15:00,9058.657,6.527,,,,,,,,,,,
9/6/2019 14:00,9/6/2019 16:00,8148.597,6.288,,,,,,,,,,,
9/6/2019 15:00,9/6/2019 17:00,7495.403,6.099,,,,,,,,,,,
9/6/2019 16:00,9/6/2019 18:00,7111.416,5.999,,,,,,,,,,,
9/6/2019 17:00,9/6/2019 19:00,7076.342,5.98,,,,,,,,,,,
9/6/2019 18:00,9/6/2019 20:00,6572.368,5.841,,,,,,,,,,,
9/6/2019 19:00,9/6/2019 21:00,5725.226,5.569,,,,,,,,,,,
9/6/2019 20:00,9/6/2019 22:00,4833.9,5.275,,,,,,,,,,,
9/6/2019 21:00,9/6/2019 23:00,4266.559,5.064,,,,,,,,,,,
9/6/2019 22:00,9/7/2019 0:00,3801.582,4.894,,,,,,,,,,,
9/6/2019 23:00,9/7/2019 1:00,3375.062,4.719,,,,,,,,,,,
9/7/2019 0:00,9/7/2019 2:00,3046.806,4.576,,,,,,,,,,,
9/7/2019 1:00,9/7/2019 3:00,2810.189,4.468,,,,,,,,,,,
9/7/2019 2:00,9/7/2019 4:00,2461.399,4.3,,,,,,,,,,,
9/7/2019 3:00,9/7/2019 5:00,1956.849,4.027,,,,,,,,,,,
9/7/2019 4:00,9/7/2019 6:00,1515.512,3.771,,,,,,,,,,,
9/7/2019 5:00,9/7/2019 7:00,1174.371,3.54,,,,,,,,,,,
9/7/2019 6:00,9/7/2019 8:00,816.051,3.255,,,,,,,,,,,
9/7/2019 7:00,9/7/2019 9:00,694.447,3.142,,,,,,,,,,,
9/7/2019 8:00,9/7/2019 10:00,709.487,3.157,,,,,,,,,,,
9/7/2019 9:00,9/7/2019 11:00,833.708,3.27,,,,,,,,,,,
9/7/2019 10:00,9/7/2019 12:00,876.765,3.307,,,,,,,,,,,
9/7/2019 11:00,9/7/2019 13:00,879.607,3.31,,,,,,,,,,,
9/7/2019 12:00,9/7/2019 14:00,815.569,3.254,,,,,,,,,,,
9/7/2019 13:00,9/7/2019 15:00,682.626,3.131,,,,,,,,,,,
9/7/2019 14:00,9/7/2019 16:00,525.748,2.957,,,,,,,,,,,
9/7/2019 15:00,9/7/2019 17:00,327.192,2.699,,,,,,,,,,,
9/7/2019 16:00,9/7/2019 18:00,220.365,2.521,,,,,,,,,,,
9/7/2019 17:00,9/7/2019 19:00,184.621,2.444,,,,,,,,,,,
9/7/2019 18:00,9/7/2019 20:00,175.781,2.427,,,,,,,,,,,
9/7/2019 19:00,9/7/2019 21:00,204.214,2.487,,,,,,,,,,,
9/7/2019 20:00,9/7/2019 22:00,263.173,2.602,,,,,,,,,,,
9/7/2019 21:00,9/7/2019 23:00,348.828,2.735,,,,,,,,,,,
9/7/2019 22:00,9/8/2019 0:00,391.802,2.792,,,,,,,,,,,
9/7/2019 23:00,9/8/2019 1:00,581.42,3.027,,,,,,,,,,,
9/8/2019 0:00,9/8/2019 2:00,755.983,3.196,,,,,,,,,,,
9/8/2019 1:00,9/8/2019 3:00,825.116,3.263,,,,,,,,,,,
9/8/2019 2:00,9/8/2019 4:00,1189.503,3.551,,,,,,,,,,,
9/8/2019 3:00,9/8/2019 5:00,1712.663,3.884,,,,,,,,,,,
9/8/2019 4:00,9/8/2019 6:00,2061.329,4.092,,,,,,,,,,,
9/8/2019 5:00,9/8/2019 7:00,1920.845,4.014,,,,,,,,,,,
9/8/2019 6:00,9/8/2019 8:00,1701.09,3.877,,,,,,,,,,,
9/8/2019 7:00,9/8/2019 9:00,1739.991,3.901,,,,,,,,,,,
9/8/2019 8:00,9/8/2019 10:00,2180.648,4.147,,,,,,,,,,,
9/8/2019 9:00,9/8/2019 11:00,2355.752,4.247,,,,,,,,,,,
9/8/2019 10:00,9/8/2019 12:00,2460.046,4.292,,,,,,,,,,,
9/8/2019 11:00,9/8/2019 13:00,2555.012,4.346,,,,,,,,,,,
9/8/2019 12:00,9/8/2019 14:00,2988.403,4.546,,,,,,,,,,,
9/8/2019 13:00,9/8/2019 15:00,3454.548,4.752,,,,,,,,,,,
9/8/2019 14:00,9/8/2019 16:00,4213.112,5.044,,,,,,,,,,,
9/8/2019 15:00,9/8/2019 17:00,5035.438,5.35,,,,,,,,,,,
9/8/2019 16:00,9/8/2019 18:00,5486.083,5.501,,,,,,,,,,,
9/8/2019 17:00,9/8/2019 19:00,5914.484,5.639,,,,,,,,,,,
9/8/2019 18:00,9/8/2019 20:00,6607.673,5.852,,,,,,,,,,,
9/8/2019 19:00,9/8/2019 21:00,7062.086,5.976,,,,,,,,,,,
9/8/2019 20:00,9/8/2019 22:00,7529.677,6.118,,,,,,,,,,,
9/8/2019 21:00,9/8/2019 23:00,7720.245,6.166,,,,,,,,,,,
9/8/2019 22:00,9/9/2019 0:00,6542.388,5.832,,,,,,,,,,,
9/8/2019 23:00,9/9/2019 1:00,4636.121,5.201,,,,,,,,,,,
9/9/2019 0:00,9/9/2019 2:00,4043.733,4.989,,,,,,,,,,,
9/9/2019 1:00,9/9/2019 3:00,3787.337,4.879,,,,,,,,,,,
9/9/2019 2:00,9/9/2019 4:00,3177.63,4.625,,,,,,,,,,,
9/9/2019 3:00,9/9/2019 5:00,2431.672,4.278,,,,,,,,,,,
9/9/2019 4:00,9/9/2019 6:00,2122.624,4.118,,,,,,,,,,,
9/9/2019 5:00,9/9/2019 7:00,1849.551,3.964,,,,,,,,,,,
9/9/2019 6:00,9/9/2019 8:00,1455.605,3.733,,,,,,,,,,,
9/9/2019 7:00,9/9/2019 9:00,1087.671,3.467,,,,,,,,,,,
9/9/2019 8:00,9/9/2019 10:00,963.945,3.374,,,,,,,,,,,
9/9/2019 9:00,9/9/2019 11:00,886.902,3.316,,,,,,,,,,,
9/9/2019 10:00,9/9/2019 12:00,1021.387,3.425,,,,,,,,,,,
9/9/2019 11:00,9/9/2019 13:00,1180.408,3.544,,,,,,,,,,,
9/9/2019 12:00,9/9/2019 14:00,1315.572,3.63,,,,,,,,,,,
9/9/2019 13:00,9/9/2019 15:00,1260.669,3.601,,,,,,,,,,,
9/9/2019 14:00,9/9/2019 16:00,1167.407,3.535,,,,,,,,,,,
9/9/2019 15:00,9/9/2019 17:00,1133.5,3.51,,,,,,,,,,,
9/9/2019 16:00,9/9/2019 18:00,1438.317,3.712,,,,,,,,,,,
9/9/2019 17:00,9/9/2019 19:00,1812.141,3.946,,,,,,,,,,,
9/9/2019 18:00,9/9/2019 20:00,2156.99,4.134,,,,,,,,,,,
9/9/2019 19:00,9/9/2019 21:00,2463.059,4.301,,,,,,,,,,,
9/9/2019 20:00,9/9/2019 22:00,2787.022,4.457,,,,,,,,,,,
9/9/2019 21:00,9/9/2019 23:00,3122.58,4.61,,,,,,,,,,,
9/9/2019 22:00,9/10/2019 0:00,3456.403,4.753,,,,,,,,,,,
9/9/2019 23:00,9/10/2019 1:00,3744.812,4.866,,,,,,,,,,,
9/10/2019 0:00,9/10/2019 2:00,3838.879,4.909,,,,,,,,,,,
9/10/2019 1:00,9/10/2019 3:00,3999.14,4.972,,,,,,,,,,,
9/10/2019 2:00,9/10/2019 4:00,4338.308,5.101,,,,,,,,,,,
9/10/2019 3:00,9/10/2019 5:00,4474.65,5.151,,,,,,,,,,,
9/10/2019 4:00,9/10/2019 6:00,4430.317,5.135,,,,,,,,,,,
9/10/2019 5:00,9/10/2019 7:00,3932.105,4.946,,,,,,,,,,,
9/10/2019 6:00,9/10/2019 8:00,3050.473,4.578,,,,,,,,,,,
9/10/2019 7:00,9/10/2019 9:00,2489.513,4.314,,,,,,,,,,,
9/10/2019 8:00,9/10/2019 10:00,2378.441,4.258,,,,,,,,,,,
9/10/2019 9:00,9/10/2019 11:00,2563.494,4.35,,,,,,,,,,,
9/10/2019 10:00,9/10/2019 12:00,2988.26,4.545,,,,,,,,,,,
9/10/2019 11:00,9/10/2019 13:00,3775.692,4.874,,,,,,,,,,,
9/10/2019 12:00,9/10/2019 14:00,4792.226,5.265,,,,,,,,,,,
9/10/2019 13:00,9/10/2019 15:00,5573.004,5.525,,,,,,,,,,,
9/10/2019 14:00,9/10/2019 16:00,5626.535,5.538,,,,,,,,,,,
9/10/2019 15:00,9/10/2019 17:00,5291.22,5.436,,,,,,,,,,,
9/10/2019 16:00,9/10/2019 18:00,6253.778,5.745,,,,,,,,,,,
9/10/2019 17:00,9/10/2019 19:00,6535.384,5.83,,,,,,,,,,,
9/10/2019 18:00,9/10/2019 20:00,6314.098,5.763,,,,,,,,,,,
9/10/2019 19:00,9/10/2019 21:00,6019.879,5.672,,,,,,,,,,,
9/10/2019 20:00,9/10/2019 22:00,5817.292,5.608,,,,,,,,,,,
9/10/2019 21:00,9/10/2019 23:00,6684.857,5.875,,,,,,,,,,,
9/10/2019 22:00,9/11/2019 0:00,7581.165,6.132,,,,,,,,,,,
9/10/2019 23:00,9/11/2019 1:00,6699.455,5.879,,,,,,,,,,,
9/11/2019 0:00,9/11/2019 2:00,6902.158,5.939,,,,,,,,,,,
9/11/2019 1:00,9/11/2019 3:00,7673.566,6.158,,,,,,,,,,,
9/11/2019 2:00,9/11/2019 4:00,8416.967,6.355,,,,,,,,,,,
9/11/2019 3:00,9/11/2019 5:00,10031.322,6.772,,,,,,,,,,,
9/11/2019 4:00,9/11/2019 6:00,12115.514,7.267,,,,,,,,,,,
9/11/2019 5:00,9/11/2019 7:00,13114.984,7.497,,,,,,,,,,,
9/11/2019 6:00,9/11/2019 8:00,13686.322,7.626,,,,,,,,,,,
9/11/2019 7:00,9/11/2019 9:00,15025.385,7.932,,,,,,,,,,,
9/11/2019 8:00,9/11/2019 10:00,17223.421,8.43,,,,,,,,,,,
9/11/2019 9:00,9/11/2019 11:00,20791.513,9.283,,,,,,,,,,,
9/11/2019 10:00,9/11/2019 12:00,21362.369,9.424,,,,,,,,,,,
9/11/2019 11:00,9/11/2019 13:00,21867.481,9.564,,,,,,,,,,,
9/11/2019 12:00,9/11/2019 14:00,21965.948,9.59,,,,,,,,,,,
9/11/2019 13:00,9/11/2019 15:00,22456.845,9.724,,,,,,,,,,,
9/11/2019 14:00,9/11/2019 16:00,22625.275,9.771,,,,,,,,,,,
9/11/2019 15:00,9/11/2019 17:00,21391.877,9.434,,,,,,,,,,,
9/11/2019 16:00,9/11/2019 18:00,19907.845,9.063,,,,,,,,,,,
9/11/2019 17:00,9/11/2019 19:00,19454.91,8.953,,,,,,,,,,,
9/11/2019 18:00,9/11/2019 20:00,18856.948,8.8,,,,,,,,,,,
9/11/2019 19:00,9/11/2019 21:00,17789.881,8.56,,,,,,,,,,,
9/11/2019 20:00,9/11/2019 22:00,17194.983,8.417,,,,,,,,,,,
9/11/2019 21:00,9/11/2019 23:00,15325.487,7.995,,,,,,,,,,,
9/11/2019 22:00,9/12/2019 0:00,14216.829,7.747,,,,,,,,,,,
9/11/2019 23:00,9/12/2019 1:00,12827.377,7.432,,,,,,,,,,,
9/12/2019 0:00,9/12/2019 2:00,10783.153,6.953,,,,,,,,,,,
9/12/2019 1:00,9/12/2019 3:00,8167.576,6.293,,,,,,,,,,,
9/12/2019 2:00,9/12/2019 4:00,5690.839,5.558,,,,,,,,,,,
9/12/2019 3:00,9/12/2019 5:00,3931.876,4.946,,,,,,,,,,,
9/12/2019 4:00,9/12/2019 6:00,3489.099,4.767,,,,,,,,,,,
9/12/2019 5:00,9/12/2019 7:00,2855.02,4.489,,,,,,,,,,,
9/12/2019 6:00,9/12/2019 8:00,1891.058,3.997,,,,,,,,,,,
9/12/2019 7:00,9/12/2019 9:00,1984.976,4.05,,,,,,,,,,,
9/12/2019 8:00,9/12/2019 10:00,2613.737,4.368,,,,,,,,,,,
9/12/2019 9:00,9/12/2019 11:00,3576.426,4.794,,,,,,,,,,,
9/12/2019 10:00,9/12/2019 12:00,4977.671,5.325,,,,,,,,,,,
9/12/2019 11:00,9/12/2019 13:00,7548.667,6.123,,,,,,,,,,,
9/12/2019 12:00,9/12/2019 14:00,9819.046,6.713,,,,,,,,,,,
9/12/2019 13:00,9/12/2019 15:00,11181.024,7.05,,,,,,,,,,,
9/12/2019 14:00,9/12/2019 16:00,10760.567,6.948,,,,,,,,,,,
9/12/2019 15:00,9/12/2019 17:00,8682.93,6.428,,,,,,,,,,,
9/12/2019 16:00,9/12/2019 18:00,6468.303,5.809,,,,,,,,,,,
9/12/2019 17:00,9/12/2019 19:00,5434.002,5.484,,,,,,,,,,,
9/12/2019 18:00,9/12/2019 20:00,5720.858,5.568,,,,,,,,,,,
9/12/2019 19:00,9/12/2019 21:00,4675.988,5.224,,,,,,,,,,,
9/12/2019 20:00,9/12/2019 22:00,3877.76,4.924,,,,,,,,,,,
9/12/2019 21:00,9/12/2019 23:00,3562.598,4.788,,,,,,,,,,,
9/12/2019 22:00,9/13/2019 0:00,3434.17,4.744,,,,,,,,,,,
9/12/2019 23:00,9/13/2019 1:00,2971.95,4.533,,,,,,,,,,,
9/13/2019 0:00,9/13/2019 2:00,2530.223,4.334,,,,,,,,,,,
9/13/2019 1:00,9/13/2019 3:00,2400.8,4.27,,,,,,,,,,,
9/13/2019 2:00,9/13/2019 4:00,2365.626,4.252,,,,,,,,,,,
9/13/2019 3:00,9/13/2019 5:00,2348.876,4.243,,,,,,,,,,,
9/13/2019 4:00,9/13/2019 6:00,2460.692,4.296,,,,,,,,,,,
9/13/2019 5:00,9/13/2019 7:00,2641.104,4.379,,,,,,,,,,,
9/13/2019 6:00,9/13/2019 8:00,2745.543,4.438,,,,,,,,,,,
9/13/2019 7:00,9/13/2019 9:00,3092.863,4.596,,,,,,,,,,,
9/13/2019 8:00,9/13/2019 10:00,3956.276,4.955,,,,,,,,,,,
9/13/2019 9:00,9/13/2019 11:00,4673.968,5.223,,,,,,,,,,,
9/13/2019 10:00,9/13/2019 12:00,5603.505,5.53,,,,,,,,,,,
9/13/2019 11:00,9/13/2019 13:00,6557.562,5.837,,,,,,,,,,,
9/13/2019 12:00,9/13/2019 14:00,7824.479,6.195,,,,,,,,,,,
9/13/2019 13:00,9/13/2019 15:00,8231.738,6.31,,,,,,,,,,,
9/13/2019 14:00,9/13/2019 16:00,8557.166,6.397,,,,,,,,,,,
9/13/2019 15:00,9/13/2019 17:00,7335.378,6.063,,,,,,,,,,,
9/13/2019 16:00,9/13/2019 18:00,5531.307,5.516,,,,,,,,,,,
9/13/2019 17:00,9/13/2019 19:00,5362.296,5.451,,,,,,,,,,,
9/13/2019 18:00,9/13/2019 20:00,4986.916,5.333,,,,,,,,,,,
9/13/2019 19:00,9/13/2019 21:00,4765.549,5.255,,,,,,,,,,,
9/13/2019 20:00,9/13/2019 22:00,4337.799,5.1,,,,,,,,,,,
9/13/2019 21:00,9/13/2019 23:00,4330.585,5.098,,,,,,,,,,,
9/13/2019 22:00,9/14/2019 0:00,4254.303,5.06,,,,,,,,,,,
9/13/2019 23:00,9/14/2019 1:00,4033.572,4.985,,,,,,,,,,,
9/14/2019 0:00,9/14/2019 2:00,3921.255,4.941,,,,,,,,,,,
9/14/2019 1:00,9/14/2019 3:00,3956.729,4.955,,,,,,,,,,,
9/14/2019 2:00,9/14/2019 4:00,3855.54,4.915,,,,,,,,,,,
9/14/2019 3:00,9/14/2019 5:00,3798.243,4.893,,,,,,,,,,,
9/14/2019 4:00,9/14/2019 6:00,3636.478,4.828,,,,,,,,,,,
9/14/2019 5:00,9/14/2019 7:00,3017.112,4.563,,,,,,,,,,,
9/14/2019 6:00,9/14/2019 8:00,2284.178,4.21,,,,,,,,,,,
9/14/2019 7:00,9/14/2019 9:00,2329.856,4.234,,,,,,,,,,,
9/14/2019 8:00,9/14/2019 10:00,2440.047,4.28,,,,,,,,,,,
9/14/2019 9:00,9/14/2019 11:00,2587.355,4.361,,,,,,,,,,,
9/14/2019 10:00,9/14/2019 12:00,2970.931,4.533,,,,,,,,,,,
9/14/2019 11:00,9/14/2019 13:00,3049.353,4.577,,,,,,,,,,,
9/14/2019 12:00,9/14/2019 14:00,2751.155,4.44,,,,,,,,,,,
9/14/2019 13:00,9/14/2019 15:00,2360.477,4.249,,,,,,,,,,,
9/14/2019 14:00,9/14/2019 16:00,1913.775,4.01,,,,,,,,,,,
9/14/2019 15:00,9/14/2019 17:00,1481.377,3.749,,,,,,,,,,,
9/14/2019 16:00,9/14/2019 18:00,1583.446,3.814,,,,,,,,,,,
9/14/2019 17:00,9/14/2019 19:00,1698.801,3.875,,,,,,,,,,,
9/14/2019 18:00,9/14/2019 20:00,1904.286,4.004,,,,,,,,,,,
9/14/2019 19:00,9/14/2019 21:00,2188.192,4.158,,,,,,,,,,,
9/14/2019 20:00,9/14/2019 22:00,3285.822,4.681,,,,,,,,,,,
9/14/2019 21:00,9/14/2019 23:00,4637.706,5.209,,,,,,,,,,,
9/14/2019 22:00,9/15/2019 0:00,5395.644,5.471,,,,,,,,,,,
9/14/2019 23:00,9/15/2019 1:00,6889.355,5.935,,,,,,,,,,,
9/15/2019 0:00,9/15/2019 2:00,9659.857,6.678,,,,,,,,,,,
9/15/2019 1:00,9/15/2019 3:00,11644.196,7.156,,,,,,,,,,,
9/15/2019 2:00,9/15/2019 4:00,11278.48,7.072,,,,,,,,,,,
9/15/2019 3:00,9/15/2019 5:00,10666.767,6.919,,,,,,,,,,,
9/15/2019 4:00,9/15/2019 6:00,11092.015,7.029,,,,,,,,,,,
9/15/2019 5:00,9/15/2019 7:00,12721.956,7.407,,,,,,,,,,,
9/15/2019 6:00,9/15/2019 8:00,14055.287,7.713,,,,,,,,,,,
9/15/2019 7:00,9/15/2019 9:00,15014.816,7.925,,,,,,,,,,,
9/15/2019 8:00,9/15/2019 10:00,16697.747,8.31,,,,,,,,,,,
9/15/2019 9:00,9/15/2019 11:00,17787.763,8.558,,,,,,,,,,,
9/15/2019 10:00,9/15/2019 12:00,17533.402,8.501,,,,,,,,,,,
9/15/2019 11:00,9/15/2019 13:00,16480.265,8.255,,,,,,,,,,,
9/15/2019 12:00,9/15/2019 14:00,14926.257,7.907,,,,,,,,,,,
9/15/2019 13:00,9/15/2019 15:00,12561.544,7.367,,,,,,,,,,,
9/15/2019 14:00,9/15/2019 16:00,9658.3,6.671,,,,,,,,,,,
9/15/2019 15:00,9/15/2019 17:00,7679.382,6.16,,,,,,,,,,,
9/15/2019 16:00,9/15/2019 18:00,7448.82,6.093,,,,,,,,,,,
9/15/2019 17:00,9/15/2019 19:00,7673.564,6.158,,,,,,,,,,,
9/15/2019 18:00,9/15/2019 20:00,7252.82,6.037,,,,,,,,,,,
9/15/2019 19:00,9/15/2019 21:00,6649.055,5.864,,,,,,,,,,,
9/15/2019 20:00,9/15/2019 22:00,5906.134,5.636,,,,,,,,,,,
9/15/2019 21:00,9/15/2019 23:00,5516.601,5.511,,,,,,,,,,,
9/15/2019 22:00,9/16/2019 0:00,5028.536,5.347,,,,,,,,,,,
9/15/2019 23:00,9/16/2019 1:00,4240.709,5.055,,,,,,,,,,,
9/16/2019 0:00,9/16/2019 2:00,3352.492,4.709,,,,,,,,,,,
9/16/2019 1:00,9/16/2019 3:00,2859.56,4.491,,,,,,,,,,,
9/16/2019 2:00,9/16/2019 4:00,2707.648,4.417,,,,,,,,,,,
9/16/2019 3:00,9/16/2019 5:00,2446.103,4.283,,,,,,,,,,,
9/16/2019 4:00,9/16/2019 6:00,2153.625,4.132,,,,,,,,,,,
9/16/2019 5:00,9/16/2019 7:00,1782.736,3.934,,,,,,,,,,,
9/16/2019 6:00,9/16/2019 8:00,1231.736,3.581,,,,,,,,,,,
9/16/2019 7:00,9/16/2019 9:00,728.009,3.174,,,,,,,,,,,
9/16/2019 8:00,9/16/2019 10:00,373.892,2.773,,,,,,,,,,,
9/16/2019 9:00,9/16/2019 11:00,191.832,2.455,,,,,,,,,,,
9/16/2019 10:00,9/16/2019 12:00,107.635,2.241,,,,,,,,,,,
9/16/2019 11:00,9/16/2019 13:00,188.647,2.449,,,,,,,,,,,
9/16/2019 12:00,9/16/2019 14:00,422.388,2.841,,,,,,,,,,,
9/16/2019 13:00,9/16/2019 15:00,716.774,3.164,,,,,,,,,,,
9/16/2019 14:00,9/16/2019 16:00,964.884,3.38,,,,,,,,,,,
9/16/2019 15:00,9/16/2019 17:00,1126.207,3.496,,,,,,,,,,,
9/16/2019 16:00,9/16/2019 18:00,1132.591,3.504,,,,,,,,,,,
9/16/2019 17:00,9/16/2019 19:00,1072.688,3.456,,,,,,,,,,,
9/16/2019 18:00,9/16/2019 20:00,1150.314,3.522,,,,,,,,,,,
9/16/2019 19:00,9/16/2019 21:00,1361.28,3.67,,,,,,,,,,,
9/16/2019 20:00,9/16/2019 22:00,1695.486,3.873,,,,,,,,,,,
9/16/2019 21:00,9/16/2019 23:00,1991.922,4.054,,,,,,,,,,,
9/16/2019 22:00,9/17/2019 0:00,2256.822,4.196,,,,,,,,,,,
9/16/2019 23:00,9/17/2019 1:00,2485.434,4.312,,,,,,,,,,,
9/17/2019 0:00,9/17/2019 2:00,2657.582,4.387,,,,,,,,,,,
9/17/2019 1:00,9/17/2019 3:00,2597.113,4.363,,,,,,,,,,,
9/17/2019 2:00,9/17/2019 4:00,2552.751,4.345,,,,,,,,,,,
9/17/2019 3:00,9/17/2019 5:00,2670.12,4.393,,,,,,,,,,,
9/17/2019 4:00,9/17/2019 6:00,2720.402,4.426,,,,,,,,,,,
9/17/2019 5:00,9/17/2019 7:00,2565.166,4.351,,,,,,,,,,,
9/17/2019 6:00,9/17/2019 8:00,2225.178,4.179,,,,,,,,,,,
9/17/2019 7:00,9/17/2019 9:00,2007.903,4.062,,,,,,,,,,,
9/17/2019 8:00,9/17/2019 10:00,1714.027,3.885,,,,,,,,,,,
9/17/2019 9:00,9/17/2019 11:00,1080.303,3.461,,,,,,,,,,,
9/17/2019 10:00,9/17/2019 12:00,489.239,2.924,,,,,,,,,,,
9/17/2019 11:00,9/17/2019 13:00,191.375,2.454,,,,,,,,,,,
9/17/2019 12:00,9/17/2019 14:00,131.673,2.307,,,,,,,,,,,
9/17/2019 13:00,9/17/2019 15:00,202.952,2.479,,,,,,,,,,,
9/17/2019 14:00,9/17/2019 16:00,338.389,2.715,,,,,,,,,,,
9/17/2019 15:00,9/17/2019 17:00,652.406,3.101,,,,,,,,,,,
9/17/2019 16:00,9/17/2019 18:00,1141.319,3.516,,,,,,,,,,,
9/17/2019 17:00,9/17/2019 19:00,1302.84,3.622,,,,,,,,,,,
9/17/2019 18:00,9/17/2019 20:00,1184.111,3.547,,,,,,,,,,,
9/17/2019 19:00,9/17/2019 21:00,970.923,3.385,,,,,,,,,,,
9/17/2019 20:00,9/17/2019 22:00,709.504,3.157,,,,,,,,,,,
9/17/2019 21:00,9/17/2019 23:00,500.544,2.937,,,,,,,,,,,
9/17/2019 22:00,9/18/2019 0:00,385.166,2.782,,,,,,,,,,,
9/17/2019 23:00,9/18/2019 1:00,410.817,2.825,,,,,,,,,,,
9/18/2019 0:00,9/18/2019 2:00,536.078,2.969,,,,,,,,,,,
9/18/2019 1:00,9/18/2019 3:00,619.824,3.068,,,,,,,,,,,
9/18/2019 2:00,9/18/2019 4:00,718.461,3.165,,,,,,,,,,,
9/18/2019 3:00,9/18/2019 5:00,963.625,3.372,,,,,,,,,,,
9/18/2019 4:00,9/18/2019 6:00,1262.092,3.602,,,,,,,,,,,
9/18/2019 5:00,9/18/2019 7:00,1633.401,3.845,,,,,,,,,,,
9/18/2019 6:00,9/18/2019 8:00,1856.813,3.968,,,,,,,,,,,
9/18/2019 7:00,9/18/2019 9:00,2459.808,4.29,,,,,,,,,,,
9/18/2019 8:00,9/18/2019 10:00,3263.648,4.671,,,,,,,,,,,
9/18/2019 9:00,9/18/2019 11:00,3661.001,4.838,,,,,,,,,,,
9/18/2019 10:00,9/18/2019 12:00,4145.734,5.024,,,,,,,,,,,
9/18/2019 11:00,9/18/2019 13:00,4637.12,5.206,,,,,,,,,,,
9/18/2019 12:00,9/18/2019 14:00,4977.535,5.325,,,,,,,,,,,
9/18/2019 13:00,9/18/2019 15:00,4806.26,5.27,,,,,,,,,,,
9/18/2019 14:00,9/18/2019 16:00,4073.964,5.001,,,,,,,,,,,
9/18/2019 15:00,9/18/2019 17:00,3114.964,4.606,,,,,,,,,,,
9/18/2019 16:00,9/18/2019 18:00,2997.08,4.554,,,,,,,,,,,
9/18/2019 17:00,9/18/2019 19:00,3290.999,4.683,,,,,,,,,,,
9/18/2019 18:00,9/18/2019 20:00,3645.294,4.831,,,,,,,,,,,
9/18/2019 19:00,9/18/2019 21:00,3407.12,4.732,,,,,,,,,,,
9/18/2019 20:00,9/18/2019 22:00,3716.011,4.86,,,,,,,,,,,
9/18/2019 21:00,9/18/2019 23:00,4041.752,4.988,,,,,,,,,,,
9/18/2019 22:00,9/19/2019 0:00,4526.003,5.17,,,,,,,,,,,
9/18/2019 23:00,9/19/2019 1:00,4845.487,5.277,,,,,,,,,,,
9/19/2019 0:00,9/19/2019 2:00,4668.84,5.221,,,,,,,,,,,
9/19/2019 1:00,9/19/2019 3:00,5448.34,5.489,,,,,,,,,,,
9/19/2019 2:00,9/19/2019 4:00,5637.452,5.541,,,,,,,,,,,
9/19/2019 3:00,9/19/2019 5:00,6017.984,5.672,,,,,,,,,,,
9/19/2019 4:00,9/19/2019 6:00,6001.133,5.666,,,,,,,,,,,
9/19/2019 5:00,9/19/2019 7:00,6633.683,5.86,,,,,,,,,,,
9/19/2019 6:00,9/19/2019 8:00,6821.515,5.915,,,,,,,,,,,
9/19/2019 7:00,9/19/2019 9:00,7500.192,6.106,,,,,,,,,,,
9/19/2019 8:00,9/19/2019 10:00,8183.475,6.297,,,,,,,,,,,
9/19/2019 9:00,9/19/2019 11:00,9302.395,6.584,,,,,,,,,,,
9/19/2019 10:00,9/19/2019 12:00,10196.39,6.813,,,,,,,,,,,
9/19/2019 11:00,9/19/2019 13:00,10844.848,6.97,,,,,,,,,,,
9/19/2019 12:00,9/19/2019 14:00,11021.957,7.006,,,,,,,,,,,
9/19/2019 13:00,9/19/2019 15:00,10124.507,6.795,,,,,,,,,,,
9/19/2019 14:00,9/19/2019 16:00,8759.958,6.45,,,,,,,,,,,
9/19/2019 15:00,9/19/2019 17:00,6467.504,5.805,,,,,,,,,,,
9/19/2019 16:00,9/19/2019 18:00,5845.255,5.617,,,,,,,,,,,
9/19/2019 17:00,9/19/2019 19:00,6873.386,5.93,,,,,,,,,,,
9/19/2019 18:00,9/19/2019 20:00,7542.336,6.122,,,,,,,,,,,
9/19/2019 19:00,9/19/2019 21:00,7500.96,6.109,,,,,,,,,,,
9/19/2019 20:00,9/19/2019 22:00,8315.614,6.327,,,,,,,,,,,
9/19/2019 21:00,9/19/2019 23:00,8417.932,6.36,,,,,,,,,,,
9/19/2019 22:00,9/20/2019 0:00,7428.083,6.081,,,,,,,,,,,
9/19/2019 23:00,9/20/2019 1:00,6963.658,5.949,,,,,,,,,,,
9/20/2019 0:00,9/20/2019 2:00,6705.378,5.881,,,,,,,,,,,
9/20/2019 1:00,9/20/2019 3:00,6225.438,5.736,,,,,,,,,,,
9/20/2019 2:00,9/20/2019 4:00,5690.176,5.558,,,,,,,,,,,
9/20/2019 3:00,9/20/2019 5:00,4970.484,5.318,,,,,,,,,,,
9/20/2019 4:00,9/20/2019 6:00,3926.295,4.943,,,,,,,,,,,
9/20/2019 5:00,9/20/2019 7:00,2987.612,4.542,,,,,,,,,,,
9/20/2019 6:00,9/20/2019 8:00,2643.706,4.38,,,,,,,,,,,
9/20/2019 7:00,9/20/2019 9:00,2513.493,4.326,,,,,,,,,,,
9/20/2019 8:00,9/20/2019 10:00,2293.813,4.215,,,,,,,,,,,
9/20/2019 9:00,9/20/2019 11:00,1971.428,4.042,,,,,,,,,,,
9/20/2019 10:00,9/20/2019 12:00,1617.212,3.835,,,,,,,,,,,
9/20/2019 11:00,9/20/2019 13:00,1553.191,3.795,,,,,,,,,,,
9/20/2019 12:00,9/20/2019 14:00,1435.135,3.71,,,,,,,,,,,
9/20/2019 13:00,9/20/2019 15:00,1159.597,3.529,,,,,,,,,,,
9/20/2019 14:00,9/20/2019 16:00,855.028,3.289,,,,,,,,,,,
9/20/2019 15:00,9/20/2019 17:00,788.606,3.221,,,,,,,,,,,
9/20/2019 16:00,9/20/2019 18:00,591.98,3.039,,,,,,,,,,,
9/20/2019 17:00,9/20/2019 19:00,448.515,2.874,,,,,,,,,,,
9/20/2019 18:00,9/20/2019 20:00,335.529,2.711,,,,,,,,,,,
9/20/2019 19:00,9/20/2019 21:00,395.546,2.797,,,,,,,,,,,
9/20/2019 20:00,9/20/2019 22:00,545.987,2.982,,,,,,,,,,,
9/20/2019 21:00,9/20/2019 23:00,681.329,3.127,,,,,,,,,,,
9/20/2019 22:00,9/21/2019 0:00,898.297,3.325,,,,,,,,,,,
9/20/2019 23:00,9/21/2019 1:00,1135.407,3.511,,,,,,,,,,,
9/21/2019 0:00,9/21/2019 2:00,1540.987,3.787,,,,,,,,,,,
9/21/2019 1:00,9/21/2019 3:00,1744.815,3.912,,,,,,,,,,,
9/21/2019 2:00,9/21/2019 4:00,1931.897,4.02,,,,,,,,,,,
9/21/2019 3:00,9/21/2019 5:00,2493.4,4.316,,,,,,,,,,,
9/21/2019 4:00,9/21/2019 6:00,2976.051,4.535,,,,,,,,,,,
9/21/2019 5:00,9/21/2019 7:00,3611.044,4.808,,,,,,,,,,,
9/21/2019 6:00,9/21/2019 8:00,4247.931,5.057,,,,,,,,,,,
9/21/2019 7:00,9/21/2019 9:00,4637.551,5.208,,,,,,,,,,,
9/21/2019 8:00,9/21/2019 10:00,5907.662,5.637,,,,,,,,,,,
9/21/2019 9:00,9/21/2019 11:00,6672.962,5.871,,,,,,,,,,,
9/21/2019 10:00,9/21/2019 12:00,7322.895,6.056,,,,,,,,,,,
9/21/2019 11:00,9/21/2019 13:00,7265.448,6.042,,,,,,,,,,,
9/21/2019 12:00,9/21/2019 14:00,7077.092,5.981,,,,,,,,,,,
9/21/2019 13:00,9/21/2019 15:00,6588.734,5.846,,,,,,,,,,,
9/21/2019 14:00,9/21/2019 16:00,5259.115,5.426,,,,,,,,,,,
9/21/2019 15:00,9/21/2019 17:00,4215.159,5.045,,,,,,,,,,,
9/21/2019 16:00,9/21/2019 18:00,4088.131,5.006,,,,,,,,,,,
9/21/2019 17:00,9/21/2019 19:00,4213.175,5.044,,,,,,,,,,,
9/21/2019 18:00,9/21/2019 20:00,3956.88,4.955,,,,,,,,,,,
9/21/2019 19:00,9/21/2019 21:00,3999.538,4.972,,,,,,,,,,,
9/21/2019 20:00,9/21/2019 22:00,3983.826,4.966,,,,,,,,,,,
9/21/2019 21:00,9/21/2019 23:00,4267.916,5.065,,,,,,,,,,,
9/21/2019 22:00,9/22/2019 0:00,3963.809,4.958,,,,,,,,,,,
9/21/2019 23:00,9/22/2019 1:00,4321.874,5.094,,,,,,,,,,,
9/22/2019 0:00,9/22/2019 2:00,4077.611,5.002,,,,,,,,,,,
9/22/2019 1:00,9/22/2019 3:00,4296.46,5.085,,,,,,,,,,,
9/22/2019 2:00,9/22/2019 4:00,4203.441,5.041,,,,,,,,,,,
9/22/2019 3:00,9/22/2019 5:00,3941.887,4.949,,,,,,,,,,,
9/22/2019 4:00,9/22/2019 6:00,3600.984,4.804,,,,,,,,,,,
9/22/2019 5:00,9/22/2019 7:00,3006.555,4.558,,,,,,,,,,,
9/22/2019 6:00,9/22/2019 8:00,2511.888,4.325,,,,,,,,,,,
9/22/2019 7:00,9/22/2019 9:00,2390.445,4.264,,,,,,,,,,,
9/22/2019 8:00,9/22/2019 10:00,2496.567,4.317,,,,,,,,,,,
9/22/2019 9:00,9/22/2019 11:00,2379.662,4.259,,,,,,,,,,,
9/22/2019 10:00,9/22/2019 12:00,2241.763,4.188,,,,,,,,,,,
9/22/2019 11:00,9/22/2019 13:00,2135.079,4.122,,,,,,,,,,,
9/22/2019 12:00,9/22/2019 14:00,1967.486,4.04,,,,,,,,,,,
9/22/2019 13:00,9/22/2019 15:00,1756.039,3.919,,,,,,,,,,,
9/22/2019 14:00,9/22/2019 16:00,1451.289,3.729,,,,,,,,,,,
9/22/2019 15:00,9/22/2019 17:00,1450.05,3.721,,,,,,,,,,,
9/22/2019 16:00,9/22/2019 18:00,1635.422,3.846,,,,,,,,,,,
9/22/2019 17:00,9/22/2019 19:00,1632.89,3.845,,,,,,,,,,,
9/22/2019 18:00,9/22/2019 20:00,1339.575,3.656,,,,,,,,,,,
9/22/2019 19:00,9/22/2019 21:00,1051.386,3.444,,,,,,,,,,,
9/22/2019 20:00,9/22/2019 22:00,748.079,3.192,,,,,,,,,,,
9/22/2019 21:00,9/22/2019 23:00,543.61,2.978,,,,,,,,,,,
9/22/2019 22:00,9/23/2019 0:00,438.939,2.862,,,,,,,,,,,
9/22/2019 23:00,9/23/2019 1:00,399.693,2.811,,,,,,,,,,,
9/23/2019 0:00,9/23/2019 2:00,394.188,2.795,,,,,,,,,,,
9/23/2019 1:00,9/23/2019 3:00,440.912,2.864,,,,,,,,,,,
9/23/2019 2:00,9/23/2019 4:00,593.775,3.041,,,,,,,,,,,
9/23/2019 3:00,9/23/2019 5:00,873.828,3.305,,,,,,,,,,,
9/23/2019 4:00,9/23/2019 6:00,1228.396,3.579,,,,,,,,,,,
9/23/2019 5:00,9/23/2019 7:00,1510.272,3.768,,,,,,,,,,,
9/23/2019 6:00,9/23/2019 8:00,1654.993,3.858,,,,,,,,,,,
9/23/2019 7:00,9/23/2019 9:00,1330.185,3.644,,,,,,,,,,,
9/23/2019 8:00,9/23/2019 10:00,1038.885,3.438,,,,,,,,,,,
9/23/2019 9:00,9/23/2019 11:00,848.864,3.283,,,,,,,,,,,
9/23/2019 10:00,9/23/2019 12:00,724.523,3.171,,,,,,,,,,,
9/23/2019 11:00,9/23/2019 13:00,721.168,3.168,,,,,,,,,,,
9/23/2019 12:00,9/23/2019 14:00,862.33,3.295,,,,,,,,,,,
9/23/2019 13:00,9/23/2019 15:00,1096.476,3.474,,,,,,,,,,,
9/23/2019 14:00,9/23/2019 16:00,1371.043,3.677,,,,,,,,,,,
9/23/2019 15:00,9/23/2019 17:00,1671.197,3.864,,,,,,,,,,,
9/23/2019 16:00,9/23/2019 18:00,1896.546,4,,,,,,,,,,,
9/23/2019 17:00,9/23/2019 19:00,2143.718,4.127,,,,,,,,,,,
9/23/2019 18:00,9/23/2019 20:00,2320.933,4.229,,,,,,,,,,,
9/23/2019 19:00,9/23/2019 21:00,2338.949,4.238,,,,,,,,,,,
9/23/2019 20:00,9/23/2019 22:00,2331.654,4.234,,,,,,,,,,,
9/23/2019 21:00,9/23/2019 23:00,2382.14,4.26,,,,,,,,,,,
9/23/2019 22:00,9/24/2019 0:00,2333.05,4.235,,,,,,,,,,,
9/23/2019 23:00,9/24/2019 1:00,2305.324,4.221,,,,,,,,,,,
9/24/2019 0:00,9/24/2019 2:00,2209.895,4.171,,,,,,,,,,,
9/24/2019 1:00,9/24/2019 3:00,2003.528,4.06,,,,,,,,,,,
9/24/2019 2:00,9/24/2019 4:00,1700.281,3.876,,,,,,,,,,,
9/24/2019 3:00,9/24/2019 5:00,1450.831,3.726,,,,,,,,,,,
9/24/2019 4:00,9/24/2019 6:00,1184.804,3.547,,,,,,,,,,,
9/24/2019 5:00,9/24/2019 7:00,996.364,3.405,,,,,,,,,,,
9/24/2019 6:00,9/24/2019 8:00,860.925,3.294,,,,,,,,,,,
9/24/2019 7:00,9/24/2019 9:00,635.215,3.084,,,,,,,,,,,
9/24/2019 8:00,9/24/2019 10:00,391.868,2.792,,,,,,,,,,,
9/24/2019 9:00,9/24/2019 11:00,298.961,2.662,,,,,,,,,,,
9/24/2019 10:00,9/24/2019 12:00,275.813,2.624,,,,,,,,,,,
9/24/2019 11:00,9/24/2019 13:00,274.279,2.621,,,,,,,,,,,
9/24/2019 12:00,9/24/2019 14:00,366.742,2.765,,,,,,,,,,,
9/24/2019 13:00,9/24/2019 15:00,438.698,2.862,,,,,,,,,,,
9/24/2019 14:00,9/24/2019 16:00,367.28,2.766,,,,,,,,,,,
9/24/2019 15:00,9/24/2019 17:00,329.981,2.703,,,,,,,,,,,
9/24/2019 16:00,9/24/2019 18:00,374.946,2.774,,,,,,,,,,,
9/24/2019 17:00,9/24/2019 19:00,446.341,2.871,,,,,,,,,,,
9/24/2019 18:00,9/24/2019 20:00,525.388,2.957,,,,,,,,,,,
9/24/2019 19:00,9/24/2019 21:00,661.791,3.11,,,,,,,,,,,
9/24/2019 20:00,9/24/2019 22:00,847.498,3.282,,,,,,,,,,,
9/24/2019 21:00,9/24/2019 23:00,1083.871,3.464,,,,,,,,,,,
9/24/2019 22:00,9/25/2019 0:00,1482.808,3.75,,,,,,,,,,,
9/24/2019 23:00,9/25/2019 1:00,2007.196,4.062,,,,,,,,,,,
9/25/2019 0:00,9/25/2019 2:00,2477.08,4.308,,,,,,,,,,,
9/25/2019 1:00,9/25/2019 3:00,2964.133,4.53,,,,,,,,,,,
9/25/2019 2:00,9/25/2019 4:00,3398.275,4.729,,,,,,,,,,,
9/25/2019 3:00,9/25/2019 5:00,3786.343,4.879,,,,,,,,,,,
9/25/2019 4:00,9/25/2019 6:00,4531.1,5.171,,,,,,,,,,,
9/25/2019 5:00,9/25/2019 7:00,5456.87,5.491,,,,,,,,,,,
9/25/2019 6:00,9/25/2019 8:00,6849.881,5.923,,,,,,,,,,,
9/25/2019 7:00,9/25/2019 9:00,6335.973,5.77,,,,,,,,,,,
9/25/2019 8:00,9/25/2019 10:00,5663.426,5.549,,,,,,,,,,,
9/25/2019 9:00,9/25/2019 11:00,5423.7,5.48,,,,,,,,,,,
9/25/2019 10:00,9/25/2019 12:00,5697.69,5.56,,,,,,,,,,,
9/25/2019 11:00,9/25/2019 13:00,5284.086,5.434,,,,,,,,,,,
9/25/2019 12:00,9/25/2019 14:00,4960.529,5.314,,,,,,,,,,,
9/25/2019 13:00,9/25/2019 15:00,4636.512,5.203,,,,,,,,,,,
9/25/2019 14:00,9/25/2019 16:00,4238.572,5.054,,,,,,,,,,,
9/25/2019 15:00,9/25/2019 17:00,4149.048,5.025,,,,,,,,,,,
9/25/2019 16:00,9/25/2019 18:00,4006.791,4.975,,,,,,,,,,,
9/25/2019 17:00,9/25/2019 19:00,3628.318,4.824,,,,,,,,,,,
9/25/2019 18:00,9/25/2019 20:00,3255.816,4.659,,,,,,,,,,,
9/25/2019 19:00,9/25/2019 21:00,3032.642,4.57,,,,,,,,,,,
9/25/2019 20:00,9/25/2019 22:00,2818.291,4.472,,,,,,,,,,,
9/25/2019 21:00,9/25/2019 23:00,2514.097,4.326,,,,,,,,,,,
9/25/2019 22:00,9/26/2019 0:00,2143.663,4.127,,,,,,,,,,,
9/25/2019 23:00,9/26/2019 1:00,1606.628,3.828,,,,,,,,,,,
9/26/2019 0:00,9/26/2019 2:00,1170.908,3.537,,,,,,,,,,,
9/26/2019 1:00,9/26/2019 3:00,914.62,3.339,,,,,,,,,,,
9/26/2019 2:00,9/26/2019 4:00,772.18,3.207,,,,,,,,,,,
9/26/2019 3:00,9/26/2019 5:00,739.237,3.185,,,,,,,,,,,
9/26/2019 4:00,9/26/2019 6:00,736.041,3.182,,,,,,,,,,,
9/26/2019 5:00,9/26/2019 7:00,678.146,3.119,,,,,,,,,,,
9/26/2019 6:00,9/26/2019 8:00,680.799,3.123,,,,,,,,,,,
9/26/2019 7:00,9/26/2019 9:00,609.678,3.057,,,,,,,,,,,
9/26/2019 8:00,9/26/2019 10:00,565.016,3.01,,,,,,,,,,,
9/26/2019 9:00,9/26/2019 11:00,604.431,3.052,,,,,,,,,,,
9/26/2019 10:00,9/26/2019 12:00,653.852,3.102,,,,,,,,,,,
9/26/2019 11:00,9/26/2019 13:00,771.116,3.206,,,,,,,,,,,
9/26/2019 12:00,9/26/2019 14:00,889.105,3.318,,,,,,,,,,,
9/26/2019 13:00,9/26/2019 15:00,1090.514,3.469,,,,,,,,,,,
9/26/2019 14:00,9/26/2019 16:00,1295.659,3.618,,,,,,,,,,,
9/26/2019 15:00,9/26/2019 17:00,1860.635,3.975,,,,,,,,,,,
9/26/2019 16:00,9/26/2019 18:00,2603.227,4.365,,,,,,,,,,,
9/26/2019 17:00,9/26/2019 19:00,3234.574,4.649,,,,,,,,,,,
9/26/2019 18:00,9/26/2019 20:00,3790.654,4.886,,,,,,,,,,,
9/26/2019 19:00,9/26/2019 21:00,4076.632,5.002,,,,,,,,,,,
9/26/2019 20:00,9/26/2019 22:00,4418.381,5.13,,,,,,,,,,,
9/26/2019 21:00,9/26/2019 23:00,4939.376,5.307,,,,,,,,,,,
9/26/2019 22:00,9/27/2019 0:00,4977.22,5.323,,,,,,,,,,,
9/26/2019 23:00,9/27/2019 1:00,4977.576,5.325,,,,,,,,,,,
9/27/2019 0:00,9/27/2019 2:00,5251.653,5.423,,,,,,,,,,,
9/27/2019 1:00,9/27/2019 3:00,5758.324,5.58,,,,,,,,,,,
9/27/2019 2:00,9/27/2019 4:00,6149.906,5.703,,,,,,,,,,,
9/27/2019 3:00,9/27/2019 5:00,6358.872,5.773,,,,,,,,,,,
9/27/2019 4:00,9/27/2019 6:00,7040.824,5.97,,,,,,,,,,,
9/27/2019 5:00,9/27/2019 7:00,7064.271,5.976,,,,,,,,,,,
9/27/2019 6:00,9/27/2019 8:00,6334.551,5.769,,,,,,,,,,,
9/27/2019 7:00,9/27/2019 9:00,5103.051,5.373,,,,,,,,,,,
9/27/2019 8:00,9/27/2019 10:00,4214.307,5.045,,,,,,,,,,,
9/27/2019 9:00,9/27/2019 11:00,3633.282,4.826,,,,,,,,,,,
9/27/2019 10:00,9/27/2019 12:00,3171.644,4.622,,,,,,,,,,,
9/27/2019 11:00,9/27/2019 13:00,2768.155,4.448,,,,,,,,,,,
9/27/2019 12:00,9/27/2019 14:00,2540.082,4.339,,,,,,,,,,,
9/27/2019 13:00,9/27/2019 15:00,2362.613,4.25,,,,,,,,,,,
9/27/2019 14:00,9/27/2019 16:00,2456.32,4.288,,,,,,,,,,,
9/27/2019 15:00,9/27/2019 17:00,2766.259,4.447,,,,,,,,,,,
9/27/2019 16:00,9/27/2019 18:00,2950.049,4.526,,,,,,,,,,,
9/27/2019 17:00,9/27/2019 19:00,3002.13,4.556,,,,,,,,,,,
9/27/2019 18:00,9/27/2019 20:00,3022.617,4.565,,,,,,,,,,,
9/27/2019 19:00,9/27/2019 21:00,2950.043,4.526,,,,,,,,,,,
9/27/2019 20:00,9/27/2019 22:00,2802.753,4.465,,,,,,,,,,,
9/27/2019 21:00,9/27/2019 23:00,2829.811,4.477,,,,,,,,,,,
9/27/2019 22:00,9/28/2019 0:00,2818.115,4.472,,,,,,,,,,,
9/27/2019 23:00,9/28/2019 1:00,2707.583,4.416,,,,,,,,,,,
9/28/2019 0:00,9/28/2019 2:00,2563.347,4.35,,,,,,,,,,,
9/28/2019 1:00,9/28/2019 3:00,2406.056,4.271,,,,,,,,,,,
9/28/2019 2:00,9/28/2019 4:00,2186.917,4.15,,,,,,,,,,,
9/28/2019 3:00,9/28/2019 5:00,1767.218,3.925,,,,,,,,,,,
9/28/2019 4:00,9/28/2019 6:00,1421.935,3.702,,,,,,,,,,,
9/28/2019 5:00,9/28/2019 7:00,1209.375,3.565,,,,,,,,,,,
9/28/2019 6:00,9/28/2019 8:00,1006.007,3.413,,,,,,,,,,,
9/28/2019 7:00,9/28/2019 9:00,788.584,3.221,,,,,,,,,,,
9/28/2019 8:00,9/28/2019 10:00,546.158,2.983,,,,,,,,,,,
9/28/2019 9:00,9/28/2019 11:00,594.244,3.041,,,,,,,,,,,
9/28/2019 10:00,9/28/2019 12:00,857.833,3.291,,,,,,,,,,,
9/28/2019 11:00,9/28/2019 13:00,1237.526,3.585,,,,,,,,,,,
9/28/2019 12:00,9/28/2019 14:00,1672.956,3.865,,,,,,,,,,,
9/28/2019 13:00,9/28/2019 15:00,1966.307,4.032,,,,,,,,,,,
9/28/2019 14:00,9/28/2019 16:00,1912.13,4.009,,,,,,,,,,,
9/28/2019 15:00,9/28/2019 17:00,2243.183,4.189,,,,,,,,,,,
9/28/2019 16:00,9/28/2019 18:00,2689.3,4.402,,,,,,,,,,,
9/28/2019 17:00,9/28/2019 19:00,2675.45,4.395,,,,,,,,,,,
9/28/2019 18:00,9/28/2019 20:00,2475.175,4.307,,,,,,,,,,,
9/28/2019 19:00,9/28/2019 21:00,2351.59,4.245,,,,,,,,,,,
9/28/2019 20:00,9/28/2019 22:00,2364.109,4.251,,,,,,,,,,,
9/28/2019 21:00,9/28/2019 23:00,2296.304,4.216,,,,,,,,,,,
9/28/2019 22:00,9/29/2019 0:00,2331.687,4.234,,,,,,,,,,,
9/28/2019 23:00,9/29/2019 1:00,2242.236,4.188,,,,,,,,,,,
9/29/2019 0:00,9/29/2019 2:00,2342.803,4.24,,,,,,,,,,,
9/29/2019 1:00,9/29/2019 3:00,2441.917,4.281,,,,,,,,,,,
9/29/2019 2:00,9/29/2019 4:00,2369.552,4.254,,,,,,,,,,,
9/29/2019 3:00,9/29/2019 5:00,2310.66,4.224,,,,,,,,,,,
9/29/2019 4:00,9/29/2019 6:00,2303.33,4.22,,,,,,,,,,,
9/29/2019 5:00,9/29/2019 7:00,2356.774,4.247,,,,,,,,,,,
9/29/2019 6:00,9/29/2019 8:00,2268.124,4.202,,,,,,,,,,,
9/29/2019 7:00,9/29/2019 9:00,2232.307,4.183,,,,,,,,,,,
9/29/2019 8:00,9/29/2019 10:00,2351.645,4.245,,,,,,,,,,,
9/29/2019 9:00,9/29/2019 11:00,2392.812,4.266,,,,,,,,,,,
9/29/2019 10:00,9/29/2019 12:00,2304.892,4.221,,,,,,,,,,,
9/29/2019 11:00,9/29/2019 13:00,2130.954,4.12,,,,,,,,,,,
9/29/2019 12:00,9/29/2019 14:00,1966.588,4.034,,,,,,,,,,,
9/29/2019 13:00,9/29/2019 15:00,1835.077,3.956,,,,,,,,,,,
9/29/2019 14:00,9/29/2019 16:00,1741.216,3.908,,,,,,,,,,,
9/29/2019 15:00,9/29/2019 17:00,1919.713,4.013,,,,,,,,,,,
9/29/2019 16:00,9/29/2019 18:00,2457.028,4.289,,,,,,,,,,,
9/29/2019 17:00,9/29/2019 19:00,3044.818,4.575,,,,,,,,,,,
9/29/2019 18:00,9/29/2019 20:00,4137.278,5.023,,,,,,,,,,,
9/29/2019 19:00,9/29/2019 21:00,5468.593,5.495,,,,,,,,,,,
9/29/2019 20:00,9/29/2019 22:00,5845.15,5.617,,,,,,,,,,,
9/29/2019 21:00,9/29/2019 23:00,6670.207,5.87,,,,,,,,,,,
9/29/2019 22:00,9/30/2019 0:00,6365.681,5.775,,,,,,,,,,,
9/29/2019 23:00,9/30/2019 1:00,6145.738,5.702,,,,,,,,,,,
9/30/2019 0:00,9/30/2019 2:00,6389.266,5.778,,,,,,,,,,,
9/30/2019 1:00,9/30/2019 3:00,6646.607,5.863,,,,,,,,,,,
9/30/2019 2:00,9/30/2019 4:00,6980.088,5.952,,,,,,,,,,,
9/30/2019 3:00,9/30/2019 5:00,7519.475,6.115,,,,,,,,,,,
9/30/2019 4:00,9/30/2019 6:00,8232.058,6.31,,,,,,,,,,,
9/30/2019 5:00,9/30/2019 7:00,8806.4,6.456,,,,,,,,,,,
9/30/2019 6:00,9/30/2019 8:00,9658.757,6.673,,,,,,,,,,,
9/30/2019 7:00,9/30/2019 9:00,10199.679,6.814,,,,,,,,,,,
9/30/2019 8:00,9/30/2019 10:00,10760.148,6.946,,,,,,,,,,,
9/30/2019 9:00,9/30/2019 11:00,9740.163,6.7,,,,,,,,,,,
9/30/2019 10:00,9/30/2019 12:00,8081.015,6.264,,,,,,,,,,,
9/30/2019 11:00,9/30/2019 13:00,7253.286,6.039,,,,,,,,,,,
9/30/2019 12:00,9/30/2019 14:00,6706.829,5.881,,,,,,,,,,,
9/30/2019 13:00,9/30/2019 15:00,6247.561,5.743,,,,,,,,,,,
9/30/2019 14:00,9/30/2019 16:00,6172.625,5.715,,,,,,,,,,,
9/30/2019 15:00,9/30/2019 17:00,7296.921,6.046,,,,,,,,,,,
9/30/2019 16:00,9/30/2019 18:00,8084.954,6.271,,,,,,,,,,,
9/30/2019 17:00,9/30/2019 19:00,8342.772,6.34,,,,,,,,,,,
9/30/2019 18:00,9/30/2019 20:00,8132.068,6.283,,,,,,,,,,,
9/30/2019 19:00,9/30/2019 21:00,8417.776,6.359,,,,,,,,,,,
9/30/2019 20:00,9/30/2019 22:00,7751.655,6.174,,,,,,,,,,,
9/30/2019 21:00,9/30/2019 23:00,7429.609,6.089,,,,,,,,,,,
9/30/2019 22:00,10/1/2019 0:00,7076.91,5.98,,,,,,,,,,,
9/30/2019 23:00,10/1/2019 1:00,6158.695,5.706,,,,,,,,,,,
10/1/2019 0:00,10/1/2019 2:00,6258.159,5.746,,,,,,,,,,,
10/1/2019 1:00,10/1/2019 3:00,6005.304,5.668,,,,,,,,,,,
10/1/2019 2:00,10/1/2019 4:00,6180.623,5.722,,,,,,,,,,,
10/1/2019 3:00,10/1/2019 5:00,7415.407,6.078,,,,,,,,,,,
10/1/2019 4:00,10/1/2019 6:00,8081.581,6.267,,,,,,,,,,,
10/1/2019 5:00,10/1/2019 7:00,10267.66,6.825,,,,,,,,,,,
10/1/2019 6:00,10/1/2019 8:00,10760.755,6.949,,,,,,,,,,,
10/1/2019 7:00,10/1/2019 9:00,10776.444,6.952,,,,,,,,,,,
10/1/2019 8:00,10/1/2019 10:00,10552.329,6.892,,,,,,,,,,,
10/1/2019 9:00,10/1/2019 11:00,13723.042,7.634,,,,,,,,,,,
10/1/2019 10:00,10/1/2019 12:00,15938.069,8.138,,,,,,,,,,,
10/1/2019 11:00,10/1/2019 13:00,16828.312,8.332,,,,,,,,,,,
10/1/2019 12:00,10/1/2019 14:00,16974.704,8.373,,,,,,,,,,,
10/1/2019 13:00,10/1/2019 15:00,16942.112,8.366,,,,,,,,,,,
10/1/2019 14:00,10/1/2019 16:00,17135.15,8.402,,,,,,,,,,,
10/1/2019 15:00,10/1/2019 17:00,17882.312,8.572,,,,,,,,,,,
10/1/2019 16:00,10/1/2019 18:00,18304.273,8.671,,,,,,,,,,,
10/1/2019 17:00,10/1/2019 19:00,18083.872,8.629,,,,,,,,,,,
10/1/2019 18:00,10/1/2019 20:00,17382.589,8.467,,,,,,,,,,,
10/1/2019 19:00,10/1/2019 21:00,16608.568,8.287,,,,,,,,,,,
10/1/2019 20:00,10/1/2019 22:00,15502.904,8.034,,,,,,,,,,,
10/1/2019 21:00,10/1/2019 23:00,15386.572,8.007,,,,,,,,,,,
10/1/2019 22:00,10/2/2019 0:00,15724.982,8.09,,,,,,,,,,,
10/1/2019 23:00,10/2/2019 1:00,15742.161,8.092,,,,,,,,,,,
10/2/2019 0:00,10/2/2019 2:00,15628.951,8.068,,,,,,,,,,,
10/2/2019 1:00,10/2/2019 3:00,15591.517,8.052,,,,,,,,,,,
10/2/2019 2:00,10/2/2019 4:00,15568.736,8.047,,,,,,,,,,,
10/2/2019 3:00,10/2/2019 5:00,15902.046,8.127,,,,,,,,,,,
10/2/2019 4:00,10/2/2019 6:00,15884.511,8.118,,,,,,,,,,,
10/2/2019 5:00,10/2/2019 7:00,14970.871,7.915,,,,,,,,,,,
10/2/2019 6:00,10/2/2019 8:00,13175.137,7.507,,,,,,,,,,,
10/2/2019 7:00,10/2/2019 9:00,9863.552,6.725,,,,,,,,,,,
10/2/2019 8:00,10/2/2019 10:00,8779.405,6.453,,,,,,,,,,,
10/2/2019 9:00,10/2/2019 11:00,10605.75,6.911,,,,,,,,,,,
10/2/2019 10:00,10/2/2019 12:00,10119.119,6.794,,,,,,,,,,,
10/2/2019 11:00,10/2/2019 13:00,8681.482,6.421,,,,,,,,,,,
10/2/2019 12:00,10/2/2019 14:00,7322.997,6.056,,,,,,,,,,,
10/2/2019 13:00,10/2/2019 15:00,5843.342,5.616,,,,,,,,,,,
10/2/2019 14:00,10/2/2019 16:00,5314.719,5.442,,,,,,,,,,,
10/2/2019 15:00,10/2/2019 17:00,5390.513,5.462,,,,,,,,,,,
10/2/2019 16:00,10/2/2019 18:00,5222.864,5.413,,,,,,,,,,,
10/2/2019 17:00,10/2/2019 19:00,5009.533,5.341,,,,,,,,,,,
10/2/2019 18:00,10/2/2019 20:00,4482.885,5.154,,,,,,,,,,,
10/2/2019 19:00,10/2/2019 21:00,4027.418,4.983,,,,,,,,,,,
10/2/2019 20:00,10/2/2019 22:00,3483.557,4.764,,,,,,,,,,,
10/2/2019 21:00,10/2/2019 23:00,3093.525,4.597,,,,,,,,,,,
10/2/2019 22:00,10/3/2019 0:00,2787.063,4.457,,,,,,,,,,,
10/2/2019 23:00,10/3/2019 1:00,2452.492,4.286,,,,,,,,,,,
10/3/2019 0:00,10/3/2019 2:00,2163.614,4.138,,,,,,,,,,,
10/3/2019 1:00,10/3/2019 3:00,1917.661,4.012,,,,,,,,,,,
10/3/2019 2:00,10/3/2019 4:00,1735.925,3.898,,,,,,,,,,,
10/3/2019 3:00,10/3/2019 5:00,1450.08,3.722,,,,,,,,,,,
10/3/2019 4:00,10/3/2019 6:00,1133.462,3.51,,,,,,,,,,,
10/3/2019 5:00,10/3/2019 7:00,861.154,3.294,,,,,,,,,,,
10/3/2019 6:00,10/3/2019 8:00,633.18,3.082,,,,,,,,,,,
10/3/2019 7:00,10/3/2019 9:00,457.337,2.885,,,,,,,,,,,
10/3/2019 8:00,10/3/2019 10:00,309.163,2.679,,,,,,,,,,,
10/3/2019 9:00,10/3/2019 11:00,254.759,2.579,,,,,,,,,,,
10/3/2019 10:00,10/3/2019 12:00,169.203,2.412,,,,,,,,,,,
10/3/2019 11:00,10/3/2019 13:00,104.027,2.229,,,,,,,,,,,
10/3/2019 12:00,10/3/2019 14:00,115.062,2.265,,,,,,,,,,,
10/3/2019 13:00,10/3/2019 15:00,235.315,2.543,,,,,,,,,,,
10/3/2019 14:00,10/3/2019 16:00,448.069,2.873,,,,,,,,,,,
10/3/2019 15:00,10/3/2019 17:00,572.577,3.018,,,,,,,,,,,
10/3/2019 16:00,10/3/2019 18:00,526.251,2.958,,,,,,,,,,,
10/3/2019 17:00,10/3/2019 19:00,348.27,2.731,,,,,,,,,,,
10/3/2019 18:00,10/3/2019 20:00,201.191,2.475,,,,,,,,,,,
10/3/2019 19:00,10/3/2019 21:00,104.955,2.232,,,,,,,,,,,
10/3/2019 20:00,10/3/2019 22:00,59.973,2.042,,,,,,,,,,,
10/3/2019 21:00,10/3/2019 23:00,48.726,1.988,,,,,,,,,,,
10/3/2019 22:00,10/4/2019 0:00,151.899,2.369,,,,,,,,,,,
10/3/2019 23:00,10/4/2019 1:00,423.788,2.842,,,,,,,,,,,
10/4/2019 0:00,10/4/2019 2:00,805.211,3.236,,,,,,,,,,,
10/4/2019 1:00,10/4/2019 3:00,1073.979,3.457,,,,,,,,,,,
10/4/2019 2:00,10/4/2019 4:00,1201.474,3.559,,,,,,,,,,,
10/4/2019 3:00,10/4/2019 5:00,1114.979,3.487,,,,,,,,,,,
10/4/2019 4:00,10/4/2019 6:00,926.618,3.349,,,,,,,,,,,
10/4/2019 5:00,10/4/2019 7:00,810.277,3.246,,,,,,,,,,,
10/4/2019 6:00,10/4/2019 8:00,678,3.119,,,,,,,,,,,
10/4/2019 7:00,10/4/2019 9:00,708.629,3.156,,,,,,,,,,,
10/4/2019 8:00,10/4/2019 10:00,657.781,3.106,,,,,,,,,,,
10/4/2019 9:00,10/4/2019 11:00,767.958,3.203,,,,,,,,,,,
10/4/2019 10:00,10/4/2019 12:00,987.013,3.398,,,,,,,,,,,
10/4/2019 11:00,10/4/2019 13:00,1030.083,3.432,,,,,,,,,,,
10/4/2019 12:00,10/4/2019 14:00,998.389,3.407,,,,,,,,,,,
10/4/2019 13:00,10/4/2019 15:00,967.796,3.382,,,,,,,,,,,
10/4/2019 14:00,10/4/2019 16:00,931.67,3.353,,,,,,,,,,,
10/4/2019 15:00,10/4/2019 17:00,987.495,3.398,,,,,,,,,,,
10/4/2019 16:00,10/4/2019 18:00,1069.683,3.453,,,,,,,,,,,
10/4/2019 17:00,10/4/2019 19:00,1118.696,3.49,,,,,,,,,,,
10/4/2019 18:00,10/4/2019 20:00,1136.627,3.512,,,,,,,,,,,
10/4/2019 19:00,10/4/2019 21:00,1150.23,3.522,,,,,,,,,,,
10/4/2019 20:00,10/4/2019 22:00,1330.791,3.648,,,,,,,,,,,
10/4/2019 21:00,10/4/2019 23:00,1647.752,3.854,,,,,,,,,,,
10/4/2019 22:00,10/5/2019 0:00,2140.495,4.125,,,,,,,,,,,
10/4/2019 23:00,10/5/2019 1:00,2988.868,4.549,,,,,,,,,,,
10/5/2019 0:00,10/5/2019 2:00,3790.367,4.885,,,,,,,,,,,
10/5/2019 1:00,10/5/2019 3:00,4094.231,5.008,,,,,,,,,,,
10/5/2019 2:00,10/5/2019 4:00,4913.536,5.298,,,,,,,,,,,
10/5/2019 3:00,10/5/2019 5:00,5470.964,5.496,,,,,,,,,,,
10/5/2019 4:00,10/5/2019 6:00,6046.878,5.681,,,,,,,,,,,
10/5/2019 5:00,10/5/2019 7:00,6130.626,5.699,,,,,,,,,,,
10/5/2019 6:00,10/5/2019 8:00,6298.376,5.758,,,,,,,,,,,
10/5/2019 7:00,10/5/2019 9:00,5746.099,5.576,,,,,,,,,,,
10/5/2019 8:00,10/5/2019 10:00,4918.58,5.3,,,,,,,,,,,
10/5/2019 9:00,10/5/2019 11:00,4969.182,5.317,,,,,,,,,,,
10/5/2019 10:00,10/5/2019 12:00,5313.302,5.442,,,,,,,,,,,
10/5/2019 11:00,10/5/2019 13:00,5445.021,5.487,,,,,,,,,,,
10/5/2019 12:00,10/5/2019 14:00,5578.46,5.526,,,,,,,,,,,
10/5/2019 13:00,10/5/2019 15:00,5715.793,5.566,,,,,,,,,,,
10/5/2019 14:00,10/5/2019 16:00,6115.158,5.696,,,,,,,,,,,
10/5/2019 15:00,10/5/2019 17:00,6177.097,5.721,,,,,,,,,,,
10/5/2019 16:00,10/5/2019 18:00,6310.298,5.762,,,,,,,,,,,
10/5/2019 17:00,10/5/2019 19:00,5856.92,5.621,,,,,,,,,,,
10/5/2019 18:00,10/5/2019 20:00,5681.719,5.555,,,,,,,,,,,
10/5/2019 19:00,10/5/2019 21:00,5369.921,5.453,,,,,,,,,,,
10/5/2019 20:00,10/5/2019 22:00,5760.445,5.59,,,,,,,,,,,
10/5/2019 21:00,10/5/2019 23:00,5896.808,5.633,,,,,,,,,,,
10/5/2019 22:00,10/6/2019 0:00,5859.924,5.622,,,,,,,,,,,
10/5/2019 23:00,10/6/2019 1:00,7074.912,5.979,,,,,,,,,,,
10/6/2019 0:00,10/6/2019 2:00,7936.943,6.225,,,,,,,,,,,
10/6/2019 1:00,10/6/2019 3:00,8581.288,6.403,,,,,,,,,,,
10/6/2019 2:00,10/6/2019 4:00,8682.34,6.425,,,,,,,,,,,
10/6/2019 3:00,10/6/2019 5:00,8609.149,6.41,,,,,,,,,,,
10/6/2019 4:00,10/6/2019 6:00,8912.216,6.48,,,,,,,,,,,
10/6/2019 5:00,10/6/2019 7:00,9429.892,6.616,,,,,,,,,,,
10/6/2019 6:00,10/6/2019 8:00,10001.93,6.755,,,,,,,,,,,
10/6/2019 7:00,10/6/2019 9:00,11020.891,7.006,,,,,,,,,,,
10/6/2019 8:00,10/6/2019 10:00,11643.585,7.152,,,,,,,,,,,
10/6/2019 9:00,10/6/2019 11:00,11849.565,7.208,,,,,,,,,,,
10/6/2019 10:00,10/6/2019 12:00,12591.008,7.374,,,,,,,,,,,
10/6/2019 11:00,10/6/2019 13:00,12590.804,7.373,,,,,,,,,,,
10/6/2019 12:00,10/6/2019 14:00,12020.488,7.239,,,,,,,,,,,
10/6/2019 13:00,10/6/2019 15:00,11888.997,7.217,,,,,,,,,,,
10/6/2019 14:00,10/6/2019 16:00,12503.894,7.352,,,,,,,,,,,
10/6/2019 15:00,10/6/2019 17:00,12862.769,7.436,,,,,,,,,,,
10/6/2019 16:00,10/6/2019 18:00,12503.676,7.351,,,,,,,,,,,
10/6/2019 17:00,10/6/2019 19:00,11431.998,7.107,,,,,,,,,,,
10/6/2019 18:00,10/6/2019 20:00,9988.694,6.752,,,,,,,,,,,
10/6/2019 19:00,10/6/2019 21:00,8953.573,6.5,,,,,,,,,,,
10/6/2019 20:00,10/6/2019 22:00,8342.499,6.338,,,,,,,,,,,
10/6/2019 21:00,10/6/2019 23:00,8081.376,6.266,,,,,,,,,,,
10/6/2019 22:00,10/7/2019 0:00,7824.899,6.197,,,,,,,,,,,
10/6/2019 23:00,10/7/2019 1:00,7305.521,6.048,,,,,,,,,,,
10/7/2019 0:00,10/7/2019 2:00,6878.438,5.932,,,,,,,,,,,
10/7/2019 1:00,10/7/2019 3:00,6712.721,5.883,,,,,,,,,,,
10/7/2019 2:00,10/7/2019 4:00,6231.01,5.738,,,,,,,,,,,
10/7/2019 3:00,10/7/2019 5:00,5959.317,5.653,,,,,,,,,,,
10/7/2019 4:00,10/7/2019 6:00,5221.778,5.413,,,,,,,,,,,
10/7/2019 5:00,10/7/2019 7:00,4640.115,5.211,,,,,,,,,,,
10/7/2019 6:00,10/7/2019 8:00,3796.53,4.892,,,,,,,,,,,
10/7/2019 7:00,10/7/2019 9:00,2825.066,4.475,,,,,,,,,,,
10/7/2019 8:00,10/7/2019 10:00,2112.554,4.115,,,,,,,,,,,
10/7/2019 9:00,10/7/2019 11:00,2271.282,4.203,,,,,,,,,,,
10/7/2019 10:00,10/7/2019 12:00,1934.236,4.021,,,,,,,,,,,
10/7/2019 11:00,10/7/2019 13:00,1538.91,3.786,,,,,,,,,,,
10/7/2019 12:00,10/7/2019 14:00,1267.855,3.606,,,,,,,,,,,
10/7/2019 13:00,10/7/2019 15:00,978.652,3.391,,,,,,,,,,,
10/7/2019 14:00,10/7/2019 16:00,985.076,3.396,,,,,,,,,,,
10/7/2019 15:00,10/7/2019 17:00,1501.838,3.763,,,,,,,,,,,
10/7/2019 16:00,10/7/2019 18:00,2144.235,4.127,,,,,,,,,,,
10/7/2019 17:00,10/7/2019 19:00,2716.42,4.424,,,,,,,,,,,
10/7/2019 18:00,10/7/2019 20:00,3361.232,4.713,,,,,,,,,,,
10/7/2019 19:00,10/7/2019 21:00,4007.119,4.975,,,,,,,,,,,
10/7/2019 20:00,10/7/2019 22:00,4636.16,5.201,,,,,,,,,,,
10/7/2019 21:00,10/7/2019 23:00,5509.077,5.509,,,,,,,,,,,
10/7/2019 22:00,10/8/2019 0:00,6515.993,5.824,,,,,,,,,,,
10/7/2019 23:00,10/8/2019 1:00,6491.826,5.817,,,,,,,,,,,
10/8/2019 0:00,10/8/2019 2:00,7270.509,6.043,,,,,,,,,,,
10/8/2019 1:00,10/8/2019 3:00,7749.148,6.17,,,,,,,,,,,
10/8/2019 2:00,10/8/2019 4:00,7896.349,6.21,,,,,,,,,,,
10/8/2019 3:00,10/8/2019 5:00,6837.88,5.92,,,,,,,,,,,
10/8/2019 4:00,10/8/2019 6:00,6836.212,5.919,,,,,,,,,,,
10/8/2019 5:00,10/8/2019 7:00,7346.176,6.066,,,,,,,,,,,
10/8/2019 6:00,10/8/2019 8:00,7500.886,6.109,,,,,,,,,,,
10/8/2019 7:00,10/8/2019 9:00,7323.366,6.058,,,,,,,,,,,
10/8/2019 8:00,10/8/2019 10:00,6576.153,5.842,,,,,,,,,,,
10/8/2019 9:00,10/8/2019 11:00,6853.716,5.925,,,,,,,,,,,
10/8/2019 10:00,10/8/2019 12:00,7781.266,6.184,,,,,,,,,,,
10/8/2019 11:00,10/8/2019 13:00,8524.951,6.388,,,,,,,,,,,
10/8/2019 12:00,10/8/2019 14:00,8164.283,6.292,,,,,,,,,,,
10/8/2019 13:00,10/8/2019 15:00,7500.246,6.106,,,,,,,,,,,
10/8/2019 14:00,10/8/2019 16:00,8572.9,6.401,,,,,,,,,,,
10/8/2019 15:00,10/8/2019 17:00,9819.37,6.715,,,,,,,,,,,
10/8/2019 16:00,10/8/2019 18:00,10305.982,6.834,,,,,,,,,,,
10/8/2019 17:00,10/8/2019 19:00,9498.501,6.639,,,,,,,,,,,
10/8/2019 18:00,10/8/2019 20:00,8588.685,6.405,,,,,,,,,,,
10/8/2019 19:00,10/8/2019 21:00,7728.965,6.167,,,,,,,,,,,
10/8/2019 20:00,10/8/2019 22:00,6950.335,5.947,,,,,,,,,,,
10/8/2019 21:00,10/8/2019 23:00,6879.62,5.932,,,,,,,,,,,
10/8/2019 22:00,10/9/2019 0:00,6644.352,5.863,,,,,,,,,,,
10/8/2019 23:00,10/9/2019 1:00,6228.184,5.737,,,,,,,,,,,
10/9/2019 0:00,10/9/2019 2:00,5919.852,5.641,,,,,,,,,,,
10/9/2019 1:00,10/9/2019 3:00,5633.723,5.54,,,,,,,,,,,
10/9/2019 2:00,10/9/2019 4:00,5187.358,5.401,,,,,,,,,,,
10/9/2019 3:00,10/9/2019 5:00,4639.009,5.21,,,,,,,,,,,
10/9/2019 4:00,10/9/2019 6:00,4034.429,4.985,,,,,,,,,,,
10/9/2019 5:00,10/9/2019 7:00,3437.721,4.745,,,,,,,,,,,
10/9/2019 6:00,10/9/2019 8:00,3045.734,4.575,,,,,,,,,,,
10/9/2019 7:00,10/9/2019 9:00,2503.598,4.321,,,,,,,,,,,
10/9/2019 8:00,10/9/2019 10:00,1959.213,4.028,,,,,,,,,,,
10/9/2019 9:00,10/9/2019 11:00,1581.531,3.813,,,,,,,,,,,
10/9/2019 10:00,10/9/2019 12:00,1307.456,3.625,,,,,,,,,,,
10/9/2019 11:00,10/9/2019 13:00,1105.356,3.48,,,,,,,,,,,
10/9/2019 12:00,10/9/2019 14:00,995.963,3.405,,,,,,,,,,,
10/9/2019 13:00,10/9/2019 15:00,895.331,3.323,,,,,,,,,,,
10/9/2019 14:00,10/9/2019 16:00,968.206,3.383,,,,,,,,,,,
10/9/2019 15:00,10/9/2019 17:00,1031.176,3.432,,,,,,,,,,,
10/9/2019 16:00,10/9/2019 18:00,1106.421,3.481,,,,,,,,,,,
10/9/2019 17:00,10/9/2019 19:00,1156.209,3.527,,,,,,,,,,,
10/9/2019 18:00,10/9/2019 20:00,1206.701,3.563,,,,,,,,,,,
10/9/2019 19:00,10/9/2019 21:00,1226.449,3.577,,,,,,,,,,,
10/9/2019 20:00,10/9/2019 22:00,1251.72,3.595,,,,,,,,,,,
10/9/2019 21:00,10/9/2019 23:00,1164.481,3.533,,,,,,,,,,,
10/9/2019 22:00,10/10/2019 0:00,1040.883,3.44,,,,,,,,,,,
10/9/2019 23:00,10/10/2019 1:00,962.409,3.37,,,,,,,,,,,
10/10/2019 0:00,10/10/2019 2:00,879.998,3.31,,,,,,,,,,,
10/10/2019 1:00,10/10/2019 3:00,827.239,3.264,,,,,,,,,,,
10/10/2019 2:00,10/10/2019 4:00,817.857,3.256,,,,,,,,,,,
10/10/2019 3:00,10/10/2019 5:00,844.558,3.28,,,,,,,,,,,
10/10/2019 4:00,10/10/2019 6:00,854.932,3.288,,,,,,,,,,,
10/10/2019 5:00,10/10/2019 7:00,869.849,3.301,,,,,,,,,,,
10/10/2019 6:00,10/10/2019 8:00,902.199,3.329,,,,,,,,,,,
10/10/2019 7:00,10/10/2019 9:00,929.091,3.351,,,,,,,,,,,
10/10/2019 8:00,10/10/2019 10:00,862.484,3.295,,,,,,,,,,,
10/10/2019 9:00,10/10/2019 11:00,680.694,3.122,,,,,,,,,,,
10/10/2019 10:00,10/10/2019 12:00,576.576,3.022,,,,,,,,,,,
10/10/2019 11:00,10/10/2019 13:00,546.553,2.986,,,,,,,,,,,
10/10/2019 12:00,10/10/2019 14:00,556.141,3,,,,,,,,,,,
10/10/2019 13:00,10/10/2019 15:00,681.583,3.129,,,,,,,,,,,
10/10/2019 14:00,10/10/2019 16:00,871.935,3.303,,,,,,,,,,,
10/10/2019 15:00,10/10/2019 17:00,1032.109,3.433,,,,,,,,,,,
10/10/2019 16:00,10/10/2019 18:00,1183.57,3.547,,,,,,,,,,,
10/10/2019 17:00,10/10/2019 19:00,1323.597,3.636,,,,,,,,,,,
10/10/2019 18:00,10/10/2019 20:00,1416.468,3.699,,,,,,,,,,,
10/10/2019 19:00,10/10/2019 21:00,1451.248,3.729,,,,,,,,,,,
10/10/2019 20:00,10/10/2019 22:00,1450.996,3.727,,,,,,,,,,,
10/10/2019 21:00,10/10/2019 23:00,1436.168,3.711,,,,,,,,,,,
10/10/2019 22:00,10/11/2019 0:00,1383.746,3.685,,,,,,,,,,,
10/10/2019 23:00,10/11/2019 1:00,1366.771,3.674,,,,,,,,,,,
10/11/2019 0:00,10/11/2019 2:00,1356.983,3.668,,,,,,,,,,,
10/11/2019 1:00,10/11/2019 3:00,1342.307,3.658,,,,,,,,,,,
10/11/2019 2:00,10/11/2019 4:00,1336.915,3.654,,,,,,,,,,,
10/11/2019 3:00,10/11/2019 5:00,1285.042,3.614,,,,,,,,,,,
10/11/2019 4:00,10/11/2019 6:00,1213.897,3.568,,,,,,,,,,,
10/11/2019 5:00,10/11/2019 7:00,1213.94,3.568,,,,,,,,,,,
10/11/2019 6:00,10/11/2019 8:00,1254.762,3.597,,,,,,,,,,,
10/11/2019 7:00,10/11/2019 9:00,1302.992,3.622,,,,,,,,,,,
10/11/2019 8:00,10/11/2019 10:00,1134.789,3.511,,,,,,,,,,,
10/11/2019 9:00,10/11/2019 11:00,892.052,3.32,,,,,,,,,,,
10/11/2019 10:00,10/11/2019 12:00,785.507,3.219,,,,,,,,,,,
10/11/2019 11:00,10/11/2019 13:00,710.804,3.158,,,,,,,,,,,
10/11/2019 12:00,10/11/2019 14:00,704.483,3.152,,,,,,,,,,,
10/11/2019 13:00,10/11/2019 15:00,854.595,3.288,,,,,,,,,,,
10/11/2019 14:00,10/11/2019 16:00,1150.43,3.522,,,,,,,,,,,
10/11/2019 15:00,10/11/2019 17:00,1352.295,3.664,,,,,,,,,,,
10/11/2019 16:00,10/11/2019 18:00,1601.049,3.825,,,,,,,,,,,
10/11/2019 17:00,10/11/2019 19:00,1967.473,4.04,,,,,,,,,,,
10/11/2019 18:00,10/11/2019 20:00,2347.06,4.242,,,,,,,,,,,
10/11/2019 19:00,10/11/2019 21:00,2698.275,4.406,,,,,,,,,,,
10/11/2019 20:00,10/11/2019 22:00,3009.365,4.559,,,,,,,,,,,
10/11/2019 21:00,10/11/2019 23:00,3304.654,4.689,,,,,,,,,,,
10/11/2019 22:00,10/12/2019 0:00,3695.189,4.851,,,,,,,,,,,
10/11/2019 23:00,10/12/2019 1:00,4038.013,4.987,,,,,,,,,,,
10/12/2019 0:00,10/12/2019 2:00,4331.278,5.098,,,,,,,,,,,
10/12/2019 1:00,10/12/2019 3:00,4629.869,5.199,,,,,,,,,,,
10/12/2019 2:00,10/12/2019 4:00,4909.605,5.297,,,,,,,,,,,
10/12/2019 3:00,10/12/2019 5:00,4926.894,5.303,,,,,,,,,,,
10/12/2019 4:00,10/12/2019 6:00,4852.257,5.278,,,,,,,,,,,
10/12/2019 5:00,10/12/2019 7:00,4710.02,5.236,,,,,,,,,,,
10/12/2019 6:00,10/12/2019 8:00,4461.662,5.146,,,,,,,,,,,
10/12/2019 7:00,10/12/2019 9:00,3966.088,4.959,,,,,,,,,,,
10/12/2019 8:00,10/12/2019 10:00,2996.504,4.553,,,,,,,,,,,
10/12/2019 9:00,10/12/2019 11:00,2280.689,4.208,,,,,,,,,,,
10/12/2019 10:00,10/12/2019 12:00,2043.199,4.082,,,,,,,,,,,
10/12/2019 11:00,10/12/2019 13:00,2448.017,4.284,,,,,,,,,,,
10/12/2019 12:00,10/12/2019 14:00,2383.67,4.261,,,,,,,,,,,
10/12/2019 13:00,10/12/2019 15:00,2639.126,4.378,,,,,,,,,,,
10/12/2019 14:00,10/12/2019 16:00,3314.867,4.693,,,,,,,,,,,
10/12/2019 15:00,10/12/2019 17:00,3707.744,4.856,,,,,,,,,,,
10/12/2019 16:00,10/12/2019 18:00,3824.496,4.903,,,,,,,,,,,
10/12/2019 17:00,10/12/2019 19:00,3798.913,4.893,,,,,,,,,,,
10/12/2019 18:00,10/12/2019 20:00,3867.101,4.92,,,,,,,,,,,
10/12/2019 19:00,10/12/2019 21:00,4001.802,4.973,,,,,,,,,,,
10/12/2019 20:00,10/12/2019 22:00,3874.89,4.923,,,,,,,,,,,
10/12/2019 21:00,10/12/2019 23:00,3882.673,4.926,,,,,,,,,,,
10/12/2019 22:00,10/13/2019 0:00,3703.019,4.855,,,,,,,,,,,
10/12/2019 23:00,10/13/2019 1:00,3509.655,4.773,,,,,,,,,,,
10/13/2019 0:00,10/13/2019 2:00,3488.435,4.766,,,,,,,,,,,
10/13/2019 1:00,10/13/2019 3:00,3291.813,4.683,,,,,,,,,,,
10/13/2019 2:00,10/13/2019 4:00,3157.707,4.618,,,,,,,,,,,
10/13/2019 3:00,10/13/2019 5:00,3086.07,4.593,,,,,,,,,,,
10/13/2019 4:00,10/13/2019 6:00,2989.077,4.55,,,,,,,,,,,
10/13/2019 5:00,10/13/2019 7:00,2910.064,4.514,,,,,,,,,,,
10/13/2019 6:00,10/13/2019 8:00,2861.638,4.492,,,,,,,,,,,
10/13/2019 7:00,10/13/2019 9:00,2707.791,4.418,,,,,,,,,,,
10/13/2019 8:00,10/13/2019 10:00,2337.136,4.237,,,,,,,,,,,
10/13/2019 9:00,10/13/2019 11:00,1740.901,3.906,,,,,,,,,,,
10/13/2019 10:00,10/13/2019 12:00,1271.94,3.609,,,,,,,,,,,
10/13/2019 11:00,10/13/2019 13:00,1032.948,3.434,,,,,,,,,,,
10/13/2019 12:00,10/13/2019 14:00,881.158,3.311,,,,,,,,,,,
10/13/2019 13:00,10/13/2019 15:00,963.733,3.372,,,,,,,,,,,
10/13/2019 14:00,10/13/2019 16:00,1091.539,3.47,,,,,,,,,,,
10/13/2019 15:00,10/13/2019 17:00,1147.462,3.52,,,,,,,,,,,
10/13/2019 16:00,10/13/2019 18:00,1288.509,3.616,,,,,,,,,,,
10/13/2019 17:00,10/13/2019 19:00,1423.576,3.703,,,,,,,,,,,
10/13/2019 18:00,10/13/2019 20:00,1519.809,3.774,,,,,,,,,,,
10/13/2019 19:00,10/13/2019 21:00,1601.793,3.825,,,,,,,,,,,
10/13/2019 20:00,10/13/2019 22:00,1718.167,3.887,,,,,,,,,,,
10/13/2019 21:00,10/13/2019 23:00,1812.561,3.946,,,,,,,,,,,
10/13/2019 22:00,10/14/2019 0:00,1929.358,4.019,,,,,,,,,,,
10/13/2019 23:00,10/14/2019 1:00,2056.99,4.089,,,,,,,,,,,
10/14/2019 0:00,10/14/2019 2:00,2100.338,4.111,,,,,,,,,,,
10/14/2019 1:00,10/14/2019 3:00,2012.317,4.065,,,,,,,,,,,
10/14/2019 2:00,10/14/2019 4:00,1938.25,4.022,,,,,,,,,,,
10/14/2019 3:00,10/14/2019 5:00,1811.437,3.946,,,,,,,,,,,
10/14/2019 4:00,10/14/2019 6:00,1702.436,3.878,,,,,,,,,,,
10/14/2019 5:00,10/14/2019 7:00,1710.031,3.882,,,,,,,,,,,
10/14/2019 6:00,10/14/2019 8:00,1790.519,3.939,,,,,,,,,,,
10/14/2019 7:00,10/14/2019 9:00,1870.309,3.985,,,,,,,,,,,
10/14/2019 8:00,10/14/2019 10:00,1817.215,3.948,,,,,,,,,,,
10/14/2019 9:00,10/14/2019 11:00,1379.382,3.683,,,,,,,,,,,
10/14/2019 10:00,10/14/2019 12:00,1071.094,3.454,,,,,,,,,,,
10/14/2019 11:00,10/14/2019 13:00,902.191,3.329,,,,,,,,,,,
10/14/2019 12:00,10/14/2019 14:00,868.91,3.3,,,,,,,,,,,
10/14/2019 13:00,10/14/2019 15:00,1056.433,3.446,,,,,,,,,,,
10/14/2019 14:00,10/14/2019 16:00,1181.527,3.545,,,,,,,,,,,
10/14/2019 15:00,10/14/2019 17:00,1116.803,3.489,,,,,,,,,,,
10/14/2019 16:00,10/14/2019 18:00,1118.273,3.49,,,,,,,,,,,
10/14/2019 17:00,10/14/2019 19:00,1203.765,3.561,,,,,,,,,,,
10/14/2019 18:00,10/14/2019 20:00,1271.991,3.609,,,,,,,,,,,
10/14/2019 19:00,10/14/2019 21:00,1306.771,3.624,,,,,,,,,,,
10/14/2019 20:00,10/14/2019 22:00,1244.962,3.59,,,,,,,,,,,
10/14/2019 21:00,10/14/2019 23:00,1260.02,3.601,,,,,,,,,,,
10/14/2019 22:00,10/15/2019 0:00,1341.31,3.657,,,,,,,,,,,
10/14/2019 23:00,10/15/2019 1:00,1375.503,3.68,,,,,,,,,,,
10/15/2019 0:00,10/15/2019 2:00,1427.56,3.705,,,,,,,,,,,
10/15/2019 1:00,10/15/2019 3:00,1501.489,3.762,,,,,,,,,,,
10/15/2019 2:00,10/15/2019 4:00,1540.381,3.787,,,,,,,,,,,
10/15/2019 3:00,10/15/2019 5:00,1498.887,3.761,,,,,,,,,,,
10/15/2019 4:00,10/15/2019 6:00,1385.072,3.686,,,,,,,,,,,
10/15/2019 5:00,10/15/2019 7:00,1434.584,3.71,,,,,,,,,,,
10/15/2019 6:00,10/15/2019 8:00,1625.833,3.84,,,,,,,,,,,
10/15/2019 7:00,10/15/2019 9:00,1765.34,3.924,,,,,,,,,,,
10/15/2019 8:00,10/15/2019 10:00,1767.688,3.925,,,,,,,,,,,
10/15/2019 9:00,10/15/2019 11:00,1792.151,3.94,,,,,,,,,,,
10/15/2019 10:00,10/15/2019 12:00,1646.923,3.853,,,,,,,,,,,
10/15/2019 11:00,10/15/2019 13:00,1450.46,3.724,,,,,,,,,,,
10/15/2019 12:00,10/15/2019 14:00,1345.205,3.66,,,,,,,,,,,
10/15/2019 13:00,10/15/2019 15:00,1483.503,3.751,,,,,,,,,,,
10/15/2019 14:00,10/15/2019 16:00,1770.873,3.927,,,,,,,,,,,
10/15/2019 15:00,10/15/2019 17:00,1609.596,3.83,,,,,,,,,,,
10/15/2019 16:00,10/15/2019 18:00,1410.329,3.697,,,,,,,,,,,
10/15/2019 17:00,10/15/2019 19:00,1325.461,3.637,,,,,,,,,,,
10/15/2019 18:00,10/15/2019 20:00,1226.992,3.578,,,,,,,,,,,
10/15/2019 19:00,10/15/2019 21:00,1154.3,3.525,,,,,,,,,,,
10/15/2019 20:00,10/15/2019 22:00,1109.697,3.483,,,,,,,,,,,
10/15/2019 21:00,10/15/2019 23:00,1100.041,3.476,,,,,,,,,,,
10/15/2019 22:00,10/16/2019 0:00,1138.831,3.514,,,,,,,,,,,
10/15/2019 23:00,10/16/2019 1:00,1243.372,3.589,,,,,,,,,,,
10/16/2019 0:00,10/16/2019 2:00,1330.925,3.649,,,,,,,,,,,
10/16/2019 1:00,10/16/2019 3:00,1325.917,3.638,,,,,,,,,,,
10/16/2019 2:00,10/16/2019 4:00,1184.307,3.547,,,,,,,,,,,
10/16/2019 3:00,10/16/2019 5:00,823.744,3.261,,,,,,,,,,,
10/16/2019 4:00,10/16/2019 6:00,486.012,2.92,,,,,,,,,,,
10/16/2019 5:00,10/16/2019 7:00,311.105,2.682,,,,,,,,,,,
10/16/2019 6:00,10/16/2019 8:00,294.217,2.655,,,,,,,,,,,
10/16/2019 7:00,10/16/2019 9:00,466.07,2.896,,,,,,,,,,,
10/16/2019 8:00,10/16/2019 10:00,792.519,3.225,,,,,,,,,,,
10/16/2019 9:00,10/16/2019 11:00,965.221,3.38,,,,,,,,,,,
10/16/2019 10:00,10/16/2019 12:00,925.131,3.348,,,,,,,,,,,
10/16/2019 11:00,10/16/2019 13:00,906.154,3.332,,,,,,,,,,,
10/16/2019 12:00,10/16/2019 14:00,988.762,3.399,,,,,,,,,,,
10/16/2019 13:00,10/16/2019 15:00,1248.33,3.593,,,,,,,,,,,
10/16/2019 14:00,10/16/2019 16:00,1541.724,3.788,,,,,,,,,,,
10/16/2019 15:00,10/16/2019 17:00,1747.058,3.913,,,,,,,,,,,
10/16/2019 16:00,10/16/2019 18:00,2041.423,4.081,,,,,,,,,,,
10/16/2019 17:00,10/16/2019 19:00,2640.972,4.379,,,,,,,,,,,
10/16/2019 18:00,10/16/2019 20:00,3278.187,4.677,,,,,,,,,,,
10/16/2019 19:00,10/16/2019 21:00,3981.077,4.965,,,,,,,,,,,
10/16/2019 20:00,10/16/2019 22:00,4716.478,5.238,,,,,,,,,,,
10/16/2019 21:00,10/16/2019 23:00,5230.167,5.416,,,,,,,,,,,
10/16/2019 22:00,10/17/2019 0:00,5733,5.572,,,,,,,,,,,
10/16/2019 23:00,10/17/2019 1:00,6142.291,5.701,,,,,,,,,,,
10/17/2019 0:00,10/17/2019 2:00,6316.425,5.764,,,,,,,,,,,
10/17/2019 1:00,10/17/2019 3:00,6536.517,5.83,,,,,,,,,,,
10/17/2019 2:00,10/17/2019 4:00,6833.288,5.919,,,,,,,,,,,
10/17/2019 3:00,10/17/2019 5:00,7135.833,6.003,,,,,,,,,,,
10/17/2019 4:00,10/17/2019 6:00,7429.581,6.088,,,,,,,,,,,
10/17/2019 5:00,10/17/2019 7:00,7751.345,6.173,,,,,,,,,,,
10/17/2019 6:00,10/17/2019 8:00,8080.176,6.26,,,,,,,,,,,
10/17/2019 7:00,10/17/2019 9:00,7711.968,6.164,,,,,,,,,,,
10/17/2019 8:00,10/17/2019 10:00,6867.41,5.929,,,,,,,,,,,
10/17/2019 9:00,10/17/2019 11:00,6466.439,5.8,,,,,,,,,,,
10/17/2019 10:00,10/17/2019 12:00,6054.332,5.683,,,,,,,,,,,
10/17/2019 11:00,10/17/2019 13:00,5684.168,5.556,,,,,,,,,,,
10/17/2019 12:00,10/17/2019 14:00,5421.141,5.48,,,,,,,,,,,
10/17/2019 13:00,10/17/2019 15:00,5681.523,5.555,,,,,,,,,,,
10/17/2019 14:00,10/17/2019 16:00,6173.04,5.717,,,,,,,,,,,
10/17/2019 15:00,10/17/2019 17:00,6560.858,5.838,,,,,,,,,,,
10/17/2019 16:00,10/17/2019 18:00,6661.061,5.868,,,,,,,,,,,
10/17/2019 17:00,10/17/2019 19:00,6670.948,5.871,,,,,,,,,,,
10/17/2019 18:00,10/17/2019 20:00,6632.918,5.859,,,,,,,,,,,
10/17/2019 19:00,10/17/2019 21:00,6416.024,5.785,,,,,,,,,,,
10/17/2019 20:00,10/17/2019 22:00,6082.286,5.691,,,,,,,,,,,
10/17/2019 21:00,10/17/2019 23:00,5830.137,5.612,,,,,,,,,,,
10/17/2019 22:00,10/18/2019 0:00,5391.098,5.465,,,,,,,,,,,
10/17/2019 23:00,10/18/2019 1:00,4785.722,5.263,,,,,,,,,,,
10/18/2019 0:00,10/18/2019 2:00,4385.425,5.118,,,,,,,,,,,
10/18/2019 1:00,10/18/2019 3:00,3681.429,4.846,,,,,,,,,,,
10/18/2019 2:00,10/18/2019 4:00,3259.666,4.663,,,,,,,,,,,
10/18/2019 3:00,10/18/2019 5:00,2561.378,4.349,,,,,,,,,,,
10/18/2019 4:00,10/18/2019 6:00,1921.368,4.014,,,,,,,,,,,
10/18/2019 5:00,10/18/2019 7:00,1270.368,3.608,,,,,,,,,,,
10/18/2019 6:00,10/18/2019 8:00,826.304,3.264,,,,,,,,,,,
10/18/2019 7:00,10/18/2019 9:00,481.847,2.915,,,,,,,,,,,
10/18/2019 8:00,10/18/2019 10:00,286.86,2.643,,,,,,,,,,,
10/18/2019 9:00,10/18/2019 11:00,329.84,2.703,,,,,,,,,,,
10/18/2019 10:00,10/18/2019 12:00,539.404,2.973,,,,,,,,,,,
10/18/2019 11:00,10/18/2019 13:00,847.475,3.282,,,,,,,,,,,
10/18/2019 12:00,10/18/2019 14:00,1252.734,3.596,,,,,,,,,,,
10/18/2019 13:00,10/18/2019 15:00,1730.627,3.895,,,,,,,,,,,
10/18/2019 14:00,10/18/2019 16:00,2158.462,4.135,,,,,,,,,,,
10/18/2019 15:00,10/18/2019 17:00,2538.997,4.338,,,,,,,,,,,
10/18/2019 16:00,10/18/2019 18:00,2975.604,4.535,,,,,,,,,,,
10/18/2019 17:00,10/18/2019 19:00,3262.028,4.67,,,,,,,,,,,
10/18/2019 18:00,10/18/2019 20:00,3681.309,4.846,,,,,,,,,,,
10/18/2019 19:00,10/18/2019 21:00,4159.972,5.027,,,,,,,,,,,
10/18/2019 20:00,10/18/2019 22:00,4305.08,5.088,,,,,,,,,,,
10/18/2019 21:00,10/18/2019 23:00,4532.892,5.172,,,,,,,,,,,
10/18/2019 22:00,10/19/2019 0:00,4364.78,5.11,,,,,,,,,,,
10/18/2019 23:00,10/19/2019 1:00,4207.586,5.042,,,,,,,,,,,
10/19/2019 0:00,10/19/2019 2:00,4056.356,4.994,,,,,,,,,,,
10/19/2019 1:00,10/19/2019 3:00,3812.279,4.898,,,,,,,,,,,
10/19/2019 2:00,10/19/2019 4:00,3400.501,4.73,,,,,,,,,,,
10/19/2019 3:00,10/19/2019 5:00,2988.618,4.547,,,,,,,,,,,
10/19/2019 4:00,10/19/2019 6:00,2782.485,4.455,,,,,,,,,,,
10/19/2019 5:00,10/19/2019 7:00,2905.161,4.512,,,,,,,,,,,
10/19/2019 6:00,10/19/2019 8:00,3016.9,4.563,,,,,,,,,,,
10/19/2019 7:00,10/19/2019 9:00,3009.144,4.559,,,,,,,,,,,
10/19/2019 8:00,10/19/2019 10:00,3045.502,4.575,,,,,,,,,,,
10/19/2019 9:00,10/19/2019 11:00,3031.688,4.569,,,,,,,,,,,
10/19/2019 10:00,10/19/2019 12:00,2627.07,4.372,,,,,,,,,,,
10/19/2019 11:00,10/19/2019 13:00,2218.838,4.176,,,,,,,,,,,
10/19/2019 12:00,10/19/2019 14:00,2240.052,4.187,,,,,,,,,,,
10/19/2019 13:00,10/19/2019 15:00,2230.653,4.182,,,,,,,,,,,
10/19/2019 14:00,10/19/2019 16:00,2120.666,4.117,,,,,,,,,,,
10/19/2019 15:00,10/19/2019 17:00,1958.496,4.028,,,,,,,,,,,
10/19/2019 16:00,10/19/2019 18:00,1710.382,3.882,,,,,,,,,,,
10/19/2019 17:00,10/19/2019 19:00,1325.128,3.637,,,,,,,,,,,
10/19/2019 18:00,10/19/2019 20:00,894.954,3.322,,,,,,,,,,,
10/19/2019 19:00,10/19/2019 21:00,581.333,3.027,,,,,,,,,,,
10/19/2019 20:00,10/19/2019 22:00,515.645,2.948,,,,,,,,,,,
10/19/2019 21:00,10/19/2019 23:00,797.609,3.229,,,,,,,,,,,
10/19/2019 22:00,10/20/2019 0:00,1354.049,3.666,,,,,,,,,,,
10/19/2019 23:00,10/20/2019 1:00,2135.216,4.122,,,,,,,,,,,
10/20/2019 0:00,10/20/2019 2:00,3017.328,4.563,,,,,,,,,,,
10/20/2019 1:00,10/20/2019 3:00,3945.231,4.951,,,,,,,,,,,
10/20/2019 2:00,10/20/2019 4:00,4930.513,5.304,,,,,,,,,,,
10/20/2019 3:00,10/20/2019 5:00,5429.03,5.482,,,,,,,,,,,
10/20/2019 4:00,10/20/2019 6:00,5759.4,5.585,,,,,,,,,,,
10/20/2019 5:00,10/20/2019 7:00,6498.339,5.819,,,,,,,,,,,
10/20/2019 6:00,10/20/2019 8:00,7205.226,6.023,,,,,,,,,,,
10/20/2019 7:00,10/20/2019 9:00,7341.932,6.065,,,,,,,,,,,
10/20/2019 8:00,10/20/2019 10:00,6448.077,5.794,,,,,,,,,,,
10/20/2019 9:00,10/20/2019 11:00,5487.438,5.501,,,,,,,,,,,
10/20/2019 10:00,10/20/2019 12:00,4962.87,5.315,,,,,,,,,,,
10/20/2019 11:00,10/20/2019 13:00,4652.948,5.215,,,,,,,,,,,
10/20/2019 12:00,10/20/2019 14:00,4733.676,5.244,,,,,,,,,,,
10/20/2019 13:00,10/20/2019 15:00,5369.77,5.453,,,,,,,,,,,
10/20/2019 14:00,10/20/2019 16:00,5759.633,5.586,,,,,,,,,,,
10/20/2019 15:00,10/20/2019 17:00,5787.701,5.599,,,,,,,,,,,
10/20/2019 16:00,10/20/2019 18:00,5908.898,5.637,,,,,,,,,,,
10/20/2019 17:00,10/20/2019 19:00,5971.635,5.657,,,,,,,,,,,
10/20/2019 18:00,10/20/2019 20:00,5880.631,5.628,,,,,,,,,,,
10/20/2019 19:00,10/20/2019 21:00,6008.857,5.669,,,,,,,,,,,
10/20/2019 20:00,10/20/2019 22:00,7896.593,6.211,,,,,,,,,,,
10/20/2019 21:00,10/20/2019 23:00,8682.433,6.425,,,,,,,,,,,
10/20/2019 22:00,10/21/2019 0:00,10167.099,6.806,,,,,,,,,,,
10/20/2019 23:00,10/21/2019 1:00,9463.3,6.63,,,,,,,,,,,
10/21/2019 0:00,10/21/2019 2:00,9819.77,6.717,,,,,,,,,,,
10/21/2019 1:00,10/21/2019 3:00,10172.954,6.807,,,,,,,,,,,
10/21/2019 2:00,10/21/2019 4:00,9150.567,6.551,,,,,,,,,,,
10/21/2019 3:00,10/21/2019 5:00,7881.295,6.208,,,,,,,,,,,
10/21/2019 4:00,10/21/2019 6:00,6574.808,5.842,,,,,,,,,,,
10/21/2019 5:00,10/21/2019 7:00,5445.287,5.488,,,,,,,,,,,
10/21/2019 6:00,10/21/2019 8:00,4612.46,5.196,,,,,,,,,,,
10/21/2019 7:00,10/21/2019 9:00,3437.536,4.745,,,,,,,,,,,
10/21/2019 8:00,10/21/2019 10:00,3287.55,4.681,,,,,,,,,,,
10/21/2019 9:00,10/21/2019 11:00,3789.607,4.88,,,,,,,,,,,
10/21/2019 10:00,10/21/2019 12:00,3791.298,4.89,,,,,,,,,,,
10/21/2019 11:00,10/21/2019 13:00,4078.782,5.003,,,,,,,,,,,
10/21/2019 12:00,10/21/2019 14:00,4432.096,5.135,,,,,,,,,,,
10/21/2019 13:00,10/21/2019 15:00,4351.739,5.106,,,,,,,,,,,
10/21/2019 14:00,10/21/2019 16:00,3818.853,4.901,,,,,,,,,,,
10/21/2019 15:00,10/21/2019 17:00,2671.103,4.393,,,,,,,,,,,
10/21/2019 16:00,10/21/2019 18:00,1869.761,3.985,,,,,,,,,,,
10/21/2019 17:00,10/21/2019 19:00,2200.15,4.166,,,,,,,,,,,
10/21/2019 18:00,10/21/2019 20:00,3108.245,4.603,,,,,,,,,,,
10/21/2019 19:00,10/21/2019 21:00,3808.645,4.897,,,,,,,,,,,
10/21/2019 20:00,10/21/2019 22:00,4918.99,5.3,,,,,,,,,,,
10/21/2019 21:00,10/21/2019 23:00,5960.617,5.654,,,,,,,,,,,
10/21/2019 22:00,10/22/2019 0:00,6983.932,5.953,,,,,,,,,,,
10/21/2019 23:00,10/22/2019 1:00,8169.126,6.293,,,,,,,,,,,
10/22/2019 0:00,10/22/2019 2:00,9269.893,6.576,,,,,,,,,,,
10/22/2019 1:00,10/22/2019 3:00,10048.418,6.776,,,,,,,,,,,
10/22/2019 2:00,10/22/2019 4:00,11487.147,7.117,,,,,,,,,,,
10/22/2019 3:00,10/22/2019 5:00,12721.677,7.405,,,,,,,,,,,
10/22/2019 4:00,10/22/2019 6:00,13960.297,7.692,,,,,,,,,,,
10/22/2019 5:00,10/22/2019 7:00,15761.404,8.094,,,,,,,,,,,
10/22/2019 6:00,10/22/2019 8:00,18036.856,8.618,,,,,,,,,,,
10/22/2019 7:00,10/22/2019 9:00,19709.086,9.007,,,,,,,,,,,
10/22/2019 8:00,10/22/2019 10:00,18602.667,8.745,,,,,,,,,,,
10/22/2019 9:00,10/22/2019 11:00,21130.286,9.37,,,,,,,,,,,
10/22/2019 10:00,10/22/2019 12:00,19536.117,8.973,,,,,,,,,,,
10/22/2019 11:00,10/22/2019 13:00,14942.175,7.912,,,,,,,,,,,
10/22/2019 12:00,10/22/2019 14:00,13967.205,7.694,,,,,,,,,,,
10/22/2019 13:00,10/22/2019 15:00,12651.26,7.387,,,,,,,,,,,
10/22/2019 14:00,10/22/2019 16:00,9701.485,6.685,,,,,,,,,,,
10/22/2019 15:00,10/22/2019 17:00,8208.281,6.304,,,,,,,,,,,
10/22/2019 16:00,10/22/2019 18:00,7769.873,6.182,,,,,,,,,,,
10/22/2019 17:00,10/22/2019 19:00,8934.185,6.486,,,,,,,,,,,
10/22/2019 18:00,10/22/2019 20:00,10388.516,6.857,,,,,,,,,,,
10/22/2019 19:00,10/22/2019 21:00,10949.863,6.988,,,,,,,,,,,
10/22/2019 20:00,10/22/2019 22:00,11048.628,7.01,,,,,,,,,,,
10/22/2019 21:00,10/22/2019 23:00,9253.687,6.574,,,,,,,,,,,
10/22/2019 22:00,10/23/2019 0:00,8417.11,6.356,,,,,,,,,,,
10/22/2019 23:00,10/23/2019 1:00,8300.27,6.324,,,,,,,,,,,
10/23/2019 0:00,10/23/2019 2:00,7441.463,6.092,,,,,,,,,,,
10/23/2019 1:00,10/23/2019 3:00,7478.732,6.097,,,,,,,,,,,
10/23/2019 2:00,10/23/2019 4:00,8835.165,6.463,,,,,,,,,,,
10/23/2019 3:00,10/23/2019 5:00,10384.065,6.85,,,,,,,,,,,
10/23/2019 4:00,10/23/2019 6:00,11222.014,7.06,,,,,,,,,,,
10/23/2019 5:00,10/23/2019 7:00,11973.328,7.233,,,,,,,,,,,
10/23/2019 6:00,10/23/2019 8:00,13016.543,7.477,,,,,,,,,,,
10/23/2019 7:00,10/23/2019 9:00,13623.23,7.613,,,,,,,,,,,
10/23/2019 8:00,10/23/2019 10:00,14216.664,7.746,,,,,,,,,,,
10/23/2019 9:00,10/23/2019 11:00,13608.734,7.611,,,,,,,,,,,
10/23/2019 10:00,10/23/2019 12:00,12504.076,7.354,,,,,,,,,,,
10/23/2019 11:00,10/23/2019 13:00,12115.231,7.265,,,,,,,,,,,
10/23/2019 12:00,10/23/2019 14:00,11222.753,7.06,,,,,,,,,,,
10/23/2019 13:00,10/23/2019 15:00,10388.324,6.856,,,,,,,,,,,
10/23/2019 14:00,10/23/2019 16:00,10106.401,6.791,,,,,,,,,,,
10/23/2019 15:00,10/23/2019 17:00,9061.004,6.528,,,,,,,,,,,
10/23/2019 16:00,10/23/2019 18:00,7233.479,6.027,,,,,,,,,,,
10/23/2019 17:00,10/23/2019 19:00,6025.924,5.674,,,,,,,,,,,
10/23/2019 18:00,10/23/2019 20:00,4394.633,5.121,,,,,,,,,,,
10/23/2019 19:00,10/23/2019 21:00,3276.415,4.677,,,,,,,,,,,
10/23/2019 20:00,10/23/2019 22:00,2011.215,4.064,,,,,,,,,,,
10/23/2019 21:00,10/23/2019 23:00,1192.143,3.553,,,,,,,,,,,
10/23/2019 22:00,10/24/2019 0:00,498.809,2.935,,,,,,,,,,,
10/23/2019 23:00,10/24/2019 1:00,198.413,2.469,,,,,,,,,,,
10/24/2019 0:00,10/24/2019 2:00,260.467,2.597,,,,,,,,,,,
10/24/2019 1:00,10/24/2019 3:00,872.596,3.304,,,,,,,,,,,
10/24/2019 2:00,10/24/2019 4:00,2309.842,4.223,,,,,,,,,,,
10/24/2019 3:00,10/24/2019 5:00,3805.658,4.896,,,,,,,,,,,
10/24/2019 4:00,10/24/2019 6:00,5070.831,5.362,,,,,,,,,,,
10/24/2019 5:00,10/24/2019 7:00,6482.501,5.814,,,,,,,,,,,
10/24/2019 6:00,10/24/2019 8:00,7971.18,6.23,,,,,,,,,,,
10/24/2019 7:00,10/24/2019 9:00,7823.408,6.19,,,,,,,,,,,
10/24/2019 8:00,10/24/2019 10:00,7897.475,6.215,,,,,,,,,,,
10/24/2019 9:00,10/24/2019 11:00,8166.78,6.293,,,,,,,,,,,
10/24/2019 10:00,10/24/2019 12:00,8085.293,6.271,,,,,,,,,,,
10/24/2019 11:00,10/24/2019 13:00,7500.832,6.109,,,,,,,,,,,
10/24/2019 12:00,10/24/2019 14:00,6989.249,5.955,,,,,,,,,,,
10/24/2019 13:00,10/24/2019 15:00,6665.707,5.869,,,,,,,,,,,
10/24/2019 14:00,10/24/2019 16:00,6362.967,5.774,,,,,,,,,,,
10/24/2019 15:00,10/24/2019 17:00,6631.9,5.859,,,,,,,,,,,
10/24/2019 16:00,10/24/2019 18:00,7114.978,6,,,,,,,,,,,
10/24/2019 17:00,10/24/2019 19:00,7168.944,6.008,,,,,,,,,,,
10/24/2019 18:00,10/24/2019 20:00,6661.698,5.868,,,,,,,,,,,
10/24/2019 19:00,10/24/2019 21:00,5135.642,5.384,,,,,,,,,,,
10/24/2019 20:00,10/24/2019 22:00,4636.478,5.203,,,,,,,,,,,
10/24/2019 21:00,10/24/2019 23:00,4188.528,5.035,,,,,,,,,,,
10/24/2019 22:00,10/25/2019 0:00,4637.334,5.207,,,,,,,,,,,
10/24/2019 23:00,10/25/2019 1:00,3466.488,4.757,,,,,,,,,,,
10/25/2019 0:00,10/25/2019 2:00,2457.612,4.289,,,,,,,,,,,
10/25/2019 1:00,10/25/2019 3:00,1781.965,3.934,,,,,,,,,,,
10/25/2019 2:00,10/25/2019 4:00,1446.286,3.718,,,,,,,,,,,
10/25/2019 3:00,10/25/2019 5:00,1305.894,3.624,,,,,,,,,,,
10/25/2019 4:00,10/25/2019 6:00,1684.243,3.868,,,,,,,,,,,
10/25/2019 5:00,10/25/2019 7:00,2461.454,4.3,,,,,,,,,,,
10/25/2019 6:00,10/25/2019 8:00,3021.828,4.565,,,,,,,,,,,
10/25/2019 7:00,10/25/2019 9:00,3376.044,4.719,,,,,,,,,,,
10/25/2019 8:00,10/25/2019 10:00,3719.657,4.861,,,,,,,,,,,
10/25/2019 9:00,10/25/2019 11:00,3641.425,4.83,,,,,,,,,,,
10/25/2019 10:00,10/25/2019 12:00,3824.245,4.903,,,,,,,,,,,
10/25/2019 11:00,10/25/2019 13:00,4118.072,5.018,,,,,,,,,,,
10/25/2019 12:00,10/25/2019 14:00,4740.326,5.247,,,,,,,,,,,
10/25/2019 13:00,10/25/2019 15:00,5349.456,5.448,,,,,,,,,,,
10/25/2019 14:00,10/25/2019 16:00,5930.804,5.644,,,,,,,,,,,
10/25/2019 15:00,10/25/2019 17:00,7428.668,6.084,,,,,,,,,,,
10/25/2019 16:00,10/25/2019 18:00,8007.044,6.243,,,,,,,,,,,
10/25/2019 17:00,10/25/2019 19:00,9368.606,6.598,,,,,,,,,,,
10/25/2019 18:00,10/25/2019 20:00,9461.136,6.629,,,,,,,,,,,
10/25/2019 19:00,10/25/2019 21:00,9113.611,6.541,,,,,,,,,,,
10/25/2019 20:00,10/25/2019 22:00,8686.366,6.43,,,,,,,,,,,
10/25/2019 21:00,10/25/2019 23:00,8518.013,6.386,,,,,,,,,,,
10/25/2019 22:00,10/26/2019 0:00,7088.942,5.993,,,,,,,,,,,
10/25/2019 23:00,10/26/2019 1:00,6648.882,5.864,,,,,,,,,,,
10/26/2019 0:00,10/26/2019 2:00,7832.616,6.201,,,,,,,,,,,
10/26/2019 1:00,10/26/2019 3:00,8491.449,6.37,,,,,,,,,,,
10/26/2019 2:00,10/26/2019 4:00,7600.085,6.138,,,,,,,,,,,
10/26/2019 3:00,10/26/2019 5:00,8240.661,6.313,,,,,,,,,,,
10/26/2019 4:00,10/26/2019 6:00,8702.038,6.433,,,,,,,,,,,
10/26/2019 5:00,10/26/2019 7:00,8746.451,6.438,,,,,,,,,,,
10/26/2019 6:00,10/26/2019 8:00,8519.83,6.387,,,,,,,,,,,
10/26/2019 7:00,10/26/2019 9:00,8180.118,6.296,,,,,,,,,,,
10/26/2019 8:00,10/26/2019 10:00,7951.477,6.227,,,,,,,,,,,
10/26/2019 9:00,10/26/2019 11:00,7532.474,6.119,,,,,,,,,,,
10/26/2019 10:00,10/26/2019 12:00,7824.62,6.196,,,,,,,,,,,
10/26/2019 11:00,10/26/2019 13:00,8836.12,6.467,,,,,,,,,,,
10/26/2019 12:00,10/26/2019 14:00,8757.953,6.44,,,,,,,,,,,
10/26/2019 13:00,10/26/2019 15:00,8732.667,6.437,,,,,,,,,,,
10/26/2019 14:00,10/26/2019 16:00,8417.356,6.357,,,,,,,,,,,
10/26/2019 15:00,10/26/2019 17:00,9297.533,6.579,,,,,,,,,,,
10/26/2019 16:00,10/26/2019 18:00,8827.558,6.459,,,,,,,,,,,
10/26/2019 17:00,10/26/2019 19:00,7510.861,6.113,,,,,,,,,,,
10/26/2019 18:00,10/26/2019 20:00,7083.058,5.991,,,,,,,,,,,
10/26/2019 19:00,10/26/2019 21:00,7417.881,6.079,,,,,,,,,,,
10/26/2019 20:00,10/26/2019 22:00,6896.815,5.937,,,,,,,,,,,
10/26/2019 21:00,10/26/2019 23:00,7476.825,6.097,,,,,,,,,,,
10/26/2019 22:00,10/27/2019 0:00,7992.707,6.236,,,,,,,,,,,
10/26/2019 23:00,10/27/2019 1:00,8197.964,6.301,,,,,,,,,,,
10/27/2019 0:00,10/27/2019 2:00,7856.572,6.204,,,,,,,,,,,
10/27/2019 1:00,10/27/2019 2:00,7515.402,6.114,,,,,,,,,,,
10/27/2019 2:00,10/27/2019 3:00,7533.236,6.119,,,,,,,,,,,
10/27/2019 3:00,10/27/2019 4:00,7427.435,6.08,,,,,,,,,,,
10/27/2019 4:00,10/27/2019 5:00,7201.934,6.023,,,,,,,,,,,
10/27/2019 5:00,10/27/2019 6:00,6893.055,5.936,,,,,,,,,,,
10/27/2019 6:00,10/27/2019 7:00,6434.125,5.79,,,,,,,,,,,
10/27/2019 7:00,10/27/2019 8:00,5788.304,5.599,,,,,,,,,,,
10/27/2019 8:00,10/27/2019 9:00,4799.511,5.267,,,,,,,,,,,
10/27/2019 9:00,10/27/2019 10:00,3729.188,4.863,,,,,,,,,,,
10/27/2019 10:00,10/27/2019 11:00,2636.365,4.376,,,,,,,,,,,
10/27/2019 11:00,10/27/2019 12:00,1935.606,4.021,,,,,,,,,,,
10/27/2019 12:00,10/27/2019 13:00,1181.022,3.545,,,,,,,,,,,
10/27/2019 13:00,10/27/2019 14:00,542.32,2.976,,,,,,,,,,,
10/27/2019 14:00,10/27/2019 15:00,314.909,2.688,,,,,,,,,,,
10/27/2019 15:00,10/27/2019 16:00,258.692,2.594,,,,,,,,,,,
10/27/2019 16:00,10/27/2019 17:00,288.676,2.646,,,,,,,,,,,
10/27/2019 17:00,10/27/2019 18:00,409.773,2.824,,,,,,,,,,,
10/27/2019 18:00,10/27/2019 19:00,560.003,3.004,,,,,,,,,,,
10/27/2019 19:00,10/27/2019 20:00,771.474,3.206,,,,,,,,,,,
10/27/2019 20:00,10/27/2019 21:00,987.283,3.398,,,,,,,,,,,
10/27/2019 21:00,10/27/2019 22:00,1312.158,3.628,,,,,,,,,,,
10/27/2019 22:00,10/27/2019 23:00,1522.546,3.776,,,,,,,,,,,
10/27/2019 23:00,10/28/2019 0:00,1744.04,3.912,,,,,,,,,,,
10/28/2019 0:00,10/28/2019 1:00,1857.201,3.968,,,,,,,,,,,
10/28/2019 1:00,10/28/2019 2:00,2121.528,4.117,,,,,,,,,,,
10/28/2019 2:00,10/28/2019 3:00,2421.86,4.275,,,,,,,,,,,
10/28/2019 3:00,10/28/2019 4:00,3087.771,4.594,,,,,,,,,,,
10/28/2019 4:00,10/28/2019 5:00,3997.707,4.971,,,,,,,,,,,
10/28/2019 5:00,10/28/2019 6:00,4821.77,5.273,,,,,,,,,,,
10/28/2019 6:00,10/28/2019 7:00,6405.851,5.782,,,,,,,,,,,
10/28/2019 7:00,10/28/2019 8:00,9124.407,6.544,,,,,,,,,,,
10/28/2019 8:00,10/28/2019 9:00,10956.496,6.989,,,,,,,,,,,
10/28/2019 9:00,10/28/2019 10:00,10592.871,6.909,,,,,,,,,,,
10/28/2019 10:00,10/28/2019 11:00,10073.404,6.783,,,,,,,,,,,
10/28/2019 11:00,10/28/2019 12:00,9557.297,6.654,,,,,,,,,,,
10/28/2019 12:00,10/28/2019 13:00,9079.543,6.533,,,,,,,,,,,
10/28/2019 13:00,10/28/2019 14:00,9381.993,6.608,,,,,,,,,,,
10/28/2019 14:00,10/28/2019 15:00,8136.76,6.285,,,,,,,,,,,
10/28/2019 15:00,10/28/2019 16:00,6380.369,5.777,,,,,,,,,,,
10/28/2019 16:00,10/28/2019 17:00,5391.253,5.465,,,,,,,,,,,
10/28/2019 17:00,10/28/2019 18:00,5771.434,5.594,,,,,,,,,,,
10/28/2019 18:00,10/28/2019 19:00,6529.91,5.828,,,,,,,,,,,
10/28/2019 19:00,10/28/2019 20:00,6705.814,5.881,,,,,,,,,,,
10/28/2019 20:00,10/28/2019 21:00,6976.96,5.951,,,,,,,,,,,
10/28/2019 21:00,10/28/2019 22:00,7181.668,6.012,,,,,,,,,,,
10/28/2019 22:00,10/28/2019 23:00,7320.237,6.05,,,,,,,,,,,
10/28/2019 23:00,10/29/2019 0:00,7428.287,6.082,,,,,,,,,,,
10/29/2019 0:00,10/29/2019 1:00,7103.262,5.997,,,,,,,,,,,
10/29/2019 1:00,10/29/2019 2:00,5919.991,5.641,,,,,,,,,,,
10/29/2019 2:00,10/29/2019 3:00,4932.061,5.305,,,,,,,,,,,
10/29/2019 3:00,10/29/2019 4:00,3790.369,4.885,,,,,,,,,,,
10/29/2019 4:00,10/29/2019 5:00,3479.36,4.763,,,,,,,,,,,
10/29/2019 5:00,10/29/2019 6:00,3630.378,4.825,,,,,,,,,,,
10/29/2019 6:00,10/29/2019 7:00,3254.463,4.658,,,,,,,,,,,
10/29/2019 7:00,10/29/2019 8:00,3138.395,4.613,,,,,,,,,,,
10/29/2019 8:00,10/29/2019 9:00,3356.931,4.711,,,,,,,,,,,
10/29/2019 9:00,10/29/2019 10:00,3445.429,4.748,,,,,,,,,,,
10/29/2019 10:00,10/29/2019 11:00,3357.096,4.711,,,,,,,,,,,
10/29/2019 11:00,10/29/2019 12:00,3091.724,4.596,,,,,,,,,,,
10/29/2019 12:00,10/29/2019 13:00,3204.467,4.636,,,,,,,,,,,
10/29/2019 13:00,10/29/2019 14:00,3098.923,4.599,,,,,,,,,,,
10/29/2019 14:00,10/29/2019 15:00,2974.481,4.534,,,,,,,,,,,
10/29/2019 15:00,10/29/2019 16:00,2930.383,4.522,,,,,,,,,,,
10/29/2019 16:00,10/29/2019 17:00,2876.345,4.499,,,,,,,,,,,
10/29/2019 17:00,10/29/2019 18:00,2637.025,4.377,,,,,,,,,,,
10/29/2019 18:00,10/29/2019 19:00,2550.726,4.344,,,,,,,,,,,
10/29/2019 19:00,10/29/2019 20:00,2555.396,4.346,,,,,,,,,,,
10/29/2019 20:00,10/29/2019 21:00,2460.343,4.293,,,,,,,,,,,
10/29/2019 21:00,10/29/2019 22:00,2077.603,4.101,,,,,,,,,,,
10/29/2019 22:00,10/29/2019 23:00,1826.939,3.951,,,,,,,,,,,
10/29/2019 23:00,10/30/2019 0:00,1880.887,3.991,,,,,,,,,,,
10/30/2019 0:00,10/30/2019 1:00,2221.142,4.177,,,,,,,,,,,
10/30/2019 1:00,10/30/2019 2:00,2808.662,4.467,,,,,,,,,,,
10/30/2019 2:00,10/30/2019 3:00,3550.946,4.783,,,,,,,,,,,
10/30/2019 3:00,10/30/2019 4:00,4416.747,5.13,,,,,,,,,,,
10/30/2019 4:00,10/30/2019 5:00,5575.592,5.525,,,,,,,,,,,
10/30/2019 5:00,10/30/2019 6:00,6018.744,5.672,,,,,,,,,,,
10/30/2019 6:00,10/30/2019 7:00,7251.53,6.031,,,,,,,,,,,
10/30/2019 7:00,10/30/2019 8:00,7852.637,6.204,,,,,,,,,,,
10/30/2019 8:00,10/30/2019 9:00,8716.728,6.434,,,,,,,,,,,
10/30/2019 9:00,10/30/2019 10:00,9322.932,6.593,,,,,,,,,,,
10/30/2019 10:00,10/30/2019 11:00,9619.033,6.665,,,,,,,,,,,
10/30/2019 11:00,10/30/2019 12:00,9571.009,6.658,,,,,,,,,,,
10/30/2019 12:00,10/30/2019 13:00,8492.455,6.375,,,,,,,,,,,
10/30/2019 13:00,10/30/2019 14:00,7034.17,5.968,,,,,,,,,,,
10/30/2019 14:00,10/30/2019 15:00,5995.876,5.665,,,,,,,,,,,
10/30/2019 15:00,10/30/2019 16:00,4713.322,5.237,,,,,,,,,,,
10/30/2019 16:00,10/30/2019 17:00,3338.936,4.703,,,,,,,,,,,
10/30/2019 17:00,10/30/2019 18:00,2581.179,4.359,,,,,,,,,,,
10/30/2019 18:00,10/30/2019 19:00,2051.236,4.086,,,,,,,,,,,
10/30/2019 19:00,10/30/2019 20:00,1831.175,3.953,,,,,,,,,,,
10/30/2019 20:00,10/30/2019 21:00,2084.736,4.104,,,,,,,,,,,
10/30/2019 21:00,10/30/2019 22:00,2461.312,4.299,,,,,,,,,,,
10/30/2019 22:00,10/30/2019 23:00,3012.232,4.56,,,,,,,,,,,
10/30/2019 23:00,10/31/2019 0:00,3889.426,4.929,,,,,,,,,,,
10/31/2019 0:00,10/31/2019 1:00,4466.634,5.148,,,,,,,,,,,
10/31/2019 1:00,10/31/2019 2:00,4887.292,5.289,,,,,,,,,,,
10/31/2019 2:00,10/31/2019 3:00,4754.821,5.252,,,,,,,,,,,
10/31/2019 3:00,10/31/2019 4:00,4606.32,5.194,,,,,,,,,,,
10/31/2019 4:00,10/31/2019 5:00,4066.957,4.998,,,,,,,,,,,
10/31/2019 5:00,10/31/2019 6:00,3529.165,4.777,,,,,,,,,,,
10/31/2019 6:00,10/31/2019 7:00,3250.232,4.656,,,,,,,,,,,
10/31/2019 7:00,10/31/2019 8:00,3290.778,4.683,,,,,,,,,,,
10/31/2019 8:00,10/31/2019 9:00,3709.811,4.857,,,,,,,,,,,
10/31/2019 9:00,10/31/2019 10:00,4773.411,5.258,,,,,,,,,,,
10/31/2019 10:00,10/31/2019 11:00,6780.971,5.903,,,,,,,,,,,
10/31/2019 11:00,10/31/2019 12:00,9818.085,6.71,,,,,,,,,,,
10/31/2019 12:00,10/31/2019 13:00,10198.349,6.813,,,,,,,,,,,
10/31/2019 13:00,10/31/2019 14:00,10044.634,6.776,,,,,,,,,,,
10/31/2019 14:00,10/31/2019 15:00,9024.15,6.518,,,,,,,,,,,
10/31/2019 15:00,10/31/2019 16:00,7896.598,6.211,,,,,,,,,,,
10/31/2019 16:00,10/31/2019 17:00,6723.97,5.886,,,,,,,,,,,
10/31/2019 17:00,10/31/2019 18:00,6508.827,5.822,,,,,,,,,,,
10/31/2019 18:00,10/31/2019 19:00,6173.659,5.719,,,,,,,,,,,
10/31/2019 19:00,10/31/2019 20:00,5689.557,5.558,,,,,,,,,,,
10/31/2019 20:00,10/31/2019 21:00,5434.129,5.484,,,,,,,,,,,
10/31/2019 21:00,10/31/2019 22:00,5550.098,5.521,,,,,,,,,,,
10/31/2019 22:00,10/31/2019 23:00,6007.575,5.668,,,,,,,,,,,
10/31/2019 23:00,11/1/2019 0:00,6261.784,5.747,,,,,,,,,,,
11/1/2019 0:00,11/1/2019 1:00,6420.859,5.786,,,,,,,,,,,
11/1/2019 1:00,11/1/2019 2:00,6546.732,5.834,,,,,,,,,,,
11/1/2019 2:00,11/1/2019 3:00,6535.212,5.83,,,,,,,,,,,
11/1/2019 3:00,11/1/2019 4:00,5926.361,5.643,,,,,,,,,,,
11/1/2019 4:00,11/1/2019 5:00,5341.28,5.447,,,,,,,,,,,
11/1/2019 5:00,11/1/2019 6:00,4761.114,5.254,,,,,,,,,,,
11/1/2019 6:00,11/1/2019 7:00,4748.383,5.249,,,,,,,,,,,
11/1/2019 7:00,11/1/2019 8:00,4273.169,5.067,,,,,,,,,,,
11/1/2019 8:00,11/1/2019 9:00,3665.584,4.839,,,,,,,,,,,
11/1/2019 9:00,11/1/2019 10:00,3789.888,4.882,,,,,,,,,,,
11/1/2019 10:00,11/1/2019 11:00,4208.819,5.043,,,,,,,,,,,
11/1/2019 11:00,11/1/2019 12:00,4258.153,5.061,,,,,,,,,,,
11/1/2019 12:00,11/1/2019 13:00,4282.124,5.075,,,,,,,,,,,
11/1/2019 13:00,11/1/2019 14:00,4008,4.975,,,,,,,,,,,
11/1/2019 14:00,11/1/2019 15:00,3404.218,4.731,,,,,,,,,,,
11/1/2019 15:00,11/1/2019 16:00,2705.606,4.41,,,,,,,,,,,
11/1/2019 16:00,11/1/2019 17:00,2116.659,4.116,,,,,,,,,,,
11/1/2019 17:00,11/1/2019 18:00,1596.676,3.822,,,,,,,,,,,
11/1/2019 18:00,11/1/2019 19:00,1330.847,3.648,,,,,,,,,,,
11/1/2019 19:00,11/1/2019 20:00,1178.66,3.543,,,,,,,,,,,
11/1/2019 20:00,11/1/2019 21:00,1038.294,3.438,,,,,,,,,,,
11/1/2019 21:00,11/1/2019 22:00,1009.098,3.415,,,,,,,,,,,
11/1/2019 22:00,11/1/2019 23:00,1133.271,3.508,,,,,,,,,,,
11/1/2019 23:00,11/2/2019 0:00,1451.295,3.729,,,,,,,,,,,
11/2/2019 0:00,11/2/2019 1:00,1855.156,3.967,,,,,,,,,,,
11/2/2019 1:00,11/2/2019 2:00,2184.318,4.149,,,,,,,,,,,
11/2/2019 2:00,11/2/2019 3:00,2191.036,4.161,,,,,,,,,,,
11/2/2019 3:00,11/2/2019 4:00,1790.939,3.939,,,,,,,,,,,
11/2/2019 4:00,11/2/2019 5:00,1507.009,3.766,,,,,,,,,,,
11/2/2019 5:00,11/2/2019 6:00,1502.269,3.763,,,,,,,,,,,
11/2/2019 6:00,11/2/2019 7:00,1631.944,3.844,,,,,,,,,,,
11/2/2019 7:00,11/2/2019 8:00,1775.578,3.93,,,,,,,,,,,
11/2/2019 8:00,11/2/2019 9:00,1996.766,4.056,,,,,,,,,,,
11/2/2019 9:00,11/2/2019 10:00,2541.289,4.339,,,,,,,,,,,
11/2/2019 10:00,11/2/2019 11:00,3333.614,4.701,,,,,,,,,,,
11/2/2019 11:00,11/2/2019 12:00,4030.667,4.984,,,,,,,,,,,
11/2/2019 12:00,11/2/2019 13:00,4704.552,5.234,,,,,,,,,,,
11/2/2019 13:00,11/2/2019 14:00,5471.706,5.496,,,,,,,,,,,
11/2/2019 14:00,11/2/2019 15:00,6011.916,5.67,,,,,,,,,,,
11/2/2019 15:00,11/2/2019 16:00,6772.153,5.901,,,,,,,,,,,
11/2/2019 16:00,11/2/2019 17:00,7103.848,5.997,,,,,,,,,,,
11/2/2019 17:00,11/2/2019 18:00,7322.172,6.052,,,,,,,,,,,
11/2/2019 18:00,11/2/2019 19:00,7187.942,6.021,,,,,,,,,,,
11/2/2019 19:00,11/2/2019 20:00,6882.986,5.933,,,,,,,,,,,
11/2/2019 20:00,11/2/2019 21:00,7441.654,6.092,,,,,,,,,,,
11/2/2019 21:00,11/2/2019 22:00,7991.715,6.236,,,,,,,,,,,
11/2/2019 22:00,11/2/2019 23:00,8683.343,6.43,,,,,,,,,,,
11/2/2019 23:00,11/3/2019 0:00,8922.622,6.483,,,,,,,,,,,
11/3/2019 0:00,11/3/2019 1:00,8929.896,6.485,,,,,,,,,,,
11/3/2019 1:00,11/3/2019 2:00,9002.91,6.513,,,,,,,,,,,
11/3/2019 2:00,11/3/2019 3:00,9062.94,6.528,,,,,,,,,,,
11/3/2019 3:00,11/3/2019 4:00,8417.018,6.355,,,,,,,,,,,
11/3/2019 4:00,11/3/2019 5:00,8276.316,6.321,,,,,,,,,,,
11/3/2019 5:00,11/3/2019 6:00,9145.906,6.55,,,,,,,,,,,
11/3/2019 6:00,11/3/2019 7:00,10553.342,6.898,,,,,,,,,,,
11/3/2019 7:00,11/3/2019 8:00,12697.141,7.395,,,,,,,,,,,
11/3/2019 8:00,11/3/2019 9:00,13920.626,7.683,,,,,,,,,,,
11/3/2019 9:00,11/3/2019 10:00,14300.84,7.76,,,,,,,,,,,
11/3/2019 10:00,11/3/2019 11:00,13582.458,7.598,,,,,,,,,,,
11/3/2019 11:00,11/3/2019 12:00,12201.588,7.286,,,,,,,,,,,
11/3/2019 12:00,11/3/2019 13:00,9676.752,6.682,,,,,,,,,,,
11/3/2019 13:00,11/3/2019 14:00,8170.222,6.294,,,,,,,,,,,
11/3/2019 14:00,11/3/2019 15:00,6616.152,5.854,,,,,,,,,,,
11/3/2019 15:00,11/3/2019 16:00,4715.139,5.238,,,,,,,,,,,
11/3/2019 16:00,11/3/2019 17:00,2790.02,4.459,,,,,,,,,,,
11/3/2019 17:00,11/3/2019 18:00,1760.233,3.921,,,,,,,,,,,
11/3/2019 18:00,11/3/2019 19:00,1011.957,3.417,,,,,,,,,,,
11/3/2019 19:00,11/3/2019 20:00,436.005,2.858,,,,,,,,,,,
11/3/2019 20:00,11/3/2019 21:00,193.996,2.46,,,,,,,,,,,
11/3/2019 21:00,11/3/2019 22:00,327.719,2.7,,,,,,,,,,,
11/3/2019 22:00,11/3/2019 23:00,782.127,3.216,,,,,,,,,,,
11/3/2019 23:00,11/4/2019 0:00,1154.242,3.525,,,,,,,,,,,
11/4/2019 0:00,11/4/2019 1:00,1354.676,3.666,,,,,,,,,,,
11/4/2019 1:00,11/4/2019 2:00,1508.446,3.767,,,,,,,,,,,
11/4/2019 2:00,11/4/2019 3:00,1655.119,3.858,,,,,,,,,,,
11/4/2019 3:00,11/4/2019 4:00,1747.149,3.913,,,,,,,,,,,
11/4/2019 4:00,11/4/2019 5:00,1889.997,3.996,,,,,,,,,,,
11/4/2019 5:00,11/4/2019 6:00,2085.397,4.105,,,,,,,,,,,
11/4/2019 6:00,11/4/2019 7:00,2295.793,4.216,,,,,,,,,,,
11/4/2019 7:00,11/4/2019 8:00,2636.843,4.377,,,,,,,,,,,
11/4/2019 8:00,11/4/2019 9:00,3261.263,4.67,,,,,,,,,,,
11/4/2019 9:00,11/4/2019 10:00,4380.906,5.116,,,,,,,,,,,
11/4/2019 10:00,11/4/2019 11:00,5821.413,5.609,,,,,,,,,,,
11/4/2019 11:00,11/4/2019 12:00,7434.695,6.091,,,,,,,,,,,
11/4/2019 12:00,11/4/2019 13:00,7896.491,6.211,,,,,,,,,,,
11/4/2019 13:00,11/4/2019 14:00,8134.138,6.284,,,,,,,,,,,
11/4/2019 14:00,11/4/2019 15:00,8341.519,6.334,,,,,,,,,,,
11/4/2019 15:00,11/4/2019 16:00,7677.897,6.159,,,,,,,,,,,
11/4/2019 16:00,11/4/2019 17:00,6818.851,5.914,,,,,,,,,,,
11/4/2019 17:00,11/4/2019 18:00,5947.159,5.649,,,,,,,,,,,
11/4/2019 18:00,11/4/2019 19:00,5070.212,5.362,,,,,,,,,,,
11/4/2019 19:00,11/4/2019 20:00,4177.095,5.031,,,,,,,,,,,
11/4/2019 20:00,11/4/2019 21:00,3513.222,4.774,,,,,,,,,,,
11/4/2019 21:00,11/4/2019 22:00,3167.719,4.62,,,,,,,,,,,
11/4/2019 22:00,11/4/2019 23:00,2897.917,4.509,,,,,,,,,,,
11/4/2019 23:00,11/5/2019 0:00,3007.425,4.558,,,,,,,,,,,
11/5/2019 0:00,11/5/2019 1:00,3375.01,4.719,,,,,,,,,,,
11/5/2019 1:00,11/5/2019 2:00,3832.51,4.906,,,,,,,,,,,
11/5/2019 2:00,11/5/2019 3:00,3939.271,4.948,,,,,,,,,,,
11/5/2019 3:00,11/5/2019 4:00,3574.128,4.793,,,,,,,,,,,
11/5/2019 4:00,11/5/2019 5:00,3030.54,4.569,,,,,,,,,,,
11/5/2019 5:00,11/5/2019 6:00,2920.879,4.519,,,,,,,,,,,
11/5/2019 6:00,11/5/2019 7:00,3058.105,4.581,,,,,,,,,,,
11/5/2019 7:00,11/5/2019 8:00,3304.721,4.689,,,,,,,,,,,
11/5/2019 8:00,11/5/2019 9:00,3580.24,4.795,,,,,,,,,,,
11/5/2019 9:00,11/5/2019 10:00,3468.493,4.758,,,,,,,,,,,
11/5/2019 10:00,11/5/2019 11:00,3521.422,4.775,,,,,,,,,,,
11/5/2019 11:00,11/5/2019 12:00,3617.872,4.819,,,,,,,,,,,
11/5/2019 12:00,11/5/2019 13:00,3704.831,4.855,,,,,,,,,,,
11/5/2019 13:00,11/5/2019 14:00,3823.408,4.903,,,,,,,,,,,
11/5/2019 14:00,11/5/2019 15:00,3855.304,4.915,,,,,,,,,,,
11/5/2019 15:00,11/5/2019 16:00,3543.779,4.78,,,,,,,,,,,
11/5/2019 16:00,11/5/2019 17:00,3095.299,4.598,,,,,,,,,,,
11/5/2019 17:00,11/5/2019 18:00,2657.296,4.387,,,,,,,,,,,
11/5/2019 18:00,11/5/2019 19:00,2285.044,4.21,,,,,,,,,,,
11/5/2019 19:00,11/5/2019 20:00,2020.511,4.069,,,,,,,,,,,
11/5/2019 20:00,11/5/2019 21:00,1892.25,3.998,,,,,,,,,,,
11/5/2019 21:00,11/5/2019 22:00,1860.785,3.976,,,,,,,,,,,
11/5/2019 22:00,11/5/2019 23:00,1825.998,3.95,,,,,,,,,,,
11/5/2019 23:00,11/6/2019 0:00,1696.491,3.874,,,,,,,,,,,
11/6/2019 0:00,11/6/2019 1:00,1529.647,3.78,,,,,,,,,,,
11/6/2019 1:00,11/6/2019 2:00,1302.112,3.621,,,,,,,,,,,
11/6/2019 2:00,11/6/2019 3:00,993.52,3.403,,,,,,,,,,,
11/6/2019 3:00,11/6/2019 4:00,687.307,3.135,,,,,,,,,,,
11/6/2019 4:00,11/6/2019 5:00,407.969,2.822,,,,,,,,,,,
11/6/2019 5:00,11/6/2019 6:00,238.801,2.55,,,,,,,,,,,
11/6/2019 6:00,11/6/2019 7:00,203.54,2.48,,,,,,,,,,,
11/6/2019 7:00,11/6/2019 8:00,305.204,2.673,,,,,,,,,,,
11/6/2019 8:00,11/6/2019 9:00,531.061,2.963,,,,,,,,,,,
11/6/2019 9:00,11/6/2019 10:00,834.043,3.27,,,,,,,,,,,
11/6/2019 10:00,11/6/2019 11:00,1195.87,3.555,,,,,,,,,,,
11/6/2019 11:00,11/6/2019 12:00,1566.374,3.803,,,,,,,,,,,
11/6/2019 12:00,11/6/2019 13:00,2011.545,4.064,,,,,,,,,,,
11/6/2019 13:00,11/6/2019 14:00,2514.303,4.326,,,,,,,,,,,
11/6/2019 14:00,11/6/2019 15:00,2988.011,4.544,,,,,,,,,,,
11/6/2019 15:00,11/6/2019 16:00,3131.095,4.612,,,,,,,,,,,
11/6/2019 16:00,11/6/2019 17:00,3333.253,4.701,,,,,,,,,,,
11/6/2019 17:00,11/6/2019 18:00,3619.046,4.82,,,,,,,,,,,
11/6/2019 18:00,11/6/2019 19:00,3889.505,4.929,,,,,,,,,,,
11/6/2019 19:00,11/6/2019 20:00,4039.384,4.987,,,,,,,,,,,
11/6/2019 20:00,11/6/2019 21:00,4439.929,5.138,,,,,,,,,,,
11/6/2019 21:00,11/6/2019 22:00,4995.774,5.336,,,,,,,,,,,
11/6/2019 22:00,11/6/2019 23:00,5246.09,5.421,,,,,,,,,,,
11/6/2019 23:00,11/7/2019 0:00,5376.049,5.455,,,,,,,,,,,
11/7/2019 0:00,11/7/2019 1:00,5390.345,5.461,,,,,,,,,,,
11/7/2019 1:00,11/7/2019 2:00,5249.472,5.422,,,,,,,,,,,
11/7/2019 2:00,11/7/2019 3:00,4994.743,5.336,,,,,,,,,,,
11/7/2019 3:00,11/7/2019 4:00,4985.207,5.332,,,,,,,,,,,
11/7/2019 4:00,11/7/2019 5:00,4972.391,5.319,,,,,,,,,,,
11/7/2019 5:00,11/7/2019 6:00,5050.424,5.355,,,,,,,,,,,
11/7/2019 6:00,11/7/2019 7:00,5116.446,5.377,,,,,,,,,,,
11/7/2019 7:00,11/7/2019 8:00,5708.136,5.564,,,,,,,,,,,
11/7/2019 8:00,11/7/2019 9:00,5804.514,5.604,,,,,,,,,,,
11/7/2019 9:00,11/7/2019 10:00,5862.861,5.623,,,,,,,,,,,
11/7/2019 10:00,11/7/2019 11:00,5263.183,5.427,,,,,,,,,,,
11/7/2019 11:00,11/7/2019 12:00,4759.614,5.253,,,,,,,,,,,
11/7/2019 12:00,11/7/2019 13:00,4579.133,5.189,,,,,,,,,,,
11/7/2019 13:00,11/7/2019 14:00,4416.747,5.13,,,,,,,,,,,
11/7/2019 14:00,11/7/2019 15:00,4373.65,5.114,,,,,,,,,,,
11/7/2019 15:00,11/7/2019 16:00,4371.48,5.113,,,,,,,,,,,
11/7/2019 16:00,11/7/2019 17:00,4473.221,5.15,,,,,,,,,,,
11/7/2019 17:00,11/7/2019 18:00,4706.227,5.234,,,,,,,,,,,
11/7/2019 18:00,11/7/2019 19:00,4882.545,5.287,,,,,,,,,,,
11/7/2019 19:00,11/7/2019 20:00,4945.144,5.309,,,,,,,,,,,
11/7/2019 20:00,11/7/2019 21:00,4905.6,5.295,,,,,,,,,,,
11/7/2019 21:00,11/7/2019 22:00,4925.677,5.302,,,,,,,,,,,
11/7/2019 22:00,11/7/2019 23:00,4908.496,5.296,,,,,,,,,,,
11/7/2019 23:00,11/8/2019 0:00,4850.084,5.278,,,,,,,,,,,
11/8/2019 0:00,11/8/2019 1:00,4842.803,5.277,,,,,,,,,,,
11/8/2019 1:00,11/8/2019 2:00,4892.985,5.291,,,,,,,,,,,
11/8/2019 2:00,11/8/2019 3:00,4970.009,5.318,,,,,,,,,,,
11/8/2019 3:00,11/8/2019 4:00,4942.762,5.308,,,,,,,,,,,
11/8/2019 4:00,11/8/2019 5:00,4901.233,5.294,,,,,,,,,,,
11/8/2019 5:00,11/8/2019 6:00,4970.441,5.318,,,,,,,,,,,
11/8/2019 6:00,11/8/2019 7:00,5110.596,5.375,,,,,,,,,,,
11/8/2019 7:00,11/8/2019 8:00,5173.599,5.397,,,,,,,,,,,
11/8/2019 8:00,11/8/2019 9:00,5020.58,5.344,,,,,,,,,,,
11/8/2019 9:00,11/8/2019 10:00,4842.837,5.277,,,,,,,,,,,
11/8/2019 10:00,11/8/2019 11:00,4474.604,5.151,,,,,,,,,,,
11/8/2019 11:00,11/8/2019 12:00,4396.13,5.122,,,,,,,,,,,
11/8/2019 12:00,11/8/2019 13:00,3985.391,4.966,,,,,,,,,,,
11/8/2019 13:00,11/8/2019 14:00,3686.992,4.848,,,,,,,,,,,
11/8/2019 14:00,11/8/2019 15:00,3503.854,4.771,,,,,,,,,,,
11/8/2019 15:00,11/8/2019 16:00,3515.758,4.774,,,,,,,,,,,
11/8/2019 16:00,11/8/2019 17:00,3617.284,4.816,,,,,,,,,,,
11/8/2019 17:00,11/8/2019 18:00,3698.116,4.853,,,,,,,,,,,
11/8/2019 18:00,11/8/2019 19:00,3795.606,4.892,,,,,,,,,,,
11/8/2019 19:00,11/8/2019 20:00,3929.561,4.945,,,,,,,,,,,
11/8/2019 20:00,11/8/2019 21:00,4076.807,5.002,,,,,,,,,,,
11/8/2019 21:00,11/8/2019 22:00,4177.481,5.031,,,,,,,,,,,
11/8/2019 22:00,11/8/2019 23:00,4229.765,5.051,,,,,,,,,,,
11/8/2019 23:00,11/9/2019 0:00,4281.381,5.071,,,,,,,,,,,
11/9/2019 0:00,11/9/2019 1:00,4320.208,5.094,,,,,,,,,,,
11/9/2019 1:00,11/9/2019 2:00,4408.674,5.127,,,,,,,,,,,
11/9/2019 2:00,11/9/2019 3:00,4567.396,5.185,,,,,,,,,,,
11/9/2019 3:00,11/9/2019 4:00,4592.133,5.192,,,,,,,,,,,
11/9/2019 4:00,11/9/2019 5:00,4564.092,5.183,,,,,,,,,,,
11/9/2019 5:00,11/9/2019 6:00,4514.608,5.165,,,,,,,,,,,
11/9/2019 6:00,11/9/2019 7:00,4497.43,5.159,,,,,,,,,,,
11/9/2019 7:00,11/9/2019 8:00,4474.849,5.151,,,,,,,,,,,
11/9/2019 8:00,11/9/2019 9:00,4383.614,5.117,,,,,,,,,,,
11/9/2019 9:00,11/9/2019 10:00,4489.144,5.156,,,,,,,,,,,
11/9/2019 10:00,11/9/2019 11:00,4508.121,5.163,,,,,,,,,,,
11/9/2019 11:00,11/9/2019 12:00,4377.54,5.115,,,,,,,,,,,
11/9/2019 12:00,11/9/2019 13:00,4282.7,5.078,,,,,,,,,,,
11/9/2019 13:00,11/9/2019 14:00,4252.422,5.059,,,,,,,,,,,
11/9/2019 14:00,11/9/2019 15:00,4212.777,5.044,,,,,,,,,,,
11/9/2019 15:00,11/9/2019 16:00,4112.901,5.016,,,,,,,,,,,
11/9/2019 16:00,11/9/2019 17:00,4016.042,4.978,,,,,,,,,,,
11/9/2019 17:00,11/9/2019 18:00,3911.489,4.938,,,,,,,,,,,
11/9/2019 18:00,11/9/2019 19:00,3790.588,4.886,,,,,,,,,,,
11/9/2019 19:00,11/9/2019 20:00,3665.303,4.839,,,,,,,,,,,
11/9/2019 20:00,11/9/2019 21:00,3568.245,4.79,,,,,,,,,,,
11/9/2019 21:00,11/9/2019 22:00,3494.473,4.769,,,,,,,,,,,
11/9/2019 22:00,11/9/2019 23:00,3411.018,4.734,,,,,,,,,,,
11/9/2019 23:00,11/10/2019 0:00,3309.114,4.691,,,,,,,,,,,
11/10/2019 0:00,11/10/2019 1:00,3074.842,4.588,,,,,,,,,,,
11/10/2019 1:00,11/10/2019 2:00,2750.393,4.44,,,,,,,,,,,
11/10/2019 2:00,11/10/2019 3:00,2504.118,4.321,,,,,,,,,,,
11/10/2019 3:00,11/10/2019 4:00,2353.873,4.246,,,,,,,,,,,
11/10/2019 4:00,11/10/2019 5:00,2226.584,4.18,,,,,,,,,,,
11/10/2019 5:00,11/10/2019 6:00,2052.812,4.087,,,,,,,,,,,
11/10/2019 6:00,11/10/2019 7:00,1951.663,4.026,,,,,,,,,,,
11/10/2019 7:00,11/10/2019 8:00,1927.288,4.017,,,,,,,,,,,
11/10/2019 8:00,11/10/2019 9:00,1967.443,4.039,,,,,,,,,,,
11/10/2019 9:00,11/10/2019 10:00,2079.675,4.102,,,,,,,,,,,
11/10/2019 10:00,11/10/2019 11:00,2181.267,4.147,,,,,,,,,,,
11/10/2019 11:00,11/10/2019 12:00,2229.342,4.181,,,,,,,,,,,
11/10/2019 12:00,11/10/2019 13:00,2274.051,4.205,,,,,,,,,,,
11/10/2019 13:00,11/10/2019 14:00,2323.783,4.23,,,,,,,,,,,
11/10/2019 14:00,11/10/2019 15:00,2398.148,4.268,,,,,,,,,,,
11/10/2019 15:00,11/10/2019 16:00,2261.919,4.198,,,,,,,,,,,
11/10/2019 16:00,11/10/2019 17:00,2071.509,4.097,,,,,,,,,,,
11/10/2019 17:00,11/10/2019 18:00,1966.366,4.033,,,,,,,,,,,
11/10/2019 18:00,11/10/2019 19:00,1899.882,4.002,,,,,,,,,,,
11/10/2019 19:00,11/10/2019 20:00,1922.778,4.015,,,,,,,,,,,
11/10/2019 20:00,11/10/2019 21:00,1977.704,4.046,,,,,,,,,,,
11/10/2019 21:00,11/10/2019 22:00,2279.45,4.208,,,,,,,,,,,
11/10/2019 22:00,11/10/2019 23:00,2707.913,4.418,,,,,,,,,,,
11/10/2019 23:00,11/11/2019 0:00,3119.928,4.608,,,,,,,,,,,
11/11/2019 0:00,11/11/2019 1:00,3571.198,4.792,,,,,,,,,,,
11/11/2019 1:00,11/11/2019 2:00,3982.662,4.965,,,,,,,,,,,
11/11/2019 2:00,11/11/2019 3:00,4471.704,5.15,,,,,,,,,,,
11/11/2019 3:00,11/11/2019 4:00,4667.437,5.221,,,,,,,,,,,
11/11/2019 4:00,11/11/2019 5:00,4881.29,5.287,,,,,,,,,,,
11/11/2019 5:00,11/11/2019 6:00,5132.309,5.383,,,,,,,,,,,
11/11/2019 6:00,11/11/2019 7:00,5640.536,5.542,,,,,,,,,,,
11/11/2019 7:00,11/11/2019 8:00,6395.766,5.779,,,,,,,,,,,
11/11/2019 8:00,11/11/2019 9:00,7250.086,6.03,,,,,,,,,,,
11/11/2019 9:00,11/11/2019 10:00,8113.183,6.278,,,,,,,,,,,
11/11/2019 10:00,11/11/2019 11:00,8859.444,6.473,,,,,,,,,,,
11/11/2019 11:00,11/11/2019 12:00,9907.733,6.732,,,,,,,,,,,
11/11/2019 12:00,11/11/2019 13:00,9712.4,6.687,,,,,,,,,,,
11/11/2019 13:00,11/11/2019 14:00,9659.983,6.679,,,,,,,,,,,
11/11/2019 14:00,11/11/2019 15:00,9937.397,6.74,,,,,,,,,,,
11/11/2019 15:00,11/11/2019 16:00,9931.177,6.738,,,,,,,,,,,
11/11/2019 16:00,11/11/2019 17:00,9818.456,6.71,,,,,,,,,,,
11/11/2019 17:00,11/11/2019 18:00,9517.423,6.644,,,,,,,,,,,
11/11/2019 18:00,11/11/2019 19:00,8946.88,6.489,,,,,,,,,,,
11/11/2019 19:00,11/11/2019 20:00,8950.477,6.49,,,,,,,,,,,
11/11/2019 20:00,11/11/2019 21:00,8951.362,6.495,,,,,,,,,,,
11/11/2019 21:00,11/11/2019 22:00,8491.961,6.373,,,,,,,,,,,
11/11/2019 22:00,11/11/2019 23:00,8408.439,6.349,,,,,,,,,,,
11/11/2019 23:00,11/12/2019 0:00,8331.108,6.329,,,,,,,,,,,
11/12/2019 0:00,11/12/2019 1:00,7991.986,6.236,,,,,,,,,,,
11/12/2019 1:00,11/12/2019 2:00,8007.943,6.248,,,,,,,,,,,
11/12/2019 2:00,11/12/2019 3:00,8759.641,6.449,,,,,,,,,,,
11/12/2019 3:00,11/12/2019 4:00,9513.418,6.643,,,,,,,,,,,
11/12/2019 4:00,11/12/2019 5:00,10158.072,6.803,,,,,,,,,,,
11/12/2019 5:00,11/12/2019 6:00,10843.657,6.967,,,,,,,,,,,
11/12/2019 6:00,11/12/2019 7:00,11346.702,7.083,,,,,,,,,,,
11/12/2019 7:00,11/12/2019 8:00,11639.172,7.149,,,,,,,,,,,
11/12/2019 8:00,11/12/2019 9:00,11729.873,7.178,,,,,,,,,,,
11/12/2019 9:00,11/12/2019 10:00,11859.638,7.21,,,,,,,,,,,
11/12/2019 10:00,11/12/2019 11:00,11875.489,7.214,,,,,,,,,,,
11/12/2019 11:00,11/12/2019 12:00,12328.603,7.319,,,,,,,,,,,
11/12/2019 12:00,11/12/2019 13:00,12654.973,7.387,,,,,,,,,,,
11/12/2019 13:00,11/12/2019 14:00,13308.593,7.544,,,,,,,,,,,
11/12/2019 14:00,11/12/2019 15:00,13580.132,7.598,,,,,,,,,,,
11/12/2019 15:00,11/12/2019 16:00,13356.518,7.555,,,,,,,,,,,
11/12/2019 16:00,11/12/2019 17:00,13912.9,7.681,,,,,,,,,,,
11/12/2019 17:00,11/12/2019 18:00,14712.614,7.861,,,,,,,,,,,
11/12/2019 18:00,11/12/2019 19:00,15557.851,8.046,,,,,,,,,,,
11/12/2019 19:00,11/12/2019 20:00,16281.013,8.216,,,,,,,,,,,
11/12/2019 20:00,11/12/2019 21:00,16712.767,8.312,,,,,,,,,,,
11/12/2019 21:00,11/12/2019 22:00,16916.08,8.35,,,,,,,,,,,
11/12/2019 22:00,11/12/2019 23:00,17052.866,8.391,,,,,,,,,,,
11/12/2019 23:00,11/13/2019 0:00,17369.464,8.464,,,,,,,,,,,
11/13/2019 0:00,11/13/2019 1:00,17614.474,8.517,,,,,,,,,,,
11/13/2019 1:00,11/13/2019 2:00,18124.269,8.638,,,,,,,,,,,
11/13/2019 2:00,11/13/2019 3:00,18457.149,8.708,,,,,,,,,,,
11/13/2019 3:00,11/13/2019 4:00,18022.707,8.614,,,,,,,,,,,
11/13/2019 4:00,11/13/2019 5:00,18838.644,8.798,,,,,,,,,,,
11/13/2019 5:00,11/13/2019 6:00,18322.654,8.682,,,,,,,,,,,
11/13/2019 6:00,11/13/2019 7:00,17385.942,8.467,,,,,,,,,,,
11/13/2019 7:00,11/13/2019 8:00,15246.28,7.981,,,,,,,,,,,
11/13/2019 8:00,11/13/2019 9:00,13387.417,7.562,,,,,,,,,,,
11/13/2019 9:00,11/13/2019 10:00,12281.865,7.308,,,,,,,,,,,
11/13/2019 10:00,11/13/2019 11:00,12115.485,7.267,,,,,,,,,,,
11/13/2019 11:00,11/13/2019 12:00,11568.78,7.136,,,,,,,,,,,
11/13/2019 12:00,11/13/2019 13:00,10031.405,6.772,,,,,,,,,,,
11/13/2019 13:00,11/13/2019 14:00,9685.209,6.683,,,,,,,,,,,
11/13/2019 14:00,11/13/2019 15:00,9003.378,6.513,,,,,,,,,,,
11/13/2019 15:00,11/13/2019 16:00,8081.86,6.268,,,,,,,,,,,
11/13/2019 16:00,11/13/2019 17:00,7860.784,6.205,,,,,,,,,,,
11/13/2019 17:00,11/13/2019 18:00,7651.095,6.152,,,,,,,,,,,
11/13/2019 18:00,11/13/2019 19:00,7442.81,6.092,,,,,,,,,,,
11/13/2019 19:00,11/13/2019 20:00,7181.333,6.01,,,,,,,,,,,
11/13/2019 20:00,11/13/2019 21:00,6553.656,5.836,,,,,,,,,,,
11/13/2019 21:00,11/13/2019 22:00,6343.606,5.771,,,,,,,,,,,
11/13/2019 22:00,11/13/2019 23:00,6042.078,5.679,,,,,,,,,,,
11/13/2019 23:00,11/14/2019 0:00,5470.327,5.496,,,,,,,,,,,
11/14/2019 0:00,11/14/2019 1:00,5106.152,5.374,,,,,,,,,,,
11/14/2019 1:00,11/14/2019 2:00,4755.439,5.252,,,,,,,,,,,
11/14/2019 2:00,11/14/2019 3:00,4451.572,5.142,,,,,,,,,,,
11/14/2019 3:00,11/14/2019 4:00,4181.643,5.032,,,,,,,,,,,
11/14/2019 4:00,11/14/2019 5:00,3780.378,4.876,,,,,,,,,,,
11/14/2019 5:00,11/14/2019 6:00,3253.943,4.658,,,,,,,,,,,
11/14/2019 6:00,11/14/2019 7:00,2706.964,4.413,,,,,,,,,,,
11/14/2019 7:00,11/14/2019 8:00,2389.81,4.264,,,,,,,,,,,
11/14/2019 8:00,11/14/2019 9:00,2125.452,4.119,,,,,,,,,,,
11/14/2019 9:00,11/14/2019 10:00,1860.595,3.974,,,,,,,,,,,
11/14/2019 10:00,11/14/2019 11:00,1659.084,3.86,,,,,,,,,,,
11/14/2019 11:00,11/14/2019 12:00,1372.204,3.678,,,,,,,,,,,
11/14/2019 12:00,11/14/2019 13:00,1132.982,3.507,,,,,,,,,,,
11/14/2019 13:00,11/14/2019 14:00,1009.511,3.415,,,,,,,,,,,
11/14/2019 14:00,11/14/2019 15:00,909.181,3.334,,,,,,,,,,,
11/14/2019 15:00,11/14/2019 16:00,934,3.355,,,,,,,,,,,
11/14/2019 16:00,11/14/2019 17:00,977.772,3.39,,,,,,,,,,,
11/14/2019 17:00,11/14/2019 18:00,1004.777,3.412,,,,,,,,,,,
11/14/2019 18:00,11/14/2019 19:00,963.929,3.373,,,,,,,,,,,
11/14/2019 19:00,11/14/2019 20:00,902.416,3.329,,,,,,,,,,,
11/14/2019 20:00,11/14/2019 21:00,978.18,3.391,,,,,,,,,,,
11/14/2019 21:00,11/14/2019 22:00,1202.436,3.56,,,,,,,,,,,
11/14/2019 22:00,11/14/2019 23:00,1529.502,3.78,,,,,,,,,,,
11/14/2019 23:00,11/15/2019 0:00,1827.668,3.951,,,,,,,,,,,
11/15/2019 0:00,11/15/2019 1:00,2484.508,4.311,,,,,,,,,,,
11/15/2019 1:00,11/15/2019 2:00,3554.006,4.784,,,,,,,,,,,
11/15/2019 2:00,11/15/2019 3:00,4282.917,5.079,,,,,,,,,,,
11/15/2019 3:00,11/15/2019 4:00,4438.423,5.138,,,,,,,,,,,
11/15/2019 4:00,11/15/2019 5:00,4430.245,5.135,,,,,,,,,,,
11/15/2019 5:00,11/15/2019 6:00,4182.652,5.033,,,,,,,,,,,
11/15/2019 6:00,11/15/2019 7:00,3678.009,4.844,,,,,,,,,,,
11/15/2019 7:00,11/15/2019 8:00,2707.65,4.417,,,,,,,,,,,
11/15/2019 8:00,11/15/2019 9:00,2482.556,4.311,,,,,,,,,,,
11/15/2019 9:00,11/15/2019 10:00,2290.647,4.213,,,,,,,,,,,
11/15/2019 10:00,11/15/2019 11:00,2267.467,4.201,,,,,,,,,,,
11/15/2019 11:00,11/15/2019 12:00,2483.511,4.311,,,,,,,,,,,
11/15/2019 12:00,11/15/2019 13:00,2898.231,4.509,,,,,,,,,,,
11/15/2019 13:00,11/15/2019 14:00,3563.987,4.789,,,,,,,,,,,
11/15/2019 14:00,11/15/2019 15:00,3973.082,4.962,,,,,,,,,,,
11/15/2019 15:00,11/15/2019 16:00,3922.478,4.942,,,,,,,,,,,
11/15/2019 16:00,11/15/2019 17:00,3848.228,4.913,,,,,,,,,,,
11/15/2019 17:00,11/15/2019 18:00,3564.254,4.789,,,,,,,,,,,
11/15/2019 18:00,11/15/2019 19:00,3107.147,4.603,,,,,,,,,,,
11/15/2019 19:00,11/15/2019 20:00,3238.234,4.651,,,,,,,,,,,
11/15/2019 20:00,11/15/2019 21:00,3432.868,4.743,,,,,,,,,,,
11/15/2019 21:00,11/15/2019 22:00,3432.924,4.743,,,,,,,,,,,
11/15/2019 22:00,11/15/2019 23:00,3338.36,4.703,,,,,,,,,,,
11/15/2019 23:00,11/16/2019 0:00,3581.574,4.796,,,,,,,,,,,
11/16/2019 0:00,11/16/2019 1:00,3697.213,4.852,,,,,,,,,,,
11/16/2019 1:00,11/16/2019 2:00,3833.907,4.907,,,,,,,,,,,
11/16/2019 2:00,11/16/2019 3:00,4175.782,5.03,,,,,,,,,,,
11/16/2019 3:00,11/16/2019 4:00,4377.466,5.115,,,,,,,,,,,
11/16/2019 4:00,11/16/2019 5:00,4554.304,5.18,,,,,,,,,,,
11/16/2019 5:00,11/16/2019 6:00,4925.217,5.302,,,,,,,,,,,
11/16/2019 6:00,11/16/2019 7:00,4774.567,5.259,,,,,,,,,,,
11/16/2019 7:00,11/16/2019 8:00,4450.861,5.142,,,,,,,,,,,
11/16/2019 8:00,11/16/2019 9:00,4080.514,5.003,,,,,,,,,,,
11/16/2019 9:00,11/16/2019 10:00,4024.088,4.981,,,,,,,,,,,
11/16/2019 10:00,11/16/2019 11:00,4040.986,4.988,,,,,,,,,,,
11/16/2019 11:00,11/16/2019 12:00,3990.453,4.968,,,,,,,,,,,
11/16/2019 12:00,11/16/2019 13:00,3913.022,4.938,,,,,,,,,,,
11/16/2019 13:00,11/16/2019 14:00,4041.179,4.988,,,,,,,,,,,
11/16/2019 14:00,11/16/2019 15:00,4518.142,5.167,,,,,,,,,,,
11/16/2019 15:00,11/16/2019 16:00,5695.087,5.56,,,,,,,,,,,
11/16/2019 16:00,11/16/2019 17:00,7557.108,6.126,,,,,,,,,,,
11/16/2019 17:00,11/16/2019 18:00,9382.033,6.609,,,,,,,,,,,
11/16/2019 18:00,11/16/2019 19:00,10842.304,6.96,,,,,,,,,,,
11/16/2019 19:00,11/16/2019 20:00,11515.648,7.12,,,,,,,,,,,
11/16/2019 20:00,11/16/2019 21:00,11322.973,7.077,,,,,,,,,,,
11/16/2019 21:00,11/16/2019 22:00,10842.644,6.962,,,,,,,,,,,
11/16/2019 22:00,11/16/2019 23:00,10676.435,6.922,,,,,,,,,,,
11/16/2019 23:00,11/17/2019 0:00,10552.713,6.894,,,,,,,,,,,
11/17/2019 0:00,11/17/2019 1:00,10387.414,6.851,,,,,,,,,,,
11/17/2019 1:00,11/17/2019 2:00,10021.241,6.765,,,,,,,,,,,
11/17/2019 2:00,11/17/2019 3:00,9310.075,6.591,,,,,,,,,,,
11/17/2019 3:00,11/17/2019 4:00,9042.134,6.523,,,,,,,,,,,
11/17/2019 4:00,11/17/2019 5:00,8943.702,6.488,,,,,,,,,,,
11/17/2019 5:00,11/17/2019 6:00,8830.259,6.459,,,,,,,,,,,
11/17/2019 6:00,11/17/2019 7:00,8976.777,6.506,,,,,,,,,,,
11/17/2019 7:00,11/17/2019 8:00,9381.97,6.608,,,,,,,,,,,
11/17/2019 8:00,11/17/2019 9:00,11335.213,7.079,,,,,,,,,,,
11/17/2019 9:00,11/17/2019 10:00,10844.671,6.97,,,,,,,,,,,
11/17/2019 10:00,11/17/2019 11:00,10566.573,6.903,,,,,,,,,,,
11/17/2019 11:00,11/17/2019 12:00,9540.408,6.65,,,,,,,,,,,
11/17/2019 12:00,11/17/2019 13:00,8988.404,6.509,,,,,,,,,,,
11/17/2019 13:00,11/17/2019 14:00,8416.034,6.351,,,,,,,,,,,
11/17/2019 14:00,11/17/2019 15:00,7866.712,6.206,,,,,,,,,,,
11/17/2019 15:00,11/17/2019 16:00,7499.451,6.102,,,,,,,,,,,
11/17/2019 16:00,11/17/2019 17:00,6852.8,5.924,,,,,,,,,,,
11/17/2019 17:00,11/17/2019 18:00,6341.33,5.771,,,,,,,,,,,
11/17/2019 18:00,11/17/2019 19:00,5828.673,5.612,,,,,,,,,,,
11/17/2019 19:00,11/17/2019 20:00,5587.682,5.527,,,,,,,,,,,
11/17/2019 20:00,11/17/2019 21:00,5641.696,5.542,,,,,,,,,,,
11/17/2019 21:00,11/17/2019 22:00,5696.228,5.56,,,,,,,,,,,
11/17/2019 22:00,11/17/2019 23:00,5698.978,5.561,,,,,,,,,,,
11/17/2019 23:00,11/18/2019 0:00,5482.063,5.5,,,,,,,,,,,
11/18/2019 0:00,11/18/2019 1:00,5192.309,5.403,,,,,,,,,,,
11/18/2019 1:00,11/18/2019 2:00,4776.575,5.259,,,,,,,,,,,
11/18/2019 2:00,11/18/2019 3:00,4457.013,5.144,,,,,,,,,,,
11/18/2019 3:00,11/18/2019 4:00,4222.833,5.048,,,,,,,,,,,
11/18/2019 4:00,11/18/2019 5:00,3935.738,4.947,,,,,,,,,,,
11/18/2019 5:00,11/18/2019 6:00,3635.827,4.827,,,,,,,,,,,
11/18/2019 6:00,11/18/2019 7:00,3564.37,4.789,,,,,,,,,,,
11/18/2019 7:00,11/18/2019 8:00,3713.591,4.859,,,,,,,,,,,
11/18/2019 8:00,11/18/2019 9:00,4130.864,5.021,,,,,,,,,,,
11/18/2019 9:00,11/18/2019 10:00,4487.9,5.156,,,,,,,,,,,
11/18/2019 10:00,11/18/2019 11:00,4686.418,5.227,,,,,,,,,,,
11/18/2019 11:00,11/18/2019 12:00,4488.345,5.156,,,,,,,,,,,
11/18/2019 12:00,11/18/2019 13:00,4281.252,5.07,,,,,,,,,,,
11/18/2019 13:00,11/18/2019 14:00,4023.738,4.981,,,,,,,,,,,
11/18/2019 14:00,11/18/2019 15:00,3860.818,4.918,,,,,,,,,,,
11/18/2019 15:00,11/18/2019 16:00,3985.987,4.967,,,,,,,,,,,
11/18/2019 16:00,11/18/2019 17:00,4560.276,5.182,,,,,,,,,,,
11/18/2019 17:00,11/18/2019 18:00,5687.119,5.557,,,,,,,,,,,
11/18/2019 18:00,11/18/2019 19:00,7023.351,5.965,,,,,,,,,,,
11/18/2019 19:00,11/18/2019 20:00,8682.914,6.428,,,,,,,,,,,
11/18/2019 20:00,11/18/2019 21:00,9942.433,6.741,,,,,,,,,,,
11/18/2019 21:00,11/18/2019 22:00,9873.457,6.727,,,,,,,,,,,
11/18/2019 22:00,11/18/2019 23:00,9674.204,6.682,,,,,,,,,,,
11/18/2019 23:00,11/19/2019 0:00,9870.975,6.726,,,,,,,,,,,
11/19/2019 0:00,11/19/2019 1:00,9888.875,6.729,,,,,,,,,,,
11/19/2019 1:00,11/19/2019 2:00,9658.531,6.672,,,,,,,,,,,
11/19/2019 2:00,11/19/2019 3:00,9459.936,6.623,,,,,,,,,,,
11/19/2019 3:00,11/19/2019 4:00,9577.689,6.659,,,,,,,,,,,
11/19/2019 4:00,11/19/2019 5:00,10135.239,6.798,,,,,,,,,,,
11/19/2019 5:00,11/19/2019 6:00,10573.611,6.905,,,,,,,,,,,
11/19/2019 6:00,11/19/2019 7:00,11051.983,7.014,,,,,,,,,,,
11/19/2019 7:00,11/19/2019 8:00,11794.215,7.188,,,,,,,,,,,
11/19/2019 8:00,11/19/2019 9:00,12115.695,7.268,,,,,,,,,,,
11/19/2019 9:00,11/19/2019 10:00,12503.673,7.351,,,,,,,,,,,
11/19/2019 10:00,11/19/2019 11:00,12922.764,7.456,,,,,,,,,,,
11/19/2019 11:00,11/19/2019 12:00,13489.836,7.578,,,,,,,,,,,
11/19/2019 12:00,11/19/2019 13:00,13790.017,7.644,,,,,,,,,,,
11/19/2019 13:00,11/19/2019 14:00,13975.934,7.695,,,,,,,,,,,
11/19/2019 14:00,11/19/2019 15:00,14394.037,7.788,,,,,,,,,,,
11/19/2019 15:00,11/19/2019 16:00,14933.234,7.911,,,,,,,,,,,
11/19/2019 16:00,11/19/2019 17:00,15502.722,8.031,,,,,,,,,,,
11/19/2019 17:00,11/19/2019 18:00,15629.277,8.068,,,,,,,,,,,
11/19/2019 18:00,11/19/2019 19:00,15325.771,7.999,,,,,,,,,,,
11/19/2019 19:00,11/19/2019 20:00,14793.219,7.878,,,,,,,,,,,
11/19/2019 20:00,11/19/2019 21:00,14419.629,7.796,,,,,,,,,,,
11/19/2019 21:00,11/19/2019 22:00,13949.529,7.69,,,,,,,,,,,
11/19/2019 22:00,11/19/2019 23:00,13973.122,7.695,,,,,,,,,,,
11/19/2019 23:00,11/20/2019 0:00,15158.461,7.962,,,,,,,,,,,
11/20/2019 0:00,11/20/2019 1:00,14305.468,7.768,,,,,,,,,,,
11/20/2019 1:00,11/20/2019 2:00,14551.273,7.823,,,,,,,,,,,
11/20/2019 2:00,11/20/2019 3:00,14276.114,7.757,,,,,,,,,,,
11/20/2019 3:00,11/20/2019 4:00,14195.74,7.738,,,,,,,,,,,
11/20/2019 4:00,11/20/2019 5:00,13785.087,7.643,,,,,,,,,,,
11/20/2019 5:00,11/20/2019 6:00,13081.042,7.486,,,,,,,,,,,
11/20/2019 6:00,11/20/2019 7:00,12114.947,7.263,,,,,,,,,,,
11/20/2019 7:00,11/20/2019 8:00,10677.048,6.925,,,,,,,,,,,
11/20/2019 8:00,11/20/2019 9:00,9381.252,6.605,,,,,,,,,,,
11/20/2019 9:00,11/20/2019 10:00,7856.248,6.204,,,,,,,,,,,
11/20/2019 10:00,11/20/2019 11:00,6286.926,5.755,,,,,,,,,,,
11/20/2019 11:00,11/20/2019 12:00,5516.458,5.511,,,,,,,,,,,
11/20/2019 12:00,11/20/2019 13:00,4848.561,5.278,,,,,,,,,,,
11/20/2019 13:00,11/20/2019 14:00,3875.49,4.923,,,,,,,,,,,
11/20/2019 14:00,11/20/2019 15:00,3988.96,4.968,,,,,,,,,,,
11/20/2019 15:00,11/20/2019 16:00,5300.845,5.44,,,,,,,,,,,
11/20/2019 16:00,11/20/2019 17:00,7322.827,6.056,,,,,,,,,,,
11/20/2019 17:00,11/20/2019 18:00,10044.705,6.776,,,,,,,,,,,
11/20/2019 18:00,11/20/2019 19:00,12115.747,7.268,,,,,,,,,,,
11/20/2019 19:00,11/20/2019 20:00,13598.366,7.607,,,,,,,,,,,
11/20/2019 20:00,11/20/2019 21:00,13597.9,7.604,,,,,,,,,,,
11/20/2019 21:00,11/20/2019 22:00,14053.966,7.713,,,,,,,,,,,
11/20/2019 22:00,11/20/2019 23:00,14935.363,7.911,,,,,,,,,,,
11/20/2019 23:00,11/21/2019 0:00,15165.447,7.964,,,,,,,,,,,
11/21/2019 0:00,11/21/2019 1:00,14998.041,7.918,,,,,,,,,,,
11/21/2019 1:00,11/21/2019 2:00,13598.532,7.609,,,,,,,,,,,
11/21/2019 2:00,11/21/2019 3:00,12809.01,7.427,,,,,,,,,,,
11/21/2019 3:00,11/21/2019 4:00,11051.788,7.013,,,,,,,,,,,
11/21/2019 4:00,11/21/2019 5:00,9544.04,6.651,,,,,,,,,,,
11/21/2019 5:00,11/21/2019 6:00,8184.668,6.298,,,,,,,,,,,
11/21/2019 6:00,11/21/2019 7:00,6909.617,5.94,,,,,,,,,,,
11/21/2019 7:00,11/21/2019 8:00,6202.112,5.729,,,,,,,,,,,
11/21/2019 8:00,11/21/2019 9:00,5493.322,5.503,,,,,,,,,,,
11/21/2019 9:00,11/21/2019 10:00,4402.955,5.125,,,,,,,,,,,
11/21/2019 10:00,11/21/2019 11:00,3396.235,4.728,,,,,,,,,,,
11/21/2019 11:00,11/21/2019 12:00,2777.295,4.453,,,,,,,,,,,
11/21/2019 12:00,11/21/2019 13:00,2195.824,4.164,,,,,,,,,,,
11/21/2019 13:00,11/21/2019 14:00,1842.998,3.96,,,,,,,,,,,
11/21/2019 14:00,11/21/2019 15:00,1568.612,3.805,,,,,,,,,,,
11/21/2019 15:00,11/21/2019 16:00,1485.187,3.752,,,,,,,,,,,
11/21/2019 16:00,11/21/2019 17:00,1346.277,3.66,,,,,,,,,,,
11/21/2019 17:00,11/21/2019 18:00,1208.845,3.565,,,,,,,,,,,
11/21/2019 18:00,11/21/2019 19:00,1250.053,3.594,,,,,,,,,,,
11/21/2019 19:00,11/21/2019 20:00,1455.635,3.733,,,,,,,,,,,
11/21/2019 20:00,11/21/2019 21:00,1846.003,3.962,,,,,,,,,,,
11/21/2019 21:00,11/21/2019 22:00,2271.891,4.204,,,,,,,,,,,
11/21/2019 22:00,11/21/2019 23:00,2748.722,4.439,,,,,,,,,,,
11/21/2019 23:00,11/22/2019 0:00,3210.812,4.639,,,,,,,,,,,
11/22/2019 0:00,11/22/2019 1:00,3602.19,4.804,,,,,,,,,,,
11/22/2019 1:00,11/22/2019 2:00,3795.711,4.892,,,,,,,,,,,
11/22/2019 2:00,11/22/2019 3:00,3921.907,4.942,,,,,,,,,,,
11/22/2019 3:00,11/22/2019 4:00,4017.971,4.979,,,,,,,,,,,
11/22/2019 4:00,11/22/2019 5:00,4141.732,5.023,,,,,,,,,,,
11/22/2019 5:00,11/22/2019 6:00,4230.565,5.051,,,,,,,,,,,
11/22/2019 6:00,11/22/2019 7:00,4288.203,5.082,,,,,,,,,,,
11/22/2019 7:00,11/22/2019 8:00,4281.8,5.073,,,,,,,,,,,
11/22/2019 8:00,11/22/2019 9:00,4316.169,5.092,,,,,,,,,,,
11/22/2019 9:00,11/22/2019 10:00,4346.911,5.104,,,,,,,,,,,
11/22/2019 10:00,11/22/2019 11:00,4267.82,5.065,,,,,,,,,,,
11/22/2019 11:00,11/22/2019 12:00,4061.484,4.996,,,,,,,,,,,
11/22/2019 12:00,11/22/2019 13:00,4002.034,4.973,,,,,,,,,,,
11/22/2019 13:00,11/22/2019 14:00,4012.84,4.977,,,,,,,,,,,
11/22/2019 14:00,11/22/2019 15:00,3944.146,4.95,,,,,,,,,,,
11/22/2019 15:00,11/22/2019 16:00,3968.371,4.96,,,,,,,,,,,
11/22/2019 16:00,11/22/2019 17:00,3941.141,4.949,,,,,,,,,,,
11/22/2019 17:00,11/22/2019 18:00,3962.204,4.957,,,,,,,,,,,
11/22/2019 18:00,11/22/2019 19:00,4060.072,4.995,,,,,,,,,,,
11/22/2019 19:00,11/22/2019 20:00,4279.745,5.069,,,,,,,,,,,
11/22/2019 20:00,11/22/2019 21:00,4468.759,5.149,,,,,,,,,,,
11/22/2019 21:00,11/22/2019 22:00,4491.334,5.157,,,,,,,,,,,
11/22/2019 22:00,11/22/2019 23:00,4497.696,5.159,,,,,,,,,,,
11/22/2019 23:00,11/23/2019 0:00,4573.31,5.187,,,,,,,,,,,
11/23/2019 0:00,11/23/2019 1:00,4623.983,5.198,,,,,,,,,,,
11/23/2019 1:00,11/23/2019 2:00,4385.746,5.118,,,,,,,,,,,
11/23/2019 2:00,11/23/2019 3:00,4281.286,5.07,,,,,,,,,,,
11/23/2019 3:00,11/23/2019 4:00,3838.327,4.909,,,,,,,,,,,
11/23/2019 4:00,11/23/2019 5:00,3670.386,4.841,,,,,,,,,,,
11/23/2019 5:00,11/23/2019 6:00,3633.707,4.826,,,,,,,,,,,
11/23/2019 6:00,11/23/2019 7:00,3698.884,4.853,,,,,,,,,,,
11/23/2019 7:00,11/23/2019 8:00,3895.204,4.931,,,,,,,,,,,
11/23/2019 8:00,11/23/2019 9:00,3883.31,4.926,,,,,,,,,,,
11/23/2019 9:00,11/23/2019 10:00,3618.055,4.82,,,,,,,,,,,
11/23/2019 10:00,11/23/2019 11:00,3362.72,4.714,,,,,,,,,,,
11/23/2019 11:00,11/23/2019 12:00,3249.9,4.656,,,,,,,,,,,
11/23/2019 12:00,11/23/2019 13:00,2695.871,4.405,,,,,,,,,,,
11/23/2019 13:00,11/23/2019 14:00,2339.744,4.239,,,,,,,,,,,
11/23/2019 14:00,11/23/2019 15:00,2138.601,4.124,,,,,,,,,,,
11/23/2019 15:00,11/23/2019 16:00,1950.26,4.025,,,,,,,,,,,
11/23/2019 16:00,11/23/2019 17:00,1760.898,3.922,,,,,,,,,,,
11/23/2019 17:00,11/23/2019 18:00,1613.656,3.833,,,,,,,,,,,
11/23/2019 18:00,11/23/2019 19:00,1384.174,3.686,,,,,,,,,,,
11/23/2019 19:00,11/23/2019 20:00,1212.294,3.567,,,,,,,,,,,
11/23/2019 20:00,11/23/2019 21:00,1028.201,3.43,,,,,,,,,,,
11/23/2019 21:00,11/23/2019 22:00,947.735,3.363,,,,,,,,,,,
11/23/2019 22:00,11/23/2019 23:00,924.946,3.347,,,,,,,,,,,
11/23/2019 23:00,11/24/2019 0:00,901.596,3.328,,,,,,,,,,,
11/24/2019 0:00,11/24/2019 1:00,900.012,3.327,,,,,,,,,,,
11/24/2019 1:00,11/24/2019 2:00,900.348,3.327,,,,,,,,,,,
11/24/2019 2:00,11/24/2019 3:00,906.565,3.332,,,,,,,,,,,
11/24/2019 3:00,11/24/2019 4:00,854.787,3.288,,,,,,,,,,,
11/24/2019 4:00,11/24/2019 5:00,804.932,3.236,,,,,,,,,,,
11/24/2019 5:00,11/24/2019 6:00,752.34,3.194,,,,,,,,,,,
11/24/2019 6:00,11/24/2019 7:00,734.085,3.18,,,,,,,,,,,
11/24/2019 7:00,11/24/2019 8:00,739.381,3.185,,,,,,,,,,,
11/24/2019 8:00,11/24/2019 9:00,792.56,3.225,,,,,,,,,,,
11/24/2019 9:00,11/24/2019 10:00,881.674,3.311,,,,,,,,,,,
11/24/2019 10:00,11/24/2019 11:00,1078.045,3.46,,,,,,,,,,,
11/24/2019 11:00,11/24/2019 12:00,1308.996,3.626,,,,,,,,,,,
11/24/2019 12:00,11/24/2019 13:00,1620.694,3.837,,,,,,,,,,,
11/24/2019 13:00,11/24/2019 14:00,1966.379,4.033,,,,,,,,,,,
11/24/2019 14:00,11/24/2019 15:00,2372.294,4.255,,,,,,,,,,,
11/24/2019 15:00,11/24/2019 16:00,2782.094,4.455,,,,,,,,,,,
11/24/2019 16:00,11/24/2019 17:00,3148.043,4.616,,,,,,,,,,,
11/24/2019 17:00,11/24/2019 18:00,3295.062,4.685,,,,,,,,,,,
11/24/2019 18:00,11/24/2019 19:00,3720.039,4.861,,,,,,,,,,,
11/24/2019 19:00,11/24/2019 20:00,4256.474,5.061,,,,,,,,,,,
11/24/2019 20:00,11/24/2019 21:00,4739.062,5.246,,,,,,,,,,,
11/24/2019 21:00,11/24/2019 22:00,5187.033,5.401,,,,,,,,,,,
11/24/2019 22:00,11/24/2019 23:00,5391.513,5.467,,,,,,,,,,,
11/24/2019 23:00,11/25/2019 0:00,6883.817,5.933,,,,,,,,,,,
11/25/2019 0:00,11/25/2019 1:00,6315.797,5.764,,,,,,,,,,,
11/25/2019 1:00,11/25/2019 2:00,6267.493,5.749,,,,,,,,,,,
11/25/2019 2:00,11/25/2019 3:00,5781.57,5.597,,,,,,,,,,,
11/25/2019 3:00,11/25/2019 4:00,6098.104,5.693,,,,,,,,,,,
11/25/2019 4:00,11/25/2019 5:00,6361.249,5.774,,,,,,,,,,,
11/25/2019 5:00,11/25/2019 6:00,5929.446,5.644,,,,,,,,,,,
11/25/2019 6:00,11/25/2019 7:00,4798.069,5.267,,,,,,,,,,,
11/25/2019 7:00,11/25/2019 8:00,3790.325,4.884,,,,,,,,,,,
11/25/2019 8:00,11/25/2019 9:00,3234.869,4.649,,,,,,,,,,,
11/25/2019 9:00,11/25/2019 10:00,2864.521,4.493,,,,,,,,,,,
11/25/2019 10:00,11/25/2019 11:00,2846.11,4.485,,,,,,,,,,,
11/25/2019 11:00,11/25/2019 12:00,2932.418,4.522,,,,,,,,,,,
11/25/2019 12:00,11/25/2019 13:00,2909.972,4.514,,,,,,,,,,,
11/25/2019 13:00,11/25/2019 14:00,2865.573,4.494,,,,,,,,,,,
11/25/2019 14:00,11/25/2019 15:00,2807.13,4.467,,,,,,,,,,,
11/25/2019 15:00,11/25/2019 16:00,2708.09,4.419,,,,,,,,,,,
11/25/2019 16:00,11/25/2019 17:00,2517.223,4.328,,,,,,,,,,,
11/25/2019 17:00,11/25/2019 18:00,2494.837,4.317,,,,,,,,,,,
11/25/2019 18:00,11/25/2019 19:00,2668.668,4.392,,,,,,,,,,,
11/25/2019 19:00,11/25/2019 20:00,2880.121,4.5,,,,,,,,,,,
11/25/2019 20:00,11/25/2019 21:00,3325.491,4.698,,,,,,,,,,,
11/25/2019 21:00,11/25/2019 22:00,3627.636,4.824,,,,,,,,,,,
11/25/2019 22:00,11/25/2019 23:00,4301.05,5.087,,,,,,,,,,,
11/25/2019 23:00,11/26/2019 0:00,4506.242,5.162,,,,,,,,,,,
11/26/2019 0:00,11/26/2019 1:00,4977.986,5.327,,,,,,,,,,,
11/26/2019 1:00,11/26/2019 2:00,5466.555,5.495,,,,,,,,,,,
11/26/2019 2:00,11/26/2019 3:00,5709.991,5.564,,,,,,,,,,,
11/26/2019 3:00,11/26/2019 4:00,5543.112,5.52,,,,,,,,,,,
11/26/2019 4:00,11/26/2019 5:00,5101.598,5.372,,,,,,,,,,,
11/26/2019 5:00,11/26/2019 6:00,4897.747,5.293,,,,,,,,,,,
11/26/2019 6:00,11/26/2019 7:00,5397.391,5.472,,,,,,,,,,,
11/26/2019 7:00,11/26/2019 8:00,5135.782,5.384,,,,,,,,,,,
11/26/2019 8:00,11/26/2019 9:00,4910.164,5.297,,,,,,,,,,,
11/26/2019 9:00,11/26/2019 10:00,4656.927,5.217,,,,,,,,,,,
11/26/2019 10:00,11/26/2019 11:00,4697.91,5.231,,,,,,,,,,,
11/26/2019 11:00,11/26/2019 12:00,5222.959,5.413,,,,,,,,,,,
11/26/2019 12:00,11/26/2019 13:00,5550.483,5.521,,,,,,,,,,,
11/26/2019 13:00,11/26/2019 14:00,5884.225,5.629,,,,,,,,,,,
11/26/2019 14:00,11/26/2019 15:00,5931.627,5.644,,,,,,,,,,,
11/26/2019 15:00,11/26/2019 16:00,5851.611,5.619,,,,,,,,,,,
11/26/2019 16:00,11/26/2019 17:00,5642.655,5.543,,,,,,,,,,,
11/26/2019 17:00,11/26/2019 18:00,5239.985,5.419,,,,,,,,,,,
11/26/2019 18:00,11/26/2019 19:00,5064.184,5.359,,,,,,,,,,,
11/26/2019 19:00,11/26/2019 20:00,4800.746,5.268,,,,,,,,,,,
11/26/2019 20:00,11/26/2019 21:00,4651.377,5.215,,,,,,,,,,,
11/26/2019 21:00,11/26/2019 22:00,4261.634,5.063,,,,,,,,,,,
11/26/2019 22:00,11/26/2019 23:00,3873.085,4.922,,,,,,,,,,,
11/26/2019 23:00,11/27/2019 0:00,3394.55,4.727,,,,,,,,,,,
11/27/2019 0:00,11/27/2019 1:00,2982.975,4.538,,,,,,,,,,,
11/27/2019 1:00,11/27/2019 2:00,2734.497,4.432,,,,,,,,,,,
11/27/2019 2:00,11/27/2019 3:00,2342.806,4.24,,,,,,,,,,,
11/27/2019 3:00,11/27/2019 4:00,2035.013,4.077,,,,,,,,,,,
11/27/2019 4:00,11/27/2019 5:00,1681.125,3.867,,,,,,,,,,,
11/27/2019 5:00,11/27/2019 6:00,1380.331,3.683,,,,,,,,,,,
11/27/2019 6:00,11/27/2019 7:00,1251.016,3.595,,,,,,,,,,,
11/27/2019 7:00,11/27/2019 8:00,1205.913,3.563,,,,,,,,,,,
11/27/2019 8:00,11/27/2019 9:00,1268.965,3.607,,,,,,,,,,,
11/27/2019 9:00,11/27/2019 10:00,1444.023,3.716,,,,,,,,,,,
11/27/2019 10:00,11/27/2019 11:00,1729.092,3.894,,,,,,,,,,,
11/27/2019 11:00,11/27/2019 12:00,2144.636,4.128,,,,,,,,,,,
11/27/2019 12:00,11/27/2019 13:00,2703.454,4.409,,,,,,,,,,,
11/27/2019 13:00,11/27/2019 14:00,3259.702,4.663,,,,,,,,,,,
11/27/2019 14:00,11/27/2019 15:00,3616.644,4.812,,,,,,,,,,,
11/27/2019 15:00,11/27/2019 16:00,3612.572,4.808,,,,,,,,,,,
11/27/2019 16:00,11/27/2019 17:00,3508.961,4.773,,,,,,,,,,,
11/27/2019 17:00,11/27/2019 18:00,3575.957,4.793,,,,,,,,,,,
11/27/2019 18:00,11/27/2019 19:00,3719.252,4.861,,,,,,,,,,,
11/27/2019 19:00,11/27/2019 20:00,3882.538,4.926,,,,,,,,,,,
11/27/2019 20:00,11/27/2019 21:00,4138.592,5.023,,,,,,,,,,,
11/27/2019 21:00,11/27/2019 22:00,4367.233,5.111,,,,,,,,,,,
11/27/2019 22:00,11/27/2019 23:00,4756.734,5.252,,,,,,,,,,,
11/27/2019 23:00,11/28/2019 0:00,5219.554,5.412,,,,,,,,,,,
11/28/2019 0:00,11/28/2019 1:00,5564.904,5.524,,,,,,,,,,,
11/28/2019 1:00,11/28/2019 2:00,5801.133,5.603,,,,,,,,,,,
11/28/2019 2:00,11/28/2019 3:00,5952.474,5.651,,,,,,,,,,,
11/28/2019 3:00,11/28/2019 4:00,6146.35,5.702,,,,,,,,,,,
11/28/2019 4:00,11/28/2019 5:00,6592.059,5.847,,,,,,,,,,,
11/28/2019 5:00,11/28/2019 6:00,7321.723,6.05,,,,,,,,,,,
11/28/2019 6:00,11/28/2019 7:00,7290.785,6.045,,,,,,,,,,,
11/28/2019 7:00,11/28/2019 8:00,7149.23,6.005,,,,,,,,,,,
11/28/2019 8:00,11/28/2019 9:00,6879.17,5.932,,,,,,,,,,,
11/28/2019 9:00,11/28/2019 10:00,7316.217,6.049,,,,,,,,,,,
11/28/2019 10:00,11/28/2019 11:00,7734.829,6.168,,,,,,,,,,,
11/28/2019 11:00,11/28/2019 12:00,7463.483,6.095,,,,,,,,,,,
11/28/2019 12:00,11/28/2019 13:00,6814.611,5.913,,,,,,,,,,,
11/28/2019 13:00,11/28/2019 14:00,6236.419,5.739,,,,,,,,,,,
11/28/2019 14:00,11/28/2019 15:00,5432.866,5.483,,,,,,,,,,,
11/28/2019 15:00,11/28/2019 16:00,4526.705,5.17,,,,,,,,,,,
11/28/2019 16:00,11/28/2019 17:00,3791.154,4.889,,,,,,,,,,,
11/28/2019 17:00,11/28/2019 18:00,3174.766,4.623,,,,,,,,,,,
11/28/2019 18:00,11/28/2019 19:00,2653.049,4.384,,,,,,,,,,,
11/28/2019 19:00,11/28/2019 20:00,2187.605,4.154,,,,,,,,,,,
11/28/2019 20:00,11/28/2019 21:00,1731.802,3.895,,,,,,,,,,,
11/28/2019 21:00,11/28/2019 22:00,1314.955,3.63,,,,,,,,,,,
11/28/2019 22:00,11/28/2019 23:00,982.53,3.394,,,,,,,,,,,
11/28/2019 23:00,11/29/2019 0:00,780.359,3.214,,,,,,,,,,,
11/29/2019 0:00,11/29/2019 1:00,640.839,3.089,,,,,,,,,,,
11/29/2019 1:00,11/29/2019 2:00,633.205,3.082,,,,,,,,,,,
11/29/2019 2:00,11/29/2019 3:00,613.779,3.062,,,,,,,,,,,
11/29/2019 3:00,11/29/2019 4:00,596.466,3.043,,,,,,,,,,,
11/29/2019 4:00,11/29/2019 5:00,811.876,3.251,,,,,,,,,,,
11/29/2019 5:00,11/29/2019 6:00,1157.099,3.527,,,,,,,,,,,
11/29/2019 6:00,11/29/2019 7:00,1447.398,3.718,,,,,,,,,,,
11/29/2019 7:00,11/29/2019 8:00,1560.333,3.8,,,,,,,,,,,
11/29/2019 8:00,11/29/2019 9:00,2080.495,4.102,,,,,,,,,,,
11/29/2019 9:00,11/29/2019 10:00,2794.267,4.461,,,,,,,,,,,
11/29/2019 10:00,11/29/2019 11:00,3790.985,4.888,,,,,,,,,,,
11/29/2019 11:00,11/29/2019 12:00,4530.49,5.171,,,,,,,,,,,
11/29/2019 12:00,11/29/2019 13:00,5347.794,5.448,,,,,,,,,,,
11/29/2019 13:00,11/29/2019 14:00,5629.406,5.538,,,,,,,,,,,
11/29/2019 14:00,11/29/2019 15:00,5910.918,5.638,,,,,,,,,,,
11/29/2019 15:00,11/29/2019 16:00,6855.192,5.925,,,,,,,,,,,
11/29/2019 16:00,11/29/2019 17:00,8574.08,6.401,,,,,,,,,,,
11/29/2019 17:00,11/29/2019 18:00,11728.855,7.172,,,,,,,,,,,
11/29/2019 18:00,11/29/2019 19:00,15502.857,8.033,,,,,,,,,,,
11/29/2019 19:00,11/29/2019 20:00,18304.256,8.672,,,,,,,,,,,
11/29/2019 20:00,11/29/2019 21:00,18551.165,8.734,,,,,,,,,,,
11/29/2019 21:00,11/29/2019 22:00,17021.521,8.384,,,,,,,,,,,
11/29/2019 22:00,11/29/2019 23:00,16598.43,8.279,,,,,,,,,,,
11/29/2019 23:00,11/30/2019 0:00,16520.318,8.261,,,,,,,,,,,
11/30/2019 0:00,11/30/2019 1:00,16552.255,8.274,,,,,,,,,,,
11/30/2019 1:00,11/30/2019 2:00,16696.624,8.307,,,,,,,,,,,
11/30/2019 2:00,11/30/2019 3:00,16100.948,8.168,,,,,,,,,,,
11/30/2019 3:00,11/30/2019 4:00,14793.277,7.879,,,,,,,,,,,
11/30/2019 4:00,11/30/2019 5:00,14305.114,7.765,,,,,,,,,,,
11/30/2019 5:00,11/30/2019 6:00,15943.693,8.139,,,,,,,,,,,
11/30/2019 6:00,11/30/2019 7:00,18000.185,8.609,,,,,,,,,,,
11/30/2019 7:00,11/30/2019 8:00,19581.396,8.982,,,,,,,,,,,
11/30/2019 8:00,11/30/2019 9:00,20381.488,9.171,,,,,,,,,,,
11/30/2019 9:00,11/30/2019 10:00,18110.814,8.635,,,,,,,,,,,
11/30/2019 10:00,11/30/2019 11:00,17438.753,8.48,,,,,,,,,,,
11/30/2019 11:00,11/30/2019 12:00,16544.933,8.273,,,,,,,,,,,
11/30/2019 12:00,11/30/2019 13:00,16068.475,8.164,,,,,,,,,,,
11/30/2019 13:00,11/30/2019 14:00,16608.555,8.286,,,,,,,,,,,
11/30/2019 14:00,11/30/2019 15:00,18475.128,8.711,,,,,,,,,,,
11/30/2019 15:00,11/30/2019 16:00,19702.159,9.006,,,,,,,,,,,
11/30/2019 16:00,11/30/2019 17:00,20092.451,9.109,,,,,,,,,,,
11/30/2019 17:00,11/30/2019 18:00,21966.881,9.584,,,,,,,,,,,
11/30/2019 18:00,11/30/2019 19:00,25266.783,10.581,,,,,,,,,,,
11/30/2019 19:00,11/30/2019 20:00,27988.667,11.733,,,,,,,,,,,
11/30/2019 20:00,11/30/2019 21:00,29292,12.515,,,,,,,,,,,
11/30/2019 21:00,11/30/2019 22:00,29273.842,12.504,,,,,,,,,,,
11/30/2019 22:00,11/30/2019 23:00,28923.542,12.275,,,,,,,,,,,
11/30/2019 23:00,12/1/2019 0:00,28806.057,12.19,,,,,,,,,,,
12/1/2019 0:00,12/1/2019 1:00,28534.361,12.028,,,,,,,,,,,
12/1/2019 1:00,12/1/2019 2:00,28056.21,11.771,,,,,,,,,,,
12/1/2019 2:00,12/1/2019 3:00,27453.194,11.471,,,,,,,,,,,
12/1/2019 3:00,12/1/2019 4:00,27598.157,11.535,,,,,,,,,,,
12/1/2019 4:00,12/1/2019 5:00,28146.749,11.821,,,,,,,,,,,
12/1/2019 5:00,12/1/2019 6:00,28714.504,12.142,,,,,,,,,,,
12/1/2019 6:00,12/1/2019 7:00,29056.324,12.355,,,,,,,,,,,
12/1/2019 7:00,12/1/2019 8:00,29227.206,12.476,,,,,,,,,,,
12/1/2019 8:00,12/1/2019 9:00,29361.128,12.57,,,,,,,,,,,
12/1/2019 9:00,12/1/2019 10:00,29190.664,12.451,,,,,,,,,,,
12/1/2019 10:00,12/1/2019 11:00,28700.427,12.136,,,,,,,,,,,
12/1/2019 11:00,12/1/2019 12:00,28457.259,11.986,,,,,,,,,,,
12/1/2019 12:00,12/1/2019 13:00,28115.767,11.804,,,,,,,,,,,
12/1/2019 13:00,12/1/2019 14:00,27699.346,11.589,,,,,,,,,,,
12/1/2019 14:00,12/1/2019 15:00,27369.424,11.432,,,,,,,,,,,
12/1/2019 15:00,12/1/2019 16:00,27292.694,11.393,,,,,,,,,,,
12/1/2019 16:00,12/1/2019 17:00,27214.194,11.361,,,,,,,,,,,
12/1/2019 17:00,12/1/2019 18:00,26697.492,11.136,,,,,,,,,,,
12/1/2019 18:00,12/1/2019 19:00,25712.123,10.747,,,,,,,,,,,
12/1/2019 19:00,12/1/2019 20:00,25250.651,10.577,,,,,,,,,,,
12/1/2019 20:00,12/1/2019 21:00,24645.379,10.372,,,,,,,,,,,
12/1/2019 21:00,12/1/2019 22:00,24146.044,10.213,,,,,,,,,,,
12/1/2019 22:00,12/1/2019 23:00,23781.216,10.099,,,,,,,,,,,
12/1/2019 23:00,12/2/2019 0:00,23319.815,9.97,,,,,,,,,,,
12/2/2019 0:00,12/2/2019 1:00,22732.699,9.801,,,,,,,,,,,
12/2/2019 1:00,12/2/2019 2:00,21553.695,9.48,,,,,,,,,,,
12/2/2019 2:00,12/2/2019 3:00,19894.975,9.059,,,,,,,,,,,
12/2/2019 3:00,12/2/2019 4:00,19030.895,8.851,,,,,,,,,,,
12/2/2019 4:00,12/2/2019 5:00,19813.638,9.034,,,,,,,,,,,
12/2/2019 5:00,12/2/2019 6:00,21143.031,9.373,,,,,,,,,,,
12/2/2019 6:00,12/2/2019 7:00,23069.753,9.894,,,,,,,,,,,
12/2/2019 7:00,12/2/2019 8:00,23349.157,9.979,,,,,,,,,,,
12/2/2019 8:00,12/2/2019 9:00,23184.398,9.923,,,,,,,,,,,
12/2/2019 9:00,12/2/2019 10:00,22762.738,9.81,,,,,,,,,,,
12/2/2019 10:00,12/2/2019 11:00,21923.951,9.574,,,,,,,,,,,
12/2/2019 11:00,12/2/2019 12:00,22224.562,9.657,,,,,,,,,,,
12/2/2019 12:00,12/2/2019 13:00,22430.972,9.708,,,,,,,,,,,
12/2/2019 13:00,12/2/2019 14:00,22572.95,9.756,,,,,,,,,,,
12/2/2019 14:00,12/2/2019 15:00,22134.433,9.636,,,,,,,,,,,
12/2/2019 15:00,12/2/2019 16:00,21280.327,9.399,,,,,,,,,,,
12/2/2019 16:00,12/2/2019 17:00,18856.852,8.802,,,,,,,,,,,
12/2/2019 17:00,12/2/2019 18:00,17430.744,8.478,,,,,,,,,,,
12/2/2019 18:00,12/2/2019 19:00,16696.452,8.302,,,,,,,,,,,
12/2/2019 19:00,12/2/2019 20:00,14374.953,7.778,,,,,,,,,,,
12/2/2019 20:00,12/2/2019 21:00,12721.837,7.407,,,,,,,,,,,
12/2/2019 21:00,12/2/2019 22:00,11516.426,7.125,,,,,,,,,,,
12/2/2019 22:00,12/2/2019 23:00,10042.936,6.775,,,,,,,,,,,
12/2/2019 23:00,12/3/2019 0:00,8172.162,6.294,,,,,,,,,,,
12/3/2019 0:00,12/3/2019 1:00,5806.953,5.605,,,,,,,,,,,
12/3/2019 1:00,12/3/2019 2:00,5079.798,5.365,,,,,,,,,,,
12/3/2019 2:00,12/3/2019 3:00,4013.743,4.977,,,,,,,,,,,
12/3/2019 3:00,12/3/2019 4:00,3287.004,4.681,,,,,,,,,,,
12/3/2019 4:00,12/3/2019 5:00,3326.351,4.698,,,,,,,,,,,
12/3/2019 5:00,12/3/2019 6:00,3616.045,4.81,,,,,,,,,,,
12/3/2019 6:00,12/3/2019 7:00,4214.289,5.045,,,,,,,,,,,
12/3/2019 7:00,12/3/2019 8:00,4706.273,5.234,,,,,,,,,,,
12/3/2019 8:00,12/3/2019 9:00,5223.082,5.413,,,,,,,,,,,
12/3/2019 9:00,12/3/2019 10:00,6167.797,5.709,,,,,,,,,,,
12/3/2019 10:00,12/3/2019 11:00,7520.559,6.115,,,,,,,,,,,
12/3/2019 11:00,12/3/2019 12:00,6857.991,5.926,,,,,,,,,,,
12/3/2019 12:00,12/3/2019 13:00,7146.764,6.005,,,,,,,,,,,
12/3/2019 13:00,12/3/2019 14:00,6503.311,5.82,,,,,,,,,,,
12/3/2019 14:00,12/3/2019 15:00,5759.48,5.585,,,,,,,,,,,
12/3/2019 15:00,12/3/2019 16:00,4516.87,5.166,,,,,,,,,,,
12/3/2019 16:00,12/3/2019 17:00,4954.512,5.312,,,,,,,,,,,
12/3/2019 17:00,12/3/2019 18:00,5701.372,5.562,,,,,,,,,,,
12/3/2019 18:00,12/3/2019 19:00,7710.087,6.164,,,,,,,,,,,
12/3/2019 19:00,12/3/2019 20:00,12244.748,7.3,,,,,,,,,,,
12/3/2019 20:00,12/3/2019 21:00,14996.021,7.918,,,,,,,,,,,
12/3/2019 21:00,12/3/2019 22:00,17437.204,8.479,,,,,,,,,,,
12/3/2019 22:00,12/3/2019 23:00,18475.159,8.71,,,,,,,,,,,
12/3/2019 23:00,12/4/2019 0:00,15813.262,8.104,,,,,,,,,,,
12/4/2019 0:00,12/4/2019 1:00,15902.111,8.129,,,,,,,,,,,
12/4/2019 1:00,12/4/2019 2:00,13271.953,7.528,,,,,,,,,,,
12/4/2019 2:00,12/4/2019 3:00,13458.506,7.574,,,,,,,,,,,
12/4/2019 3:00,12/4/2019 4:00,16013.615,8.148,,,,,,,,,,,
12/4/2019 4:00,12/4/2019 5:00,18015.744,8.613,,,,,,,,,,,
12/4/2019 5:00,12/4/2019 6:00,19003.152,8.845,,,,,,,,,,,
12/4/2019 6:00,12/4/2019 7:00,20124.783,9.117,,,,,,,,,,,
12/4/2019 7:00,12/4/2019 8:00,22297.066,9.68,,,,,,,,,,,
12/4/2019 8:00,12/4/2019 9:00,23211.159,9.934,,,,,,,,,,,
12/4/2019 9:00,12/4/2019 10:00,22853.498,9.827,,,,,,,,,,,
12/4/2019 10:00,12/4/2019 11:00,22464.46,9.726,,,,,,,,,,,
12/4/2019 11:00,12/4/2019 12:00,21966.624,9.585,,,,,,,,,,,
12/4/2019 12:00,12/4/2019 13:00,21304.786,9.413,,,,,,,,,,,
12/4/2019 13:00,12/4/2019 14:00,20837.957,9.295,,,,,,,,,,,
12/4/2019 14:00,12/4/2019 15:00,24158.86,10.225,,,,,,,,,,,
12/4/2019 15:00,12/4/2019 16:00,25948.103,10.829,,,,,,,,,,,
12/4/2019 16:00,12/4/2019 17:00,25399.144,10.637,,,,,,,,,,,
12/4/2019 17:00,12/4/2019 18:00,24421.053,10.308,,,,,,,,,,,
12/4/2019 18:00,12/4/2019 19:00,22685.028,9.788,,,,,,,,,,,
12/4/2019 19:00,12/4/2019 20:00,19025.477,8.85,,,,,,,,,,,
12/4/2019 20:00,12/4/2019 21:00,12672.87,7.389,,,,,,,,,,,
12/4/2019 21:00,12/4/2019 22:00,8007.08,6.243,,,,,,,,,,,
12/4/2019 22:00,12/4/2019 23:00,4989.067,5.334,,,,,,,,,,,
12/4/2019 23:00,12/5/2019 0:00,5626.995,5.538,,,,,,,,,,,
12/5/2019 0:00,12/5/2019 1:00,9719.201,6.688,,,,,,,,,,,
12/5/2019 1:00,12/5/2019 2:00,17138.26,8.41,,,,,,,,,,,
12/5/2019 2:00,12/5/2019 3:00,20293.675,9.149,,,,,,,,,,,
12/5/2019 3:00,12/5/2019 4:00,18856.93,8.801,,,,,,,,,,,
12/5/2019 4:00,12/5/2019 5:00,16521.018,8.27,,,,,,,,,,,
12/5/2019 5:00,12/5/2019 6:00,17379.631,8.466,,,,,,,,,,,
12/5/2019 6:00,12/5/2019 7:00,19528.769,8.971,,,,,,,,,,,
12/5/2019 7:00,12/5/2019 8:00,17917.466,8.582,,,,,,,,,,,
12/5/2019 8:00,12/5/2019 9:00,13890.24,7.666,,,,,,,,,,,
12/5/2019 9:00,12/5/2019 10:00,12029.327,7.246,,,,,,,,,,,
12/5/2019 10:00,12/5/2019 11:00,10676.448,6.922,,,,,,,,,,,
12/5/2019 11:00,12/5/2019 12:00,8193.124,6.3,,,,,,,,,,,
12/5/2019 12:00,12/5/2019 13:00,5746.048,5.576,,,,,,,,,,,
12/5/2019 13:00,12/5/2019 14:00,4441.651,5.139,,,,,,,,,,,
12/5/2019 14:00,12/5/2019 15:00,3707.624,4.856,,,,,,,,,,,
12/5/2019 15:00,12/5/2019 16:00,4440.947,5.139,,,,,,,,,,,
12/5/2019 16:00,12/5/2019 17:00,5758.921,5.582,,,,,,,,,,,
12/5/2019 17:00,12/5/2019 18:00,8080.85,6.263,,,,,,,,,,,
12/5/2019 18:00,12/5/2019 19:00,8964.567,6.503,,,,,,,,,,,
12/5/2019 19:00,12/5/2019 20:00,7547.289,6.123,,,,,,,,,,,
12/5/2019 20:00,12/5/2019 21:00,6190.588,5.725,,,,,,,,,,,
12/5/2019 21:00,12/5/2019 22:00,5468.356,5.495,,,,,,,,,,,
12/5/2019 22:00,12/5/2019 23:00,6220.225,5.734,,,,,,,,,,,
12/5/2019 23:00,12/6/2019 0:00,5543.128,5.52,,,,,,,,,,,
12/6/2019 0:00,12/6/2019 1:00,4832.277,5.275,,,,,,,,,,,
12/6/2019 1:00,12/6/2019 2:00,3791.149,4.889,,,,,,,,,,,
12/6/2019 2:00,12/6/2019 3:00,2531.095,4.334,,,,,,,,,,,
12/6/2019 3:00,12/6/2019 4:00,1140.238,3.515,,,,,,,,,,,
12/6/2019 4:00,12/6/2019 5:00,612.734,3.06,,,,,,,,,,,
12/6/2019 5:00,12/6/2019 6:00,1000.554,3.408,,,,,,,,,,,
12/6/2019 6:00,12/6/2019 7:00,2023.033,4.071,,,,,,,,,,,
12/6/2019 7:00,12/6/2019 8:00,3467.305,4.758,,,,,,,,,,,
12/6/2019 8:00,12/6/2019 9:00,5074.221,5.363,,,,,,,,,,,
12/6/2019 9:00,12/6/2019 10:00,6364.916,5.774,,,,,,,,,,,
12/6/2019 10:00,12/6/2019 11:00,7507.582,6.112,,,,,,,,,,,
12/6/2019 11:00,12/6/2019 12:00,8297.554,6.324,,,,,,,,,,,
12/6/2019 12:00,12/6/2019 13:00,8681.61,6.421,,,,,,,,,,,
12/6/2019 13:00,12/6/2019 14:00,8920.33,6.482,,,,,,,,,,,
12/6/2019 14:00,12/6/2019 15:00,8759.286,6.447,,,,,,,,,,,
12/6/2019 15:00,12/6/2019 16:00,8610.417,6.41,,,,,,,,,,,
12/6/2019 16:00,12/6/2019 17:00,8894.443,6.478,,,,,,,,,,,
12/6/2019 17:00,12/6/2019 18:00,9632.016,6.667,,,,,,,,,,,
12/6/2019 18:00,12/6/2019 19:00,9722.854,6.688,,,,,,,,,,,
12/6/2019 19:00,12/6/2019 20:00,9855.95,6.725,,,,,,,,,,,
12/6/2019 20:00,12/6/2019 21:00,9635.476,6.667,,,,,,,,,,,
12/6/2019 21:00,12/6/2019 22:00,9908.839,6.732,,,,,,,,,,,
12/6/2019 22:00,12/6/2019 23:00,9658.535,6.672,,,,,,,,,,,
12/6/2019 23:00,12/7/2019 0:00,8700.139,6.432,,,,,,,,,,,
12/7/2019 0:00,12/7/2019 1:00,7609.006,6.14,,,,,,,,,,,
12/7/2019 1:00,12/7/2019 2:00,7325.619,6.061,,,,,,,,,,,
12/7/2019 2:00,12/7/2019 3:00,6734.717,5.889,,,,,,,,,,,
12/7/2019 3:00,12/7/2019 4:00,6460.639,5.798,,,,,,,,,,,
12/7/2019 4:00,12/7/2019 5:00,5832.608,5.613,,,,,,,,,,,
12/7/2019 5:00,12/7/2019 6:00,5222.313,5.413,,,,,,,,,,,
12/7/2019 6:00,12/7/2019 7:00,4300.882,5.087,,,,,,,,,,,
12/7/2019 7:00,12/7/2019 8:00,3483.373,4.764,,,,,,,,,,,
12/7/2019 8:00,12/7/2019 9:00,2783.19,4.455,,,,,,,,,,,
12/7/2019 9:00,12/7/2019 10:00,2194.609,4.163,,,,,,,,,,,
12/7/2019 10:00,12/7/2019 11:00,1607.108,3.829,,,,,,,,,,,
12/7/2019 11:00,12/7/2019 12:00,899.585,3.326,,,,,,,,,,,
12/7/2019 12:00,12/7/2019 13:00,497.332,2.933,,,,,,,,,,,
12/7/2019 13:00,12/7/2019 14:00,417.075,2.834,,,,,,,,,,,
12/7/2019 14:00,12/7/2019 15:00,547.401,2.99,,,,,,,,,,,
12/7/2019 15:00,12/7/2019 16:00,1353.05,3.665,,,,,,,,,,,
12/7/2019 16:00,12/7/2019 17:00,2060.753,4.091,,,,,,,,,,,
12/7/2019 17:00,12/7/2019 18:00,2473.85,4.306,,,,,,,,,,,
12/7/2019 18:00,12/7/2019 19:00,2969.467,4.532,,,,,,,,,,,
12/7/2019 19:00,12/7/2019 20:00,3558.633,4.786,,,,,,,,,,,
12/7/2019 20:00,12/7/2019 21:00,4219.416,5.047,,,,,,,,,,,
12/7/2019 21:00,12/7/2019 22:00,4376.265,5.115,,,,,,,,,,,
12/7/2019 22:00,12/7/2019 23:00,4323.028,5.095,,,,,,,,,,,
12/7/2019 23:00,12/8/2019 0:00,4043.815,4.989,,,,,,,,,,,
12/8/2019 0:00,12/8/2019 1:00,3974.008,4.962,,,,,,,,,,,
12/8/2019 1:00,12/8/2019 2:00,4023.239,4.981,,,,,,,,,,,
12/8/2019 2:00,12/8/2019 3:00,4066.354,4.998,,,,,,,,,,,
12/8/2019 3:00,12/8/2019 4:00,3867.324,4.92,,,,,,,,,,,
12/8/2019 4:00,12/8/2019 5:00,2987.754,4.542,,,,,,,,,,,
12/8/2019 5:00,12/8/2019 6:00,2196.018,4.164,,,,,,,,,,,
12/8/2019 6:00,12/8/2019 7:00,1760.972,3.922,,,,,,,,,,,
12/8/2019 7:00,12/8/2019 8:00,1865.827,3.982,,,,,,,,,,,
12/8/2019 8:00,12/8/2019 9:00,2270.388,4.203,,,,,,,,,,,
12/8/2019 9:00,12/8/2019 10:00,2533.786,4.336,,,,,,,,,,,
12/8/2019 10:00,12/8/2019 11:00,2765.81,4.447,,,,,,,,,,,
12/8/2019 11:00,12/8/2019 12:00,3172.605,4.622,,,,,,,,,,,
12/8/2019 12:00,12/8/2019 13:00,3084.96,4.593,,,,,,,,,,,
12/8/2019 13:00,12/8/2019 14:00,2999.906,4.555,,,,,,,,,,,
12/8/2019 14:00,12/8/2019 15:00,3113.176,4.605,,,,,,,,,,,
12/8/2019 15:00,12/8/2019 16:00,3194.736,4.632,,,,,,,,,,,
12/8/2019 16:00,12/8/2019 17:00,3072.599,4.587,,,,,,,,,,,
12/8/2019 17:00,12/8/2019 18:00,2754.675,4.442,,,,,,,,,,,
12/8/2019 18:00,12/8/2019 19:00,2646.037,4.381,,,,,,,,,,,
12/8/2019 19:00,12/8/2019 20:00,2575.202,4.356,,,,,,,,,,,
12/8/2019 20:00,12/8/2019 21:00,2530.139,4.334,,,,,,,,,,,
12/8/2019 21:00,12/8/2019 22:00,2636.12,4.376,,,,,,,,,,,
12/8/2019 22:00,12/8/2019 23:00,2700.465,4.407,,,,,,,,,,,
12/8/2019 23:00,12/9/2019 0:00,2633.512,4.375,,,,,,,,,,,
12/9/2019 0:00,12/9/2019 1:00,2538.851,4.338,,,,,,,,,,,
12/9/2019 1:00,12/9/2019 2:00,2312.062,4.224,,,,,,,,,,,
12/9/2019 2:00,12/9/2019 3:00,2003.22,4.06,,,,,,,,,,,
12/9/2019 3:00,12/9/2019 4:00,1339.415,3.656,,,,,,,,,,,
12/9/2019 4:00,12/9/2019 5:00,877.252,3.308,,,,,,,,,,,
12/9/2019 5:00,12/9/2019 6:00,458.783,2.887,,,,,,,,,,,
12/9/2019 6:00,12/9/2019 7:00,172.472,2.419,,,,,,,,,,,
12/9/2019 7:00,12/9/2019 8:00,211.991,2.505,,,,,,,,,,,
12/9/2019 8:00,12/9/2019 9:00,680.775,3.123,,,,,,,,,,,
12/9/2019 9:00,12/9/2019 10:00,1006.654,3.413,,,,,,,,,,,
12/9/2019 10:00,12/9/2019 11:00,1216.966,3.571,,,,,,,,,,,
12/9/2019 11:00,12/9/2019 12:00,1329.732,3.641,,,,,,,,,,,
12/9/2019 12:00,12/9/2019 13:00,1325.684,3.637,,,,,,,,,,,
12/9/2019 13:00,12/9/2019 14:00,1463.066,3.738,,,,,,,,,,,
12/9/2019 14:00,12/9/2019 15:00,1893.081,3.998,,,,,,,,,,,
12/9/2019 15:00,12/9/2019 16:00,2497.623,4.318,,,,,,,,,,,
12/9/2019 16:00,12/9/2019 17:00,3166.404,4.62,,,,,,,,,,,
12/9/2019 17:00,12/9/2019 18:00,3830.805,4.906,,,,,,,,,,,
12/9/2019 18:00,12/9/2019 19:00,4637.491,5.208,,,,,,,,,,,
12/9/2019 19:00,12/9/2019 20:00,6326.746,5.767,,,,,,,,,,,
12/9/2019 20:00,12/9/2019 21:00,9019.147,6.517,,,,,,,,,,,
12/9/2019 21:00,12/9/2019 22:00,8836.285,6.468,,,,,,,,,,,
12/9/2019 22:00,12/9/2019 23:00,7971.21,6.23,,,,,,,,,,,
12/9/2019 23:00,12/10/2019 0:00,7240.473,6.028,,,,,,,,,,,
12/10/2019 0:00,12/10/2019 1:00,6924.869,5.943,,,,,,,,,,,
12/10/2019 1:00,12/10/2019 2:00,6627.707,5.858,,,,,,,,,,,
12/10/2019 2:00,12/10/2019 3:00,6407.277,5.782,,,,,,,,,,,
12/10/2019 3:00,12/10/2019 4:00,6298.825,5.758,,,,,,,,,,,
12/10/2019 4:00,12/10/2019 5:00,5955.593,5.652,,,,,,,,,,,
12/10/2019 5:00,12/10/2019 6:00,5479.105,5.499,,,,,,,,,,,
12/10/2019 6:00,12/10/2019 7:00,5069.194,5.361,,,,,,,,,,,
12/10/2019 7:00,12/10/2019 8:00,4702.837,5.233,,,,,,,,,,,
12/10/2019 8:00,12/10/2019 9:00,4297.651,5.085,,,,,,,,,,,
12/10/2019 9:00,12/10/2019 10:00,4282.859,5.078,,,,,,,,,,,
12/10/2019 10:00,12/10/2019 11:00,4489.558,5.156,,,,,,,,,,,
12/10/2019 11:00,12/10/2019 12:00,4388.478,5.119,,,,,,,,,,,
12/10/2019 12:00,12/10/2019 13:00,4221.922,5.048,,,,,,,,,,,
12/10/2019 13:00,12/10/2019 14:00,3785.27,4.878,,,,,,,,,,,
12/10/2019 14:00,12/10/2019 15:00,2986.141,4.539,,,,,,,,,,,
12/10/2019 15:00,12/10/2019 16:00,2240.968,4.188,,,,,,,,,,,
12/10/2019 16:00,12/10/2019 17:00,2470.92,4.305,,,,,,,,,,,
12/10/2019 17:00,12/10/2019 18:00,3634.184,4.827,,,,,,,,,,,
12/10/2019 18:00,12/10/2019 19:00,5407.556,5.475,,,,,,,,,,,
12/10/2019 19:00,12/10/2019 20:00,7661.781,6.155,,,,,,,,,,,
12/10/2019 20:00,12/10/2019 21:00,11347.303,7.087,,,,,,,,,,,
12/10/2019 21:00,12/10/2019 22:00,13854.388,7.658,,,,,,,,,,,
12/10/2019 22:00,12/10/2019 23:00,15591.631,8.054,,,,,,,,,,,
12/10/2019 23:00,12/11/2019 0:00,17614.493,8.51,,,,,,,,,,,
12/11/2019 0:00,12/11/2019 1:00,20461.145,9.194,,,,,,,,,,,
12/11/2019 1:00,12/11/2019 2:00,22897.155,9.848,,,,,,,,,,,
12/11/2019 2:00,12/11/2019 3:00,24144.33,10.22,,,,,,,,,,,
12/11/2019 3:00,12/11/2019 4:00,27743,11.612,,,,,,,,,,,
12/11/2019 4:00,12/11/2019 5:00,28739.432,12.149,,,,,,,,,,,
12/11/2019 5:00,12/11/2019 6:00,28347.079,11.924,,,,,,,,,,,
12/11/2019 6:00,12/11/2019 7:00,27632.428,11.557,,,,,,,,,,,
12/11/2019 7:00,12/11/2019 8:00,26260.249,10.959,,,,,,,,,,,
12/11/2019 8:00,12/11/2019 9:00,24149.837,10.222,,,,,,,,,,,
12/11/2019 9:00,12/11/2019 10:00,22552.014,9.741,,,,,,,,,,,
12/11/2019 10:00,12/11/2019 11:00,20539.591,9.22,,,,,,,,,,,
12/11/2019 11:00,12/11/2019 12:00,16988.04,8.376,,,,,,,,,,,
12/11/2019 12:00,12/11/2019 13:00,12712.297,7.398,,,,,,,,,,,
12/11/2019 13:00,12/11/2019 14:00,12446.721,7.343,,,,,,,,,,,
12/11/2019 14:00,12/11/2019 15:00,11742.042,7.181,,,,,,,,,,,
12/11/2019 15:00,12/11/2019 16:00,15014.431,7.92,,,,,,,,,,,
12/11/2019 16:00,12/11/2019 17:00,16548.682,8.273,,,,,,,,,,,
12/11/2019 17:00,12/11/2019 18:00,19649.543,8.991,,,,,,,,,,,
12/11/2019 18:00,12/11/2019 19:00,19479.075,8.959,,,,,,,,,,,
12/11/2019 19:00,12/11/2019 20:00,18474.975,8.715,,,,,,,,,,,
12/11/2019 20:00,12/11/2019 21:00,18028.652,8.616,,,,,,,,,,,
12/11/2019 21:00,12/11/2019 22:00,17341.169,8.457,,,,,,,,,,,
12/11/2019 22:00,12/11/2019 23:00,15014.864,7.926,,,,,,,,,,,
12/11/2019 23:00,12/12/2019 0:00,12010.655,7.238,,,,,,,,,,,
12/12/2019 0:00,12/12/2019 1:00,11663.629,7.162,,,,,,,,,,,
12/12/2019 1:00,12/12/2019 2:00,12741.583,7.412,,,,,,,,,,,
12/12/2019 2:00,12/12/2019 3:00,13354.532,7.554,,,,,,,,,,,
12/12/2019 3:00,12/12/2019 4:00,12417.384,7.334,,,,,,,,,,,
12/12/2019 4:00,12/12/2019 5:00,12029.095,7.244,,,,,,,,,,,
12/12/2019 5:00,12/12/2019 6:00,12612.992,7.382,,,,,,,,,,,
12/12/2019 6:00,12/12/2019 7:00,13309.246,7.544,,,,,,,,,,,
12/12/2019 7:00,12/12/2019 8:00,14642.899,7.843,,,,,,,,,,,
12/12/2019 8:00,12/12/2019 9:00,15796.388,8.098,,,,,,,,,,,
12/12/2019 9:00,12/12/2019 10:00,16258.704,8.211,,,,,,,,,,,
12/12/2019 10:00,12/12/2019 11:00,16474.503,8.255,,,,,,,,,,,
12/12/2019 11:00,12/12/2019 12:00,16181.175,8.193,,,,,,,,,,,
12/12/2019 12:00,12/12/2019 13:00,16723.308,8.313,,,,,,,,,,,
12/12/2019 13:00,12/12/2019 14:00,16693.983,8.3,,,,,,,,,,,
12/12/2019 14:00,12/12/2019 15:00,16123.052,8.173,,,,,,,,,,,
12/12/2019 15:00,12/12/2019 16:00,16520.279,8.26,,,,,,,,,,,
12/12/2019 16:00,12/12/2019 17:00,15724.681,8.085,,,,,,,,,,,
12/12/2019 17:00,12/12/2019 18:00,15359.882,8.004,,,,,,,,,,,
12/12/2019 18:00,12/12/2019 19:00,14793.093,7.877,,,,,,,,,,,
12/12/2019 19:00,12/12/2019 20:00,14110.315,7.726,,,,,,,,,,,
12/12/2019 20:00,12/12/2019 21:00,13290.495,7.537,,,,,,,,,,,
12/12/2019 21:00,12/12/2019 22:00,12590.411,7.37,,,,,,,,,,,
12/12/2019 22:00,12/12/2019 23:00,12029.04,7.244,,,,,,,,,,,
12/12/2019 23:00,12/13/2019 0:00,11513.334,7.12,,,,,,,,,,,
12/13/2019 0:00,12/13/2019 1:00,11689.362,7.165,,,,,,,,,,,
12/13/2019 1:00,12/13/2019 2:00,11717.858,7.169,,,,,,,,,,,
12/13/2019 2:00,12/13/2019 3:00,11516.631,7.126,,,,,,,,,,,
12/13/2019 3:00,12/13/2019 4:00,11042.866,7.009,,,,,,,,,,,
12/13/2019 4:00,12/13/2019 5:00,10305.854,6.833,,,,,,,,,,,
12/13/2019 5:00,12/13/2019 6:00,10021.117,6.765,,,,,,,,,,,
12/13/2019 6:00,12/13/2019 7:00,9658.487,6.672,,,,,,,,,,,
12/13/2019 7:00,12/13/2019 8:00,9158.294,6.553,,,,,,,,,,,
12/13/2019 8:00,12/13/2019 9:00,8665.246,6.418,,,,,,,,,,,
12/13/2019 9:00,12/13/2019 10:00,7970.21,6.23,,,,,,,,,,,
12/13/2019 10:00,12/13/2019 11:00,7078.907,5.99,,,,,,,,,,,
12/13/2019 11:00,12/13/2019 12:00,6799.124,5.908,,,,,,,,,,,
12/13/2019 12:00,12/13/2019 13:00,6632.564,5.859,,,,,,,,,,,
12/13/2019 13:00,12/13/2019 14:00,6621.39,5.856,,,,,,,,,,,
12/13/2019 14:00,12/13/2019 15:00,6624.729,5.857,,,,,,,,,,,
12/13/2019 15:00,12/13/2019 16:00,6724.103,5.886,,,,,,,,,,,
12/13/2019 16:00,12/13/2019 17:00,7120.024,6.001,,,,,,,,,,,
12/13/2019 17:00,12/13/2019 18:00,7600.237,6.138,,,,,,,,,,,
12/13/2019 18:00,12/13/2019 19:00,8142.944,6.286,,,,,,,,,,,
12/13/2019 19:00,12/13/2019 20:00,8950.926,6.493,,,,,,,,,,,
12/13/2019 20:00,12/13/2019 21:00,9499.953,6.64,,,,,,,,,,,
12/13/2019 21:00,12/13/2019 22:00,9820.255,6.719,,,,,,,,,,,
12/13/2019 22:00,12/13/2019 23:00,9849.404,6.724,,,,,,,,,,,
12/13/2019 23:00,12/14/2019 0:00,9879.27,6.727,,,,,,,,,,,
12/14/2019 0:00,12/14/2019 1:00,9610.997,6.664,,,,,,,,,,,
12/14/2019 1:00,12/14/2019 2:00,9149.997,6.551,,,,,,,,,,,
12/14/2019 2:00,12/14/2019 3:00,8811.671,6.457,,,,,,,,,,,
12/14/2019 3:00,12/14/2019 4:00,8530.389,6.39,,,,,,,,,,,
12/14/2019 4:00,12/14/2019 5:00,8526.669,6.389,,,,,,,,,,,
12/14/2019 5:00,12/14/2019 6:00,9301.644,6.581,,,,,,,,,,,
12/14/2019 6:00,12/14/2019 7:00,10044.87,6.776,,,,,,,,,,,
12/14/2019 7:00,12/14/2019 8:00,10765.32,6.951,,,,,,,,,,,
12/14/2019 8:00,12/14/2019 9:00,11409.736,7.097,,,,,,,,,,,
12/14/2019 9:00,12/14/2019 10:00,11935.372,7.228,,,,,,,,,,,
12/14/2019 10:00,12/14/2019 11:00,12418.106,7.338,,,,,,,,,,,
12/14/2019 11:00,12/14/2019 12:00,12759.234,7.414,,,,,,,,,,,
12/14/2019 12:00,12/14/2019 13:00,12897.325,7.45,,,,,,,,,,,
12/14/2019 13:00,12/14/2019 14:00,12944.284,7.461,,,,,,,,,,,
12/14/2019 14:00,12/14/2019 15:00,12895.63,7.442,,,,,,,,,,,
12/14/2019 15:00,12/14/2019 16:00,12739.311,7.412,,,,,,,,,,,
12/14/2019 16:00,12/14/2019 17:00,12844.397,7.434,,,,,,,,,,,
12/14/2019 17:00,12/14/2019 18:00,12422.18,7.34,,,,,,,,,,,
12/14/2019 18:00,12/14/2019 19:00,12028.877,7.243,,,,,,,,,,,
12/14/2019 19:00,12/14/2019 20:00,10942.313,6.987,,,,,,,,,,,
12/14/2019 20:00,12/14/2019 21:00,10725.884,6.936,,,,,,,,,,,
12/14/2019 21:00,12/14/2019 22:00,10135.936,6.798,,,,,,,,,,,
12/14/2019 22:00,12/14/2019 23:00,9818.861,6.712,,,,,,,,,,,
12/14/2019 23:00,12/15/2019 0:00,9445.85,6.618,,,,,,,,,,,
12/15/2019 0:00,12/15/2019 1:00,9020.646,6.518,,,,,,,,,,,
12/15/2019 1:00,12/15/2019 2:00,8951.9,6.497,,,,,,,,,,,
12/15/2019 2:00,12/15/2019 3:00,8986.352,6.509,,,,,,,,,,,
12/15/2019 3:00,12/15/2019 4:00,8950.145,6.49,,,,,,,,,,,
12/15/2019 4:00,12/15/2019 5:00,8681.873,6.423,,,,,,,,,,,
12/15/2019 5:00,12/15/2019 6:00,8716.532,6.434,,,,,,,,,,,
12/15/2019 6:00,12/15/2019 7:00,8991.105,6.51,,,,,,,,,,,
12/15/2019 7:00,12/15/2019 8:00,9507.136,6.642,,,,,,,,,,,
12/15/2019 8:00,12/15/2019 9:00,9919.124,6.735,,,,,,,,,,,
12/15/2019 9:00,12/15/2019 10:00,9930.716,6.738,,,,,,,,,,,
12/15/2019 10:00,12/15/2019 11:00,9477.81,6.634,,,,,,,,,,,
12/15/2019 11:00,12/15/2019 12:00,8905.637,6.479,,,,,,,,,,,
12/15/2019 12:00,12/15/2019 13:00,8446.505,6.364,,,,,,,,,,,
12/15/2019 13:00,12/15/2019 14:00,8007.216,6.244,,,,,,,,,,,
12/15/2019 14:00,12/15/2019 15:00,8088.253,6.272,,,,,,,,,,,
12/15/2019 15:00,12/15/2019 16:00,8032.568,6.253,,,,,,,,,,,
12/15/2019 16:00,12/15/2019 17:00,7757.334,6.181,,,,,,,,,,,
12/15/2019 17:00,12/15/2019 18:00,7389.846,6.074,,,,,,,,,,,
12/15/2019 18:00,12/15/2019 19:00,7162.92,6.007,,,,,,,,,,,
12/15/2019 19:00,12/15/2019 20:00,6331.654,5.768,,,,,,,,,,,
12/15/2019 20:00,12/15/2019 21:00,5999.798,5.666,,,,,,,,,,,
12/15/2019 21:00,12/15/2019 22:00,5760.403,5.59,,,,,,,,,,,
12/15/2019 22:00,12/15/2019 23:00,5500.438,5.506,,,,,,,,,,,
12/15/2019 23:00,12/16/2019 0:00,5391.439,5.466,,,,,,,,,,,
12/16/2019 0:00,12/16/2019 1:00,5169.841,5.395,,,,,,,,,,,
12/16/2019 1:00,12/16/2019 2:00,5014.988,5.343,,,,,,,,,,,
12/16/2019 2:00,12/16/2019 3:00,5185.254,5.401,,,,,,,,,,,
12/16/2019 3:00,12/16/2019 4:00,5062.707,5.359,,,,,,,,,,,
12/16/2019 4:00,12/16/2019 5:00,4978.278,5.328,,,,,,,,,,,
12/16/2019 5:00,12/16/2019 6:00,4640.146,5.211,,,,,,,,,,,
12/16/2019 6:00,12/16/2019 7:00,4266.614,5.065,,,,,,,,,,,
12/16/2019 7:00,12/16/2019 8:00,3677.371,4.844,,,,,,,,,,,
12/16/2019 8:00,12/16/2019 9:00,3384.944,4.723,,,,,,,,,,,
12/16/2019 9:00,12/16/2019 10:00,3220.642,4.643,,,,,,,,,,,
12/16/2019 10:00,12/16/2019 11:00,2888.824,4.504,,,,,,,,,,,
12/16/2019 11:00,12/16/2019 12:00,2727.518,4.429,,,,,,,,,,,
12/16/2019 12:00,12/16/2019 13:00,2469.01,4.304,,,,,,,,,,,
12/16/2019 13:00,12/16/2019 14:00,2132.665,4.121,,,,,,,,,,,
12/16/2019 14:00,12/16/2019 15:00,1832.063,3.954,,,,,,,,,,,
12/16/2019 15:00,12/16/2019 16:00,1748.799,3.914,,,,,,,,,,,
12/16/2019 16:00,12/16/2019 17:00,1531.446,3.781,,,,,,,,,,,
12/16/2019 17:00,12/16/2019 18:00,1617.056,3.835,,,,,,,,,,,
12/16/2019 18:00,12/16/2019 19:00,1741.306,3.909,,,,,,,,,,,
12/16/2019 19:00,12/16/2019 20:00,1763.28,3.923,,,,,,,,,,,
12/16/2019 20:00,12/16/2019 21:00,1784.355,3.935,,,,,,,,,,,
12/16/2019 21:00,12/16/2019 22:00,1805.825,3.944,,,,,,,,,,,
12/16/2019 22:00,12/16/2019 23:00,1849.855,3.964,,,,,,,,,,,
12/16/2019 23:00,12/17/2019 0:00,1913.2,4.009,,,,,,,,,,,
12/17/2019 0:00,12/17/2019 1:00,1989.037,4.052,,,,,,,,,,,
12/17/2019 1:00,12/17/2019 2:00,2133.539,4.122,,,,,,,,,,,
12/17/2019 2:00,12/17/2019 3:00,2338.156,4.238,,,,,,,,,,,
12/17/2019 3:00,12/17/2019 4:00,2444.835,4.283,,,,,,,,,,,
12/17/2019 4:00,12/17/2019 5:00,2395.803,4.267,,,,,,,,,,,
12/17/2019 5:00,12/17/2019 6:00,2331.399,4.234,,,,,,,,,,,
12/17/2019 6:00,12/17/2019 7:00,2362.234,4.25,,,,,,,,,,,
12/17/2019 7:00,12/17/2019 8:00,2428.39,4.277,,,,,,,,,,,
12/17/2019 8:00,12/17/2019 9:00,2472.893,4.306,,,,,,,,,,,
12/17/2019 9:00,12/17/2019 10:00,2637.78,4.377,,,,,,,,,,,
12/17/2019 10:00,12/17/2019 11:00,2896.633,4.508,,,,,,,,,,,
12/17/2019 11:00,12/17/2019 12:00,3114.229,4.606,,,,,,,,,,,
12/17/2019 12:00,12/17/2019 13:00,4042.304,4.988,,,,,,,,,,,
12/17/2019 13:00,12/17/2019 14:00,4718.318,5.239,,,,,,,,,,,
12/17/2019 14:00,12/17/2019 15:00,4350.582,5.105,,,,,,,,,,,
12/17/2019 15:00,12/17/2019 16:00,4282.413,5.076,,,,,,,,,,,
12/17/2019 16:00,12/17/2019 17:00,4801.195,5.268,,,,,,,,,,,
12/17/2019 17:00,12/17/2019 18:00,5257.56,5.425,,,,,,,,,,,
12/17/2019 18:00,12/17/2019 19:00,5614.765,5.534,,,,,,,,,,,
12/17/2019 19:00,12/17/2019 20:00,5747.646,5.577,,,,,,,,,,,
12/17/2019 20:00,12/17/2019 21:00,5708.028,5.564,,,,,,,,,,,
12/17/2019 21:00,12/17/2019 22:00,5711.479,5.565,,,,,,,,,,,
12/17/2019 22:00,12/17/2019 23:00,5814.718,5.607,,,,,,,,,,,
12/17/2019 23:00,12/18/2019 0:00,5795.619,5.601,,,,,,,,,,,
12/18/2019 0:00,12/18/2019 1:00,5631.014,5.539,,,,,,,,,,,
12/18/2019 1:00,12/18/2019 2:00,5372.825,5.454,,,,,,,,,,,
12/18/2019 2:00,12/18/2019 3:00,5101.848,5.372,,,,,,,,,,,
12/18/2019 3:00,12/18/2019 4:00,4977.934,5.327,,,,,,,,,,,
12/18/2019 4:00,12/18/2019 5:00,4759.597,5.253,,,,,,,,,,,
12/18/2019 5:00,12/18/2019 6:00,4512.663,5.165,,,,,,,,,,,
12/18/2019 6:00,12/18/2019 7:00,4342.162,5.102,,,,,,,,,,,
12/18/2019 7:00,12/18/2019 8:00,4068.181,4.998,,,,,,,,,,,
12/18/2019 8:00,12/18/2019 9:00,4137.824,5.023,,,,,,,,,,,
12/18/2019 9:00,12/18/2019 10:00,3324.05,4.697,,,,,,,,,,,
12/18/2019 10:00,12/18/2019 11:00,3084.19,4.593,,,,,,,,,,,
12/18/2019 11:00,12/18/2019 12:00,2646.869,4.382,,,,,,,,,,,
12/18/2019 12:00,12/18/2019 13:00,2484.747,4.312,,,,,,,,,,,
12/18/2019 13:00,12/18/2019 14:00,2524.585,4.331,,,,,,,,,,,
12/18/2019 14:00,12/18/2019 15:00,2331.182,4.234,,,,,,,,,,,
12/18/2019 15:00,12/18/2019 16:00,2020.949,4.07,,,,,,,,,,,
12/18/2019 16:00,12/18/2019 17:00,2033.815,4.077,,,,,,,,,,,
12/18/2019 17:00,12/18/2019 18:00,2268.99,4.202,,,,,,,,,,,
12/18/2019 18:00,12/18/2019 19:00,3236.716,4.65,,,,,,,,,,,
12/18/2019 19:00,12/18/2019 20:00,4083.976,5.004,,,,,,,,,,,
12/18/2019 20:00,12/18/2019 21:00,5018.466,5.344,,,,,,,,,,,
12/18/2019 21:00,12/18/2019 22:00,4889.932,5.29,,,,,,,,,,,
12/18/2019 22:00,12/18/2019 23:00,6111.681,5.696,,,,,,,,,,,
12/18/2019 23:00,12/19/2019 0:00,6518.697,5.825,,,,,,,,,,,
12/19/2019 0:00,12/19/2019 1:00,6195.231,5.727,,,,,,,,,,,
12/19/2019 1:00,12/19/2019 2:00,5531.252,5.516,,,,,,,,,,,
12/19/2019 2:00,12/19/2019 3:00,4736.267,5.245,,,,,,,,,,,
12/19/2019 3:00,12/19/2019 4:00,3941.501,4.949,,,,,,,,,,,
12/19/2019 4:00,12/19/2019 5:00,3176.745,4.624,,,,,,,,,,,
12/19/2019 5:00,12/19/2019 6:00,2410.339,4.272,,,,,,,,,,,
12/19/2019 6:00,12/19/2019 7:00,1900.258,4.002,,,,,,,,,,,
12/19/2019 7:00,12/19/2019 8:00,1469.374,3.742,,,,,,,,,,,
12/19/2019 8:00,12/19/2019 9:00,1107.848,3.482,,,,,,,,,,,
12/19/2019 9:00,12/19/2019 10:00,811.662,3.251,,,,,,,,,,,
12/19/2019 10:00,12/19/2019 11:00,583.133,3.029,,,,,,,,,,,
12/19/2019 11:00,12/19/2019 12:00,460.84,2.889,,,,,,,,,,,
12/19/2019 12:00,12/19/2019 13:00,349.102,2.738,,,,,,,,,,,
12/19/2019 13:00,12/19/2019 14:00,245.51,2.562,,,,,,,,,,,
12/19/2019 14:00,12/19/2019 15:00,179.7,2.436,,,,,,,,,,,
12/19/2019 15:00,12/19/2019 16:00,196.243,2.465,,,,,,,,,,,
12/19/2019 16:00,12/19/2019 17:00,269.771,2.614,,,,,,,,,,,
12/19/2019 17:00,12/19/2019 18:00,474.741,2.906,,,,,,,,,,,
12/19/2019 18:00,12/19/2019 19:00,644.845,3.093,,,,,,,,,,,
12/19/2019 19:00,12/19/2019 20:00,739.955,3.186,,,,,,,,,,,
12/19/2019 20:00,12/19/2019 21:00,778.156,3.212,,,,,,,,,,,
12/19/2019 21:00,12/19/2019 22:00,758.638,3.197,,,,,,,,,,,
12/19/2019 22:00,12/19/2019 23:00,651.239,3.1,,,,,,,,,,,
12/19/2019 23:00,12/20/2019 0:00,541.651,2.975,,,,,,,,,,,
12/20/2019 0:00,12/20/2019 1:00,449.326,2.875,,,,,,,,,,,
12/20/2019 1:00,12/20/2019 2:00,424.262,2.843,,,,,,,,,,,
12/20/2019 2:00,12/20/2019 3:00,438.592,2.861,,,,,,,,,,,
12/20/2019 3:00,12/20/2019 4:00,404.652,2.817,,,,,,,,,,,
12/20/2019 4:00,12/20/2019 5:00,348.709,2.734,,,,,,,,,,,
12/20/2019 5:00,12/20/2019 6:00,301.042,2.666,,,,,,,,,,,
12/20/2019 6:00,12/20/2019 7:00,333.811,2.709,,,,,,,,,,,
12/20/2019 7:00,12/20/2019 8:00,409.917,2.824,,,,,,,,,,,
12/20/2019 8:00,12/20/2019 9:00,393.183,2.793,,,,,,,,,,,
12/20/2019 9:00,12/20/2019 10:00,206.433,2.494,,,,,,,,,,,
12/20/2019 10:00,12/20/2019 11:00,135.633,2.318,,,,,,,,,,,
12/20/2019 11:00,12/20/2019 12:00,194.722,2.461,,,,,,,,,,,
12/20/2019 12:00,12/20/2019 13:00,355.524,2.749,,,,,,,,,,,
12/20/2019 13:00,12/20/2019 14:00,620.299,3.068,,,,,,,,,,,
12/20/2019 14:00,12/20/2019 15:00,1019.028,3.423,,,,,,,,,,,
12/20/2019 15:00,12/20/2019 16:00,1481.606,3.75,,,,,,,,,,,
12/20/2019 16:00,12/20/2019 17:00,1966.908,4.036,,,,,,,,,,,
12/20/2019 17:00,12/20/2019 18:00,2286.433,4.211,,,,,,,,,,,
12/20/2019 18:00,12/20/2019 19:00,2521.289,4.33,,,,,,,,,,,
12/20/2019 19:00,12/20/2019 20:00,2938.199,4.524,,,,,,,,,,,
12/20/2019 20:00,12/20/2019 21:00,3260.94,4.67,,,,,,,,,,,
12/20/2019 21:00,12/20/2019 22:00,3861.229,4.918,,,,,,,,,,,
12/20/2019 22:00,12/20/2019 23:00,4538.49,5.174,,,,,,,,,,,
12/20/2019 23:00,12/21/2019 0:00,5083.534,5.366,,,,,,,,,,,
12/21/2019 0:00,12/21/2019 1:00,5281.914,5.433,,,,,,,,,,,
12/21/2019 1:00,12/21/2019 2:00,5410.948,5.476,,,,,,,,,,,
12/21/2019 2:00,12/21/2019 3:00,5674.94,5.553,,,,,,,,,,,
12/21/2019 3:00,12/21/2019 4:00,5719.942,5.568,,,,,,,,,,,
12/21/2019 4:00,12/21/2019 5:00,6026.27,5.674,,,,,,,,,,,
12/21/2019 5:00,12/21/2019 6:00,6715.923,5.884,,,,,,,,,,,
12/21/2019 6:00,12/21/2019 7:00,7587.236,6.134,,,,,,,,,,,
12/21/2019 7:00,12/21/2019 8:00,8491.431,6.37,,,,,,,,,,,
12/21/2019 8:00,12/21/2019 9:00,9107.976,6.54,,,,,,,,,,,
12/21/2019 9:00,12/21/2019 10:00,9098.553,6.538,,,,,,,,,,,
12/21/2019 10:00,12/21/2019 11:00,9380.293,6.6,,,,,,,,,,,
12/21/2019 11:00,12/21/2019 12:00,10306.732,6.838,,,,,,,,,,,
12/21/2019 12:00,12/21/2019 13:00,11098.053,7.031,,,,,,,,,,,
12/21/2019 13:00,12/21/2019 14:00,11517.263,7.13,,,,,,,,,,,
12/21/2019 14:00,12/21/2019 15:00,11516.271,7.124,,,,,,,,,,,
12/21/2019 15:00,12/21/2019 16:00,11226.77,7.061,,,,,,,,,,,
12/21/2019 16:00,12/21/2019 17:00,11242.051,7.065,,,,,,,,,,,
12/21/2019 17:00,12/21/2019 18:00,11815.42,7.199,,,,,,,,,,,
12/21/2019 18:00,12/21/2019 19:00,12200.9,7.282,,,,,,,,,,,
12/21/2019 19:00,12/21/2019 20:00,12435.76,7.342,,,,,,,,,,,
12/21/2019 20:00,12/21/2019 21:00,12688.007,7.392,,,,,,,,,,,
12/21/2019 21:00,12/21/2019 22:00,12886.048,7.439,,,,,,,,,,,
12/21/2019 22:00,12/21/2019 23:00,13201.791,7.51,,,,,,,,,,,
12/21/2019 23:00,12/22/2019 0:00,13523.587,7.591,,,,,,,,,,,
12/22/2019 0:00,12/22/2019 1:00,13894.911,7.667,,,,,,,,,,,
12/22/2019 1:00,12/22/2019 2:00,13447.826,7.573,,,,,,,,,,,
12/22/2019 2:00,12/22/2019 3:00,13708.795,7.633,,,,,,,,,,,
12/22/2019 3:00,12/22/2019 4:00,13777.611,7.641,,,,,,,,,,,
12/22/2019 4:00,12/22/2019 5:00,13827.658,7.652,,,,,,,,,,,
12/22/2019 5:00,12/22/2019 6:00,13202.797,7.518,,,,,,,,,,,
12/22/2019 6:00,12/22/2019 7:00,12507.762,7.36,,,,,,,,,,,
12/22/2019 7:00,12/22/2019 8:00,12277.734,7.307,,,,,,,,,,,
12/22/2019 8:00,12/22/2019 9:00,12824.774,7.432,,,,,,,,,,,
12/22/2019 9:00,12/22/2019 10:00,12721.426,7.404,,,,,,,,,,,
12/22/2019 10:00,12/22/2019 11:00,12857.124,7.436,,,,,,,,,,,
12/22/2019 11:00,12/22/2019 12:00,12929.339,7.457,,,,,,,,,,,
12/22/2019 12:00,12/22/2019 13:00,12804.536,7.42,,,,,,,,,,,
12/22/2019 13:00,12/22/2019 14:00,11729.366,7.175,,,,,,,,,,,
12/22/2019 14:00,12/22/2019 15:00,10751.873,6.939,,,,,,,,,,,
12/22/2019 15:00,12/22/2019 16:00,10758.85,6.94,,,,,,,,,,,
12/22/2019 16:00,12/22/2019 17:00,10676.051,6.92,,,,,,,,,,,
12/22/2019 17:00,12/22/2019 18:00,10388.626,6.857,,,,,,,,,,,
12/22/2019 18:00,12/22/2019 19:00,10053.421,6.778,,,,,,,,,,,
12/22/2019 19:00,12/22/2019 20:00,9946.906,6.742,,,,,,,,,,,
12/22/2019 20:00,12/22/2019 21:00,9707.456,6.686,,,,,,,,,,,
12/22/2019 21:00,12/22/2019 22:00,9266.769,6.575,,,,,,,,,,,
12/22/2019 22:00,12/22/2019 23:00,8526.317,6.389,,,,,,,,,,,
12/22/2019 23:00,12/23/2019 0:00,8006.651,6.241,,,,,,,,,,,
12/23/2019 0:00,12/23/2019 1:00,7322.846,6.056,,,,,,,,,,,
12/23/2019 1:00,12/23/2019 2:00,7012.103,5.961,,,,,,,,,,,
12/23/2019 2:00,12/23/2019 3:00,6466.465,5.8,,,,,,,,,,,
12/23/2019 3:00,12/23/2019 4:00,5845.369,5.617,,,,,,,,,,,
12/23/2019 4:00,12/23/2019 5:00,5190.575,5.402,,,,,,,,,,,
12/23/2019 5:00,12/23/2019 6:00,4573.277,5.187,,,,,,,,,,,
12/23/2019 6:00,12/23/2019 7:00,4177.272,5.031,,,,,,,,,,,
12/23/2019 7:00,12/23/2019 8:00,3895.303,4.931,,,,,,,,,,,
12/23/2019 8:00,12/23/2019 9:00,3620.046,4.821,,,,,,,,,,,
12/23/2019 9:00,12/23/2019 10:00,3260.627,4.668,,,,,,,,,,,
12/23/2019 10:00,12/23/2019 11:00,2881.649,4.501,,,,,,,,,,,
12/23/2019 11:00,12/23/2019 12:00,2550.732,4.344,,,,,,,,,,,
12/23/2019 12:00,12/23/2019 13:00,2305.672,4.221,,,,,,,,,,,
12/23/2019 13:00,12/23/2019 14:00,2139.849,4.125,,,,,,,,,,,
12/23/2019 14:00,12/23/2019 15:00,1963.094,4.029,,,,,,,,,,,
12/23/2019 15:00,12/23/2019 16:00,1861.475,3.98,,,,,,,,,,,
12/23/2019 16:00,12/23/2019 17:00,1860.357,3.973,,,,,,,,,,,
12/23/2019 17:00,12/23/2019 18:00,1769.265,3.926,,,,,,,,,,,
12/23/2019 18:00,12/23/2019 19:00,1769.413,3.927,,,,,,,,,,,
12/23/2019 19:00,12/23/2019 20:00,1939.891,4.022,,,,,,,,,,,
12/23/2019 20:00,12/23/2019 21:00,2033.563,4.077,,,,,,,,,,,
12/23/2019 21:00,12/23/2019 22:00,2205.723,4.169,,,,,,,,,,,
12/23/2019 22:00,12/23/2019 23:00,2705.345,4.409,,,,,,,,,,,
12/23/2019 23:00,12/24/2019 0:00,2449.318,4.285,,,,,,,,,,,
12/24/2019 0:00,12/24/2019 1:00,2416.365,4.274,,,,,,,,,,,
12/24/2019 1:00,12/24/2019 2:00,2393.472,4.266,,,,,,,,,,,
12/24/2019 2:00,12/24/2019 3:00,2228.584,4.181,,,,,,,,,,,
12/24/2019 3:00,12/24/2019 4:00,2322.3,4.23,,,,,,,,,,,
12/24/2019 4:00,12/24/2019 5:00,2468.419,4.303,,,,,,,,,,,
12/24/2019 5:00,12/24/2019 6:00,2381.175,4.26,,,,,,,,,,,
12/24/2019 6:00,12/24/2019 7:00,2329.175,4.233,,,,,,,,,,,
12/24/2019 7:00,12/24/2019 8:00,2298.967,4.218,,,,,,,,,,,
12/24/2019 8:00,12/24/2019 9:00,2514.203,4.326,,,,,,,,,,,
12/24/2019 9:00,12/24/2019 10:00,2511.326,4.325,,,,,,,,,,,
12/24/2019 10:00,12/24/2019 11:00,2357.239,4.248,,,,,,,,,,,
12/24/2019 11:00,12/24/2019 12:00,2179.544,4.146,,,,,,,,,,,
12/24/2019 12:00,12/24/2019 13:00,1991.177,4.053,,,,,,,,,,,
12/24/2019 13:00,12/24/2019 14:00,1812.613,3.946,,,,,,,,,,,
12/24/2019 14:00,12/24/2019 15:00,1647.168,3.853,,,,,,,,,,,
12/24/2019 15:00,12/24/2019 16:00,1378.691,3.682,,,,,,,,,,,
12/24/2019 16:00,12/24/2019 17:00,1144.659,3.518,,,,,,,,,,,
12/24/2019 17:00,12/24/2019 18:00,1040.948,3.44,,,,,,,,,,,
12/24/2019 18:00,12/24/2019 19:00,994.026,3.403,,,,,,,,,,,
12/24/2019 19:00,12/24/2019 20:00,1016.833,3.421,,,,,,,,,,,
12/24/2019 20:00,12/24/2019 21:00,1031.577,3.433,,,,,,,,,,,
12/24/2019 21:00,12/24/2019 22:00,1166.044,3.534,,,,,,,,,,,
12/24/2019 22:00,12/24/2019 23:00,1333.406,3.652,,,,,,,,,,,
12/24/2019 23:00,12/25/2019 0:00,1502.02,3.763,,,,,,,,,,,
12/25/2019 0:00,12/25/2019 1:00,1567.246,3.804,,,,,,,,,,,
12/25/2019 1:00,12/25/2019 2:00,1535.259,3.784,,,,,,,,,,,
12/25/2019 2:00,12/25/2019 3:00,1622.994,3.838,,,,,,,,,,,
12/25/2019 3:00,12/25/2019 4:00,1768.706,3.926,,,,,,,,,,,
12/25/2019 4:00,12/25/2019 5:00,2050.588,4.086,,,,,,,,,,,
12/25/2019 5:00,12/25/2019 6:00,2279.021,4.207,,,,,,,,,,,
12/25/2019 6:00,12/25/2019 7:00,2516.515,4.327,,,,,,,,,,,
12/25/2019 7:00,12/25/2019 8:00,2511.522,4.325,,,,,,,,,,,
12/25/2019 8:00,12/25/2019 9:00,2369.113,4.254,,,,,,,,,,,
12/25/2019 9:00,12/25/2019 10:00,2352.174,4.245,,,,,,,,,,,
12/25/2019 10:00,12/25/2019 11:00,2478.115,4.308,,,,,,,,,,,
12/25/2019 11:00,12/25/2019 12:00,2460.748,4.296,,,,,,,,,,,
12/25/2019 12:00,12/25/2019 13:00,2468.732,4.304,,,,,,,,,,,
12/25/2019 13:00,12/25/2019 14:00,2278.007,4.207,,,,,,,,,,,
12/25/2019 14:00,12/25/2019 15:00,2188.507,4.159,,,,,,,,,,,
12/25/2019 15:00,12/25/2019 16:00,2300.092,4.218,,,,,,,,,,,
12/25/2019 16:00,12/25/2019 17:00,2235.961,4.185,,,,,,,,,,,
12/25/2019 17:00,12/25/2019 18:00,2326.271,4.232,,,,,,,,,,,
12/25/2019 18:00,12/25/2019 19:00,2563.457,4.35,,,,,,,,,,,
12/25/2019 19:00,12/25/2019 20:00,2569.857,4.353,,,,,,,,,,,
12/25/2019 20:00,12/25/2019 21:00,2674.049,4.395,,,,,,,,,,,
12/25/2019 21:00,12/25/2019 22:00,2708.108,4.42,,,,,,,,,,,
12/25/2019 22:00,12/25/2019 23:00,2716.658,4.424,,,,,,,,,,,
12/25/2019 23:00,12/26/2019 0:00,2616.008,4.368,,,,,,,,,,,
12/26/2019 0:00,12/26/2019 1:00,2460.88,4.297,,,,,,,,,,,
12/26/2019 1:00,12/26/2019 2:00,2375.712,4.257,,,,,,,,,,,
12/26/2019 2:00,12/26/2019 3:00,2460.833,4.296,,,,,,,,,,,
12/26/2019 3:00,12/26/2019 4:00,2480.429,4.309,,,,,,,,,,,
12/26/2019 4:00,12/26/2019 5:00,2686.124,4.4,,,,,,,,,,,
12/26/2019 5:00,12/26/2019 6:00,2915.904,4.517,,,,,,,,,,,
12/26/2019 6:00,12/26/2019 7:00,2988.67,4.548,,,,,,,,,,,
12/26/2019 7:00,12/26/2019 8:00,3246.052,4.654,,,,,,,,,,,
12/26/2019 8:00,12/26/2019 9:00,3616.495,4.811,,,,,,,,,,,
12/26/2019 9:00,12/26/2019 10:00,3883.792,4.927,,,,,,,,,,,
12/26/2019 10:00,12/26/2019 11:00,4190.331,5.036,,,,,,,,,,,
12/26/2019 11:00,12/26/2019 12:00,4441.685,5.139,,,,,,,,,,,
12/26/2019 12:00,12/26/2019 13:00,4833.399,5.275,,,,,,,,,,,
12/26/2019 13:00,12/26/2019 14:00,5381.038,5.457,,,,,,,,,,,
12/26/2019 14:00,12/26/2019 15:00,5760.059,5.588,,,,,,,,,,,
12/26/2019 15:00,12/26/2019 16:00,6172.118,5.712,,,,,,,,,,,
12/26/2019 16:00,12/26/2019 17:00,6620.831,5.856,,,,,,,,,,,
12/26/2019 17:00,12/26/2019 18:00,7014.362,5.962,,,,,,,,,,,
12/26/2019 18:00,12/26/2019 19:00,7076.874,5.98,,,,,,,,,,,
12/26/2019 19:00,12/26/2019 20:00,7001.875,5.958,,,,,,,,,,,
12/26/2019 20:00,12/26/2019 21:00,7181.802,6.012,,,,,,,,,,,
12/26/2019 21:00,12/26/2019 22:00,8034.417,6.254,,,,,,,,,,,
12/26/2019 22:00,12/26/2019 23:00,8233.82,6.311,,,,,,,,,,,
12/26/2019 23:00,12/27/2019 0:00,7684.735,6.161,,,,,,,,,,,
12/27/2019 0:00,12/27/2019 1:00,7020.836,5.964,,,,,,,,,,,
12/27/2019 1:00,12/27/2019 2:00,6467.118,5.803,,,,,,,,,,,
12/27/2019 2:00,12/27/2019 3:00,6069.788,5.688,,,,,,,,,,,
12/27/2019 3:00,12/27/2019 4:00,5138.697,5.385,,,,,,,,,,,
12/27/2019 4:00,12/27/2019 5:00,4409.865,5.127,,,,,,,,,,,
12/27/2019 5:00,12/27/2019 6:00,3785.314,4.878,,,,,,,,,,,
12/27/2019 6:00,12/27/2019 7:00,3396.093,4.728,,,,,,,,,,,
12/27/2019 7:00,12/27/2019 8:00,3149.546,4.616,,,,,,,,,,,
12/27/2019 8:00,12/27/2019 9:00,3035.54,4.571,,,,,,,,,,,
12/27/2019 9:00,12/27/2019 10:00,3259.686,4.663,,,,,,,,,,,
12/27/2019 10:00,12/27/2019 11:00,3456.044,4.753,,,,,,,,,,,
12/27/2019 11:00,12/27/2019 12:00,3552.228,4.784,,,,,,,,,,,
12/27/2019 12:00,12/27/2019 13:00,3725.592,4.862,,,,,,,,,,,
12/27/2019 13:00,12/27/2019 14:00,3965.009,4.958,,,,,,,,,,,
12/27/2019 14:00,12/27/2019 15:00,4068.688,4.999,,,,,,,,,,,
12/27/2019 15:00,12/27/2019 16:00,3924.157,4.943,,,,,,,,,,,
12/27/2019 16:00,12/27/2019 17:00,4101.601,5.011,,,,,,,,,,,
12/27/2019 17:00,12/27/2019 18:00,4358.019,5.108,,,,,,,,,,,
12/27/2019 18:00,12/27/2019 19:00,5033.839,5.349,,,,,,,,,,,
12/27/2019 19:00,12/27/2019 20:00,5807.936,5.605,,,,,,,,,,,
12/27/2019 20:00,12/27/2019 21:00,7453.718,6.093,,,,,,,,,,,
12/27/2019 21:00,12/27/2019 22:00,9147.402,6.55,,,,,,,,,,,
12/27/2019 22:00,12/27/2019 23:00,10075.942,6.783,,,,,,,,,,,
12/27/2019 23:00,12/28/2019 0:00,10628.556,6.914,,,,,,,,,,,
12/28/2019 0:00,12/28/2019 1:00,11515.676,7.12,,,,,,,,,,,
12/28/2019 1:00,12/28/2019 2:00,12499.297,7.35,,,,,,,,,,,
12/28/2019 2:00,12/28/2019 3:00,13395.227,7.564,,,,,,,,,,,
12/28/2019 3:00,12/28/2019 4:00,14257.191,7.755,,,,,,,,,,,
12/28/2019 4:00,12/28/2019 5:00,15468.124,8.026,,,,,,,,,,,
12/28/2019 5:00,12/28/2019 6:00,16432.434,8.249,,,,,,,,,,,
12/28/2019 6:00,12/28/2019 7:00,17527.619,8.493,,,,,,,,,,,
12/28/2019 7:00,12/28/2019 8:00,19073.855,8.862,,,,,,,,,,,
12/28/2019 8:00,12/28/2019 9:00,21187.453,9.385,,,,,,,,,,,
12/28/2019 9:00,12/28/2019 10:00,22225.83,9.66,,,,,,,,,,,
12/28/2019 10:00,12/28/2019 11:00,24430.76,10.311,,,,,,,,,,,
12/28/2019 11:00,12/28/2019 12:00,26212.991,10.94,,,,,,,,,,,
12/28/2019 12:00,12/28/2019 13:00,26644.901,11.112,,,,,,,,,,,
12/28/2019 13:00,12/28/2019 14:00,28350.868,11.931,,,,,,,,,,,
12/28/2019 14:00,12/28/2019 15:00,28383.734,11.941,,,,,,,,,,,
12/28/2019 15:00,12/28/2019 16:00,28386.503,11.953,,,,,,,,,,,
12/28/2019 16:00,12/28/2019 17:00,28089.342,11.788,,,,,,,,,,,
12/28/2019 17:00,12/28/2019 18:00,27965.041,11.725,,,,,,,,,,,
12/28/2019 18:00,12/28/2019 19:00,27980.642,11.731,,,,,,,,,,,
12/28/2019 19:00,12/28/2019 20:00,27259.648,11.381,,,,,,,,,,,
12/28/2019 20:00,12/28/2019 21:00,26301.451,10.975,,,,,,,,,,,
12/28/2019 21:00,12/28/2019 22:00,24854.937,10.449,,,,,,,,,,,
12/28/2019 22:00,12/28/2019 23:00,23791.151,10.111,,,,,,,,,,,
12/28/2019 23:00,12/29/2019 0:00,24522.172,10.334,,,,,,,,,,,
12/29/2019 0:00,12/29/2019 1:00,23371.747,9.985,,,,,,,,,,,
12/29/2019 1:00,12/29/2019 2:00,21121.454,9.368,,,,,,,,,,,
12/29/2019 2:00,12/29/2019 3:00,20037.743,9.095,,,,,,,,,,,
12/29/2019 3:00,12/29/2019 4:00,19216.323,8.893,,,,,,,,,,,
12/29/2019 4:00,12/29/2019 5:00,18610.585,8.751,,,,,,,,,,,
12/29/2019 5:00,12/29/2019 6:00,20000.351,9.086,,,,,,,,,,,
12/29/2019 6:00,12/29/2019 7:00,21744.557,9.531,,,,,,,,,,,
12/29/2019 7:00,12/29/2019 8:00,21704.971,9.513,,,,,,,,,,,
12/29/2019 8:00,12/29/2019 9:00,20167.494,9.127,,,,,,,,,,,
12/29/2019 9:00,12/29/2019 10:00,19731.929,9.01,,,,,,,,,,,
12/29/2019 10:00,12/29/2019 11:00,16660.394,8.296,,,,,,,,,,,
12/29/2019 11:00,12/29/2019 12:00,12028.75,7.242,,,,,,,,,,,
12/29/2019 12:00,12/29/2019 13:00,7291.794,6.046,,,,,,,,,,,
12/29/2019 13:00,12/29/2019 14:00,4227.515,5.05,,,,,,,,,,,
12/29/2019 14:00,12/29/2019 15:00,1905.88,4.005,,,,,,,,,,,
12/29/2019 15:00,12/29/2019 16:00,1361.532,3.671,,,,,,,,,,,
12/29/2019 16:00,12/29/2019 17:00,2758.03,4.444,,,,,,,,,,,
12/29/2019 17:00,12/29/2019 18:00,3959.625,4.956,,,,,,,,,,,
12/29/2019 18:00,12/29/2019 19:00,3948.163,4.952,,,,,,,,,,,
12/29/2019 19:00,12/29/2019 20:00,3233.713,4.649,,,,,,,,,,,
12/29/2019 20:00,12/29/2019 21:00,2146.728,4.129,,,,,,,,,,,
12/29/2019 21:00,12/29/2019 22:00,1860.326,3.973,,,,,,,,,,,
12/29/2019 22:00,12/29/2019 23:00,2296.905,4.217,,,,,,,,,,,
12/29/2019 23:00,12/30/2019 0:00,3436.818,4.745,,,,,,,,,,,
12/30/2019 0:00,12/30/2019 1:00,5403.361,5.474,,,,,,,,,,,
12/30/2019 1:00,12/30/2019 2:00,6445.299,5.794,,,,,,,,,,,
12/30/2019 2:00,12/30/2019 3:00,6456.116,5.797,,,,,,,,,,,
12/30/2019 3:00,12/30/2019 4:00,6140.709,5.7,,,,,,,,,,,
12/30/2019 4:00,12/30/2019 5:00,5870.504,5.625,,,,,,,,,,,
12/30/2019 5:00,12/30/2019 6:00,5690.868,5.558,,,,,,,,,,,
12/30/2019 6:00,12/30/2019 7:00,6001.899,5.666,,,,,,,,,,,
12/30/2019 7:00,12/30/2019 8:00,4517.91,5.167,,,,,,,,,,,
12/30/2019 8:00,12/30/2019 9:00,2864.397,4.493,,,,,,,,,,,
12/30/2019 9:00,12/30/2019 10:00,1528.761,3.78,,,,,,,,,,,
12/30/2019 10:00,12/30/2019 11:00,655.004,3.104,,,,,,,,,,,
12/30/2019 11:00,12/30/2019 12:00,530.258,2.963,,,,,,,,,,,
12/30/2019 12:00,12/30/2019 13:00,1694.149,3.873,,,,,,,,,,,
12/30/2019 13:00,12/30/2019 14:00,3174.881,4.623,,,,,,,,,,,
12/30/2019 14:00,12/30/2019 15:00,4018.449,4.979,,,,,,,,,,,
12/30/2019 15:00,12/30/2019 16:00,4178.266,5.031,,,,,,,,,,,
12/30/2019 16:00,12/30/2019 17:00,3495.937,4.77,,,,,,,,,,,
12/30/2019 17:00,12/30/2019 18:00,2742.335,4.436,,,,,,,,,,,
12/30/2019 18:00,12/30/2019 19:00,1956.484,4.027,,,,,,,,,,,
12/30/2019 19:00,12/30/2019 20:00,1350.454,3.663,,,,,,,,,,,
12/30/2019 20:00,12/30/2019 21:00,1403.32,3.694,,,,,,,,,,,
12/30/2019 21:00,12/30/2019 22:00,2021.73,4.07,,,,,,,,,,,
12/30/2019 22:00,12/30/2019 23:00,2797.235,4.462,,,,,,,,,,,
12/30/2019 23:00,12/31/2019 0:00,3445.06,4.748,,,,,,,,,,,
12/31/2019 0:00,12/31/2019 1:00,4211.493,5.044,,,,,,,,,,,
12/31/2019 1:00,12/31/2019 2:00,4779.207,5.26,,,,,,,,,,,
12/31/2019 2:00,12/31/2019 3:00,6126.849,5.698,,,,,,,,,,,
12/31/2019 3:00,12/31/2019 4:00,7897.541,6.216,,,,,,,,,,,
12/31/2019 4:00,12/31/2019 5:00,10831.303,6.959,,,,,,,,,,,
12/31/2019 5:00,12/31/2019 6:00,13083.047,7.486,,,,,,,,,,,
12/31/2019 6:00,12/31/2019 7:00,16153.141,8.187,,,,,,,,,,,
12/31/2019 7:00,12/31/2019 8:00,16828.514,8.34,,,,,,,,,,,
12/31/2019 8:00,12/31/2019 9:00,18298.439,8.669,,,,,,,,,,,
12/31/2019 9:00,12/31/2019 10:00,20411.66,9.184,,,,,,,,,,,
12/31/2019 10:00,12/31/2019 11:00,21407.032,9.436,,,,,,,,,,,
12/31/2019 11:00,12/31/2019 12:00,20990.671,9.334,,,,,,,,,,,
12/31/2019 12:00,12/31/2019 13:00,18998.022,8.844,,,,,,,,,,,
12/31/2019 13:00,12/31/2019 14:00,17977.829,8.604,,,,,,,,,,,
12/31/2019 14:00,12/31/2019 15:00,17814.893,8.563,,,,,,,,,,,
12/31/2019 15:00,12/31/2019 16:00,18024.933,8.615,,,,,,,,,,,
12/31/2019 16:00,12/31/2019 17:00,17425.023,8.476,,,,,,,,,,,
12/31/2019 17:00,12/31/2019 18:00,16119.113,8.17,,,,,,,,,,,
12/31/2019 18:00,12/31/2019 19:00,14176.898,7.736,,,,,,,,,,,
12/31/2019 19:00,12/31/2019 20:00,11515.958,7.122,,,,,,,,,,,
12/31/2019 20:00,12/31/2019 21:00,8868.767,6.474,,,,,,,,,,,
12/31/2019 21:00,12/31/2019 22:00,6920.782,5.942,,,,,,,,,,,
12/31/2019 22:00,12/31/2019 23:00,5376.884,5.456,,,,,,,,,,,
12/31/2019 23:00,1/1/2020 0:00,3830.133,4.905,,,,,,,,,,,
