# Renewables.ninja Wind power (Point API) - 68.450, 17.390 - Version: 1.4 - License: https://creativecommons.org/licenses/by-nc/4.0/ - Reference: https://doi.org/10.1016/j.energy.2016.08.068,,,,,,,,,,,,
# Units: time in UTC, local_time in Europe/Paris, electricity in kW,,,,,,,,,,,
"# {""units"": {""time"": ""UTC"""," ""local_time"": ""Europe/Paris"""," ""electricity"": ""kW""}"," ""params"": {""local_time"": ""true"""," ""header"": ""true"""," ""lat"": ""68.45"""," ""lon"": ""17.39"""," ""date_from"": ""2019-01-01"""," ""date_to"": ""2019-12-31"""," ""dataset"": ""merra2"""," ""capacity"": ""32.2"""," ""height"": ""80"""," ""turbine"": ""Vestas V90 2000"""," ""raw"": ""false""}}"
time,local_time,electricity,,,,,,,,,,,
1/1/2019 0:00,1/1/2019 1:00,1.197,,,,,,,,,,,
1/1/2019 1:00,1/1/2019 2:00,2.126,,,,,,,,,,,
1/1/2019 2:00,1/1/2019 3:00,3.807,,,,,,,,,,,
1/1/2019 3:00,1/1/2019 4:00,5.295,,,,,,,,,,,
1/1/2019 4:00,1/1/2019 5:00,7.43,,,,,,,,,,,
1/1/2019 5:00,1/1/2019 6:00,9.513,,,,,,,,,,,
1/1/2019 6:00,1/1/2019 7:00,10.388,,,,,,,,,,,
1/1/2019 7:00,1/1/2019 8:00,10.02,,,,,,,,,,,
1/1/2019 8:00,1/1/2019 9:00,12.752,,,,,,,,,,,
1/1/2019 9:00,1/1/2019 10:00,16.637,,,,,,,,,,,
1/1/2019 10:00,1/1/2019 11:00,20.136,,,,,,,,,,,
1/1/2019 11:00,1/1/2019 12:00,21.413,,,,,,,,,,,
1/1/2019 12:00,1/1/2019 13:00,21.729,,,,,,,,,,,
1/1/2019 13:00,1/1/2019 14:00,22.985,,,,,,,,,,,
1/1/2019 14:00,1/1/2019 15:00,20.196,,,,,,,,,,,
1/1/2019 15:00,1/1/2019 16:00,15.06,,,,,,,,,,,
1/1/2019 16:00,1/1/2019 17:00,8.549,,,,,,,,,,,
1/1/2019 17:00,1/1/2019 18:00,5.598,,,,,,,,,,,
1/1/2019 18:00,1/1/2019 19:00,5.938,,,,,,,,,,,
1/1/2019 19:00,1/1/2019 20:00,9.04,,,,,,,,,,,
1/1/2019 20:00,1/1/2019 21:00,13.664,,,,,,,,,,,
1/1/2019 21:00,1/1/2019 22:00,14.449,,,,,,,,,,,
1/1/2019 22:00,1/1/2019 23:00,13.524,,,,,,,,,,,
1/1/2019 23:00,1/2/2019 0:00,12.686,,,,,,,,,,,
1/2/2019 0:00,1/2/2019 1:00,12.895,,,,,,,,,,,
1/2/2019 1:00,1/2/2019 2:00,13.115,,,,,,,,,,,
1/2/2019 2:00,1/2/2019 3:00,12.411,,,,,,,,,,,
1/2/2019 3:00,1/2/2019 4:00,10.837,,,,,,,,,,,
1/2/2019 4:00,1/2/2019 5:00,9.927,,,,,,,,,,,
1/2/2019 5:00,1/2/2019 6:00,8.796,,,,,,,,,,,
1/2/2019 6:00,1/2/2019 7:00,8.252,,,,,,,,,,,
1/2/2019 7:00,1/2/2019 8:00,8.466,,,,,,,,,,,
1/2/2019 8:00,1/2/2019 9:00,8.298,,,,,,,,,,,
1/2/2019 9:00,1/2/2019 10:00,7.712,,,,,,,,,,,
1/2/2019 10:00,1/2/2019 11:00,6.751,,,,,,,,,,,
1/2/2019 11:00,1/2/2019 12:00,5.68,,,,,,,,,,,
1/2/2019 12:00,1/2/2019 13:00,4.447,,,,,,,,,,,
1/2/2019 13:00,1/2/2019 14:00,3.626,,,,,,,,,,,
1/2/2019 14:00,1/2/2019 15:00,3.212,,,,,,,,,,,
1/2/2019 15:00,1/2/2019 16:00,2.545,,,,,,,,,,,
1/2/2019 16:00,1/2/2019 17:00,1.961,,,,,,,,,,,
1/2/2019 17:00,1/2/2019 18:00,1.73,,,,,,,,,,,
1/2/2019 18:00,1/2/2019 19:00,2.247,,,,,,,,,,,
1/2/2019 19:00,1/2/2019 20:00,3.26,,,,,,,,,,,
1/2/2019 20:00,1/2/2019 21:00,4.016,,,,,,,,,,,
1/2/2019 21:00,1/2/2019 22:00,4.443,,,,,,,,,,,
1/2/2019 22:00,1/2/2019 23:00,4.922,,,,,,,,,,,
1/2/2019 23:00,1/3/2019 0:00,6.172,,,,,,,,,,,
1/3/2019 0:00,1/3/2019 1:00,7.182,,,,,,,,,,,
1/3/2019 1:00,1/3/2019 2:00,8.837,,,,,,,,,,,
1/3/2019 2:00,1/3/2019 3:00,10.47,,,,,,,,,,,
1/3/2019 3:00,1/3/2019 4:00,12.202,,,,,,,,,,,
1/3/2019 4:00,1/3/2019 5:00,13.686,,,,,,,,,,,
1/3/2019 5:00,1/3/2019 6:00,14.043,,,,,,,,,,,
1/3/2019 6:00,1/3/2019 7:00,14.377,,,,,,,,,,,
1/3/2019 7:00,1/3/2019 8:00,15.027,,,,,,,,,,,
1/3/2019 8:00,1/3/2019 9:00,15.503,,,,,,,,,,,
1/3/2019 9:00,1/3/2019 10:00,15.813,,,,,,,,,,,
1/3/2019 10:00,1/3/2019 11:00,15.725,,,,,,,,,,,
1/3/2019 11:00,1/3/2019 12:00,15.359,,,,,,,,,,,
1/3/2019 12:00,1/3/2019 13:00,14.873,,,,,,,,,,,
1/3/2019 13:00,1/3/2019 14:00,20.773,,,,,,,,,,,
1/3/2019 14:00,1/3/2019 15:00,21.367,,,,,,,,,,,
1/3/2019 15:00,1/3/2019 16:00,17.788,,,,,,,,,,,
1/3/2019 16:00,1/3/2019 17:00,15.817,,,,,,,,,,,
1/3/2019 17:00,1/3/2019 18:00,14.235,,,,,,,,,,,
1/3/2019 18:00,1/3/2019 19:00,13.859,,,,,,,,,,,
1/3/2019 19:00,1/3/2019 20:00,15.622,,,,,,,,,,,
1/3/2019 20:00,1/3/2019 21:00,15.414,,,,,,,,,,,
1/3/2019 21:00,1/3/2019 22:00,15.114,,,,,,,,,,,
1/3/2019 22:00,1/3/2019 23:00,14.319,,,,,,,,,,,
1/3/2019 23:00,1/4/2019 0:00,13.247,,,,,,,,,,,
1/4/2019 0:00,1/4/2019 1:00,11.126,,,,,,,,,,,
1/4/2019 1:00,1/4/2019 2:00,8.759,,,,,,,,,,,
1/4/2019 2:00,1/4/2019 3:00,7.033,,,,,,,,,,,
1/4/2019 3:00,1/4/2019 4:00,5.746,,,,,,,,,,,
1/4/2019 4:00,1/4/2019 5:00,4.637,,,,,,,,,,,
1/4/2019 5:00,1/4/2019 6:00,4.282,,,,,,,,,,,
1/4/2019 6:00,1/4/2019 7:00,3.294,,,,,,,,,,,
1/4/2019 7:00,1/4/2019 8:00,2.47,,,,,,,,,,,
1/4/2019 8:00,1/4/2019 9:00,2.053,,,,,,,,,,,
1/4/2019 9:00,1/4/2019 10:00,1.861,,,,,,,,,,,
1/4/2019 10:00,1/4/2019 11:00,1.861,,,,,,,,,,,
1/4/2019 11:00,1/4/2019 12:00,1.989,,,,,,,,,,,
1/4/2019 12:00,1/4/2019 13:00,1.917,,,,,,,,,,,
1/4/2019 13:00,1/4/2019 14:00,1.714,,,,,,,,,,,
1/4/2019 14:00,1/4/2019 15:00,1.477,,,,,,,,,,,
1/4/2019 15:00,1/4/2019 16:00,1.377,,,,,,,,,,,
1/4/2019 16:00,1/4/2019 17:00,1.326,,,,,,,,,,,
1/4/2019 17:00,1/4/2019 18:00,1.292,,,,,,,,,,,
1/4/2019 18:00,1/4/2019 19:00,1.275,,,,,,,,,,,
1/4/2019 19:00,1/4/2019 20:00,1.231,,,,,,,,,,,
1/4/2019 20:00,1/4/2019 21:00,1.221,,,,,,,,,,,
1/4/2019 21:00,1/4/2019 22:00,1.451,,,,,,,,,,,
1/4/2019 22:00,1/4/2019 23:00,1.64,,,,,,,,,,,
1/4/2019 23:00,1/5/2019 0:00,1.84,,,,,,,,,,,
1/5/2019 0:00,1/5/2019 1:00,2.234,,,,,,,,,,,
1/5/2019 1:00,1/5/2019 2:00,2.694,,,,,,,,,,,
1/5/2019 2:00,1/5/2019 3:00,2.986,,,,,,,,,,,
1/5/2019 3:00,1/5/2019 4:00,2.76,,,,,,,,,,,
1/5/2019 4:00,1/5/2019 5:00,2.633,,,,,,,,,,,
1/5/2019 5:00,1/5/2019 6:00,2.775,,,,,,,,,,,
1/5/2019 6:00,1/5/2019 7:00,2.892,,,,,,,,,,,
1/5/2019 7:00,1/5/2019 8:00,2.737,,,,,,,,,,,
1/5/2019 8:00,1/5/2019 9:00,2.848,,,,,,,,,,,
1/5/2019 9:00,1/5/2019 10:00,3.224,,,,,,,,,,,
1/5/2019 10:00,1/5/2019 11:00,4.395,,,,,,,,,,,
1/5/2019 11:00,1/5/2019 12:00,5.507,,,,,,,,,,,
1/5/2019 12:00,1/5/2019 13:00,6.19,,,,,,,,,,,
1/5/2019 13:00,1/5/2019 14:00,6.802,,,,,,,,,,,
1/5/2019 14:00,1/5/2019 15:00,7.622,,,,,,,,,,,
1/5/2019 15:00,1/5/2019 16:00,8.759,,,,,,,,,,,
1/5/2019 16:00,1/5/2019 17:00,8.928,,,,,,,,,,,
1/5/2019 17:00,1/5/2019 18:00,8.16,,,,,,,,,,,
1/5/2019 18:00,1/5/2019 19:00,6.566,,,,,,,,,,,
1/5/2019 19:00,1/5/2019 20:00,7.763,,,,,,,,,,,
1/5/2019 20:00,1/5/2019 21:00,9.303,,,,,,,,,,,
1/5/2019 21:00,1/5/2019 22:00,9.555,,,,,,,,,,,
1/5/2019 22:00,1/5/2019 23:00,10.167,,,,,,,,,,,
1/5/2019 23:00,1/6/2019 0:00,11.814,,,,,,,,,,,
1/6/2019 0:00,1/6/2019 1:00,12.697,,,,,,,,,,,
1/6/2019 1:00,1/6/2019 2:00,13.716,,,,,,,,,,,
1/6/2019 2:00,1/6/2019 3:00,14.678,,,,,,,,,,,
1/6/2019 3:00,1/6/2019 4:00,14.616,,,,,,,,,,,
1/6/2019 4:00,1/6/2019 5:00,14.848,,,,,,,,,,,
1/6/2019 5:00,1/6/2019 6:00,13.026,,,,,,,,,,,
1/6/2019 6:00,1/6/2019 7:00,12.123,,,,,,,,,,,
1/6/2019 7:00,1/6/2019 8:00,12.109,,,,,,,,,,,
1/6/2019 8:00,1/6/2019 9:00,13.51,,,,,,,,,,,
1/6/2019 9:00,1/6/2019 10:00,15.134,,,,,,,,,,,
1/6/2019 10:00,1/6/2019 11:00,16.294,,,,,,,,,,,
1/6/2019 11:00,1/6/2019 12:00,22.436,,,,,,,,,,,
1/6/2019 12:00,1/6/2019 13:00,22.09,,,,,,,,,,,
1/6/2019 13:00,1/6/2019 14:00,19.315,,,,,,,,,,,
1/6/2019 14:00,1/6/2019 15:00,15.668,,,,,,,,,,,
1/6/2019 15:00,1/6/2019 16:00,14.425,,,,,,,,,,,
1/6/2019 16:00,1/6/2019 17:00,12.33,,,,,,,,,,,
1/6/2019 17:00,1/6/2019 18:00,11.97,,,,,,,,,,,
1/6/2019 18:00,1/6/2019 19:00,11.503,,,,,,,,,,,
1/6/2019 19:00,1/6/2019 20:00,11.093,,,,,,,,,,,
1/6/2019 20:00,1/6/2019 21:00,11.798,,,,,,,,,,,
1/6/2019 21:00,1/6/2019 22:00,13.203,,,,,,,,,,,
1/6/2019 22:00,1/6/2019 23:00,15.544,,,,,,,,,,,
1/6/2019 23:00,1/7/2019 0:00,17.206,,,,,,,,,,,
1/7/2019 0:00,1/7/2019 1:00,18.603,,,,,,,,,,,
1/7/2019 1:00,1/7/2019 2:00,20.322,,,,,,,,,,,
1/7/2019 2:00,1/7/2019 3:00,20.855,,,,,,,,,,,
1/7/2019 3:00,1/7/2019 4:00,21.365,,,,,,,,,,,
1/7/2019 4:00,1/7/2019 5:00,22.068,,,,,,,,,,,
1/7/2019 5:00,1/7/2019 6:00,23.245,,,,,,,,,,,
1/7/2019 6:00,1/7/2019 7:00,23.251,,,,,,,,,,,
1/7/2019 7:00,1/7/2019 8:00,21.691,,,,,,,,,,,
1/7/2019 8:00,1/7/2019 9:00,21.133,,,,,,,,,,,
1/7/2019 9:00,1/7/2019 10:00,20.566,,,,,,,,,,,
1/7/2019 10:00,1/7/2019 11:00,20.063,,,,,,,,,,,
1/7/2019 11:00,1/7/2019 12:00,20.99,,,,,,,,,,,
1/7/2019 12:00,1/7/2019 13:00,21.439,,,,,,,,,,,
1/7/2019 13:00,1/7/2019 14:00,21.515,,,,,,,,,,,
1/7/2019 14:00,1/7/2019 15:00,22.297,,,,,,,,,,,
1/7/2019 15:00,1/7/2019 16:00,22.34,,,,,,,,,,,
1/7/2019 16:00,1/7/2019 17:00,21.493,,,,,,,,,,,
1/7/2019 17:00,1/7/2019 18:00,20.301,,,,,,,,,,,
1/7/2019 18:00,1/7/2019 19:00,20.381,,,,,,,,,,,
1/7/2019 19:00,1/7/2019 20:00,20.113,,,,,,,,,,,
1/7/2019 20:00,1/7/2019 21:00,19.776,,,,,,,,,,,
1/7/2019 21:00,1/7/2019 22:00,18.687,,,,,,,,,,,
1/7/2019 22:00,1/7/2019 23:00,17.204,,,,,,,,,,,
1/7/2019 23:00,1/8/2019 0:00,16.608,,,,,,,,,,,
1/8/2019 0:00,1/8/2019 1:00,17.049,,,,,,,,,,,
1/8/2019 1:00,1/8/2019 2:00,17.917,,,,,,,,,,,
1/8/2019 2:00,1/8/2019 3:00,17.384,,,,,,,,,,,
1/8/2019 3:00,1/8/2019 4:00,17.051,,,,,,,,,,,
1/8/2019 4:00,1/8/2019 5:00,17.54,,,,,,,,,,,
1/8/2019 5:00,1/8/2019 6:00,18.117,,,,,,,,,,,
1/8/2019 6:00,1/8/2019 7:00,17.994,,,,,,,,,,,
1/8/2019 7:00,1/8/2019 8:00,18.304,,,,,,,,,,,
1/8/2019 8:00,1/8/2019 9:00,18.346,,,,,,,,,,,
1/8/2019 9:00,1/8/2019 10:00,18.087,,,,,,,,,,,
1/8/2019 10:00,1/8/2019 11:00,16.927,,,,,,,,,,,
1/8/2019 11:00,1/8/2019 12:00,15.319,,,,,,,,,,,
1/8/2019 12:00,1/8/2019 13:00,12.964,,,,,,,,,,,
1/8/2019 13:00,1/8/2019 14:00,10.118,,,,,,,,,,,
1/8/2019 14:00,1/8/2019 15:00,9.09,,,,,,,,,,,
1/8/2019 15:00,1/8/2019 16:00,9.46,,,,,,,,,,,
1/8/2019 16:00,1/8/2019 17:00,9.538,,,,,,,,,,,
1/8/2019 17:00,1/8/2019 18:00,9.532,,,,,,,,,,,
1/8/2019 18:00,1/8/2019 19:00,9.523,,,,,,,,,,,
1/8/2019 19:00,1/8/2019 20:00,9.075,,,,,,,,,,,
1/8/2019 20:00,1/8/2019 21:00,10.276,,,,,,,,,,,
1/8/2019 21:00,1/8/2019 22:00,9.133,,,,,,,,,,,
1/8/2019 22:00,1/8/2019 23:00,6.495,,,,,,,,,,,
1/8/2019 23:00,1/9/2019 0:00,4.946,,,,,,,,,,,
1/9/2019 0:00,1/9/2019 1:00,4.268,,,,,,,,,,,
1/9/2019 1:00,1/9/2019 2:00,4.246,,,,,,,,,,,
1/9/2019 2:00,1/9/2019 3:00,4.576,,,,,,,,,,,
1/9/2019 3:00,1/9/2019 4:00,4.52,,,,,,,,,,,
1/9/2019 4:00,1/9/2019 5:00,3.99,,,,,,,,,,,
1/9/2019 5:00,1/9/2019 6:00,3.378,,,,,,,,,,,
1/9/2019 6:00,1/9/2019 7:00,3.404,,,,,,,,,,,
1/9/2019 7:00,1/9/2019 8:00,3.52,,,,,,,,,,,
1/9/2019 8:00,1/9/2019 9:00,4.104,,,,,,,,,,,
1/9/2019 9:00,1/9/2019 10:00,5.198,,,,,,,,,,,
1/9/2019 10:00,1/9/2019 11:00,6.018,,,,,,,,,,,
1/9/2019 11:00,1/9/2019 12:00,6.518,,,,,,,,,,,
1/9/2019 12:00,1/9/2019 13:00,6.179,,,,,,,,,,,
1/9/2019 13:00,1/9/2019 14:00,5.088,,,,,,,,,,,
1/9/2019 14:00,1/9/2019 15:00,4.352,,,,,,,,,,,
1/9/2019 15:00,1/9/2019 16:00,4.283,,,,,,,,,,,
1/9/2019 16:00,1/9/2019 17:00,3.945,,,,,,,,,,,
1/9/2019 17:00,1/9/2019 18:00,3.618,,,,,,,,,,,
1/9/2019 18:00,1/9/2019 19:00,3.816,,,,,,,,,,,
1/9/2019 19:00,1/9/2019 20:00,4.641,,,,,,,,,,,
1/9/2019 20:00,1/9/2019 21:00,5.235,,,,,,,,,,,
1/9/2019 21:00,1/9/2019 22:00,7.06,,,,,,,,,,,
1/9/2019 22:00,1/9/2019 23:00,9.051,,,,,,,,,,,
1/9/2019 23:00,1/10/2019 0:00,11.13,,,,,,,,,,,
1/10/2019 0:00,1/10/2019 1:00,13.223,,,,,,,,,,,
1/10/2019 1:00,1/10/2019 2:00,15.797,,,,,,,,,,,
1/10/2019 2:00,1/10/2019 3:00,19.584,,,,,,,,,,,
1/10/2019 3:00,1/10/2019 4:00,21.045,,,,,,,,,,,
1/10/2019 4:00,1/10/2019 5:00,22.099,,,,,,,,,,,
1/10/2019 5:00,1/10/2019 6:00,22.067,,,,,,,,,,,
1/10/2019 6:00,1/10/2019 7:00,26.88,,,,,,,,,,,
1/10/2019 7:00,1/10/2019 8:00,29.418,,,,,,,,,,,
1/10/2019 8:00,1/10/2019 9:00,29.087,,,,,,,,,,,
1/10/2019 9:00,1/10/2019 10:00,30.224,,,,,,,,,,,
1/10/2019 10:00,1/10/2019 11:00,31.059,,,,,,,,,,,
1/10/2019 11:00,1/10/2019 12:00,31.409,,,,,,,,,,,
1/10/2019 12:00,1/10/2019 13:00,31.535,,,,,,,,,,,
1/10/2019 13:00,1/10/2019 14:00,31.606,,,,,,,,,,,
1/10/2019 14:00,1/10/2019 15:00,31.029,,,,,,,,,,,
1/10/2019 15:00,1/10/2019 16:00,31.193,,,,,,,,,,,
1/10/2019 16:00,1/10/2019 17:00,31.046,,,,,,,,,,,
1/10/2019 17:00,1/10/2019 18:00,30.282,,,,,,,,,,,
1/10/2019 18:00,1/10/2019 19:00,30.255,,,,,,,,,,,
1/10/2019 19:00,1/10/2019 20:00,30.574,,,,,,,,,,,
1/10/2019 20:00,1/10/2019 21:00,31.128,,,,,,,,,,,
1/10/2019 21:00,1/10/2019 22:00,31.55,,,,,,,,,,,
1/10/2019 22:00,1/10/2019 23:00,31.798,,,,,,,,,,,
1/10/2019 23:00,1/11/2019 0:00,31.88,,,,,,,,,,,
1/11/2019 0:00,1/11/2019 1:00,31.599,,,,,,,,,,,
1/11/2019 1:00,1/11/2019 2:00,30.87,,,,,,,,,,,
1/11/2019 2:00,1/11/2019 3:00,30.226,,,,,,,,,,,
1/11/2019 3:00,1/11/2019 4:00,28.761,,,,,,,,,,,
1/11/2019 4:00,1/11/2019 5:00,24.856,,,,,,,,,,,
1/11/2019 5:00,1/11/2019 6:00,22.444,,,,,,,,,,,
1/11/2019 6:00,1/11/2019 7:00,27.579,,,,,,,,,,,
1/11/2019 7:00,1/11/2019 8:00,30.942,,,,,,,,,,,
1/11/2019 8:00,1/11/2019 9:00,31.359,,,,,,,,,,,
1/11/2019 9:00,1/11/2019 10:00,30.776,,,,,,,,,,,
1/11/2019 10:00,1/11/2019 11:00,29.208,,,,,,,,,,,
1/11/2019 11:00,1/11/2019 12:00,27.558,,,,,,,,,,,
1/11/2019 12:00,1/11/2019 13:00,25.49,,,,,,,,,,,
1/11/2019 13:00,1/11/2019 14:00,29.161,,,,,,,,,,,
1/11/2019 14:00,1/11/2019 15:00,30.563,,,,,,,,,,,
1/11/2019 15:00,1/11/2019 16:00,28.894,,,,,,,,,,,
1/11/2019 16:00,1/11/2019 17:00,28.651,,,,,,,,,,,
1/11/2019 17:00,1/11/2019 18:00,28.597,,,,,,,,,,,
1/11/2019 18:00,1/11/2019 19:00,27.759,,,,,,,,,,,
1/11/2019 19:00,1/11/2019 20:00,26.686,,,,,,,,,,,
1/11/2019 20:00,1/11/2019 21:00,25.713,,,,,,,,,,,
1/11/2019 21:00,1/11/2019 22:00,25.464,,,,,,,,,,,
1/11/2019 22:00,1/11/2019 23:00,25.043,,,,,,,,,,,
1/11/2019 23:00,1/12/2019 0:00,24.522,,,,,,,,,,,
1/12/2019 0:00,1/12/2019 1:00,23.615,,,,,,,,,,,
1/12/2019 1:00,1/12/2019 2:00,22.769,,,,,,,,,,,
1/12/2019 2:00,1/12/2019 3:00,21.704,,,,,,,,,,,
1/12/2019 3:00,1/12/2019 4:00,20.381,,,,,,,,,,,
1/12/2019 4:00,1/12/2019 5:00,19.003,,,,,,,,,,,
1/12/2019 5:00,1/12/2019 6:00,17.041,,,,,,,,,,,
1/12/2019 6:00,1/12/2019 7:00,15.677,,,,,,,,,,,
1/12/2019 7:00,1/12/2019 8:00,14.217,,,,,,,,,,,
1/12/2019 8:00,1/12/2019 9:00,12.996,,,,,,,,,,,
1/12/2019 9:00,1/12/2019 10:00,12.201,,,,,,,,,,,
1/12/2019 10:00,1/12/2019 11:00,11.577,,,,,,,,,,,
1/12/2019 11:00,1/12/2019 12:00,11.083,,,,,,,,,,,
1/12/2019 12:00,1/12/2019 13:00,11.199,,,,,,,,,,,
1/12/2019 13:00,1/12/2019 14:00,12.03,,,,,,,,,,,
1/12/2019 14:00,1/12/2019 15:00,12.116,,,,,,,,,,,
1/12/2019 15:00,1/12/2019 16:00,11.171,,,,,,,,,,,
1/12/2019 16:00,1/12/2019 17:00,9.819,,,,,,,,,,,
1/12/2019 17:00,1/12/2019 18:00,8.998,,,,,,,,,,,
1/12/2019 18:00,1/12/2019 19:00,7.862,,,,,,,,,,,
1/12/2019 19:00,1/12/2019 20:00,7.081,,,,,,,,,,,
1/12/2019 20:00,1/12/2019 21:00,6.75,,,,,,,,,,,
1/12/2019 21:00,1/12/2019 22:00,6.715,,,,,,,,,,,
1/12/2019 22:00,1/12/2019 23:00,6.172,,,,,,,,,,,
1/12/2019 23:00,1/13/2019 0:00,6.236,,,,,,,,,,,
1/13/2019 0:00,1/13/2019 1:00,6.559,,,,,,,,,,,
1/13/2019 1:00,1/13/2019 2:00,6.315,,,,,,,,,,,
1/13/2019 2:00,1/13/2019 3:00,5.736,,,,,,,,,,,
1/13/2019 3:00,1/13/2019 4:00,4.951,,,,,,,,,,,
1/13/2019 4:00,1/13/2019 5:00,3.974,,,,,,,,,,,
1/13/2019 5:00,1/13/2019 6:00,3.057,,,,,,,,,,,
1/13/2019 6:00,1/13/2019 7:00,2.427,,,,,,,,,,,
1/13/2019 7:00,1/13/2019 8:00,2.026,,,,,,,,,,,
1/13/2019 8:00,1/13/2019 9:00,1.718,,,,,,,,,,,
1/13/2019 9:00,1/13/2019 10:00,1.451,,,,,,,,,,,
1/13/2019 10:00,1/13/2019 11:00,1.26,,,,,,,,,,,
1/13/2019 11:00,1/13/2019 12:00,1.134,,,,,,,,,,,
1/13/2019 12:00,1/13/2019 13:00,1.067,,,,,,,,,,,
1/13/2019 13:00,1/13/2019 14:00,0.988,,,,,,,,,,,
1/13/2019 14:00,1/13/2019 15:00,0.931,,,,,,,,,,,
1/13/2019 15:00,1/13/2019 16:00,1.08,,,,,,,,,,,
1/13/2019 16:00,1/13/2019 17:00,1.259,,,,,,,,,,,
1/13/2019 17:00,1/13/2019 18:00,1.227,,,,,,,,,,,
1/13/2019 18:00,1/13/2019 19:00,1.036,,,,,,,,,,,
1/13/2019 19:00,1/13/2019 20:00,0.804,,,,,,,,,,,
1/13/2019 20:00,1/13/2019 21:00,0.566,,,,,,,,,,,
1/13/2019 21:00,1/13/2019 22:00,0.377,,,,,,,,,,,
1/13/2019 22:00,1/13/2019 23:00,0.341,,,,,,,,,,,
1/13/2019 23:00,1/14/2019 0:00,0.4,,,,,,,,,,,
1/14/2019 0:00,1/14/2019 1:00,0.502,,,,,,,,,,,
1/14/2019 1:00,1/14/2019 2:00,0.637,,,,,,,,,,,
1/14/2019 2:00,1/14/2019 3:00,0.725,,,,,,,,,,,
1/14/2019 3:00,1/14/2019 4:00,0.616,,,,,,,,,,,
1/14/2019 4:00,1/14/2019 5:00,0.478,,,,,,,,,,,
1/14/2019 5:00,1/14/2019 6:00,0.41,,,,,,,,,,,
1/14/2019 6:00,1/14/2019 7:00,0.367,,,,,,,,,,,
1/14/2019 7:00,1/14/2019 8:00,0.312,,,,,,,,,,,
1/14/2019 8:00,1/14/2019 9:00,0.299,,,,,,,,,,,
1/14/2019 9:00,1/14/2019 10:00,0.256,,,,,,,,,,,
1/14/2019 10:00,1/14/2019 11:00,0.216,,,,,,,,,,,
1/14/2019 11:00,1/14/2019 12:00,0.263,,,,,,,,,,,
1/14/2019 12:00,1/14/2019 13:00,0.367,,,,,,,,,,,
1/14/2019 13:00,1/14/2019 14:00,0.546,,,,,,,,,,,
1/14/2019 14:00,1/14/2019 15:00,0.81,,,,,,,,,,,
1/14/2019 15:00,1/14/2019 16:00,1.223,,,,,,,,,,,
1/14/2019 16:00,1/14/2019 17:00,1.645,,,,,,,,,,,
1/14/2019 17:00,1/14/2019 18:00,1.967,,,,,,,,,,,
1/14/2019 18:00,1/14/2019 19:00,2.151,,,,,,,,,,,
1/14/2019 19:00,1/14/2019 20:00,2.3,,,,,,,,,,,
1/14/2019 20:00,1/14/2019 21:00,2.467,,,,,,,,,,,
1/14/2019 21:00,1/14/2019 22:00,2.569,,,,,,,,,,,
1/14/2019 22:00,1/14/2019 23:00,2.559,,,,,,,,,,,
1/14/2019 23:00,1/15/2019 0:00,2.574,,,,,,,,,,,
1/15/2019 0:00,1/15/2019 1:00,2.693,,,,,,,,,,,
1/15/2019 1:00,1/15/2019 2:00,2.931,,,,,,,,,,,
1/15/2019 2:00,1/15/2019 3:00,3.078,,,,,,,,,,,
1/15/2019 3:00,1/15/2019 4:00,2.948,,,,,,,,,,,
1/15/2019 4:00,1/15/2019 5:00,2.495,,,,,,,,,,,
1/15/2019 5:00,1/15/2019 6:00,2.188,,,,,,,,,,,
1/15/2019 6:00,1/15/2019 7:00,2.077,,,,,,,,,,,
1/15/2019 7:00,1/15/2019 8:00,2.312,,,,,,,,,,,
1/15/2019 8:00,1/15/2019 9:00,3.115,,,,,,,,,,,
1/15/2019 9:00,1/15/2019 10:00,3.307,,,,,,,,,,,
1/15/2019 10:00,1/15/2019 11:00,2.832,,,,,,,,,,,
1/15/2019 11:00,1/15/2019 12:00,2.416,,,,,,,,,,,
1/15/2019 12:00,1/15/2019 13:00,2.087,,,,,,,,,,,
1/15/2019 13:00,1/15/2019 14:00,1.702,,,,,,,,,,,
1/15/2019 14:00,1/15/2019 15:00,1.322,,,,,,,,,,,
1/15/2019 15:00,1/15/2019 16:00,0.945,,,,,,,,,,,
1/15/2019 16:00,1/15/2019 17:00,0.681,,,,,,,,,,,
1/15/2019 17:00,1/15/2019 18:00,0.62,,,,,,,,,,,
1/15/2019 18:00,1/15/2019 19:00,0.701,,,,,,,,,,,
1/15/2019 19:00,1/15/2019 20:00,0.832,,,,,,,,,,,
1/15/2019 20:00,1/15/2019 21:00,0.964,,,,,,,,,,,
1/15/2019 21:00,1/15/2019 22:00,0.964,,,,,,,,,,,
1/15/2019 22:00,1/15/2019 23:00,0.968,,,,,,,,,,,
1/15/2019 23:00,1/16/2019 0:00,1.013,,,,,,,,,,,
1/16/2019 0:00,1/16/2019 1:00,1.094,,,,,,,,,,,
1/16/2019 1:00,1/16/2019 2:00,1.094,,,,,,,,,,,
1/16/2019 2:00,1/16/2019 3:00,0.964,,,,,,,,,,,
1/16/2019 3:00,1/16/2019 4:00,0.852,,,,,,,,,,,
1/16/2019 4:00,1/16/2019 5:00,0.772,,,,,,,,,,,
1/16/2019 5:00,1/16/2019 6:00,0.681,,,,,,,,,,,
1/16/2019 6:00,1/16/2019 7:00,0.593,,,,,,,,,,,
1/16/2019 7:00,1/16/2019 8:00,0.483,,,,,,,,,,,
1/16/2019 8:00,1/16/2019 9:00,0.336,,,,,,,,,,,
1/16/2019 9:00,1/16/2019 10:00,0.24,,,,,,,,,,,
1/16/2019 10:00,1/16/2019 11:00,0.311,,,,,,,,,,,
1/16/2019 11:00,1/16/2019 12:00,0.523,,,,,,,,,,,
1/16/2019 12:00,1/16/2019 13:00,0.789,,,,,,,,,,,
1/16/2019 13:00,1/16/2019 14:00,0.964,,,,,,,,,,,
1/16/2019 14:00,1/16/2019 15:00,1.061,,,,,,,,,,,
1/16/2019 15:00,1/16/2019 16:00,1.014,,,,,,,,,,,
1/16/2019 16:00,1/16/2019 17:00,0.951,,,,,,,,,,,
1/16/2019 17:00,1/16/2019 18:00,0.897,,,,,,,,,,,
1/16/2019 18:00,1/16/2019 19:00,0.874,,,,,,,,,,,
1/16/2019 19:00,1/16/2019 20:00,0.845,,,,,,,,,,,
1/16/2019 20:00,1/16/2019 21:00,0.809,,,,,,,,,,,
1/16/2019 21:00,1/16/2019 22:00,0.65,,,,,,,,,,,
1/16/2019 22:00,1/16/2019 23:00,0.45,,,,,,,,,,,
1/16/2019 23:00,1/17/2019 0:00,0.335,,,,,,,,,,,
1/17/2019 0:00,1/17/2019 1:00,0.198,,,,,,,,,,,
1/17/2019 1:00,1/17/2019 2:00,0.078,,,,,,,,,,,
1/17/2019 2:00,1/17/2019 3:00,0.034,,,,,,,,,,,
1/17/2019 3:00,1/17/2019 4:00,0.049,,,,,,,,,,,
1/17/2019 4:00,1/17/2019 5:00,0.092,,,,,,,,,,,
1/17/2019 5:00,1/17/2019 6:00,0.148,,,,,,,,,,,
1/17/2019 6:00,1/17/2019 7:00,0.218,,,,,,,,,,,
1/17/2019 7:00,1/17/2019 8:00,0.324,,,,,,,,,,,
1/17/2019 8:00,1/17/2019 9:00,0.441,,,,,,,,,,,
1/17/2019 9:00,1/17/2019 10:00,0.603,,,,,,,,,,,
1/17/2019 10:00,1/17/2019 11:00,0.944,,,,,,,,,,,
1/17/2019 11:00,1/17/2019 12:00,1.251,,,,,,,,,,,
1/17/2019 12:00,1/17/2019 13:00,1.383,,,,,,,,,,,
1/17/2019 13:00,1/17/2019 14:00,1.338,,,,,,,,,,,
1/17/2019 14:00,1/17/2019 15:00,1.144,,,,,,,,,,,
1/17/2019 15:00,1/17/2019 16:00,0.831,,,,,,,,,,,
1/17/2019 16:00,1/17/2019 17:00,0.643,,,,,,,,,,,
1/17/2019 17:00,1/17/2019 18:00,0.552,,,,,,,,,,,
1/17/2019 18:00,1/17/2019 19:00,0.487,,,,,,,,,,,
1/17/2019 19:00,1/17/2019 20:00,0.398,,,,,,,,,,,
1/17/2019 20:00,1/17/2019 21:00,0.338,,,,,,,,,,,
1/17/2019 21:00,1/17/2019 22:00,0.318,,,,,,,,,,,
1/17/2019 22:00,1/17/2019 23:00,0.41,,,,,,,,,,,
1/17/2019 23:00,1/18/2019 0:00,0.61,,,,,,,,,,,
1/18/2019 0:00,1/18/2019 1:00,0.882,,,,,,,,,,,
1/18/2019 1:00,1/18/2019 2:00,1.147,,,,,,,,,,,
1/18/2019 2:00,1/18/2019 3:00,1.482,,,,,,,,,,,
1/18/2019 3:00,1/18/2019 4:00,1.846,,,,,,,,,,,
1/18/2019 4:00,1/18/2019 5:00,2.188,,,,,,,,,,,
1/18/2019 5:00,1/18/2019 6:00,2.699,,,,,,,,,,,
1/18/2019 6:00,1/18/2019 7:00,3.355,,,,,,,,,,,
1/18/2019 7:00,1/18/2019 8:00,4.127,,,,,,,,,,,
1/18/2019 8:00,1/18/2019 9:00,4.771,,,,,,,,,,,
1/18/2019 9:00,1/18/2019 10:00,5.435,,,,,,,,,,,
1/18/2019 10:00,1/18/2019 11:00,6.24,,,,,,,,,,,
1/18/2019 11:00,1/18/2019 12:00,6.406,,,,,,,,,,,
1/18/2019 12:00,1/18/2019 13:00,5.887,,,,,,,,,,,
1/18/2019 13:00,1/18/2019 14:00,4.565,,,,,,,,,,,
1/18/2019 14:00,1/18/2019 15:00,3.335,,,,,,,,,,,
1/18/2019 15:00,1/18/2019 16:00,2.706,,,,,,,,,,,
1/18/2019 16:00,1/18/2019 17:00,1.966,,,,,,,,,,,
1/18/2019 17:00,1/18/2019 18:00,1.459,,,,,,,,,,,
1/18/2019 18:00,1/18/2019 19:00,1.137,,,,,,,,,,,
1/18/2019 19:00,1/18/2019 20:00,0.994,,,,,,,,,,,
1/18/2019 20:00,1/18/2019 21:00,0.988,,,,,,,,,,,
1/18/2019 21:00,1/18/2019 22:00,1.061,,,,,,,,,,,
1/18/2019 22:00,1/18/2019 23:00,1.15,,,,,,,,,,,
1/18/2019 23:00,1/19/2019 0:00,1.255,,,,,,,,,,,
1/19/2019 0:00,1/19/2019 1:00,1.267,,,,,,,,,,,
1/19/2019 1:00,1/19/2019 2:00,1.233,,,,,,,,,,,
1/19/2019 2:00,1/19/2019 3:00,1.32,,,,,,,,,,,
1/19/2019 3:00,1/19/2019 4:00,1.428,,,,,,,,,,,
1/19/2019 4:00,1/19/2019 5:00,1.553,,,,,,,,,,,
1/19/2019 5:00,1/19/2019 6:00,1.615,,,,,,,,,,,
1/19/2019 6:00,1/19/2019 7:00,1.521,,,,,,,,,,,
1/19/2019 7:00,1/19/2019 8:00,1.299,,,,,,,,,,,
1/19/2019 8:00,1/19/2019 9:00,1.059,,,,,,,,,,,
1/19/2019 9:00,1/19/2019 10:00,1.031,,,,,,,,,,,
1/19/2019 10:00,1/19/2019 11:00,1.23,,,,,,,,,,,
1/19/2019 11:00,1/19/2019 12:00,1.396,,,,,,,,,,,
1/19/2019 12:00,1/19/2019 13:00,1.588,,,,,,,,,,,
1/19/2019 13:00,1/19/2019 14:00,1.863,,,,,,,,,,,
1/19/2019 14:00,1/19/2019 15:00,2.044,,,,,,,,,,,
1/19/2019 15:00,1/19/2019 16:00,2.484,,,,,,,,,,,
1/19/2019 16:00,1/19/2019 17:00,3.431,,,,,,,,,,,
1/19/2019 17:00,1/19/2019 18:00,4.874,,,,,,,,,,,
1/19/2019 18:00,1/19/2019 19:00,5.89,,,,,,,,,,,
1/19/2019 19:00,1/19/2019 20:00,5.762,,,,,,,,,,,
1/19/2019 20:00,1/19/2019 21:00,5.183,,,,,,,,,,,
1/19/2019 21:00,1/19/2019 22:00,4.296,,,,,,,,,,,
1/19/2019 22:00,1/19/2019 23:00,3.257,,,,,,,,,,,
1/19/2019 23:00,1/20/2019 0:00,2.254,,,,,,,,,,,
1/20/2019 0:00,1/20/2019 1:00,1.474,,,,,,,,,,,
1/20/2019 1:00,1/20/2019 2:00,1.087,,,,,,,,,,,
1/20/2019 2:00,1/20/2019 3:00,1.148,,,,,,,,,,,
1/20/2019 3:00,1/20/2019 4:00,1.38,,,,,,,,,,,
1/20/2019 4:00,1/20/2019 5:00,1.592,,,,,,,,,,,
1/20/2019 5:00,1/20/2019 6:00,1.861,,,,,,,,,,,
1/20/2019 6:00,1/20/2019 7:00,2.268,,,,,,,,,,,
1/20/2019 7:00,1/20/2019 8:00,2.644,,,,,,,,,,,
1/20/2019 8:00,1/20/2019 9:00,2.917,,,,,,,,,,,
1/20/2019 9:00,1/20/2019 10:00,3.688,,,,,,,,,,,
1/20/2019 10:00,1/20/2019 11:00,4.001,,,,,,,,,,,
1/20/2019 11:00,1/20/2019 12:00,3.832,,,,,,,,,,,
1/20/2019 12:00,1/20/2019 13:00,3.796,,,,,,,,,,,
1/20/2019 13:00,1/20/2019 14:00,3.594,,,,,,,,,,,
1/20/2019 14:00,1/20/2019 15:00,3.316,,,,,,,,,,,
1/20/2019 15:00,1/20/2019 16:00,3.156,,,,,,,,,,,
1/20/2019 16:00,1/20/2019 17:00,2.998,,,,,,,,,,,
1/20/2019 17:00,1/20/2019 18:00,3.095,,,,,,,,,,,
1/20/2019 18:00,1/20/2019 19:00,3.251,,,,,,,,,,,
1/20/2019 19:00,1/20/2019 20:00,3.219,,,,,,,,,,,
1/20/2019 20:00,1/20/2019 21:00,3.239,,,,,,,,,,,
1/20/2019 21:00,1/20/2019 22:00,3.501,,,,,,,,,,,
1/20/2019 22:00,1/20/2019 23:00,3.976,,,,,,,,,,,
1/20/2019 23:00,1/21/2019 0:00,4.591,,,,,,,,,,,
1/21/2019 0:00,1/21/2019 1:00,5.15,,,,,,,,,,,
1/21/2019 1:00,1/21/2019 2:00,5.763,,,,,,,,,,,
1/21/2019 2:00,1/21/2019 3:00,6.313,,,,,,,,,,,
1/21/2019 3:00,1/21/2019 4:00,6.288,,,,,,,,,,,
1/21/2019 4:00,1/21/2019 5:00,5.689,,,,,,,,,,,
1/21/2019 5:00,1/21/2019 6:00,4.798,,,,,,,,,,,
1/21/2019 6:00,1/21/2019 7:00,4.44,,,,,,,,,,,
1/21/2019 7:00,1/21/2019 8:00,3.472,,,,,,,,,,,
1/21/2019 8:00,1/21/2019 9:00,2.461,,,,,,,,,,,
1/21/2019 9:00,1/21/2019 10:00,1.305,,,,,,,,,,,
1/21/2019 10:00,1/21/2019 11:00,0.464,,,,,,,,,,,
1/21/2019 11:00,1/21/2019 12:00,0.155,,,,,,,,,,,
1/21/2019 12:00,1/21/2019 13:00,0.292,,,,,,,,,,,
1/21/2019 13:00,1/21/2019 14:00,0.68,,,,,,,,,,,
1/21/2019 14:00,1/21/2019 15:00,1.099,,,,,,,,,,,
1/21/2019 15:00,1/21/2019 16:00,1.367,,,,,,,,,,,
1/21/2019 16:00,1/21/2019 17:00,1.569,,,,,,,,,,,
1/21/2019 17:00,1/21/2019 18:00,1.873,,,,,,,,,,,
1/21/2019 18:00,1/21/2019 19:00,2.154,,,,,,,,,,,
1/21/2019 19:00,1/21/2019 20:00,2.424,,,,,,,,,,,
1/21/2019 20:00,1/21/2019 21:00,2.698,,,,,,,,,,,
1/21/2019 21:00,1/21/2019 22:00,2.877,,,,,,,,,,,
1/21/2019 22:00,1/21/2019 23:00,3.033,,,,,,,,,,,
1/21/2019 23:00,1/22/2019 0:00,3.134,,,,,,,,,,,
1/22/2019 0:00,1/22/2019 1:00,3.259,,,,,,,,,,,
1/22/2019 1:00,1/22/2019 2:00,3.487,,,,,,,,,,,
1/22/2019 2:00,1/22/2019 3:00,3.89,,,,,,,,,,,
1/22/2019 3:00,1/22/2019 4:00,4.084,,,,,,,,,,,
1/22/2019 4:00,1/22/2019 5:00,3.851,,,,,,,,,,,
1/22/2019 5:00,1/22/2019 6:00,4.393,,,,,,,,,,,
1/22/2019 6:00,1/22/2019 7:00,4.009,,,,,,,,,,,
1/22/2019 7:00,1/22/2019 8:00,3.56,,,,,,,,,,,
1/22/2019 8:00,1/22/2019 9:00,3.312,,,,,,,,,,,
1/22/2019 9:00,1/22/2019 10:00,2.554,,,,,,,,,,,
1/22/2019 10:00,1/22/2019 11:00,1.533,,,,,,,,,,,
1/22/2019 11:00,1/22/2019 12:00,1.005,,,,,,,,,,,
1/22/2019 12:00,1/22/2019 13:00,0.682,,,,,,,,,,,
1/22/2019 13:00,1/22/2019 14:00,0.772,,,,,,,,,,,
1/22/2019 14:00,1/22/2019 15:00,1.003,,,,,,,,,,,
1/22/2019 15:00,1/22/2019 16:00,1.297,,,,,,,,,,,
1/22/2019 16:00,1/22/2019 17:00,1.49,,,,,,,,,,,
1/22/2019 17:00,1/22/2019 18:00,1.765,,,,,,,,,,,
1/22/2019 18:00,1/22/2019 19:00,2.021,,,,,,,,,,,
1/22/2019 19:00,1/22/2019 20:00,2.255,,,,,,,,,,,
1/22/2019 20:00,1/22/2019 21:00,2.548,,,,,,,,,,,
1/22/2019 21:00,1/22/2019 22:00,2.969,,,,,,,,,,,
1/22/2019 22:00,1/22/2019 23:00,3.293,,,,,,,,,,,
1/22/2019 23:00,1/23/2019 0:00,3.609,,,,,,,,,,,
1/23/2019 0:00,1/23/2019 1:00,4.01,,,,,,,,,,,
1/23/2019 1:00,1/23/2019 2:00,4.637,,,,,,,,,,,
1/23/2019 2:00,1/23/2019 3:00,5.49,,,,,,,,,,,
1/23/2019 3:00,1/23/2019 4:00,6.36,,,,,,,,,,,
1/23/2019 4:00,1/23/2019 5:00,6.758,,,,,,,,,,,
1/23/2019 5:00,1/23/2019 6:00,7.833,,,,,,,,,,,
1/23/2019 6:00,1/23/2019 7:00,8.758,,,,,,,,,,,
1/23/2019 7:00,1/23/2019 8:00,9.155,,,,,,,,,,,
1/23/2019 8:00,1/23/2019 9:00,9.46,,,,,,,,,,,
1/23/2019 9:00,1/23/2019 10:00,10.226,,,,,,,,,,,
1/23/2019 10:00,1/23/2019 11:00,10.866,,,,,,,,,,,
1/23/2019 11:00,1/23/2019 12:00,11.643,,,,,,,,,,,
1/23/2019 12:00,1/23/2019 13:00,12.896,,,,,,,,,,,
1/23/2019 13:00,1/23/2019 14:00,13.89,,,,,,,,,,,
1/23/2019 14:00,1/23/2019 15:00,14.472,,,,,,,,,,,
1/23/2019 15:00,1/23/2019 16:00,13.863,,,,,,,,,,,
1/23/2019 16:00,1/23/2019 17:00,13.431,,,,,,,,,,,
1/23/2019 17:00,1/23/2019 18:00,13.774,,,,,,,,,,,
1/23/2019 18:00,1/23/2019 19:00,12.418,,,,,,,,,,,
1/23/2019 19:00,1/23/2019 20:00,11.603,,,,,,,,,,,
1/23/2019 20:00,1/23/2019 21:00,11.729,,,,,,,,,,,
1/23/2019 21:00,1/23/2019 22:00,12.944,,,,,,,,,,,
1/23/2019 22:00,1/23/2019 23:00,15.813,,,,,,,,,,,
1/23/2019 23:00,1/24/2019 0:00,15.973,,,,,,,,,,,
1/24/2019 0:00,1/24/2019 1:00,16.034,,,,,,,,,,,
1/24/2019 1:00,1/24/2019 2:00,16.438,,,,,,,,,,,
1/24/2019 2:00,1/24/2019 3:00,16.718,,,,,,,,,,,
1/24/2019 3:00,1/24/2019 4:00,16.1,,,,,,,,,,,
1/24/2019 4:00,1/24/2019 5:00,15.333,,,,,,,,,,,
1/24/2019 5:00,1/24/2019 6:00,14.926,,,,,,,,,,,
1/24/2019 6:00,1/24/2019 7:00,14.692,,,,,,,,,,,
1/24/2019 7:00,1/24/2019 8:00,14.615,,,,,,,,,,,
1/24/2019 8:00,1/24/2019 9:00,14.332,,,,,,,,,,,
1/24/2019 9:00,1/24/2019 10:00,13.993,,,,,,,,,,,
1/24/2019 10:00,1/24/2019 11:00,13.826,,,,,,,,,,,
1/24/2019 11:00,1/24/2019 12:00,13.739,,,,,,,,,,,
1/24/2019 12:00,1/24/2019 13:00,13.578,,,,,,,,,,,
1/24/2019 13:00,1/24/2019 14:00,13.52,,,,,,,,,,,
1/24/2019 14:00,1/24/2019 15:00,13.428,,,,,,,,,,,
1/24/2019 15:00,1/24/2019 16:00,13.293,,,,,,,,,,,
1/24/2019 16:00,1/24/2019 17:00,13.221,,,,,,,,,,,
1/24/2019 17:00,1/24/2019 18:00,13.173,,,,,,,,,,,
1/24/2019 18:00,1/24/2019 19:00,12.606,,,,,,,,,,,
1/24/2019 19:00,1/24/2019 20:00,12.115,,,,,,,,,,,
1/24/2019 20:00,1/24/2019 21:00,12.417,,,,,,,,,,,
1/24/2019 21:00,1/24/2019 22:00,13.323,,,,,,,,,,,
1/24/2019 22:00,1/24/2019 23:00,14.288,,,,,,,,,,,
1/24/2019 23:00,1/25/2019 0:00,15.049,,,,,,,,,,,
1/25/2019 0:00,1/25/2019 1:00,15.814,,,,,,,,,,,
1/25/2019 1:00,1/25/2019 2:00,16.626,,,,,,,,,,,
1/25/2019 2:00,1/25/2019 3:00,17.378,,,,,,,,,,,
1/25/2019 3:00,1/25/2019 4:00,17.683,,,,,,,,,,,
1/25/2019 4:00,1/25/2019 5:00,17.701,,,,,,,,,,,
1/25/2019 5:00,1/25/2019 6:00,17.614,,,,,,,,,,,
1/25/2019 6:00,1/25/2019 7:00,17.415,,,,,,,,,,,
1/25/2019 7:00,1/25/2019 8:00,20.848,,,,,,,,,,,
1/25/2019 8:00,1/25/2019 9:00,22.341,,,,,,,,,,,
1/25/2019 9:00,1/25/2019 10:00,22.688,,,,,,,,,,,
1/25/2019 10:00,1/25/2019 11:00,23.321,,,,,,,,,,,
1/25/2019 11:00,1/25/2019 12:00,24.075,,,,,,,,,,,
1/25/2019 12:00,1/25/2019 13:00,23.819,,,,,,,,,,,
1/25/2019 13:00,1/25/2019 14:00,24.208,,,,,,,,,,,
1/25/2019 14:00,1/25/2019 15:00,24.645,,,,,,,,,,,
1/25/2019 15:00,1/25/2019 16:00,24.797,,,,,,,,,,,
1/25/2019 16:00,1/25/2019 17:00,24.123,,,,,,,,,,,
1/25/2019 17:00,1/25/2019 18:00,23.962,,,,,,,,,,,
1/25/2019 18:00,1/25/2019 19:00,23.184,,,,,,,,,,,
1/25/2019 19:00,1/25/2019 20:00,24.151,,,,,,,,,,,
1/25/2019 20:00,1/25/2019 21:00,23.398,,,,,,,,,,,
1/25/2019 21:00,1/25/2019 22:00,23.32,,,,,,,,,,,
1/25/2019 22:00,1/25/2019 23:00,22.872,,,,,,,,,,,
1/25/2019 23:00,1/26/2019 0:00,21.865,,,,,,,,,,,
1/26/2019 0:00,1/26/2019 1:00,21.142,,,,,,,,,,,
1/26/2019 1:00,1/26/2019 2:00,19.941,,,,,,,,,,,
1/26/2019 2:00,1/26/2019 3:00,18.688,,,,,,,,,,,
1/26/2019 3:00,1/26/2019 4:00,17.614,,,,,,,,,,,
1/26/2019 4:00,1/26/2019 5:00,16.829,,,,,,,,,,,
1/26/2019 5:00,1/26/2019 6:00,14.508,,,,,,,,,,,
1/26/2019 6:00,1/26/2019 7:00,15.012,,,,,,,,,,,
1/26/2019 7:00,1/26/2019 8:00,16.724,,,,,,,,,,,
1/26/2019 8:00,1/26/2019 9:00,16.834,,,,,,,,,,,
1/26/2019 9:00,1/26/2019 10:00,17.135,,,,,,,,,,,
1/26/2019 10:00,1/26/2019 11:00,16.916,,,,,,,,,,,
1/26/2019 11:00,1/26/2019 12:00,17.072,,,,,,,,,,,
1/26/2019 12:00,1/26/2019 13:00,17.175,,,,,,,,,,,
1/26/2019 13:00,1/26/2019 14:00,17.031,,,,,,,,,,,
1/26/2019 14:00,1/26/2019 15:00,16.214,,,,,,,,,,,
1/26/2019 15:00,1/26/2019 16:00,15.503,,,,,,,,,,,
1/26/2019 16:00,1/26/2019 17:00,15.015,,,,,,,,,,,
1/26/2019 17:00,1/26/2019 18:00,13.865,,,,,,,,,,,
1/26/2019 18:00,1/26/2019 19:00,12.116,,,,,,,,,,,
1/26/2019 19:00,1/26/2019 20:00,11.729,,,,,,,,,,,
1/26/2019 20:00,1/26/2019 21:00,11.866,,,,,,,,,,,
1/26/2019 21:00,1/26/2019 22:00,13.202,,,,,,,,,,,
1/26/2019 22:00,1/26/2019 23:00,11.943,,,,,,,,,,,
1/26/2019 23:00,1/27/2019 0:00,11.516,,,,,,,,,,,
1/27/2019 0:00,1/27/2019 1:00,13.349,,,,,,,,,,,
1/27/2019 1:00,1/27/2019 2:00,15.888,,,,,,,,,,,
1/27/2019 2:00,1/27/2019 3:00,15.403,,,,,,,,,,,
1/27/2019 3:00,1/27/2019 4:00,15.057,,,,,,,,,,,
1/27/2019 4:00,1/27/2019 5:00,14.811,,,,,,,,,,,
1/27/2019 5:00,1/27/2019 6:00,13.763,,,,,,,,,,,
1/27/2019 6:00,1/27/2019 7:00,14.419,,,,,,,,,,,
1/27/2019 7:00,1/27/2019 8:00,14.425,,,,,,,,,,,
1/27/2019 8:00,1/27/2019 9:00,14.997,,,,,,,,,,,
1/27/2019 9:00,1/27/2019 10:00,14.952,,,,,,,,,,,
1/27/2019 10:00,1/27/2019 11:00,14.305,,,,,,,,,,,
1/27/2019 11:00,1/27/2019 12:00,13.855,,,,,,,,,,,
1/27/2019 12:00,1/27/2019 13:00,14.156,,,,,,,,,,,
1/27/2019 13:00,1/27/2019 14:00,13.907,,,,,,,,,,,
1/27/2019 14:00,1/27/2019 15:00,13.304,,,,,,,,,,,
1/27/2019 15:00,1/27/2019 16:00,12.849,,,,,,,,,,,
1/27/2019 16:00,1/27/2019 17:00,12.59,,,,,,,,,,,
1/27/2019 17:00,1/27/2019 18:00,12.136,,,,,,,,,,,
1/27/2019 18:00,1/27/2019 19:00,11.432,,,,,,,,,,,
1/27/2019 19:00,1/27/2019 20:00,10.563,,,,,,,,,,,
1/27/2019 20:00,1/27/2019 21:00,8.742,,,,,,,,,,,
1/27/2019 21:00,1/27/2019 22:00,7.564,,,,,,,,,,,
1/27/2019 22:00,1/27/2019 23:00,7.182,,,,,,,,,,,
1/27/2019 23:00,1/28/2019 0:00,6.555,,,,,,,,,,,
1/28/2019 0:00,1/28/2019 1:00,6.173,,,,,,,,,,,
1/28/2019 1:00,1/28/2019 2:00,5.759,,,,,,,,,,,
1/28/2019 2:00,1/28/2019 3:00,4.846,,,,,,,,,,,
1/28/2019 3:00,1/28/2019 4:00,4.459,,,,,,,,,,,
1/28/2019 4:00,1/28/2019 5:00,4.139,,,,,,,,,,,
1/28/2019 5:00,1/28/2019 6:00,4.08,,,,,,,,,,,
1/28/2019 6:00,1/28/2019 7:00,4.014,,,,,,,,,,,
1/28/2019 7:00,1/28/2019 8:00,3.897,,,,,,,,,,,
1/28/2019 8:00,1/28/2019 9:00,3.692,,,,,,,,,,,
1/28/2019 9:00,1/28/2019 10:00,3.354,,,,,,,,,,,
1/28/2019 10:00,1/28/2019 11:00,2.906,,,,,,,,,,,
1/28/2019 11:00,1/28/2019 12:00,2.447,,,,,,,,,,,
1/28/2019 12:00,1/28/2019 13:00,1.974,,,,,,,,,,,
1/28/2019 13:00,1/28/2019 14:00,1.716,,,,,,,,,,,
1/28/2019 14:00,1/28/2019 15:00,1.783,,,,,,,,,,,
1/28/2019 15:00,1/28/2019 16:00,2.365,,,,,,,,,,,
1/28/2019 16:00,1/28/2019 17:00,3.328,,,,,,,,,,,
1/28/2019 17:00,1/28/2019 18:00,4.36,,,,,,,,,,,
1/28/2019 18:00,1/28/2019 19:00,5.495,,,,,,,,,,,
1/28/2019 19:00,1/28/2019 20:00,7.076,,,,,,,,,,,
1/28/2019 20:00,1/28/2019 21:00,8.681,,,,,,,,,,,
1/28/2019 21:00,1/28/2019 22:00,9.956,,,,,,,,,,,
1/28/2019 22:00,1/28/2019 23:00,9.907,,,,,,,,,,,
1/28/2019 23:00,1/29/2019 0:00,10.399,,,,,,,,,,,
1/29/2019 0:00,1/29/2019 1:00,10.759,,,,,,,,,,,
1/29/2019 1:00,1/29/2019 2:00,10.553,,,,,,,,,,,
1/29/2019 2:00,1/29/2019 3:00,10.613,,,,,,,,,,,
1/29/2019 3:00,1/29/2019 4:00,10.628,,,,,,,,,,,
1/29/2019 4:00,1/29/2019 5:00,10.761,,,,,,,,,,,
1/29/2019 5:00,1/29/2019 6:00,10.917,,,,,,,,,,,
1/29/2019 6:00,1/29/2019 7:00,11.1,,,,,,,,,,,
1/29/2019 7:00,1/29/2019 8:00,11.517,,,,,,,,,,,
1/29/2019 8:00,1/29/2019 9:00,11.929,,,,,,,,,,,
1/29/2019 9:00,1/29/2019 10:00,12.431,,,,,,,,,,,
1/29/2019 10:00,1/29/2019 11:00,12.422,,,,,,,,,,,
1/29/2019 11:00,1/29/2019 12:00,13.705,,,,,,,,,,,
1/29/2019 12:00,1/29/2019 13:00,15.101,,,,,,,,,,,
1/29/2019 13:00,1/29/2019 14:00,15.536,,,,,,,,,,,
1/29/2019 14:00,1/29/2019 15:00,16.538,,,,,,,,,,,
1/29/2019 15:00,1/29/2019 16:00,17.003,,,,,,,,,,,
1/29/2019 16:00,1/29/2019 17:00,17.431,,,,,,,,,,,
1/29/2019 17:00,1/29/2019 18:00,17.225,,,,,,,,,,,
1/29/2019 18:00,1/29/2019 19:00,17.614,,,,,,,,,,,
1/29/2019 19:00,1/29/2019 20:00,18.449,,,,,,,,,,,
1/29/2019 20:00,1/29/2019 21:00,17.31,,,,,,,,,,,
1/29/2019 21:00,1/29/2019 22:00,16.916,,,,,,,,,,,
1/29/2019 22:00,1/29/2019 23:00,17.31,,,,,,,,,,,
1/29/2019 23:00,1/30/2019 0:00,17.393,,,,,,,,,,,
1/30/2019 0:00,1/30/2019 1:00,17.335,,,,,,,,,,,
1/30/2019 1:00,1/30/2019 2:00,17.614,,,,,,,,,,,
1/30/2019 2:00,1/30/2019 3:00,16.932,,,,,,,,,,,
1/30/2019 3:00,1/30/2019 4:00,16.623,,,,,,,,,,,
1/30/2019 4:00,1/30/2019 5:00,16.325,,,,,,,,,,,
1/30/2019 5:00,1/30/2019 6:00,16.212,,,,,,,,,,,
1/30/2019 6:00,1/30/2019 7:00,16.609,,,,,,,,,,,
1/30/2019 7:00,1/30/2019 8:00,17.026,,,,,,,,,,,
1/30/2019 8:00,1/30/2019 9:00,17.412,,,,,,,,,,,
1/30/2019 9:00,1/30/2019 10:00,17.614,,,,,,,,,,,
1/30/2019 10:00,1/30/2019 11:00,17.234,,,,,,,,,,,
1/30/2019 11:00,1/30/2019 12:00,17.528,,,,,,,,,,,
1/30/2019 12:00,1/30/2019 13:00,17.661,,,,,,,,,,,
1/30/2019 13:00,1/30/2019 14:00,17.418,,,,,,,,,,,
1/30/2019 14:00,1/30/2019 15:00,17.002,,,,,,,,,,,
1/30/2019 15:00,1/30/2019 16:00,16.123,,,,,,,,,,,
1/30/2019 16:00,1/30/2019 17:00,15.15,,,,,,,,,,,
1/30/2019 17:00,1/30/2019 18:00,14.303,,,,,,,,,,,
1/30/2019 18:00,1/30/2019 19:00,13.273,,,,,,,,,,,
1/30/2019 19:00,1/30/2019 20:00,12.261,,,,,,,,,,,
1/30/2019 20:00,1/30/2019 21:00,11.347,,,,,,,,,,,
1/30/2019 21:00,1/30/2019 22:00,10.471,,,,,,,,,,,
1/30/2019 22:00,1/30/2019 23:00,9.5,,,,,,,,,,,
1/30/2019 23:00,1/31/2019 0:00,8.73,,,,,,,,,,,
1/31/2019 0:00,1/31/2019 1:00,8.17,,,,,,,,,,,
1/31/2019 1:00,1/31/2019 2:00,7.535,,,,,,,,,,,
1/31/2019 2:00,1/31/2019 3:00,6.906,,,,,,,,,,,
1/31/2019 3:00,1/31/2019 4:00,6.104,,,,,,,,,,,
1/31/2019 4:00,1/31/2019 5:00,5.26,,,,,,,,,,,
1/31/2019 5:00,1/31/2019 6:00,4.552,,,,,,,,,,,
1/31/2019 6:00,1/31/2019 7:00,4.081,,,,,,,,,,,
1/31/2019 7:00,1/31/2019 8:00,3.814,,,,,,,,,,,
1/31/2019 8:00,1/31/2019 9:00,3.618,,,,,,,,,,,
1/31/2019 9:00,1/31/2019 10:00,3.79,,,,,,,,,,,
1/31/2019 10:00,1/31/2019 11:00,4.354,,,,,,,,,,,
1/31/2019 11:00,1/31/2019 12:00,5.347,,,,,,,,,,,
1/31/2019 12:00,1/31/2019 13:00,6.594,,,,,,,,,,,
1/31/2019 13:00,1/31/2019 14:00,7.89,,,,,,,,,,,
1/31/2019 14:00,1/31/2019 15:00,8.945,,,,,,,,,,,
1/31/2019 15:00,1/31/2019 16:00,9.659,,,,,,,,,,,
1/31/2019 16:00,1/31/2019 17:00,9.932,,,,,,,,,,,
1/31/2019 17:00,1/31/2019 18:00,9.831,,,,,,,,,,,
1/31/2019 18:00,1/31/2019 19:00,9.659,,,,,,,,,,,
1/31/2019 19:00,1/31/2019 20:00,9.46,,,,,,,,,,,
1/31/2019 20:00,1/31/2019 21:00,9.548,,,,,,,,,,,
1/31/2019 21:00,1/31/2019 22:00,10.053,,,,,,,,,,,
1/31/2019 22:00,1/31/2019 23:00,10.721,,,,,,,,,,,
1/31/2019 23:00,2/1/2019 0:00,11.432,,,,,,,,,,,
2/1/2019 0:00,2/1/2019 1:00,12.044,,,,,,,,,,,
2/1/2019 1:00,2/1/2019 2:00,12.586,,,,,,,,,,,
2/1/2019 2:00,2/1/2019 3:00,12.931,,,,,,,,,,,
2/1/2019 3:00,2/1/2019 4:00,12.955,,,,,,,,,,,
2/1/2019 4:00,2/1/2019 5:00,12.594,,,,,,,,,,,
2/1/2019 5:00,2/1/2019 6:00,11.965,,,,,,,,,,,
2/1/2019 6:00,2/1/2019 7:00,11.313,,,,,,,,,,,
2/1/2019 7:00,2/1/2019 8:00,10.853,,,,,,,,,,,
2/1/2019 8:00,2/1/2019 9:00,10.429,,,,,,,,,,,
2/1/2019 9:00,2/1/2019 10:00,10.388,,,,,,,,,,,
2/1/2019 10:00,2/1/2019 11:00,10.806,,,,,,,,,,,
2/1/2019 11:00,2/1/2019 12:00,11.416,,,,,,,,,,,
2/1/2019 12:00,2/1/2019 13:00,12.201,,,,,,,,,,,
2/1/2019 13:00,2/1/2019 14:00,12.851,,,,,,,,,,,
2/1/2019 14:00,2/1/2019 15:00,13.282,,,,,,,,,,,
2/1/2019 15:00,2/1/2019 16:00,13.598,,,,,,,,,,,
2/1/2019 16:00,2/1/2019 17:00,13.916,,,,,,,,,,,
2/1/2019 17:00,2/1/2019 18:00,14.616,,,,,,,,,,,
2/1/2019 18:00,2/1/2019 19:00,15.374,,,,,,,,,,,
2/1/2019 19:00,2/1/2019 20:00,15.94,,,,,,,,,,,
2/1/2019 20:00,2/1/2019 21:00,16.21,,,,,,,,,,,
2/1/2019 21:00,2/1/2019 22:00,16.502,,,,,,,,,,,
2/1/2019 22:00,2/1/2019 23:00,16.641,,,,,,,,,,,
2/1/2019 23:00,2/2/2019 0:00,16.609,,,,,,,,,,,
2/2/2019 0:00,2/2/2019 1:00,16.432,,,,,,,,,,,
2/2/2019 1:00,2/2/2019 2:00,16.123,,,,,,,,,,,
2/2/2019 2:00,2/2/2019 3:00,15.768,,,,,,,,,,,
2/2/2019 3:00,2/2/2019 4:00,15.151,,,,,,,,,,,
2/2/2019 4:00,2/2/2019 5:00,14.704,,,,,,,,,,,
2/2/2019 5:00,2/2/2019 6:00,14.796,,,,,,,,,,,
2/2/2019 6:00,2/2/2019 7:00,15.485,,,,,,,,,,,
2/2/2019 7:00,2/2/2019 8:00,16.64,,,,,,,,,,,
2/2/2019 8:00,2/2/2019 9:00,17.896,,,,,,,,,,,
2/2/2019 9:00,2/2/2019 10:00,18.688,,,,,,,,,,,
2/2/2019 10:00,2/2/2019 11:00,19.218,,,,,,,,,,,
2/2/2019 11:00,2/2/2019 12:00,19.731,,,,,,,,,,,
2/2/2019 12:00,2/2/2019 13:00,20.27,,,,,,,,,,,
2/2/2019 13:00,2/2/2019 14:00,20.558,,,,,,,,,,,
2/2/2019 14:00,2/2/2019 15:00,20.654,,,,,,,,,,,
2/2/2019 15:00,2/2/2019 16:00,20.3,,,,,,,,,,,
2/2/2019 16:00,2/2/2019 17:00,20.219,,,,,,,,,,,
2/2/2019 17:00,2/2/2019 18:00,20.461,,,,,,,,,,,
2/2/2019 18:00,2/2/2019 19:00,20.399,,,,,,,,,,,
2/2/2019 19:00,2/2/2019 20:00,20.179,,,,,,,,,,,
2/2/2019 20:00,2/2/2019 21:00,20.301,,,,,,,,,,,
2/2/2019 21:00,2/2/2019 22:00,20.461,,,,,,,,,,,
2/2/2019 22:00,2/2/2019 23:00,20.359,,,,,,,,,,,
2/2/2019 23:00,2/3/2019 0:00,20.175,,,,,,,,,,,
2/3/2019 0:00,2/3/2019 1:00,20.154,,,,,,,,,,,
2/3/2019 1:00,2/3/2019 2:00,20.05,,,,,,,,,,,
2/3/2019 2:00,2/3/2019 3:00,20.098,,,,,,,,,,,
2/3/2019 3:00,2/3/2019 4:00,20.518,,,,,,,,,,,
2/3/2019 4:00,2/3/2019 5:00,21.285,,,,,,,,,,,
2/3/2019 5:00,2/3/2019 6:00,21.967,,,,,,,,,,,
2/3/2019 6:00,2/3/2019 7:00,22.226,,,,,,,,,,,
2/3/2019 7:00,2/3/2019 8:00,22.005,,,,,,,,,,,
2/3/2019 8:00,2/3/2019 9:00,21.441,,,,,,,,,,,
2/3/2019 9:00,2/3/2019 10:00,20.521,,,,,,,,,,,
2/3/2019 10:00,2/3/2019 11:00,19.857,,,,,,,,,,,
2/3/2019 11:00,2/3/2019 12:00,20.168,,,,,,,,,,,
2/3/2019 12:00,2/3/2019 13:00,22.622,,,,,,,,,,,
2/3/2019 13:00,2/3/2019 14:00,21.286,,,,,,,,,,,
2/3/2019 14:00,2/3/2019 15:00,20.924,,,,,,,,,,,
2/3/2019 15:00,2/3/2019 16:00,20.749,,,,,,,,,,,
2/3/2019 16:00,2/3/2019 17:00,20.337,,,,,,,,,,,
2/3/2019 17:00,2/3/2019 18:00,19.814,,,,,,,,,,,
2/3/2019 18:00,2/3/2019 19:00,19.124,,,,,,,,,,,
2/3/2019 19:00,2/3/2019 20:00,17.701,,,,,,,,,,,
2/3/2019 20:00,2/3/2019 21:00,15.902,,,,,,,,,,,
2/3/2019 21:00,2/3/2019 22:00,15.689,,,,,,,,,,,
2/3/2019 22:00,2/3/2019 23:00,15.517,,,,,,,,,,,
2/3/2019 23:00,2/4/2019 0:00,15.179,,,,,,,,,,,
2/4/2019 0:00,2/4/2019 1:00,14.793,,,,,,,,,,,
2/4/2019 1:00,2/4/2019 2:00,14.044,,,,,,,,,,,
2/4/2019 2:00,2/4/2019 3:00,12.974,,,,,,,,,,,
2/4/2019 3:00,2/4/2019 4:00,12.202,,,,,,,,,,,
2/4/2019 4:00,2/4/2019 5:00,13.114,,,,,,,,,,,
2/4/2019 5:00,2/4/2019 6:00,12.601,,,,,,,,,,,
2/4/2019 6:00,2/4/2019 7:00,12.418,,,,,,,,,,,
2/4/2019 7:00,2/4/2019 8:00,12.722,,,,,,,,,,,
2/4/2019 8:00,2/4/2019 9:00,13.202,,,,,,,,,,,
2/4/2019 9:00,2/4/2019 10:00,12.969,,,,,,,,,,,
2/4/2019 10:00,2/4/2019 11:00,12.291,,,,,,,,,,,
2/4/2019 11:00,2/4/2019 12:00,11.378,,,,,,,,,,,
2/4/2019 12:00,2/4/2019 13:00,10.844,,,,,,,,,,,
2/4/2019 13:00,2/4/2019 14:00,10.643,,,,,,,,,,,
2/4/2019 14:00,2/4/2019 15:00,11.222,,,,,,,,,,,
2/4/2019 15:00,2/4/2019 16:00,10.781,,,,,,,,,,,
2/4/2019 16:00,2/4/2019 17:00,9.628,,,,,,,,,,,
2/4/2019 17:00,2/4/2019 18:00,8.682,,,,,,,,,,,
2/4/2019 18:00,2/4/2019 19:00,7.898,,,,,,,,,,,
2/4/2019 19:00,2/4/2019 20:00,6.931,,,,,,,,,,,
2/4/2019 20:00,2/4/2019 21:00,5.867,,,,,,,,,,,
2/4/2019 21:00,2/4/2019 22:00,5.387,,,,,,,,,,,
2/4/2019 22:00,2/4/2019 23:00,4.951,,,,,,,,,,,
2/4/2019 23:00,2/5/2019 0:00,4.283,,,,,,,,,,,
2/5/2019 0:00,2/5/2019 1:00,3.598,,,,,,,,,,,
2/5/2019 1:00,2/5/2019 2:00,2.967,,,,,,,,,,,
2/5/2019 2:00,2/5/2019 3:00,2.481,,,,,,,,,,,
2/5/2019 3:00,2/5/2019 4:00,2.01,,,,,,,,,,,
2/5/2019 4:00,2/5/2019 5:00,1.484,,,,,,,,,,,
2/5/2019 5:00,2/5/2019 6:00,0.981,,,,,,,,,,,
2/5/2019 6:00,2/5/2019 7:00,0.717,,,,,,,,,,,
2/5/2019 7:00,2/5/2019 8:00,0.682,,,,,,,,,,,
2/5/2019 8:00,2/5/2019 9:00,0.72,,,,,,,,,,,
2/5/2019 9:00,2/5/2019 10:00,0.768,,,,,,,,,,,
2/5/2019 10:00,2/5/2019 11:00,0.756,,,,,,,,,,,
2/5/2019 11:00,2/5/2019 12:00,0.649,,,,,,,,,,,
2/5/2019 12:00,2/5/2019 13:00,0.448,,,,,,,,,,,
2/5/2019 13:00,2/5/2019 14:00,0.219,,,,,,,,,,,
2/5/2019 14:00,2/5/2019 15:00,0.106,,,,,,,,,,,
2/5/2019 15:00,2/5/2019 16:00,0.052,,,,,,,,,,,
2/5/2019 16:00,2/5/2019 17:00,0.051,,,,,,,,,,,
2/5/2019 17:00,2/5/2019 18:00,0.106,,,,,,,,,,,
2/5/2019 18:00,2/5/2019 19:00,0.204,,,,,,,,,,,
2/5/2019 19:00,2/5/2019 20:00,0.385,,,,,,,,,,,
2/5/2019 20:00,2/5/2019 21:00,0.635,,,,,,,,,,,
2/5/2019 21:00,2/5/2019 22:00,1.125,,,,,,,,,,,
2/5/2019 22:00,2/5/2019 23:00,1.882,,,,,,,,,,,
2/5/2019 23:00,2/6/2019 0:00,2.798,,,,,,,,,,,
2/6/2019 0:00,2/6/2019 1:00,3.938,,,,,,,,,,,
2/6/2019 1:00,2/6/2019 2:00,5.391,,,,,,,,,,,
2/6/2019 2:00,2/6/2019 3:00,6.468,,,,,,,,,,,
2/6/2019 3:00,2/6/2019 4:00,6.837,,,,,,,,,,,
2/6/2019 4:00,2/6/2019 5:00,7.259,,,,,,,,,,,
2/6/2019 5:00,2/6/2019 6:00,7.524,,,,,,,,,,,
2/6/2019 6:00,2/6/2019 7:00,7.633,,,,,,,,,,,
2/6/2019 7:00,2/6/2019 8:00,7.279,,,,,,,,,,,
2/6/2019 8:00,2/6/2019 9:00,6.372,,,,,,,,,,,
2/6/2019 9:00,2/6/2019 10:00,5.248,,,,,,,,,,,
2/6/2019 10:00,2/6/2019 11:00,4.921,,,,,,,,,,,
2/6/2019 11:00,2/6/2019 12:00,4.244,,,,,,,,,,,
2/6/2019 12:00,2/6/2019 13:00,3.756,,,,,,,,,,,
2/6/2019 13:00,2/6/2019 14:00,3.135,,,,,,,,,,,
2/6/2019 14:00,2/6/2019 15:00,2.647,,,,,,,,,,,
2/6/2019 15:00,2/6/2019 16:00,2.287,,,,,,,,,,,
2/6/2019 16:00,2/6/2019 17:00,2.188,,,,,,,,,,,
2/6/2019 17:00,2/6/2019 18:00,2.47,,,,,,,,,,,
2/6/2019 18:00,2/6/2019 19:00,2.906,,,,,,,,,,,
2/6/2019 19:00,2/6/2019 20:00,3.268,,,,,,,,,,,
2/6/2019 20:00,2/6/2019 21:00,3.451,,,,,,,,,,,
2/6/2019 21:00,2/6/2019 22:00,3.544,,,,,,,,,,,
2/6/2019 22:00,2/6/2019 23:00,3.468,,,,,,,,,,,
2/6/2019 23:00,2/7/2019 0:00,3.295,,,,,,,,,,,
2/7/2019 0:00,2/7/2019 1:00,3.031,,,,,,,,,,,
2/7/2019 1:00,2/7/2019 2:00,2.694,,,,,,,,,,,
2/7/2019 2:00,2/7/2019 3:00,2.459,,,,,,,,,,,
2/7/2019 3:00,2/7/2019 4:00,2.195,,,,,,,,,,,
2/7/2019 4:00,2/7/2019 5:00,2.154,,,,,,,,,,,
2/7/2019 5:00,2/7/2019 6:00,2.242,,,,,,,,,,,
2/7/2019 6:00,2/7/2019 7:00,2.528,,,,,,,,,,,
2/7/2019 7:00,2/7/2019 8:00,2.974,,,,,,,,,,,
2/7/2019 8:00,2/7/2019 9:00,3.488,,,,,,,,,,,
2/7/2019 9:00,2/7/2019 10:00,3.86,,,,,,,,,,,
2/7/2019 10:00,2/7/2019 11:00,3.906,,,,,,,,,,,
2/7/2019 11:00,2/7/2019 12:00,3.7,,,,,,,,,,,
2/7/2019 12:00,2/7/2019 13:00,3.389,,,,,,,,,,,
2/7/2019 13:00,2/7/2019 14:00,3.195,,,,,,,,,,,
2/7/2019 14:00,2/7/2019 15:00,3.178,,,,,,,,,,,
2/7/2019 15:00,2/7/2019 16:00,3.342,,,,,,,,,,,
2/7/2019 16:00,2/7/2019 17:00,3.588,,,,,,,,,,,
2/7/2019 17:00,2/7/2019 18:00,3.101,,,,,,,,,,,
2/7/2019 18:00,2/7/2019 19:00,2.701,,,,,,,,,,,
2/7/2019 19:00,2/7/2019 20:00,2.4,,,,,,,,,,,
2/7/2019 20:00,2/7/2019 21:00,2.235,,,,,,,,,,,
2/7/2019 21:00,2/7/2019 22:00,2.355,,,,,,,,,,,
2/7/2019 22:00,2/7/2019 23:00,2.819,,,,,,,,,,,
2/7/2019 23:00,2/8/2019 0:00,3.564,,,,,,,,,,,
2/8/2019 0:00,2/8/2019 1:00,4.171,,,,,,,,,,,
2/8/2019 1:00,2/8/2019 2:00,4.891,,,,,,,,,,,
2/8/2019 2:00,2/8/2019 3:00,5.729,,,,,,,,,,,
2/8/2019 3:00,2/8/2019 4:00,6.239,,,,,,,,,,,
2/8/2019 4:00,2/8/2019 5:00,6.718,,,,,,,,,,,
2/8/2019 5:00,2/8/2019 6:00,7.252,,,,,,,,,,,
2/8/2019 6:00,2/8/2019 7:00,7.939,,,,,,,,,,,
2/8/2019 7:00,2/8/2019 8:00,8.556,,,,,,,,,,,
2/8/2019 8:00,2/8/2019 9:00,8.8,,,,,,,,,,,
2/8/2019 9:00,2/8/2019 10:00,8.547,,,,,,,,,,,
2/8/2019 10:00,2/8/2019 11:00,7.912,,,,,,,,,,,
2/8/2019 11:00,2/8/2019 12:00,7.067,,,,,,,,,,,
2/8/2019 12:00,2/8/2019 13:00,6.294,,,,,,,,,,,
2/8/2019 13:00,2/8/2019 14:00,5.759,,,,,,,,,,,
2/8/2019 14:00,2/8/2019 15:00,5.017,,,,,,,,,,,
2/8/2019 15:00,2/8/2019 16:00,4.193,,,,,,,,,,,
2/8/2019 16:00,2/8/2019 17:00,2.966,,,,,,,,,,,
2/8/2019 17:00,2/8/2019 18:00,2.252,,,,,,,,,,,
2/8/2019 18:00,2/8/2019 19:00,1.927,,,,,,,,,,,
2/8/2019 19:00,2/8/2019 20:00,1.459,,,,,,,,,,,
2/8/2019 20:00,2/8/2019 21:00,1.021,,,,,,,,,,,
2/8/2019 21:00,2/8/2019 22:00,0.484,,,,,,,,,,,
2/8/2019 22:00,2/8/2019 23:00,0.204,,,,,,,,,,,
2/8/2019 23:00,2/9/2019 0:00,0.133,,,,,,,,,,,
2/9/2019 0:00,2/9/2019 1:00,0.148,,,,,,,,,,,
2/9/2019 1:00,2/9/2019 2:00,0.213,,,,,,,,,,,
2/9/2019 2:00,2/9/2019 3:00,0.294,,,,,,,,,,,
2/9/2019 3:00,2/9/2019 4:00,0.393,,,,,,,,,,,
2/9/2019 4:00,2/9/2019 5:00,0.57,,,,,,,,,,,
2/9/2019 5:00,2/9/2019 6:00,0.894,,,,,,,,,,,
2/9/2019 6:00,2/9/2019 7:00,1.3,,,,,,,,,,,
2/9/2019 7:00,2/9/2019 8:00,1.805,,,,,,,,,,,
2/9/2019 8:00,2/9/2019 9:00,2.372,,,,,,,,,,,
2/9/2019 9:00,2/9/2019 10:00,2.988,,,,,,,,,,,
2/9/2019 10:00,2/9/2019 11:00,3.68,,,,,,,,,,,
2/9/2019 11:00,2/9/2019 12:00,4.216,,,,,,,,,,,
2/9/2019 12:00,2/9/2019 13:00,4.736,,,,,,,,,,,
2/9/2019 13:00,2/9/2019 14:00,5.665,,,,,,,,,,,
2/9/2019 14:00,2/9/2019 15:00,6.792,,,,,,,,,,,
2/9/2019 15:00,2/9/2019 16:00,7.898,,,,,,,,,,,
2/9/2019 16:00,2/9/2019 17:00,9.095,,,,,,,,,,,
2/9/2019 17:00,2/9/2019 18:00,10.531,,,,,,,,,,,
2/9/2019 18:00,2/9/2019 19:00,11.583,,,,,,,,,,,
2/9/2019 19:00,2/9/2019 20:00,12.194,,,,,,,,,,,
2/9/2019 20:00,2/9/2019 21:00,12.249,,,,,,,,,,,
2/9/2019 21:00,2/9/2019 22:00,12.591,,,,,,,,,,,
2/9/2019 22:00,2/9/2019 23:00,12.721,,,,,,,,,,,
2/9/2019 23:00,2/10/2019 0:00,13.046,,,,,,,,,,,
2/10/2019 0:00,2/10/2019 1:00,11.643,,,,,,,,,,,
2/10/2019 1:00,2/10/2019 2:00,10.27,,,,,,,,,,,
2/10/2019 2:00,2/10/2019 3:00,9.303,,,,,,,,,,,
2/10/2019 3:00,2/10/2019 4:00,8.416,,,,,,,,,,,
2/10/2019 4:00,2/10/2019 5:00,7.752,,,,,,,,,,,
2/10/2019 5:00,2/10/2019 6:00,7.354,,,,,,,,,,,
2/10/2019 6:00,2/10/2019 7:00,6.919,,,,,,,,,,,
2/10/2019 7:00,2/10/2019 8:00,6.498,,,,,,,,,,,
2/10/2019 8:00,2/10/2019 9:00,5.953,,,,,,,,,,,
2/10/2019 9:00,2/10/2019 10:00,5.271,,,,,,,,,,,
2/10/2019 10:00,2/10/2019 11:00,4.518,,,,,,,,,,,
2/10/2019 11:00,2/10/2019 12:00,3.885,,,,,,,,,,,
2/10/2019 12:00,2/10/2019 13:00,3.486,,,,,,,,,,,
2/10/2019 13:00,2/10/2019 14:00,3.265,,,,,,,,,,,
2/10/2019 14:00,2/10/2019 15:00,2.959,,,,,,,,,,,
2/10/2019 15:00,2/10/2019 16:00,2.547,,,,,,,,,,,
2/10/2019 16:00,2/10/2019 17:00,2.533,,,,,,,,,,,
2/10/2019 17:00,2/10/2019 18:00,2.674,,,,,,,,,,,
2/10/2019 18:00,2/10/2019 19:00,2.799,,,,,,,,,,,
2/10/2019 19:00,2/10/2019 20:00,2.907,,,,,,,,,,,
2/10/2019 20:00,2/10/2019 21:00,3.087,,,,,,,,,,,
2/10/2019 21:00,2/10/2019 22:00,3.25,,,,,,,,,,,
2/10/2019 22:00,2/10/2019 23:00,3.312,,,,,,,,,,,
2/10/2019 23:00,2/11/2019 0:00,3.282,,,,,,,,,,,
2/11/2019 0:00,2/11/2019 1:00,3.182,,,,,,,,,,,
2/11/2019 1:00,2/11/2019 2:00,3.05,,,,,,,,,,,
2/11/2019 2:00,2/11/2019 3:00,3.205,,,,,,,,,,,
2/11/2019 3:00,2/11/2019 4:00,3.101,,,,,,,,,,,
2/11/2019 4:00,2/11/2019 5:00,3.426,,,,,,,,,,,
2/11/2019 5:00,2/11/2019 6:00,4.323,,,,,,,,,,,
2/11/2019 6:00,2/11/2019 7:00,5.034,,,,,,,,,,,
2/11/2019 7:00,2/11/2019 8:00,5.753,,,,,,,,,,,
2/11/2019 8:00,2/11/2019 9:00,6.822,,,,,,,,,,,
2/11/2019 9:00,2/11/2019 10:00,9.302,,,,,,,,,,,
2/11/2019 10:00,2/11/2019 11:00,13.825,,,,,,,,,,,
2/11/2019 11:00,2/11/2019 12:00,16.608,,,,,,,,,,,
2/11/2019 12:00,2/11/2019 13:00,17.31,,,,,,,,,,,
2/11/2019 13:00,2/11/2019 14:00,16.369,,,,,,,,,,,
2/11/2019 14:00,2/11/2019 15:00,13.598,,,,,,,,,,,
2/11/2019 15:00,2/11/2019 16:00,11.761,,,,,,,,,,,
2/11/2019 16:00,2/11/2019 17:00,11.751,,,,,,,,,,,
2/11/2019 17:00,2/11/2019 18:00,11.633,,,,,,,,,,,
2/11/2019 18:00,2/11/2019 19:00,11.577,,,,,,,,,,,
2/11/2019 19:00,2/11/2019 20:00,12.029,,,,,,,,,,,
2/11/2019 20:00,2/11/2019 21:00,11.643,,,,,,,,,,,
2/11/2019 21:00,2/11/2019 22:00,11.224,,,,,,,,,,,
2/11/2019 22:00,2/11/2019 23:00,13.29,,,,,,,,,,,
2/11/2019 23:00,2/12/2019 0:00,15.494,,,,,,,,,,,
2/12/2019 0:00,2/12/2019 1:00,16.916,,,,,,,,,,,
2/12/2019 1:00,2/12/2019 2:00,17.78,,,,,,,,,,,
2/12/2019 2:00,2/12/2019 3:00,14.616,,,,,,,,,,,
2/12/2019 3:00,2/12/2019 4:00,17.019,,,,,,,,,,,
2/12/2019 4:00,2/12/2019 5:00,22.104,,,,,,,,,,,
2/12/2019 5:00,2/12/2019 6:00,24.148,,,,,,,,,,,
2/12/2019 6:00,2/12/2019 7:00,25.465,,,,,,,,,,,
2/12/2019 7:00,2/12/2019 8:00,26.151,,,,,,,,,,,
2/12/2019 8:00,2/12/2019 9:00,26.779,,,,,,,,,,,
2/12/2019 9:00,2/12/2019 10:00,25.821,,,,,,,,,,,
2/12/2019 10:00,2/12/2019 11:00,23.941,,,,,,,,,,,
2/12/2019 11:00,2/12/2019 12:00,22.551,,,,,,,,,,,
2/12/2019 12:00,2/12/2019 13:00,21.502,,,,,,,,,,,
2/12/2019 13:00,2/12/2019 14:00,19.958,,,,,,,,,,,
2/12/2019 14:00,2/12/2019 15:00,17.594,,,,,,,,,,,
2/12/2019 15:00,2/12/2019 16:00,14.793,,,,,,,,,,,
2/12/2019 16:00,2/12/2019 17:00,10.62,,,,,,,,,,,
2/12/2019 17:00,2/12/2019 18:00,6.987,,,,,,,,,,,
2/12/2019 18:00,2/12/2019 19:00,5.029,,,,,,,,,,,
2/12/2019 19:00,2/12/2019 20:00,3.013,,,,,,,,,,,
2/12/2019 20:00,2/12/2019 21:00,1.65,,,,,,,,,,,
2/12/2019 21:00,2/12/2019 22:00,0.986,,,,,,,,,,,
2/12/2019 22:00,2/12/2019 23:00,1.433,,,,,,,,,,,
2/12/2019 23:00,2/13/2019 0:00,3.095,,,,,,,,,,,
2/13/2019 0:00,2/13/2019 1:00,5.058,,,,,,,,,,,
2/13/2019 1:00,2/13/2019 2:00,7.588,,,,,,,,,,,
2/13/2019 2:00,2/13/2019 3:00,11.404,,,,,,,,,,,
2/13/2019 3:00,2/13/2019 4:00,14.1,,,,,,,,,,,
2/13/2019 4:00,2/13/2019 5:00,15.725,,,,,,,,,,,
2/13/2019 5:00,2/13/2019 6:00,16.005,,,,,,,,,,,
2/13/2019 6:00,2/13/2019 7:00,15.414,,,,,,,,,,,
2/13/2019 7:00,2/13/2019 8:00,14.46,,,,,,,,,,,
2/13/2019 8:00,2/13/2019 9:00,13.686,,,,,,,,,,,
2/13/2019 9:00,2/13/2019 10:00,13.292,,,,,,,,,,,
2/13/2019 10:00,2/13/2019 11:00,10.902,,,,,,,,,,,
2/13/2019 11:00,2/13/2019 12:00,7.809,,,,,,,,,,,
2/13/2019 12:00,2/13/2019 13:00,6.509,,,,,,,,,,,
2/13/2019 13:00,2/13/2019 14:00,4.503,,,,,,,,,,,
2/13/2019 14:00,2/13/2019 15:00,3.49,,,,,,,,,,,
2/13/2019 15:00,2/13/2019 16:00,3.946,,,,,,,,,,,
2/13/2019 16:00,2/13/2019 17:00,4.606,,,,,,,,,,,
2/13/2019 17:00,2/13/2019 18:00,5.392,,,,,,,,,,,
2/13/2019 18:00,2/13/2019 19:00,6.424,,,,,,,,,,,
2/13/2019 19:00,2/13/2019 20:00,6.167,,,,,,,,,,,
2/13/2019 20:00,2/13/2019 21:00,5.343,,,,,,,,,,,
2/13/2019 21:00,2/13/2019 22:00,5.165,,,,,,,,,,,
2/13/2019 22:00,2/13/2019 23:00,4.996,,,,,,,,,,,
2/13/2019 23:00,2/14/2019 0:00,4.71,,,,,,,,,,,
2/14/2019 0:00,2/14/2019 1:00,6.238,,,,,,,,,,,
2/14/2019 1:00,2/14/2019 2:00,8.569,,,,,,,,,,,
2/14/2019 2:00,2/14/2019 3:00,12.208,,,,,,,,,,,
2/14/2019 3:00,2/14/2019 4:00,14.404,,,,,,,,,,,
2/14/2019 4:00,2/14/2019 5:00,16.411,,,,,,,,,,,
2/14/2019 5:00,2/14/2019 6:00,19.047,,,,,,,,,,,
2/14/2019 6:00,2/14/2019 7:00,21.712,,,,,,,,,,,
2/14/2019 7:00,2/14/2019 8:00,22.443,,,,,,,,,,,
2/14/2019 8:00,2/14/2019 9:00,20.553,,,,,,,,,,,
2/14/2019 9:00,2/14/2019 10:00,24.583,,,,,,,,,,,
2/14/2019 10:00,2/14/2019 11:00,29.606,,,,,,,,,,,
2/14/2019 11:00,2/14/2019 12:00,30.06,,,,,,,,,,,
2/14/2019 12:00,2/14/2019 13:00,30.67,,,,,,,,,,,
2/14/2019 13:00,2/14/2019 14:00,31.035,,,,,,,,,,,
2/14/2019 14:00,2/14/2019 15:00,31.297,,,,,,,,,,,
2/14/2019 15:00,2/14/2019 16:00,31.572,,,,,,,,,,,
2/14/2019 16:00,2/14/2019 17:00,31.616,,,,,,,,,,,
2/14/2019 17:00,2/14/2019 18:00,31.564,,,,,,,,,,,
2/14/2019 18:00,2/14/2019 19:00,31.568,,,,,,,,,,,
2/14/2019 19:00,2/14/2019 20:00,31.578,,,,,,,,,,,
2/14/2019 20:00,2/14/2019 21:00,31.736,,,,,,,,,,,
2/14/2019 21:00,2/14/2019 22:00,31.84,,,,,,,,,,,
2/14/2019 22:00,2/14/2019 23:00,31.875,,,,,,,,,,,
2/14/2019 23:00,2/15/2019 0:00,31.791,,,,,,,,,,,
2/15/2019 0:00,2/15/2019 1:00,31.494,,,,,,,,,,,
2/15/2019 1:00,2/15/2019 2:00,30.417,,,,,,,,,,,
2/15/2019 2:00,2/15/2019 3:00,27.93,,,,,,,,,,,
2/15/2019 3:00,2/15/2019 4:00,23.615,,,,,,,,,,,
2/15/2019 4:00,2/15/2019 5:00,18.486,,,,,,,,,,,
2/15/2019 5:00,2/15/2019 6:00,15.813,,,,,,,,,,,
2/15/2019 6:00,2/15/2019 7:00,14.626,,,,,,,,,,,
2/15/2019 7:00,2/15/2019 8:00,14.507,,,,,,,,,,,
2/15/2019 8:00,2/15/2019 9:00,14.484,,,,,,,,,,,
2/15/2019 9:00,2/15/2019 10:00,12.663,,,,,,,,,,,
2/15/2019 10:00,2/15/2019 11:00,9.946,,,,,,,,,,,
2/15/2019 11:00,2/15/2019 12:00,7.172,,,,,,,,,,,
2/15/2019 12:00,2/15/2019 13:00,5.278,,,,,,,,,,,
2/15/2019 13:00,2/15/2019 14:00,3.005,,,,,,,,,,,
2/15/2019 14:00,2/15/2019 15:00,1.375,,,,,,,,,,,
2/15/2019 15:00,2/15/2019 16:00,0.243,,,,,,,,,,,
2/15/2019 16:00,2/15/2019 17:00,0.178,,,,,,,,,,,
2/15/2019 17:00,2/15/2019 18:00,1.473,,,,,,,,,,,
2/15/2019 18:00,2/15/2019 19:00,3.711,,,,,,,,,,,
2/15/2019 19:00,2/15/2019 20:00,6.312,,,,,,,,,,,
2/15/2019 20:00,2/15/2019 21:00,10.221,,,,,,,,,,,
2/15/2019 21:00,2/15/2019 22:00,14.616,,,,,,,,,,,
2/15/2019 22:00,2/15/2019 23:00,18.603,,,,,,,,,,,
2/15/2019 23:00,2/16/2019 0:00,21.285,,,,,,,,,,,
2/16/2019 0:00,2/16/2019 1:00,22.298,,,,,,,,,,,
2/16/2019 1:00,2/16/2019 2:00,20.973,,,,,,,,,,,
2/16/2019 2:00,2/16/2019 3:00,19.895,,,,,,,,,,,
2/16/2019 3:00,2/16/2019 4:00,29.825,,,,,,,,,,,
2/16/2019 4:00,2/16/2019 5:00,31.175,,,,,,,,,,,
2/16/2019 5:00,2/16/2019 6:00,31.917,,,,,,,,,,,
2/16/2019 6:00,2/16/2019 7:00,31.88,,,,,,,,,,,
2/16/2019 7:00,2/16/2019 8:00,31.85,,,,,,,,,,,
2/16/2019 8:00,2/16/2019 9:00,31.108,,,,,,,,,,,
2/16/2019 9:00,2/16/2019 10:00,28.311,,,,,,,,,,,
2/16/2019 10:00,2/16/2019 11:00,27.244,,,,,,,,,,,
2/16/2019 11:00,2/16/2019 12:00,30.629,,,,,,,,,,,
2/16/2019 12:00,2/16/2019 13:00,31.875,,,,,,,,,,,
2/16/2019 13:00,2/16/2019 14:00,30.996,,,,,,,,,,,
2/16/2019 14:00,2/16/2019 15:00,30.428,,,,,,,,,,,
2/16/2019 15:00,2/16/2019 16:00,30.703,,,,,,,,,,,
2/16/2019 16:00,2/16/2019 17:00,31.142,,,,,,,,,,,
2/16/2019 17:00,2/16/2019 18:00,30.831,,,,,,,,,,,
2/16/2019 18:00,2/16/2019 19:00,30.151,,,,,,,,,,,
2/16/2019 19:00,2/16/2019 20:00,28.618,,,,,,,,,,,
2/16/2019 20:00,2/16/2019 21:00,25.955,,,,,,,,,,,
2/16/2019 21:00,2/16/2019 22:00,23.822,,,,,,,,,,,
2/16/2019 22:00,2/16/2019 23:00,22.565,,,,,,,,,,,
2/16/2019 23:00,2/17/2019 0:00,21.112,,,,,,,,,,,
2/17/2019 0:00,2/17/2019 1:00,18.484,,,,,,,,,,,
2/17/2019 1:00,2/17/2019 2:00,16.949,,,,,,,,,,,
2/17/2019 2:00,2/17/2019 3:00,15.503,,,,,,,,,,,
2/17/2019 3:00,2/17/2019 4:00,12.722,,,,,,,,,,,
2/17/2019 4:00,2/17/2019 5:00,8.396,,,,,,,,,,,
2/17/2019 5:00,2/17/2019 6:00,5.048,,,,,,,,,,,
2/17/2019 6:00,2/17/2019 7:00,2.707,,,,,,,,,,,
2/17/2019 7:00,2/17/2019 8:00,1.675,,,,,,,,,,,
2/17/2019 8:00,2/17/2019 9:00,1.451,,,,,,,,,,,
2/17/2019 9:00,2/17/2019 10:00,1.615,,,,,,,,,,,
2/17/2019 10:00,2/17/2019 11:00,2.018,,,,,,,,,,,
2/17/2019 11:00,2/17/2019 12:00,2.349,,,,,,,,,,,
2/17/2019 12:00,2/17/2019 13:00,2.707,,,,,,,,,,,
2/17/2019 13:00,2/17/2019 14:00,3.031,,,,,,,,,,,
2/17/2019 14:00,2/17/2019 15:00,2.519,,,,,,,,,,,
2/17/2019 15:00,2/17/2019 16:00,2.379,,,,,,,,,,,
2/17/2019 16:00,2/17/2019 17:00,2.276,,,,,,,,,,,
2/17/2019 17:00,2/17/2019 18:00,2.708,,,,,,,,,,,
2/17/2019 18:00,2/17/2019 19:00,2.941,,,,,,,,,,,
2/17/2019 19:00,2/17/2019 20:00,3.173,,,,,,,,,,,
2/17/2019 20:00,2/17/2019 21:00,3.375,,,,,,,,,,,
2/17/2019 21:00,2/17/2019 22:00,3.811,,,,,,,,,,,
2/17/2019 22:00,2/17/2019 23:00,4.24,,,,,,,,,,,
2/17/2019 23:00,2/18/2019 0:00,4.636,,,,,,,,,,,
2/18/2019 0:00,2/18/2019 1:00,4.987,,,,,,,,,,,
2/18/2019 1:00,2/18/2019 2:00,5.392,,,,,,,,,,,
2/18/2019 2:00,2/18/2019 3:00,5.915,,,,,,,,,,,
2/18/2019 3:00,2/18/2019 4:00,5.867,,,,,,,,,,,
2/18/2019 4:00,2/18/2019 5:00,5.971,,,,,,,,,,,
2/18/2019 5:00,2/18/2019 6:00,6.234,,,,,,,,,,,
2/18/2019 6:00,2/18/2019 7:00,6.309,,,,,,,,,,,
2/18/2019 7:00,2/18/2019 8:00,6.717,,,,,,,,,,,
2/18/2019 8:00,2/18/2019 9:00,7.428,,,,,,,,,,,
2/18/2019 9:00,2/18/2019 10:00,6.697,,,,,,,,,,,
2/18/2019 10:00,2/18/2019 11:00,5.129,,,,,,,,,,,
2/18/2019 11:00,2/18/2019 12:00,4.206,,,,,,,,,,,
2/18/2019 12:00,2/18/2019 13:00,5.381,,,,,,,,,,,
2/18/2019 13:00,2/18/2019 14:00,5.14,,,,,,,,,,,
2/18/2019 14:00,2/18/2019 15:00,5.392,,,,,,,,,,,
2/18/2019 15:00,2/18/2019 16:00,3.991,,,,,,,,,,,
2/18/2019 16:00,2/18/2019 17:00,3.673,,,,,,,,,,,
2/18/2019 17:00,2/18/2019 18:00,3.126,,,,,,,,,,,
2/18/2019 18:00,2/18/2019 19:00,2.256,,,,,,,,,,,
2/18/2019 19:00,2/18/2019 20:00,1.28,,,,,,,,,,,
2/18/2019 20:00,2/18/2019 21:00,0.792,,,,,,,,,,,
2/18/2019 21:00,2/18/2019 22:00,0.846,,,,,,,,,,,
2/18/2019 22:00,2/18/2019 23:00,0.939,,,,,,,,,,,
2/18/2019 23:00,2/19/2019 0:00,1.172,,,,,,,,,,,
2/19/2019 0:00,2/19/2019 1:00,1.586,,,,,,,,,,,
2/19/2019 1:00,2/19/2019 2:00,0.918,,,,,,,,,,,
2/19/2019 2:00,2/19/2019 3:00,0.439,,,,,,,,,,,
2/19/2019 3:00,2/19/2019 4:00,0.136,,,,,,,,,,,
2/19/2019 4:00,2/19/2019 5:00,0.815,,,,,,,,,,,
2/19/2019 5:00,2/19/2019 6:00,1.57,,,,,,,,,,,
2/19/2019 6:00,2/19/2019 7:00,1.589,,,,,,,,,,,
2/19/2019 7:00,2/19/2019 8:00,1.305,,,,,,,,,,,
2/19/2019 8:00,2/19/2019 9:00,0.921,,,,,,,,,,,
2/19/2019 9:00,2/19/2019 10:00,1.09,,,,,,,,,,,
2/19/2019 10:00,2/19/2019 11:00,1.726,,,,,,,,,,,
2/19/2019 11:00,2/19/2019 12:00,2.571,,,,,,,,,,,
2/19/2019 12:00,2/19/2019 13:00,2.824,,,,,,,,,,,
2/19/2019 13:00,2/19/2019 14:00,3.969,,,,,,,,,,,
2/19/2019 14:00,2/19/2019 15:00,8.501,,,,,,,,,,,
2/19/2019 15:00,2/19/2019 16:00,13.843,,,,,,,,,,,
2/19/2019 16:00,2/19/2019 17:00,16.977,,,,,,,,,,,
2/19/2019 17:00,2/19/2019 18:00,17.754,,,,,,,,,,,
2/19/2019 18:00,2/19/2019 19:00,16.609,,,,,,,,,,,
2/19/2019 19:00,2/19/2019 20:00,13.205,,,,,,,,,,,
2/19/2019 20:00,2/19/2019 21:00,10.471,,,,,,,,,,,
2/19/2019 21:00,2/19/2019 22:00,7.099,,,,,,,,,,,
2/19/2019 22:00,2/19/2019 23:00,4.866,,,,,,,,,,,
2/19/2019 23:00,2/20/2019 0:00,3.611,,,,,,,,,,,
2/20/2019 0:00,2/20/2019 1:00,2.852,,,,,,,,,,,
2/20/2019 1:00,2/20/2019 2:00,2.245,,,,,,,,,,,
2/20/2019 2:00,2/20/2019 3:00,1.957,,,,,,,,,,,
2/20/2019 3:00,2/20/2019 4:00,1.983,,,,,,,,,,,
2/20/2019 4:00,2/20/2019 5:00,2.46,,,,,,,,,,,
2/20/2019 5:00,2/20/2019 6:00,2.887,,,,,,,,,,,
2/20/2019 6:00,2/20/2019 7:00,4.237,,,,,,,,,,,
2/20/2019 7:00,2/20/2019 8:00,6.177,,,,,,,,,,,
2/20/2019 8:00,2/20/2019 9:00,7.097,,,,,,,,,,,
2/20/2019 9:00,2/20/2019 10:00,6.173,,,,,,,,,,,
2/20/2019 10:00,2/20/2019 11:00,4.6,,,,,,,,,,,
2/20/2019 11:00,2/20/2019 12:00,2.704,,,,,,,,,,,
2/20/2019 12:00,2/20/2019 13:00,1.312,,,,,,,,,,,
2/20/2019 13:00,2/20/2019 14:00,0.528,,,,,,,,,,,
2/20/2019 14:00,2/20/2019 15:00,0.349,,,,,,,,,,,
2/20/2019 15:00,2/20/2019 16:00,0.596,,,,,,,,,,,
2/20/2019 16:00,2/20/2019 17:00,1.18,,,,,,,,,,,
2/20/2019 17:00,2/20/2019 18:00,1.718,,,,,,,,,,,
2/20/2019 18:00,2/20/2019 19:00,1.967,,,,,,,,,,,
2/20/2019 19:00,2/20/2019 20:00,2.149,,,,,,,,,,,
2/20/2019 20:00,2/20/2019 21:00,2.325,,,,,,,,,,,
2/20/2019 21:00,2/20/2019 22:00,2.413,,,,,,,,,,,
2/20/2019 22:00,2/20/2019 23:00,2.503,,,,,,,,,,,
2/20/2019 23:00,2/21/2019 0:00,2.786,,,,,,,,,,,
2/21/2019 0:00,2/21/2019 1:00,2.946,,,,,,,,,,,
2/21/2019 1:00,2/21/2019 2:00,3.329,,,,,,,,,,,
2/21/2019 2:00,2/21/2019 3:00,3.867,,,,,,,,,,,
2/21/2019 3:00,2/21/2019 4:00,4.256,,,,,,,,,,,
2/21/2019 4:00,2/21/2019 5:00,4.592,,,,,,,,,,,
2/21/2019 5:00,2/21/2019 6:00,4.978,,,,,,,,,,,
2/21/2019 6:00,2/21/2019 7:00,5.15,,,,,,,,,,,
2/21/2019 7:00,2/21/2019 8:00,5.019,,,,,,,,,,,
2/21/2019 8:00,2/21/2019 9:00,4.54,,,,,,,,,,,
2/21/2019 9:00,2/21/2019 10:00,4.442,,,,,,,,,,,
2/21/2019 10:00,2/21/2019 11:00,4.407,,,,,,,,,,,
2/21/2019 11:00,2/21/2019 12:00,3.974,,,,,,,,,,,
2/21/2019 12:00,2/21/2019 13:00,3.717,,,,,,,,,,,
2/21/2019 13:00,2/21/2019 14:00,3.607,,,,,,,,,,,
2/21/2019 14:00,2/21/2019 15:00,3.449,,,,,,,,,,,
2/21/2019 15:00,2/21/2019 16:00,3.369,,,,,,,,,,,
2/21/2019 16:00,2/21/2019 17:00,3.408,,,,,,,,,,,
2/21/2019 17:00,2/21/2019 18:00,3.535,,,,,,,,,,,
2/21/2019 18:00,2/21/2019 19:00,3.48,,,,,,,,,,,
2/21/2019 19:00,2/21/2019 20:00,3.417,,,,,,,,,,,
2/21/2019 20:00,2/21/2019 21:00,3.394,,,,,,,,,,,
2/21/2019 21:00,2/21/2019 22:00,5.619,,,,,,,,,,,
2/21/2019 22:00,2/21/2019 23:00,8.449,,,,,,,,,,,
2/21/2019 23:00,2/22/2019 0:00,7.719,,,,,,,,,,,
2/22/2019 0:00,2/22/2019 1:00,9.062,,,,,,,,,,,
2/22/2019 1:00,2/22/2019 2:00,10.024,,,,,,,,,,,
2/22/2019 2:00,2/22/2019 3:00,10.512,,,,,,,,,,,
2/22/2019 3:00,2/22/2019 4:00,10.553,,,,,,,,,,,
2/22/2019 4:00,2/22/2019 5:00,9.82,,,,,,,,,,,
2/22/2019 5:00,2/22/2019 6:00,9.13,,,,,,,,,,,
2/22/2019 6:00,2/22/2019 7:00,9.194,,,,,,,,,,,
2/22/2019 7:00,2/22/2019 8:00,10.979,,,,,,,,,,,
2/22/2019 8:00,2/22/2019 9:00,12.504,,,,,,,,,,,
2/22/2019 9:00,2/22/2019 10:00,14.204,,,,,,,,,,,
2/22/2019 10:00,2/22/2019 11:00,21.532,,,,,,,,,,,
2/22/2019 11:00,2/22/2019 12:00,24.145,,,,,,,,,,,
2/22/2019 12:00,2/22/2019 13:00,24.142,,,,,,,,,,,
2/22/2019 13:00,2/22/2019 14:00,23.653,,,,,,,,,,,
2/22/2019 14:00,2/22/2019 15:00,22.224,,,,,,,,,,,
2/22/2019 15:00,2/22/2019 16:00,20.494,,,,,,,,,,,
2/22/2019 16:00,2/22/2019 17:00,20.71,,,,,,,,,,,
2/22/2019 17:00,2/22/2019 18:00,22.87,,,,,,,,,,,
2/22/2019 18:00,2/22/2019 19:00,23.818,,,,,,,,,,,
2/22/2019 19:00,2/22/2019 20:00,25.283,,,,,,,,,,,
2/22/2019 20:00,2/22/2019 21:00,26.012,,,,,,,,,,,
2/22/2019 21:00,2/22/2019 22:00,24.514,,,,,,,,,,,
2/22/2019 22:00,2/22/2019 23:00,23.103,,,,,,,,,,,
2/22/2019 23:00,2/23/2019 0:00,23.804,,,,,,,,,,,
2/23/2019 0:00,2/23/2019 1:00,24.386,,,,,,,,,,,
2/23/2019 1:00,2/23/2019 2:00,25.064,,,,,,,,,,,
2/23/2019 2:00,2/23/2019 3:00,26.24,,,,,,,,,,,
2/23/2019 3:00,2/23/2019 4:00,26.996,,,,,,,,,,,
2/23/2019 4:00,2/23/2019 5:00,27.431,,,,,,,,,,,
2/23/2019 5:00,2/23/2019 6:00,27.325,,,,,,,,,,,
2/23/2019 6:00,2/23/2019 7:00,27.215,,,,,,,,,,,
2/23/2019 7:00,2/23/2019 8:00,27.17,,,,,,,,,,,
2/23/2019 8:00,2/23/2019 9:00,27.215,,,,,,,,,,,
2/23/2019 9:00,2/23/2019 10:00,27.558,,,,,,,,,,,
2/23/2019 10:00,2/23/2019 11:00,27.515,,,,,,,,,,,
2/23/2019 11:00,2/23/2019 12:00,26.589,,,,,,,,,,,
2/23/2019 12:00,2/23/2019 13:00,25.264,,,,,,,,,,,
2/23/2019 13:00,2/23/2019 14:00,23.394,,,,,,,,,,,
2/23/2019 14:00,2/23/2019 15:00,21.516,,,,,,,,,,,
2/23/2019 15:00,2/23/2019 16:00,21.966,,,,,,,,,,,
2/23/2019 16:00,2/23/2019 17:00,20.109,,,,,,,,,,,
2/23/2019 17:00,2/23/2019 18:00,18.39,,,,,,,,,,,
2/23/2019 18:00,2/23/2019 19:00,18.084,,,,,,,,,,,
2/23/2019 19:00,2/23/2019 20:00,18.806,,,,,,,,,,,
2/23/2019 20:00,2/23/2019 21:00,20.985,,,,,,,,,,,
2/23/2019 21:00,2/23/2019 22:00,22.887,,,,,,,,,,,
2/23/2019 22:00,2/23/2019 23:00,23.723,,,,,,,,,,,
2/23/2019 23:00,2/24/2019 0:00,24.081,,,,,,,,,,,
2/24/2019 0:00,2/24/2019 1:00,23.84,,,,,,,,,,,
2/24/2019 1:00,2/24/2019 2:00,23.475,,,,,,,,,,,
2/24/2019 2:00,2/24/2019 3:00,23.649,,,,,,,,,,,
2/24/2019 3:00,2/24/2019 4:00,23.386,,,,,,,,,,,
2/24/2019 4:00,2/24/2019 5:00,24.164,,,,,,,,,,,
2/24/2019 5:00,2/24/2019 6:00,24.701,,,,,,,,,,,
2/24/2019 6:00,2/24/2019 7:00,25.005,,,,,,,,,,,
2/24/2019 7:00,2/24/2019 8:00,26.797,,,,,,,,,,,
2/24/2019 8:00,2/24/2019 9:00,28.498,,,,,,,,,,,
2/24/2019 9:00,2/24/2019 10:00,27.978,,,,,,,,,,,
2/24/2019 10:00,2/24/2019 11:00,27.171,,,,,,,,,,,
2/24/2019 11:00,2/24/2019 12:00,26.416,,,,,,,,,,,
2/24/2019 12:00,2/24/2019 13:00,25.961,,,,,,,,,,,
2/24/2019 13:00,2/24/2019 14:00,25.139,,,,,,,,,,,
2/24/2019 14:00,2/24/2019 15:00,24.366,,,,,,,,,,,
2/24/2019 15:00,2/24/2019 16:00,25.379,,,,,,,,,,,
2/24/2019 16:00,2/24/2019 17:00,26.968,,,,,,,,,,,
2/24/2019 17:00,2/24/2019 18:00,28.294,,,,,,,,,,,
2/24/2019 18:00,2/24/2019 19:00,30.035,,,,,,,,,,,
2/24/2019 19:00,2/24/2019 20:00,30.592,,,,,,,,,,,
2/24/2019 20:00,2/24/2019 21:00,30.645,,,,,,,,,,,
2/24/2019 21:00,2/24/2019 22:00,30.195,,,,,,,,,,,
2/24/2019 22:00,2/24/2019 23:00,29.514,,,,,,,,,,,
2/24/2019 23:00,2/25/2019 0:00,28.154,,,,,,,,,,,
2/25/2019 0:00,2/25/2019 1:00,26.806,,,,,,,,,,,
2/25/2019 1:00,2/25/2019 2:00,26.157,,,,,,,,,,,
2/25/2019 2:00,2/25/2019 3:00,25.685,,,,,,,,,,,
2/25/2019 3:00,2/25/2019 4:00,24.582,,,,,,,,,,,
2/25/2019 4:00,2/25/2019 5:00,22.902,,,,,,,,,,,
2/25/2019 5:00,2/25/2019 6:00,21.288,,,,,,,,,,,
2/25/2019 6:00,2/25/2019 7:00,20.102,,,,,,,,,,,
2/25/2019 7:00,2/25/2019 8:00,18.724,,,,,,,,,,,
2/25/2019 8:00,2/25/2019 9:00,16.123,,,,,,,,,,,
2/25/2019 9:00,2/25/2019 10:00,14.399,,,,,,,,,,,
2/25/2019 10:00,2/25/2019 11:00,14.52,,,,,,,,,,,
2/25/2019 11:00,2/25/2019 12:00,13.29,,,,,,,,,,,
2/25/2019 12:00,2/25/2019 13:00,10.183,,,,,,,,,,,
2/25/2019 13:00,2/25/2019 14:00,6.235,,,,,,,,,,,
2/25/2019 14:00,2/25/2019 15:00,4.184,,,,,,,,,,,
2/25/2019 15:00,2/25/2019 16:00,2.068,,,,,,,,,,,
2/25/2019 16:00,2/25/2019 17:00,0.873,,,,,,,,,,,
2/25/2019 17:00,2/25/2019 18:00,0.389,,,,,,,,,,,
2/25/2019 18:00,2/25/2019 19:00,0.114,,,,,,,,,,,
2/25/2019 19:00,2/25/2019 20:00,0.138,,,,,,,,,,,
2/25/2019 20:00,2/25/2019 21:00,0.453,,,,,,,,,,,
2/25/2019 21:00,2/25/2019 22:00,1.181,,,,,,,,,,,
2/25/2019 22:00,2/25/2019 23:00,2.281,,,,,,,,,,,
2/25/2019 23:00,2/26/2019 0:00,3.892,,,,,,,,,,,
2/26/2019 0:00,2/26/2019 1:00,6.077,,,,,,,,,,,
2/26/2019 1:00,2/26/2019 2:00,7.986,,,,,,,,,,,
2/26/2019 2:00,2/26/2019 3:00,8.939,,,,,,,,,,,
2/26/2019 3:00,2/26/2019 4:00,7.112,,,,,,,,,,,
2/26/2019 4:00,2/26/2019 5:00,8.58,,,,,,,,,,,
2/26/2019 5:00,2/26/2019 6:00,9.471,,,,,,,,,,,
2/26/2019 6:00,2/26/2019 7:00,10.324,,,,,,,,,,,
2/26/2019 7:00,2/26/2019 8:00,9.46,,,,,,,,,,,
2/26/2019 8:00,2/26/2019 9:00,7.898,,,,,,,,,,,
2/26/2019 9:00,2/26/2019 10:00,6.226,,,,,,,,,,,
2/26/2019 10:00,2/26/2019 11:00,4.804,,,,,,,,,,,
2/26/2019 11:00,2/26/2019 12:00,4.251,,,,,,,,,,,
2/26/2019 12:00,2/26/2019 13:00,3.87,,,,,,,,,,,
2/26/2019 13:00,2/26/2019 14:00,4.116,,,,,,,,,,,
2/26/2019 14:00,2/26/2019 15:00,6.281,,,,,,,,,,,
2/26/2019 15:00,2/26/2019 16:00,9.561,,,,,,,,,,,
2/26/2019 16:00,2/26/2019 17:00,12.92,,,,,,,,,,,
2/26/2019 17:00,2/26/2019 18:00,21.123,,,,,,,,,,,
2/26/2019 18:00,2/26/2019 19:00,28.269,,,,,,,,,,,
2/26/2019 19:00,2/26/2019 20:00,29.855,,,,,,,,,,,
2/26/2019 20:00,2/26/2019 21:00,28.577,,,,,,,,,,,
2/26/2019 21:00,2/26/2019 22:00,27.881,,,,,,,,,,,
2/26/2019 22:00,2/26/2019 23:00,28.27,,,,,,,,,,,
2/26/2019 23:00,2/27/2019 0:00,28.539,,,,,,,,,,,
2/27/2019 0:00,2/27/2019 1:00,29.194,,,,,,,,,,,
2/27/2019 1:00,2/27/2019 2:00,29.599,,,,,,,,,,,
2/27/2019 2:00,2/27/2019 3:00,29.637,,,,,,,,,,,
2/27/2019 3:00,2/27/2019 4:00,29.476,,,,,,,,,,,
2/27/2019 4:00,2/27/2019 5:00,28.805,,,,,,,,,,,
2/27/2019 5:00,2/27/2019 6:00,27.215,,,,,,,,,,,
2/27/2019 6:00,2/27/2019 7:00,25.148,,,,,,,,,,,
2/27/2019 7:00,2/27/2019 8:00,20.971,,,,,,,,,,,
2/27/2019 8:00,2/27/2019 9:00,16.809,,,,,,,,,,,
2/27/2019 9:00,2/27/2019 10:00,13.376,,,,,,,,,,,
2/27/2019 10:00,2/27/2019 11:00,10.553,,,,,,,,,,,
2/27/2019 11:00,2/27/2019 12:00,8.094,,,,,,,,,,,
2/27/2019 12:00,2/27/2019 13:00,6.433,,,,,,,,,,,
2/27/2019 13:00,2/27/2019 14:00,5.139,,,,,,,,,,,
2/27/2019 14:00,2/27/2019 15:00,4.282,,,,,,,,,,,
2/27/2019 15:00,2/27/2019 16:00,4.402,,,,,,,,,,,
2/27/2019 16:00,2/27/2019 17:00,5.668,,,,,,,,,,,
2/27/2019 17:00,2/27/2019 18:00,8.212,,,,,,,,,,,
2/27/2019 18:00,2/27/2019 19:00,10.938,,,,,,,,,,,
2/27/2019 19:00,2/27/2019 20:00,10.759,,,,,,,,,,,
2/27/2019 20:00,2/27/2019 21:00,9.303,,,,,,,,,,,
2/27/2019 21:00,2/27/2019 22:00,8.837,,,,,,,,,,,
2/27/2019 22:00,2/27/2019 23:00,10.205,,,,,,,,,,,
2/27/2019 23:00,2/28/2019 0:00,9.121,,,,,,,,,,,
2/28/2019 0:00,2/28/2019 1:00,7.501,,,,,,,,,,,
2/28/2019 1:00,2/28/2019 2:00,6.511,,,,,,,,,,,
2/28/2019 2:00,2/28/2019 3:00,5.884,,,,,,,,,,,
2/28/2019 3:00,2/28/2019 4:00,4.637,,,,,,,,,,,
2/28/2019 4:00,2/28/2019 5:00,3.873,,,,,,,,,,,
2/28/2019 5:00,2/28/2019 6:00,3.42,,,,,,,,,,,
2/28/2019 6:00,2/28/2019 7:00,3.41,,,,,,,,,,,
2/28/2019 7:00,2/28/2019 8:00,3.791,,,,,,,,,,,
2/28/2019 8:00,2/28/2019 9:00,4.112,,,,,,,,,,,
2/28/2019 9:00,2/28/2019 10:00,3.791,,,,,,,,,,,
2/28/2019 10:00,2/28/2019 11:00,2.984,,,,,,,,,,,
2/28/2019 11:00,2/28/2019 12:00,2.084,,,,,,,,,,,
2/28/2019 12:00,2/28/2019 13:00,1.333,,,,,,,,,,,
2/28/2019 13:00,2/28/2019 14:00,0.81,,,,,,,,,,,
2/28/2019 14:00,2/28/2019 15:00,0.371,,,,,,,,,,,
2/28/2019 15:00,2/28/2019 16:00,0.141,,,,,,,,,,,
2/28/2019 16:00,2/28/2019 17:00,0.108,,,,,,,,,,,
2/28/2019 17:00,2/28/2019 18:00,0.369,,,,,,,,,,,
2/28/2019 18:00,2/28/2019 19:00,0.867,,,,,,,,,,,
2/28/2019 19:00,2/28/2019 20:00,1.478,,,,,,,,,,,
2/28/2019 20:00,2/28/2019 21:00,2.037,,,,,,,,,,,
2/28/2019 21:00,2/28/2019 22:00,2.508,,,,,,,,,,,
2/28/2019 22:00,2/28/2019 23:00,2.988,,,,,,,,,,,
2/28/2019 23:00,3/1/2019 0:00,3.632,,,,,,,,,,,
3/1/2019 0:00,3/1/2019 1:00,4.191,,,,,,,,,,,
3/1/2019 1:00,3/1/2019 2:00,5.084,,,,,,,,,,,
3/1/2019 2:00,3/1/2019 3:00,6.635,,,,,,,,,,,
3/1/2019 3:00,3/1/2019 4:00,9.175,,,,,,,,,,,
3/1/2019 4:00,3/1/2019 5:00,8.855,,,,,,,,,,,
3/1/2019 5:00,3/1/2019 6:00,8.951,,,,,,,,,,,
3/1/2019 6:00,3/1/2019 7:00,9.659,,,,,,,,,,,
3/1/2019 7:00,3/1/2019 8:00,9.382,,,,,,,,,,,
3/1/2019 8:00,3/1/2019 9:00,8.836,,,,,,,,,,,
3/1/2019 9:00,3/1/2019 10:00,7.022,,,,,,,,,,,
3/1/2019 10:00,3/1/2019 11:00,6.146,,,,,,,,,,,
3/1/2019 11:00,3/1/2019 12:00,5.114,,,,,,,,,,,
3/1/2019 12:00,3/1/2019 13:00,4.74,,,,,,,,,,,
3/1/2019 13:00,3/1/2019 14:00,3.962,,,,,,,,,,,
3/1/2019 14:00,3/1/2019 15:00,3.036,,,,,,,,,,,
3/1/2019 15:00,3/1/2019 16:00,2.147,,,,,,,,,,,
3/1/2019 16:00,3/1/2019 17:00,1.578,,,,,,,,,,,
3/1/2019 17:00,3/1/2019 18:00,0.88,,,,,,,,,,,
3/1/2019 18:00,3/1/2019 19:00,0.34,,,,,,,,,,,
3/1/2019 19:00,3/1/2019 20:00,0.234,,,,,,,,,,,
3/1/2019 20:00,3/1/2019 21:00,0.57,,,,,,,,,,,
3/1/2019 21:00,3/1/2019 22:00,1.345,,,,,,,,,,,
3/1/2019 22:00,3/1/2019 23:00,2.591,,,,,,,,,,,
3/1/2019 23:00,3/2/2019 0:00,4.137,,,,,,,,,,,
3/2/2019 0:00,3/2/2019 1:00,6.507,,,,,,,,,,,
3/2/2019 1:00,3/2/2019 2:00,9.48,,,,,,,,,,,
3/2/2019 2:00,3/2/2019 3:00,10.553,,,,,,,,,,,
3/2/2019 3:00,3/2/2019 4:00,9.461,,,,,,,,,,,
3/2/2019 4:00,3/2/2019 5:00,7.536,,,,,,,,,,,
3/2/2019 5:00,3/2/2019 6:00,4.831,,,,,,,,,,,
3/2/2019 6:00,3/2/2019 7:00,2.999,,,,,,,,,,,
3/2/2019 7:00,3/2/2019 8:00,2.06,,,,,,,,,,,
3/2/2019 8:00,3/2/2019 9:00,1.483,,,,,,,,,,,
3/2/2019 9:00,3/2/2019 10:00,0.987,,,,,,,,,,,
3/2/2019 10:00,3/2/2019 11:00,0.697,,,,,,,,,,,
3/2/2019 11:00,3/2/2019 12:00,0.491,,,,,,,,,,,
3/2/2019 12:00,3/2/2019 13:00,0.438,,,,,,,,,,,
3/2/2019 13:00,3/2/2019 14:00,0.433,,,,,,,,,,,
3/2/2019 14:00,3/2/2019 15:00,0.472,,,,,,,,,,,
3/2/2019 15:00,3/2/2019 16:00,0.496,,,,,,,,,,,
3/2/2019 16:00,3/2/2019 17:00,0.642,,,,,,,,,,,
3/2/2019 17:00,3/2/2019 18:00,1.007,,,,,,,,,,,
3/2/2019 18:00,3/2/2019 19:00,1.527,,,,,,,,,,,
3/2/2019 19:00,3/2/2019 20:00,2.09,,,,,,,,,,,
3/2/2019 20:00,3/2/2019 21:00,2.579,,,,,,,,,,,
3/2/2019 21:00,3/2/2019 22:00,2.986,,,,,,,,,,,
3/2/2019 22:00,3/2/2019 23:00,3.617,,,,,,,,,,,
3/2/2019 23:00,3/3/2019 0:00,4.411,,,,,,,,,,,
3/3/2019 0:00,3/3/2019 1:00,5.093,,,,,,,,,,,
3/3/2019 1:00,3/3/2019 2:00,5.126,,,,,,,,,,,
3/3/2019 2:00,3/3/2019 3:00,4.727,,,,,,,,,,,
3/3/2019 3:00,3/3/2019 4:00,4.486,,,,,,,,,,,
3/3/2019 4:00,3/3/2019 5:00,4.426,,,,,,,,,,,
3/3/2019 5:00,3/3/2019 6:00,4.444,,,,,,,,,,,
3/3/2019 6:00,3/3/2019 7:00,4.464,,,,,,,,,,,
3/3/2019 7:00,3/3/2019 8:00,4.333,,,,,,,,,,,
3/3/2019 8:00,3/3/2019 9:00,4.226,,,,,,,,,,,
3/3/2019 9:00,3/3/2019 10:00,3.914,,,,,,,,,,,
3/3/2019 10:00,3/3/2019 11:00,3.398,,,,,,,,,,,
3/3/2019 11:00,3/3/2019 12:00,2.765,,,,,,,,,,,
3/3/2019 12:00,3/3/2019 13:00,2.417,,,,,,,,,,,
3/3/2019 13:00,3/3/2019 14:00,2.387,,,,,,,,,,,
3/3/2019 14:00,3/3/2019 15:00,2.43,,,,,,,,,,,
3/3/2019 15:00,3/3/2019 16:00,2.484,,,,,,,,,,,
3/3/2019 16:00,3/3/2019 17:00,2.561,,,,,,,,,,,
3/3/2019 17:00,3/3/2019 18:00,2.717,,,,,,,,,,,
3/3/2019 18:00,3/3/2019 19:00,2.965,,,,,,,,,,,
3/3/2019 19:00,3/3/2019 20:00,3.212,,,,,,,,,,,
3/3/2019 20:00,3/3/2019 21:00,3.625,,,,,,,,,,,
3/3/2019 21:00,3/3/2019 22:00,4.158,,,,,,,,,,,
3/3/2019 22:00,3/3/2019 23:00,4.688,,,,,,,,,,,
3/3/2019 23:00,3/4/2019 0:00,5.246,,,,,,,,,,,
3/4/2019 0:00,3/4/2019 1:00,5.719,,,,,,,,,,,
3/4/2019 1:00,3/4/2019 2:00,5.717,,,,,,,,,,,
3/4/2019 2:00,3/4/2019 3:00,5.455,,,,,,,,,,,
3/4/2019 3:00,3/4/2019 4:00,5.825,,,,,,,,,,,
3/4/2019 4:00,3/4/2019 5:00,6.215,,,,,,,,,,,
3/4/2019 5:00,3/4/2019 6:00,5.8,,,,,,,,,,,
3/4/2019 6:00,3/4/2019 7:00,4.637,,,,,,,,,,,
3/4/2019 7:00,3/4/2019 8:00,3.496,,,,,,,,,,,
3/4/2019 8:00,3/4/2019 9:00,4.383,,,,,,,,,,,
3/4/2019 9:00,3/4/2019 10:00,7.401,,,,,,,,,,,
3/4/2019 10:00,3/4/2019 11:00,9.739,,,,,,,,,,,
3/4/2019 11:00,3/4/2019 12:00,11.108,,,,,,,,,,,
3/4/2019 12:00,3/4/2019 13:00,9.523,,,,,,,,,,,
3/4/2019 13:00,3/4/2019 14:00,6.895,,,,,,,,,,,
3/4/2019 14:00,3/4/2019 15:00,5.406,,,,,,,,,,,
3/4/2019 15:00,3/4/2019 16:00,4.725,,,,,,,,,,,
3/4/2019 16:00,3/4/2019 17:00,4.212,,,,,,,,,,,
3/4/2019 17:00,3/4/2019 18:00,3.791,,,,,,,,,,,
3/4/2019 18:00,3/4/2019 19:00,3.62,,,,,,,,,,,
3/4/2019 19:00,3/4/2019 20:00,3.363,,,,,,,,,,,
3/4/2019 20:00,3/4/2019 21:00,3.447,,,,,,,,,,,
3/4/2019 21:00,3/4/2019 22:00,3.211,,,,,,,,,,,
3/4/2019 22:00,3/4/2019 23:00,2.753,,,,,,,,,,,
3/4/2019 23:00,3/5/2019 0:00,2.143,,,,,,,,,,,
3/5/2019 0:00,3/5/2019 1:00,1.416,,,,,,,,,,,
3/5/2019 1:00,3/5/2019 2:00,0.999,,,,,,,,,,,
3/5/2019 2:00,3/5/2019 3:00,0.915,,,,,,,,,,,
3/5/2019 3:00,3/5/2019 4:00,1.21,,,,,,,,,,,
3/5/2019 4:00,3/5/2019 5:00,2.452,,,,,,,,,,,
3/5/2019 5:00,3/5/2019 6:00,4.121,,,,,,,,,,,
3/5/2019 6:00,3/5/2019 7:00,5.76,,,,,,,,,,,
3/5/2019 7:00,3/5/2019 8:00,7.429,,,,,,,,,,,
3/5/2019 8:00,3/5/2019 9:00,9.09,,,,,,,,,,,
3/5/2019 9:00,3/5/2019 10:00,10.095,,,,,,,,,,,
3/5/2019 10:00,3/5/2019 11:00,11.969,,,,,,,,,,,
3/5/2019 11:00,3/5/2019 12:00,14.099,,,,,,,,,,,
3/5/2019 12:00,3/5/2019 13:00,16.432,,,,,,,,,,,
3/5/2019 13:00,3/5/2019 14:00,16.828,,,,,,,,,,,
3/5/2019 14:00,3/5/2019 15:00,17.337,,,,,,,,,,,
3/5/2019 15:00,3/5/2019 16:00,17.528,,,,,,,,,,,
3/5/2019 16:00,3/5/2019 17:00,15.21,,,,,,,,,,,
3/5/2019 17:00,3/5/2019 18:00,13.686,,,,,,,,,,,
3/5/2019 18:00,3/5/2019 19:00,12.85,,,,,,,,,,,
3/5/2019 19:00,3/5/2019 20:00,13.29,,,,,,,,,,,
3/5/2019 20:00,3/5/2019 21:00,13.644,,,,,,,,,,,
3/5/2019 21:00,3/5/2019 22:00,13.512,,,,,,,,,,,
3/5/2019 22:00,3/5/2019 23:00,13.153,,,,,,,,,,,
3/5/2019 23:00,3/6/2019 0:00,13.203,,,,,,,,,,,
3/6/2019 0:00,3/6/2019 1:00,14.457,,,,,,,,,,,
3/6/2019 1:00,3/6/2019 2:00,16.162,,,,,,,,,,,
3/6/2019 2:00,3/6/2019 3:00,17.701,,,,,,,,,,,
3/6/2019 3:00,3/6/2019 4:00,17.952,,,,,,,,,,,
3/6/2019 4:00,3/6/2019 5:00,17.357,,,,,,,,,,,
3/6/2019 5:00,3/6/2019 6:00,15.58,,,,,,,,,,,
3/6/2019 6:00,3/6/2019 7:00,13.678,,,,,,,,,,,
3/6/2019 7:00,3/6/2019 8:00,12.59,,,,,,,,,,,
3/6/2019 8:00,3/6/2019 9:00,12.115,,,,,,,,,,,
3/6/2019 9:00,3/6/2019 10:00,12.202,,,,,,,,,,,
3/6/2019 10:00,3/6/2019 11:00,12.116,,,,,,,,,,,
3/6/2019 11:00,3/6/2019 12:00,12.128,,,,,,,,,,,
3/6/2019 12:00,3/6/2019 13:00,12.115,,,,,,,,,,,
3/6/2019 13:00,3/6/2019 14:00,11.643,,,,,,,,,,,
3/6/2019 14:00,3/6/2019 15:00,12.684,,,,,,,,,,,
3/6/2019 15:00,3/6/2019 16:00,15.015,,,,,,,,,,,
3/6/2019 16:00,3/6/2019 17:00,16.035,,,,,,,,,,,
3/6/2019 17:00,3/6/2019 18:00,16.282,,,,,,,,,,,
3/6/2019 18:00,3/6/2019 19:00,14.837,,,,,,,,,,,
3/6/2019 19:00,3/6/2019 20:00,12.95,,,,,,,,,,,
3/6/2019 20:00,3/6/2019 21:00,10.676,,,,,,,,,,,
3/6/2019 21:00,3/6/2019 22:00,8.779,,,,,,,,,,,
3/6/2019 22:00,3/6/2019 23:00,7.823,,,,,,,,,,,
3/6/2019 23:00,3/7/2019 0:00,6.971,,,,,,,,,,,
3/7/2019 0:00,3/7/2019 1:00,6.626,,,,,,,,,,,
3/7/2019 1:00,3/7/2019 2:00,6.468,,,,,,,,,,,
3/7/2019 2:00,3/7/2019 3:00,5.788,,,,,,,,,,,
3/7/2019 3:00,3/7/2019 4:00,4.756,,,,,,,,,,,
3/7/2019 4:00,3/7/2019 5:00,3.555,,,,,,,,,,,
3/7/2019 5:00,3/7/2019 6:00,2.383,,,,,,,,,,,
3/7/2019 6:00,3/7/2019 7:00,1.551,,,,,,,,,,,
3/7/2019 7:00,3/7/2019 8:00,1.016,,,,,,,,,,,
3/7/2019 8:00,3/7/2019 9:00,0.733,,,,,,,,,,,
3/7/2019 9:00,3/7/2019 10:00,0.665,,,,,,,,,,,
3/7/2019 10:00,3/7/2019 11:00,0.546,,,,,,,,,,,
3/7/2019 11:00,3/7/2019 12:00,0.436,,,,,,,,,,,
3/7/2019 12:00,3/7/2019 13:00,0.464,,,,,,,,,,,
3/7/2019 13:00,3/7/2019 14:00,0.904,,,,,,,,,,,
3/7/2019 14:00,3/7/2019 15:00,1.728,,,,,,,,,,,
3/7/2019 15:00,3/7/2019 16:00,2.639,,,,,,,,,,,
3/7/2019 16:00,3/7/2019 17:00,3.238,,,,,,,,,,,
3/7/2019 17:00,3/7/2019 18:00,3.703,,,,,,,,,,,
3/7/2019 18:00,3/7/2019 19:00,4.197,,,,,,,,,,,
3/7/2019 19:00,3/7/2019 20:00,4.674,,,,,,,,,,,
3/7/2019 20:00,3/7/2019 21:00,4.936,,,,,,,,,,,
3/7/2019 21:00,3/7/2019 22:00,4.565,,,,,,,,,,,
3/7/2019 22:00,3/7/2019 23:00,4.324,,,,,,,,,,,
3/7/2019 23:00,3/8/2019 0:00,4.298,,,,,,,,,,,
3/8/2019 0:00,3/8/2019 1:00,4.517,,,,,,,,,,,
3/8/2019 1:00,3/8/2019 2:00,4.918,,,,,,,,,,,
3/8/2019 2:00,3/8/2019 3:00,4.976,,,,,,,,,,,
3/8/2019 3:00,3/8/2019 4:00,4.977,,,,,,,,,,,
3/8/2019 4:00,3/8/2019 5:00,4.822,,,,,,,,,,,
3/8/2019 5:00,3/8/2019 6:00,4.523,,,,,,,,,,,
3/8/2019 6:00,3/8/2019 7:00,4.07,,,,,,,,,,,
3/8/2019 7:00,3/8/2019 8:00,3.691,,,,,,,,,,,
3/8/2019 8:00,3/8/2019 9:00,4.228,,,,,,,,,,,
3/8/2019 9:00,3/8/2019 10:00,5.01,,,,,,,,,,,
3/8/2019 10:00,3/8/2019 11:00,5.192,,,,,,,,,,,
3/8/2019 11:00,3/8/2019 12:00,5.529,,,,,,,,,,,
3/8/2019 12:00,3/8/2019 13:00,6.194,,,,,,,,,,,
3/8/2019 13:00,3/8/2019 14:00,7.259,,,,,,,,,,,
3/8/2019 14:00,3/8/2019 15:00,8.221,,,,,,,,,,,
3/8/2019 15:00,3/8/2019 16:00,8.342,,,,,,,,,,,
3/8/2019 16:00,3/8/2019 17:00,7.982,,,,,,,,,,,
3/8/2019 17:00,3/8/2019 18:00,8.466,,,,,,,,,,,
3/8/2019 18:00,3/8/2019 19:00,9.059,,,,,,,,,,,
3/8/2019 19:00,3/8/2019 20:00,9.482,,,,,,,,,,,
3/8/2019 20:00,3/8/2019 21:00,9.661,,,,,,,,,,,
3/8/2019 21:00,3/8/2019 22:00,10.47,,,,,,,,,,,
3/8/2019 22:00,3/8/2019 23:00,11.259,,,,,,,,,,,
3/8/2019 23:00,3/9/2019 0:00,12.03,,,,,,,,,,,
3/9/2019 0:00,3/9/2019 1:00,12.966,,,,,,,,,,,
3/9/2019 1:00,3/9/2019 2:00,13.397,,,,,,,,,,,
3/9/2019 2:00,3/9/2019 3:00,13.75,,,,,,,,,,,
3/9/2019 3:00,3/9/2019 4:00,13.389,,,,,,,,,,,
3/9/2019 4:00,3/9/2019 5:00,13.51,,,,,,,,,,,
3/9/2019 5:00,3/9/2019 6:00,13.414,,,,,,,,,,,
3/9/2019 6:00,3/9/2019 7:00,13.907,,,,,,,,,,,
3/9/2019 7:00,3/9/2019 8:00,14.105,,,,,,,,,,,
3/9/2019 8:00,3/9/2019 9:00,14.114,,,,,,,,,,,
3/9/2019 9:00,3/9/2019 10:00,16.034,,,,,,,,,,,
3/9/2019 10:00,3/9/2019 11:00,15.167,,,,,,,,,,,
3/9/2019 11:00,3/9/2019 12:00,14.379,,,,,,,,,,,
3/9/2019 12:00,3/9/2019 13:00,13.598,,,,,,,,,,,
3/9/2019 13:00,3/9/2019 14:00,12.991,,,,,,,,,,,
3/9/2019 14:00,3/9/2019 15:00,12.999,,,,,,,,,,,
3/9/2019 15:00,3/9/2019 16:00,13.687,,,,,,,,,,,
3/9/2019 16:00,3/9/2019 17:00,15.015,,,,,,,,,,,
3/9/2019 17:00,3/9/2019 18:00,16.123,,,,,,,,,,,
3/9/2019 18:00,3/9/2019 19:00,16.521,,,,,,,,,,,
3/9/2019 19:00,3/9/2019 20:00,16.217,,,,,,,,,,,
3/9/2019 20:00,3/9/2019 21:00,15.839,,,,,,,,,,,
3/9/2019 21:00,3/9/2019 22:00,15.221,,,,,,,,,,,
3/9/2019 22:00,3/9/2019 23:00,14.234,,,,,,,,,,,
3/9/2019 23:00,3/10/2019 0:00,12.925,,,,,,,,,,,
3/10/2019 0:00,3/10/2019 1:00,11.906,,,,,,,,,,,
3/10/2019 1:00,3/10/2019 2:00,11.038,,,,,,,,,,,
3/10/2019 2:00,3/10/2019 3:00,9.686,,,,,,,,,,,
3/10/2019 3:00,3/10/2019 4:00,8.518,,,,,,,,,,,
3/10/2019 4:00,3/10/2019 5:00,7.011,,,,,,,,,,,
3/10/2019 5:00,3/10/2019 6:00,4.86,,,,,,,,,,,
3/10/2019 6:00,3/10/2019 7:00,4.114,,,,,,,,,,,
3/10/2019 7:00,3/10/2019 8:00,3.767,,,,,,,,,,,
3/10/2019 8:00,3/10/2019 9:00,4.029,,,,,,,,,,,
3/10/2019 9:00,3/10/2019 10:00,4.733,,,,,,,,,,,
3/10/2019 10:00,3/10/2019 11:00,4.583,,,,,,,,,,,
3/10/2019 11:00,3/10/2019 12:00,3.877,,,,,,,,,,,
3/10/2019 12:00,3/10/2019 13:00,3.585,,,,,,,,,,,
3/10/2019 13:00,3/10/2019 14:00,3.463,,,,,,,,,,,
3/10/2019 14:00,3/10/2019 15:00,3.437,,,,,,,,,,,
3/10/2019 15:00,3/10/2019 16:00,3.036,,,,,,,,,,,
3/10/2019 16:00,3/10/2019 17:00,2.344,,,,,,,,,,,
3/10/2019 17:00,3/10/2019 18:00,1.722,,,,,,,,,,,
3/10/2019 18:00,3/10/2019 19:00,1.371,,,,,,,,,,,
3/10/2019 19:00,3/10/2019 20:00,1.105,,,,,,,,,,,
3/10/2019 20:00,3/10/2019 21:00,0.965,,,,,,,,,,,
3/10/2019 21:00,3/10/2019 22:00,1.088,,,,,,,,,,,
3/10/2019 22:00,3/10/2019 23:00,1.454,,,,,,,,,,,
3/10/2019 23:00,3/11/2019 0:00,1.873,,,,,,,,,,,
3/11/2019 0:00,3/11/2019 1:00,2.188,,,,,,,,,,,
3/11/2019 1:00,3/11/2019 2:00,2.495,,,,,,,,,,,
3/11/2019 2:00,3/11/2019 3:00,2.877,,,,,,,,,,,
3/11/2019 3:00,3/11/2019 4:00,2.986,,,,,,,,,,,
3/11/2019 4:00,3/11/2019 5:00,2.835,,,,,,,,,,,
3/11/2019 5:00,3/11/2019 6:00,2.633,,,,,,,,,,,
3/11/2019 6:00,3/11/2019 7:00,2.218,,,,,,,,,,,
3/11/2019 7:00,3/11/2019 8:00,1.667,,,,,,,,,,,
3/11/2019 8:00,3/11/2019 9:00,1.076,,,,,,,,,,,
3/11/2019 9:00,3/11/2019 10:00,0.795,,,,,,,,,,,
3/11/2019 10:00,3/11/2019 11:00,0.709,,,,,,,,,,,
3/11/2019 11:00,3/11/2019 12:00,0.653,,,,,,,,,,,
3/11/2019 12:00,3/11/2019 13:00,0.813,,,,,,,,,,,
3/11/2019 13:00,3/11/2019 14:00,1.134,,,,,,,,,,,
3/11/2019 14:00,3/11/2019 15:00,1.401,,,,,,,,,,,
3/11/2019 15:00,3/11/2019 16:00,1.568,,,,,,,,,,,
3/11/2019 16:00,3/11/2019 17:00,1.829,,,,,,,,,,,
3/11/2019 17:00,3/11/2019 18:00,2.134,,,,,,,,,,,
3/11/2019 18:00,3/11/2019 19:00,2.383,,,,,,,,,,,
3/11/2019 19:00,3/11/2019 20:00,2.577,,,,,,,,,,,
3/11/2019 20:00,3/11/2019 21:00,2.684,,,,,,,,,,,
3/11/2019 21:00,3/11/2019 22:00,2.825,,,,,,,,,,,
3/11/2019 22:00,3/11/2019 23:00,3.021,,,,,,,,,,,
3/11/2019 23:00,3/12/2019 0:00,3.296,,,,,,,,,,,
3/12/2019 0:00,3/12/2019 1:00,3.618,,,,,,,,,,,
3/12/2019 1:00,3/12/2019 2:00,3.857,,,,,,,,,,,
3/12/2019 2:00,3/12/2019 3:00,3.9,,,,,,,,,,,
3/12/2019 3:00,3/12/2019 4:00,3.905,,,,,,,,,,,
3/12/2019 4:00,3/12/2019 5:00,3.716,,,,,,,,,,,
3/12/2019 5:00,3/12/2019 6:00,3.905,,,,,,,,,,,
3/12/2019 6:00,3/12/2019 7:00,4.109,,,,,,,,,,,
3/12/2019 7:00,3/12/2019 8:00,3.816,,,,,,,,,,,
3/12/2019 8:00,3/12/2019 9:00,3.119,,,,,,,,,,,
3/12/2019 9:00,3/12/2019 10:00,2.321,,,,,,,,,,,
3/12/2019 10:00,3/12/2019 11:00,1.633,,,,,,,,,,,
3/12/2019 11:00,3/12/2019 12:00,1.188,,,,,,,,,,,
3/12/2019 12:00,3/12/2019 13:00,0.906,,,,,,,,,,,
3/12/2019 13:00,3/12/2019 14:00,0.884,,,,,,,,,,,
3/12/2019 14:00,3/12/2019 15:00,0.972,,,,,,,,,,,
3/12/2019 15:00,3/12/2019 16:00,1.33,,,,,,,,,,,
3/12/2019 16:00,3/12/2019 17:00,2.109,,,,,,,,,,,
3/12/2019 17:00,3/12/2019 18:00,3.259,,,,,,,,,,,
3/12/2019 18:00,3/12/2019 19:00,4.296,,,,,,,,,,,
3/12/2019 19:00,3/12/2019 20:00,5.203,,,,,,,,,,,
3/12/2019 20:00,3/12/2019 21:00,6.219,,,,,,,,,,,
3/12/2019 21:00,3/12/2019 22:00,7.43,,,,,,,,,,,
3/12/2019 22:00,3/12/2019 23:00,8.99,,,,,,,,,,,
3/12/2019 23:00,3/13/2019 0:00,10.523,,,,,,,,,,,
3/13/2019 0:00,3/13/2019 1:00,11.284,,,,,,,,,,,
3/13/2019 1:00,3/13/2019 2:00,12.236,,,,,,,,,,,
3/13/2019 2:00,3/13/2019 3:00,13.198,,,,,,,,,,,
3/13/2019 3:00,3/13/2019 4:00,12.719,,,,,,,,,,,
3/13/2019 4:00,3/13/2019 5:00,12.029,,,,,,,,,,,
3/13/2019 5:00,3/13/2019 6:00,11.782,,,,,,,,,,,
3/13/2019 6:00,3/13/2019 7:00,11.156,,,,,,,,,,,
3/13/2019 7:00,3/13/2019 8:00,10.316,,,,,,,,,,,
3/13/2019 8:00,3/13/2019 9:00,8.941,,,,,,,,,,,
3/13/2019 9:00,3/13/2019 10:00,8.417,,,,,,,,,,,
3/13/2019 10:00,3/13/2019 11:00,11.814,,,,,,,,,,,
3/13/2019 11:00,3/13/2019 12:00,13.291,,,,,,,,,,,
3/13/2019 12:00,3/13/2019 13:00,12.352,,,,,,,,,,,
3/13/2019 13:00,3/13/2019 14:00,11.815,,,,,,,,,,,
3/13/2019 14:00,3/13/2019 15:00,11.729,,,,,,,,,,,
3/13/2019 15:00,3/13/2019 16:00,11.66,,,,,,,,,,,
3/13/2019 16:00,3/13/2019 17:00,10.891,,,,,,,,,,,
3/13/2019 17:00,3/13/2019 18:00,10.843,,,,,,,,,,,
3/13/2019 18:00,3/13/2019 19:00,10.76,,,,,,,,,,,
3/13/2019 19:00,3/13/2019 20:00,10.967,,,,,,,,,,,
3/13/2019 20:00,3/13/2019 21:00,10.756,,,,,,,,,,,
3/13/2019 21:00,3/13/2019 22:00,11.262,,,,,,,,,,,
3/13/2019 22:00,3/13/2019 23:00,11.815,,,,,,,,,,,
3/13/2019 23:00,3/14/2019 0:00,11.801,,,,,,,,,,,
3/14/2019 0:00,3/14/2019 1:00,11.51,,,,,,,,,,,
3/14/2019 1:00,3/14/2019 2:00,10.552,,,,,,,,,,,
3/14/2019 2:00,3/14/2019 3:00,9.767,,,,,,,,,,,
3/14/2019 3:00,3/14/2019 4:00,9.388,,,,,,,,,,,
3/14/2019 4:00,3/14/2019 5:00,9.302,,,,,,,,,,,
3/14/2019 5:00,3/14/2019 6:00,9.38,,,,,,,,,,,
3/14/2019 6:00,3/14/2019 7:00,9.302,,,,,,,,,,,
3/14/2019 7:00,3/14/2019 8:00,8.836,,,,,,,,,,,
3/14/2019 8:00,3/14/2019 9:00,8.417,,,,,,,,,,,
3/14/2019 9:00,3/14/2019 10:00,9.251,,,,,,,,,,,
3/14/2019 10:00,3/14/2019 11:00,8.572,,,,,,,,,,,
3/14/2019 11:00,3/14/2019 12:00,7.272,,,,,,,,,,,
3/14/2019 12:00,3/14/2019 13:00,6.286,,,,,,,,,,,
3/14/2019 13:00,3/14/2019 14:00,5.372,,,,,,,,,,,
3/14/2019 14:00,3/14/2019 15:00,4.918,,,,,,,,,,,
3/14/2019 15:00,3/14/2019 16:00,5.308,,,,,,,,,,,
3/14/2019 16:00,3/14/2019 17:00,5.156,,,,,,,,,,,
3/14/2019 17:00,3/14/2019 18:00,4.636,,,,,,,,,,,
3/14/2019 18:00,3/14/2019 19:00,4.307,,,,,,,,,,,
3/14/2019 19:00,3/14/2019 20:00,3.926,,,,,,,,,,,
3/14/2019 20:00,3/14/2019 21:00,3.496,,,,,,,,,,,
3/14/2019 21:00,3/14/2019 22:00,3.176,,,,,,,,,,,
3/14/2019 22:00,3/14/2019 23:00,2.982,,,,,,,,,,,
3/14/2019 23:00,3/15/2019 0:00,2.883,,,,,,,,,,,
3/15/2019 0:00,3/15/2019 1:00,2.809,,,,,,,,,,,
3/15/2019 1:00,3/15/2019 2:00,2.537,,,,,,,,,,,
3/15/2019 2:00,3/15/2019 3:00,2.298,,,,,,,,,,,
3/15/2019 3:00,3/15/2019 4:00,2.008,,,,,,,,,,,
3/15/2019 4:00,3/15/2019 5:00,1.835,,,,,,,,,,,
3/15/2019 5:00,3/15/2019 6:00,1.76,,,,,,,,,,,
3/15/2019 6:00,3/15/2019 7:00,1.738,,,,,,,,,,,
3/15/2019 7:00,3/15/2019 8:00,1.626,,,,,,,,,,,
3/15/2019 8:00,3/15/2019 9:00,1.423,,,,,,,,,,,
3/15/2019 9:00,3/15/2019 10:00,0.983,,,,,,,,,,,
3/15/2019 10:00,3/15/2019 11:00,0.691,,,,,,,,,,,
3/15/2019 11:00,3/15/2019 12:00,0.365,,,,,,,,,,,
3/15/2019 12:00,3/15/2019 13:00,0.126,,,,,,,,,,,
3/15/2019 13:00,3/15/2019 14:00,0.064,,,,,,,,,,,
3/15/2019 14:00,3/15/2019 15:00,0.26,,,,,,,,,,,
3/15/2019 15:00,3/15/2019 16:00,0.486,,,,,,,,,,,
3/15/2019 16:00,3/15/2019 17:00,0.582,,,,,,,,,,,
3/15/2019 17:00,3/15/2019 18:00,0.617,,,,,,,,,,,
3/15/2019 18:00,3/15/2019 19:00,0.639,,,,,,,,,,,
3/15/2019 19:00,3/15/2019 20:00,0.68,,,,,,,,,,,
3/15/2019 20:00,3/15/2019 21:00,0.718,,,,,,,,,,,
3/15/2019 21:00,3/15/2019 22:00,0.872,,,,,,,,,,,
3/15/2019 22:00,3/15/2019 23:00,0.995,,,,,,,,,,,
3/15/2019 23:00,3/16/2019 0:00,1.133,,,,,,,,,,,
3/16/2019 0:00,3/16/2019 1:00,1.371,,,,,,,,,,,
3/16/2019 1:00,3/16/2019 2:00,1.862,,,,,,,,,,,
3/16/2019 2:00,3/16/2019 3:00,2.48,,,,,,,,,,,
3/16/2019 3:00,3/16/2019 4:00,2.988,,,,,,,,,,,
3/16/2019 4:00,3/16/2019 5:00,2.691,,,,,,,,,,,
3/16/2019 5:00,3/16/2019 6:00,2.044,,,,,,,,,,,
3/16/2019 6:00,3/16/2019 7:00,1.591,,,,,,,,,,,
3/16/2019 7:00,3/16/2019 8:00,1.42,,,,,,,,,,,
3/16/2019 8:00,3/16/2019 9:00,1.45,,,,,,,,,,,
3/16/2019 9:00,3/16/2019 10:00,1.977,,,,,,,,,,,
3/16/2019 10:00,3/16/2019 11:00,2.257,,,,,,,,,,,
3/16/2019 11:00,3/16/2019 12:00,2.577,,,,,,,,,,,
3/16/2019 12:00,3/16/2019 13:00,2.567,,,,,,,,,,,
3/16/2019 13:00,3/16/2019 14:00,2.5,,,,,,,,,,,
3/16/2019 14:00,3/16/2019 15:00,2.528,,,,,,,,,,,
3/16/2019 15:00,3/16/2019 16:00,2.248,,,,,,,,,,,
3/16/2019 16:00,3/16/2019 17:00,1.967,,,,,,,,,,,
3/16/2019 17:00,3/16/2019 18:00,1.512,,,,,,,,,,,
3/16/2019 18:00,3/16/2019 19:00,1.192,,,,,,,,,,,
3/16/2019 19:00,3/16/2019 20:00,0.989,,,,,,,,,,,
3/16/2019 20:00,3/16/2019 21:00,0.876,,,,,,,,,,,
3/16/2019 21:00,3/16/2019 22:00,0.743,,,,,,,,,,,
3/16/2019 22:00,3/16/2019 23:00,0.681,,,,,,,,,,,
3/16/2019 23:00,3/17/2019 0:00,0.743,,,,,,,,,,,
3/17/2019 0:00,3/17/2019 1:00,0.867,,,,,,,,,,,
3/17/2019 1:00,3/17/2019 2:00,1.04,,,,,,,,,,,
3/17/2019 2:00,3/17/2019 3:00,1.216,,,,,,,,,,,
3/17/2019 3:00,3/17/2019 4:00,1.348,,,,,,,,,,,
3/17/2019 4:00,3/17/2019 5:00,0.964,,,,,,,,,,,
3/17/2019 5:00,3/17/2019 6:00,0.521,,,,,,,,,,,
3/17/2019 6:00,3/17/2019 7:00,0.359,,,,,,,,,,,
3/17/2019 7:00,3/17/2019 8:00,0.242,,,,,,,,,,,
3/17/2019 8:00,3/17/2019 9:00,0.282,,,,,,,,,,,
3/17/2019 9:00,3/17/2019 10:00,0.414,,,,,,,,,,,
3/17/2019 10:00,3/17/2019 11:00,1.337,,,,,,,,,,,
3/17/2019 11:00,3/17/2019 12:00,2.567,,,,,,,,,,,
3/17/2019 12:00,3/17/2019 13:00,3.328,,,,,,,,,,,
3/17/2019 13:00,3/17/2019 14:00,3.942,,,,,,,,,,,
3/17/2019 14:00,3/17/2019 15:00,4.729,,,,,,,,,,,
3/17/2019 15:00,3/17/2019 16:00,5.288,,,,,,,,,,,
3/17/2019 16:00,3/17/2019 17:00,6.258,,,,,,,,,,,
3/17/2019 17:00,3/17/2019 18:00,7.959,,,,,,,,,,,
3/17/2019 18:00,3/17/2019 19:00,9.46,,,,,,,,,,,
3/17/2019 19:00,3/17/2019 20:00,10.204,,,,,,,,,,,
3/17/2019 20:00,3/17/2019 21:00,11.064,,,,,,,,,,,
3/17/2019 21:00,3/17/2019 22:00,12.029,,,,,,,,,,,
3/17/2019 22:00,3/17/2019 23:00,13.669,,,,,,,,,,,
3/17/2019 23:00,3/18/2019 0:00,13.92,,,,,,,,,,,
3/18/2019 0:00,3/18/2019 1:00,13.924,,,,,,,,,,,
3/18/2019 1:00,3/18/2019 2:00,13.825,,,,,,,,,,,
3/18/2019 2:00,3/18/2019 3:00,13.598,,,,,,,,,,,
3/18/2019 3:00,3/18/2019 4:00,13.598,,,,,,,,,,,
3/18/2019 4:00,3/18/2019 5:00,12.895,,,,,,,,,,,
3/18/2019 5:00,3/18/2019 6:00,10.582,,,,,,,,,,,
3/18/2019 6:00,3/18/2019 7:00,8.55,,,,,,,,,,,
3/18/2019 7:00,3/18/2019 8:00,6.467,,,,,,,,,,,
3/18/2019 8:00,3/18/2019 9:00,4.978,,,,,,,,,,,
3/18/2019 9:00,3/18/2019 10:00,4.407,,,,,,,,,,,
3/18/2019 10:00,3/18/2019 11:00,3.307,,,,,,,,,,,
3/18/2019 11:00,3/18/2019 12:00,2.187,,,,,,,,,,,
3/18/2019 12:00,3/18/2019 13:00,1.341,,,,,,,,,,,
3/18/2019 13:00,3/18/2019 14:00,0.655,,,,,,,,,,,
3/18/2019 14:00,3/18/2019 15:00,0.17,,,,,,,,,,,
3/18/2019 15:00,3/18/2019 16:00,0.074,,,,,,,,,,,
3/18/2019 16:00,3/18/2019 17:00,0.42,,,,,,,,,,,
3/18/2019 17:00,3/18/2019 18:00,0.977,,,,,,,,,,,
3/18/2019 18:00,3/18/2019 19:00,1.307,,,,,,,,,,,
3/18/2019 19:00,3/18/2019 20:00,1.429,,,,,,,,,,,
3/18/2019 20:00,3/18/2019 21:00,1.542,,,,,,,,,,,
3/18/2019 21:00,3/18/2019 22:00,1.713,,,,,,,,,,,
3/18/2019 22:00,3/18/2019 23:00,1.88,,,,,,,,,,,
3/18/2019 23:00,3/19/2019 0:00,2.037,,,,,,,,,,,
3/19/2019 0:00,3/19/2019 1:00,2.191,,,,,,,,,,,
3/19/2019 1:00,3/19/2019 2:00,2.302,,,,,,,,,,,
3/19/2019 2:00,3/19/2019 3:00,2.213,,,,,,,,,,,
3/19/2019 3:00,3/19/2019 4:00,1.837,,,,,,,,,,,
3/19/2019 4:00,3/19/2019 5:00,1.723,,,,,,,,,,,
3/19/2019 5:00,3/19/2019 6:00,2.048,,,,,,,,,,,
3/19/2019 6:00,3/19/2019 7:00,2.827,,,,,,,,,,,
3/19/2019 7:00,3/19/2019 8:00,3.429,,,,,,,,,,,
3/19/2019 8:00,3/19/2019 9:00,3.26,,,,,,,,,,,
3/19/2019 9:00,3/19/2019 10:00,3.133,,,,,,,,,,,
3/19/2019 10:00,3/19/2019 11:00,3.893,,,,,,,,,,,
3/19/2019 11:00,3/19/2019 12:00,4.275,,,,,,,,,,,
3/19/2019 12:00,3/19/2019 13:00,4.789,,,,,,,,,,,
3/19/2019 13:00,3/19/2019 14:00,5.656,,,,,,,,,,,
3/19/2019 14:00,3/19/2019 15:00,7.065,,,,,,,,,,,
3/19/2019 15:00,3/19/2019 16:00,8.325,,,,,,,,,,,
3/19/2019 16:00,3/19/2019 17:00,9.416,,,,,,,,,,,
3/19/2019 17:00,3/19/2019 18:00,10.258,,,,,,,,,,,
3/19/2019 18:00,3/19/2019 19:00,11.139,,,,,,,,,,,
3/19/2019 19:00,3/19/2019 20:00,11.82,,,,,,,,,,,
3/19/2019 20:00,3/19/2019 21:00,13.687,,,,,,,,,,,
3/19/2019 21:00,3/19/2019 22:00,15.352,,,,,,,,,,,
3/19/2019 22:00,3/19/2019 23:00,16.123,,,,,,,,,,,
3/19/2019 23:00,3/20/2019 0:00,16.944,,,,,,,,,,,
3/20/2019 0:00,3/20/2019 1:00,17.333,,,,,,,,,,,
3/20/2019 1:00,3/20/2019 2:00,17.483,,,,,,,,,,,
3/20/2019 2:00,3/20/2019 3:00,16.697,,,,,,,,,,,
3/20/2019 3:00,3/20/2019 4:00,15.722,,,,,,,,,,,
3/20/2019 4:00,3/20/2019 5:00,16.588,,,,,,,,,,,
3/20/2019 5:00,3/20/2019 6:00,16.929,,,,,,,,,,,
3/20/2019 6:00,3/20/2019 7:00,13.906,,,,,,,,,,,
3/20/2019 7:00,3/20/2019 8:00,11.516,,,,,,,,,,,
3/20/2019 8:00,3/20/2019 9:00,10.089,,,,,,,,,,,
3/20/2019 9:00,3/20/2019 10:00,8.724,,,,,,,,,,,
3/20/2019 10:00,3/20/2019 11:00,8.155,,,,,,,,,,,
3/20/2019 11:00,3/20/2019 12:00,8.759,,,,,,,,,,,
3/20/2019 12:00,3/20/2019 13:00,8.493,,,,,,,,,,,
3/20/2019 13:00,3/20/2019 14:00,7.254,,,,,,,,,,,
3/20/2019 14:00,3/20/2019 15:00,5.935,,,,,,,,,,,
3/20/2019 15:00,3/20/2019 16:00,4.283,,,,,,,,,,,
3/20/2019 16:00,3/20/2019 17:00,7.536,,,,,,,,,,,
3/20/2019 17:00,3/20/2019 18:00,10.268,,,,,,,,,,,
3/20/2019 18:00,3/20/2019 19:00,11.606,,,,,,,,,,,
3/20/2019 19:00,3/20/2019 20:00,12.223,,,,,,,,,,,
3/20/2019 20:00,3/20/2019 21:00,12.485,,,,,,,,,,,
3/20/2019 21:00,3/20/2019 22:00,13.51,,,,,,,,,,,
3/20/2019 22:00,3/20/2019 23:00,15.943,,,,,,,,,,,
3/20/2019 23:00,3/21/2019 0:00,17.917,,,,,,,,,,,
3/21/2019 0:00,3/21/2019 1:00,18.053,,,,,,,,,,,
3/21/2019 1:00,3/21/2019 2:00,16.123,,,,,,,,,,,
3/21/2019 2:00,3/21/2019 3:00,15.326,,,,,,,,,,,
3/21/2019 3:00,3/21/2019 4:00,12.329,,,,,,,,,,,
3/21/2019 4:00,3/21/2019 5:00,6.802,,,,,,,,,,,
3/21/2019 5:00,3/21/2019 6:00,3.59,,,,,,,,,,,
3/21/2019 6:00,3/21/2019 7:00,4.242,,,,,,,,,,,
3/21/2019 7:00,3/21/2019 8:00,5.157,,,,,,,,,,,
3/21/2019 8:00,3/21/2019 9:00,5.167,,,,,,,,,,,
3/21/2019 9:00,3/21/2019 10:00,5.529,,,,,,,,,,,
3/21/2019 10:00,3/21/2019 11:00,6.168,,,,,,,,,,,
3/21/2019 11:00,3/21/2019 12:00,6.003,,,,,,,,,,,
3/21/2019 12:00,3/21/2019 13:00,5.067,,,,,,,,,,,
3/21/2019 13:00,3/21/2019 14:00,7.076,,,,,,,,,,,
3/21/2019 14:00,3/21/2019 15:00,27.698,,,,,,,,,,,
3/21/2019 15:00,3/21/2019 16:00,31.644,,,,,,,,,,,
3/21/2019 16:00,3/21/2019 17:00,31.689,,,,,,,,,,,
3/21/2019 17:00,3/21/2019 18:00,29.715,,,,,,,,,,,
3/21/2019 18:00,3/21/2019 19:00,25.566,,,,,,,,,,,
3/21/2019 19:00,3/21/2019 20:00,20.751,,,,,,,,,,,
3/21/2019 20:00,3/21/2019 21:00,18.544,,,,,,,,,,,
3/21/2019 21:00,3/21/2019 22:00,18.827,,,,,,,,,,,
3/21/2019 22:00,3/21/2019 23:00,20.141,,,,,,,,,,,
3/21/2019 23:00,3/22/2019 0:00,19.359,,,,,,,,,,,
3/22/2019 0:00,3/22/2019 1:00,18.218,,,,,,,,,,,
3/22/2019 1:00,3/22/2019 2:00,18.132,,,,,,,,,,,
3/22/2019 2:00,3/22/2019 3:00,17.902,,,,,,,,,,,
3/22/2019 3:00,3/22/2019 4:00,17.528,,,,,,,,,,,
3/22/2019 4:00,3/22/2019 5:00,17.838,,,,,,,,,,,
3/22/2019 5:00,3/22/2019 6:00,18.779,,,,,,,,,,,
3/22/2019 6:00,3/22/2019 7:00,19.214,,,,,,,,,,,
3/22/2019 7:00,3/22/2019 8:00,17.503,,,,,,,,,,,
3/22/2019 8:00,3/22/2019 9:00,15.047,,,,,,,,,,,
3/22/2019 9:00,3/22/2019 10:00,12.201,,,,,,,,,,,
3/22/2019 10:00,3/22/2019 11:00,9.491,,,,,,,,,,,
3/22/2019 11:00,3/22/2019 12:00,8.423,,,,,,,,,,,
3/22/2019 12:00,3/22/2019 13:00,8.836,,,,,,,,,,,
3/22/2019 13:00,3/22/2019 14:00,10.76,,,,,,,,,,,
3/22/2019 14:00,3/22/2019 15:00,13.893,,,,,,,,,,,
3/22/2019 15:00,3/22/2019 16:00,16.916,,,,,,,,,,,
3/22/2019 16:00,3/22/2019 17:00,18.487,,,,,,,,,,,
3/22/2019 17:00,3/22/2019 18:00,21.709,,,,,,,,,,,
3/22/2019 18:00,3/22/2019 19:00,24.429,,,,,,,,,,,
3/22/2019 19:00,3/22/2019 20:00,26.134,,,,,,,,,,,
3/22/2019 20:00,3/22/2019 21:00,25.605,,,,,,,,,,,
3/22/2019 21:00,3/22/2019 22:00,25.268,,,,,,,,,,,
3/22/2019 22:00,3/22/2019 23:00,24.669,,,,,,,,,,,
3/22/2019 23:00,3/23/2019 0:00,24.081,,,,,,,,,,,
3/23/2019 0:00,3/23/2019 1:00,21.363,,,,,,,,,,,
3/23/2019 1:00,3/23/2019 2:00,18.892,,,,,,,,,,,
3/23/2019 2:00,3/23/2019 3:00,19.1,,,,,,,,,,,
3/23/2019 3:00,3/23/2019 4:00,19.74,,,,,,,,,,,
3/23/2019 4:00,3/23/2019 5:00,20.613,,,,,,,,,,,
3/23/2019 5:00,3/23/2019 6:00,20.979,,,,,,,,,,,
3/23/2019 6:00,3/23/2019 7:00,20.09,,,,,,,,,,,
3/23/2019 7:00,3/23/2019 8:00,20.053,,,,,,,,,,,
3/23/2019 8:00,3/23/2019 9:00,20.478,,,,,,,,,,,
3/23/2019 9:00,3/23/2019 10:00,22.439,,,,,,,,,,,
3/23/2019 10:00,3/23/2019 11:00,24.217,,,,,,,,,,,
3/23/2019 11:00,3/23/2019 12:00,22.89,,,,,,,,,,,
3/23/2019 12:00,3/23/2019 13:00,21.515,,,,,,,,,,,
3/23/2019 13:00,3/23/2019 14:00,21.609,,,,,,,,,,,
3/23/2019 14:00,3/23/2019 15:00,21.967,,,,,,,,,,,
3/23/2019 15:00,3/23/2019 16:00,24.018,,,,,,,,,,,
3/23/2019 16:00,3/23/2019 17:00,26.273,,,,,,,,,,,
3/23/2019 17:00,3/23/2019 18:00,26.588,,,,,,,,,,,
3/23/2019 18:00,3/23/2019 19:00,25.724,,,,,,,,,,,
3/23/2019 19:00,3/23/2019 20:00,20.573,,,,,,,,,,,
3/23/2019 20:00,3/23/2019 21:00,12.417,,,,,,,,,,,
3/23/2019 21:00,3/23/2019 22:00,7.527,,,,,,,,,,,
3/23/2019 22:00,3/23/2019 23:00,10.832,,,,,,,,,,,
3/23/2019 23:00,3/24/2019 0:00,16.674,,,,,,,,,,,
3/24/2019 0:00,3/24/2019 1:00,20.184,,,,,,,,,,,
3/24/2019 1:00,3/24/2019 2:00,20.854,,,,,,,,,,,
3/24/2019 2:00,3/24/2019 3:00,20.525,,,,,,,,,,,
3/24/2019 3:00,3/24/2019 4:00,23.558,,,,,,,,,,,
3/24/2019 4:00,3/24/2019 5:00,23.79,,,,,,,,,,,
3/24/2019 5:00,3/24/2019 6:00,22.71,,,,,,,,,,,
3/24/2019 6:00,3/24/2019 7:00,21.629,,,,,,,,,,,
3/24/2019 7:00,3/24/2019 8:00,21.847,,,,,,,,,,,
3/24/2019 8:00,3/24/2019 9:00,22.551,,,,,,,,,,,
3/24/2019 9:00,3/24/2019 10:00,22.442,,,,,,,,,,,
3/24/2019 10:00,3/24/2019 11:00,21.111,,,,,,,,,,,
3/24/2019 11:00,3/24/2019 12:00,19.44,,,,,,,,,,,
3/24/2019 12:00,3/24/2019 13:00,17.701,,,,,,,,,,,
3/24/2019 13:00,3/24/2019 14:00,14.615,,,,,,,,,,,
3/24/2019 14:00,3/24/2019 15:00,12.685,,,,,,,,,,,
3/24/2019 15:00,3/24/2019 16:00,12.259,,,,,,,,,,,
3/24/2019 16:00,3/24/2019 17:00,11.059,,,,,,,,,,,
3/24/2019 17:00,3/24/2019 18:00,10.208,,,,,,,,,,,
3/24/2019 18:00,3/24/2019 19:00,9.303,,,,,,,,,,,
3/24/2019 19:00,3/24/2019 20:00,8.683,,,,,,,,,,,
3/24/2019 20:00,3/24/2019 21:00,8.465,,,,,,,,,,,
3/24/2019 21:00,3/24/2019 22:00,7.211,,,,,,,,,,,
3/24/2019 22:00,3/24/2019 23:00,6.333,,,,,,,,,,,
3/24/2019 23:00,3/25/2019 0:00,5.229,,,,,,,,,,,
3/25/2019 0:00,3/25/2019 1:00,3.94,,,,,,,,,,,
3/25/2019 1:00,3/25/2019 2:00,3.014,,,,,,,,,,,
3/25/2019 2:00,3/25/2019 3:00,2.188,,,,,,,,,,,
3/25/2019 3:00,3/25/2019 4:00,1.93,,,,,,,,,,,
3/25/2019 4:00,3/25/2019 5:00,2.159,,,,,,,,,,,
3/25/2019 5:00,3/25/2019 6:00,2.794,,,,,,,,,,,
3/25/2019 6:00,3/25/2019 7:00,3.241,,,,,,,,,,,
3/25/2019 7:00,3/25/2019 8:00,4.117,,,,,,,,,,,
3/25/2019 8:00,3/25/2019 9:00,6.391,,,,,,,,,,,
3/25/2019 9:00,3/25/2019 10:00,7.897,,,,,,,,,,,
3/25/2019 10:00,3/25/2019 11:00,8.895,,,,,,,,,,,
3/25/2019 11:00,3/25/2019 12:00,7.031,,,,,,,,,,,
3/25/2019 12:00,3/25/2019 13:00,4.435,,,,,,,,,,,
3/25/2019 13:00,3/25/2019 14:00,2.568,,,,,,,,,,,
3/25/2019 14:00,3/25/2019 15:00,1.74,,,,,,,,,,,
3/25/2019 15:00,3/25/2019 16:00,1.966,,,,,,,,,,,
3/25/2019 16:00,3/25/2019 17:00,2.777,,,,,,,,,,,
3/25/2019 17:00,3/25/2019 18:00,3.562,,,,,,,,,,,
3/25/2019 18:00,3/25/2019 19:00,3.971,,,,,,,,,,,
3/25/2019 19:00,3/25/2019 20:00,3.711,,,,,,,,,,,
3/25/2019 20:00,3/25/2019 21:00,2.869,,,,,,,,,,,
3/25/2019 21:00,3/25/2019 22:00,2.241,,,,,,,,,,,
3/25/2019 22:00,3/25/2019 23:00,1.883,,,,,,,,,,,
3/25/2019 23:00,3/26/2019 0:00,2.275,,,,,,,,,,,
3/26/2019 0:00,3/26/2019 1:00,2.773,,,,,,,,,,,
3/26/2019 1:00,3/26/2019 2:00,3.384,,,,,,,,,,,
3/26/2019 2:00,3/26/2019 3:00,3.833,,,,,,,,,,,
3/26/2019 3:00,3/26/2019 4:00,4.282,,,,,,,,,,,
3/26/2019 4:00,3/26/2019 5:00,4.096,,,,,,,,,,,
3/26/2019 5:00,3/26/2019 6:00,3.561,,,,,,,,,,,
3/26/2019 6:00,3/26/2019 7:00,3.03,,,,,,,,,,,
3/26/2019 7:00,3/26/2019 8:00,2.625,,,,,,,,,,,
3/26/2019 8:00,3/26/2019 9:00,2.461,,,,,,,,,,,
3/26/2019 9:00,3/26/2019 10:00,1.923,,,,,,,,,,,
3/26/2019 10:00,3/26/2019 11:00,1.475,,,,,,,,,,,
3/26/2019 11:00,3/26/2019 12:00,1.55,,,,,,,,,,,
3/26/2019 12:00,3/26/2019 13:00,2.176,,,,,,,,,,,
3/26/2019 13:00,3/26/2019 14:00,2.767,,,,,,,,,,,
3/26/2019 14:00,3/26/2019 15:00,3.196,,,,,,,,,,,
3/26/2019 15:00,3/26/2019 16:00,3.668,,,,,,,,,,,
3/26/2019 16:00,3/26/2019 17:00,4.763,,,,,,,,,,,
3/26/2019 17:00,3/26/2019 18:00,6.412,,,,,,,,,,,
3/26/2019 18:00,3/26/2019 19:00,8.524,,,,,,,,,,,
3/26/2019 19:00,3/26/2019 20:00,10.562,,,,,,,,,,,
3/26/2019 20:00,3/26/2019 21:00,12.591,,,,,,,,,,,
3/26/2019 21:00,3/26/2019 22:00,14.658,,,,,,,,,,,
3/26/2019 22:00,3/26/2019 23:00,16.545,,,,,,,,,,,
3/26/2019 23:00,3/27/2019 0:00,18.141,,,,,,,,,,,
3/27/2019 0:00,3/27/2019 1:00,18.666,,,,,,,,,,,
3/27/2019 1:00,3/27/2019 2:00,20.212,,,,,,,,,,,
3/27/2019 2:00,3/27/2019 3:00,18.983,,,,,,,,,,,
3/27/2019 3:00,3/27/2019 4:00,19.963,,,,,,,,,,,
3/27/2019 4:00,3/27/2019 5:00,22.371,,,,,,,,,,,
3/27/2019 5:00,3/27/2019 6:00,23.711,,,,,,,,,,,
3/27/2019 6:00,3/27/2019 7:00,22.371,,,,,,,,,,,
3/27/2019 7:00,3/27/2019 8:00,21.568,,,,,,,,,,,
3/27/2019 8:00,3/27/2019 9:00,20.938,,,,,,,,,,,
3/27/2019 9:00,3/27/2019 10:00,21.44,,,,,,,,,,,
3/27/2019 10:00,3/27/2019 11:00,22.706,,,,,,,,,,,
3/27/2019 11:00,3/27/2019 12:00,23.015,,,,,,,,,,,
3/27/2019 12:00,3/27/2019 13:00,21.704,,,,,,,,,,,
3/27/2019 13:00,3/27/2019 14:00,18.603,,,,,,,,,,,
3/27/2019 14:00,3/27/2019 15:00,16.815,,,,,,,,,,,
3/27/2019 15:00,3/27/2019 16:00,15.325,,,,,,,,,,,
3/27/2019 16:00,3/27/2019 17:00,15.414,,,,,,,,,,,
3/27/2019 17:00,3/27/2019 18:00,15.592,,,,,,,,,,,
3/27/2019 18:00,3/27/2019 19:00,16.916,,,,,,,,,,,
3/27/2019 19:00,3/27/2019 20:00,18.857,,,,,,,,,,,
3/27/2019 20:00,3/27/2019 21:00,20.061,,,,,,,,,,,
3/27/2019 21:00,3/27/2019 22:00,23.012,,,,,,,,,,,
3/27/2019 22:00,3/27/2019 23:00,25.396,,,,,,,,,,,
3/27/2019 23:00,3/28/2019 0:00,25.1,,,,,,,,,,,
3/28/2019 0:00,3/28/2019 1:00,26.059,,,,,,,,,,,
3/28/2019 1:00,3/28/2019 2:00,27.84,,,,,,,,,,,
3/28/2019 2:00,3/28/2019 3:00,27.84,,,,,,,,,,,
3/28/2019 3:00,3/28/2019 4:00,27.225,,,,,,,,,,,
3/28/2019 4:00,3/28/2019 5:00,26.696,,,,,,,,,,,
3/28/2019 5:00,3/28/2019 6:00,26.612,,,,,,,,,,,
3/28/2019 6:00,3/28/2019 7:00,27.106,,,,,,,,,,,
3/28/2019 7:00,3/28/2019 8:00,27.136,,,,,,,,,,,
3/28/2019 8:00,3/28/2019 9:00,26.914,,,,,,,,,,,
3/28/2019 9:00,3/28/2019 10:00,26.169,,,,,,,,,,,
3/28/2019 10:00,3/28/2019 11:00,23.507,,,,,,,,,,,
3/28/2019 11:00,3/28/2019 12:00,20.065,,,,,,,,,,,
3/28/2019 12:00,3/28/2019 13:00,17.024,,,,,,,,,,,
3/28/2019 13:00,3/28/2019 14:00,15.203,,,,,,,,,,,
3/28/2019 14:00,3/28/2019 15:00,13.029,,,,,,,,,,,
3/28/2019 15:00,3/28/2019 16:00,11.641,,,,,,,,,,,
3/28/2019 16:00,3/28/2019 17:00,10.197,,,,,,,,,,,
3/28/2019 17:00,3/28/2019 18:00,9.538,,,,,,,,,,,
3/28/2019 18:00,3/28/2019 19:00,9.088,,,,,,,,,,,
3/28/2019 19:00,3/28/2019 20:00,10.843,,,,,,,,,,,
3/28/2019 20:00,3/28/2019 21:00,13.006,,,,,,,,,,,
3/28/2019 21:00,3/28/2019 22:00,16.035,,,,,,,,,,,
3/28/2019 22:00,3/28/2019 23:00,16.355,,,,,,,,,,,
3/28/2019 23:00,3/29/2019 0:00,19.36,,,,,,,,,,,
3/29/2019 0:00,3/29/2019 1:00,13.931,,,,,,,,,,,
3/29/2019 1:00,3/29/2019 2:00,10.76,,,,,,,,,,,
3/29/2019 2:00,3/29/2019 3:00,7.752,,,,,,,,,,,
3/29/2019 3:00,3/29/2019 4:00,5.379,,,,,,,,,,,
3/29/2019 4:00,3/29/2019 5:00,4.561,,,,,,,,,,,
3/29/2019 5:00,3/29/2019 6:00,3.66,,,,,,,,,,,
3/29/2019 6:00,3/29/2019 7:00,4.202,,,,,,,,,,,
3/29/2019 7:00,3/29/2019 8:00,6.178,,,,,,,,,,,
3/29/2019 8:00,3/29/2019 9:00,12.219,,,,,,,,,,,
3/29/2019 9:00,3/29/2019 10:00,15.22,,,,,,,,,,,
3/29/2019 10:00,3/29/2019 11:00,16.432,,,,,,,,,,,
3/29/2019 11:00,3/29/2019 12:00,19.732,,,,,,,,,,,
3/29/2019 12:00,3/29/2019 13:00,23.222,,,,,,,,,,,
3/29/2019 13:00,3/29/2019 14:00,23.829,,,,,,,,,,,
3/29/2019 14:00,3/29/2019 15:00,23.997,,,,,,,,,,,
3/29/2019 15:00,3/29/2019 16:00,23.804,,,,,,,,,,,
3/29/2019 16:00,3/29/2019 17:00,22.874,,,,,,,,,,,
3/29/2019 17:00,3/29/2019 18:00,22.012,,,,,,,,,,,
3/29/2019 18:00,3/29/2019 19:00,21.438,,,,,,,,,,,
3/29/2019 19:00,3/29/2019 20:00,20.301,,,,,,,,,,,
3/29/2019 20:00,3/29/2019 21:00,18.772,,,,,,,,,,,
3/29/2019 21:00,3/29/2019 22:00,16.242,,,,,,,,,,,
3/29/2019 22:00,3/29/2019 23:00,13.999,,,,,,,,,,,
3/29/2019 23:00,3/30/2019 0:00,12.896,,,,,,,,,,,
3/30/2019 0:00,3/30/2019 1:00,13.248,,,,,,,,,,,
3/30/2019 1:00,3/30/2019 2:00,14.52,,,,,,,,,,,
3/30/2019 2:00,3/30/2019 3:00,17.255,,,,,,,,,,,
3/30/2019 3:00,3/30/2019 4:00,19.66,,,,,,,,,,,
3/30/2019 4:00,3/30/2019 5:00,22.442,,,,,,,,,,,
3/30/2019 5:00,3/30/2019 6:00,22.994,,,,,,,,,,,
3/30/2019 6:00,3/30/2019 7:00,23.564,,,,,,,,,,,
3/30/2019 7:00,3/30/2019 8:00,24.155,,,,,,,,,,,
3/30/2019 8:00,3/30/2019 9:00,24.384,,,,,,,,,,,
3/30/2019 9:00,3/30/2019 10:00,26.31,,,,,,,,,,,
3/30/2019 10:00,3/30/2019 11:00,27.013,,,,,,,,,,,
3/30/2019 11:00,3/30/2019 12:00,27.387,,,,,,,,,,,
3/30/2019 12:00,3/30/2019 13:00,28.117,,,,,,,,,,,
3/30/2019 13:00,3/30/2019 14:00,28.347,,,,,,,,,,,
3/30/2019 14:00,3/30/2019 15:00,28.398,,,,,,,,,,,
3/30/2019 15:00,3/30/2019 16:00,28.623,,,,,,,,,,,
3/30/2019 16:00,3/30/2019 17:00,28.504,,,,,,,,,,,
3/30/2019 17:00,3/30/2019 18:00,27.925,,,,,,,,,,,
3/30/2019 18:00,3/30/2019 19:00,26.872,,,,,,,,,,,
3/30/2019 19:00,3/30/2019 20:00,25.714,,,,,,,,,,,
3/30/2019 20:00,3/30/2019 21:00,24.016,,,,,,,,,,,
3/30/2019 21:00,3/30/2019 22:00,21.629,,,,,,,,,,,
3/30/2019 22:00,3/30/2019 23:00,18.49,,,,,,,,,,,
3/30/2019 23:00,3/31/2019 0:00,15.813,,,,,,,,,,,
3/31/2019 0:00,3/31/2019 1:00,12.721,,,,,,,,,,,
3/31/2019 1:00,3/31/2019 3:00,9.94,,,,,,,,,,,
3/31/2019 2:00,3/31/2019 4:00,7.567,,,,,,,,,,,
3/31/2019 3:00,3/31/2019 5:00,6.389,,,,,,,,,,,
3/31/2019 4:00,3/31/2019 6:00,5.436,,,,,,,,,,,
3/31/2019 5:00,3/31/2019 7:00,4.951,,,,,,,,,,,
3/31/2019 6:00,3/31/2019 8:00,4.622,,,,,,,,,,,
3/31/2019 7:00,3/31/2019 9:00,4.541,,,,,,,,,,,
3/31/2019 8:00,3/31/2019 10:00,5.079,,,,,,,,,,,
3/31/2019 9:00,3/31/2019 11:00,6.31,,,,,,,,,,,
3/31/2019 10:00,3/31/2019 12:00,9.751,,,,,,,,,,,
3/31/2019 11:00,3/31/2019 13:00,15.926,,,,,,,,,,,
3/31/2019 12:00,3/31/2019 14:00,19.529,,,,,,,,,,,
3/31/2019 13:00,3/31/2019 15:00,19.495,,,,,,,,,,,
3/31/2019 14:00,3/31/2019 16:00,16.782,,,,,,,,,,,
3/31/2019 15:00,3/31/2019 17:00,13.84,,,,,,,,,,,
3/31/2019 16:00,3/31/2019 18:00,12.591,,,,,,,,,,,
3/31/2019 17:00,3/31/2019 19:00,12.609,,,,,,,,,,,
3/31/2019 18:00,3/31/2019 20:00,12.896,,,,,,,,,,,
3/31/2019 19:00,3/31/2019 21:00,12.417,,,,,,,,,,,
3/31/2019 20:00,3/31/2019 22:00,11.882,,,,,,,,,,,
3/31/2019 21:00,3/31/2019 23:00,12.538,,,,,,,,,,,
3/31/2019 22:00,4/1/2019 0:00,13.686,,,,,,,,,,,
3/31/2019 23:00,4/1/2019 1:00,14.425,,,,,,,,,,,
4/1/2019 0:00,4/1/2019 2:00,14.746,,,,,,,,,,,
4/1/2019 1:00,4/1/2019 3:00,14.238,,,,,,,,,,,
4/1/2019 2:00,4/1/2019 4:00,12.957,,,,,,,,,,,
4/1/2019 3:00,4/1/2019 5:00,12.079,,,,,,,,,,,
4/1/2019 4:00,4/1/2019 6:00,9.571,,,,,,,,,,,
4/1/2019 5:00,4/1/2019 7:00,6.468,,,,,,,,,,,
4/1/2019 6:00,4/1/2019 8:00,3.687,,,,,,,,,,,
4/1/2019 7:00,4/1/2019 9:00,3.301,,,,,,,,,,,
4/1/2019 8:00,4/1/2019 10:00,3.47,,,,,,,,,,,
4/1/2019 9:00,4/1/2019 11:00,4.11,,,,,,,,,,,
4/1/2019 10:00,4/1/2019 12:00,4.088,,,,,,,,,,,
4/1/2019 11:00,4/1/2019 13:00,4.179,,,,,,,,,,,
4/1/2019 12:00,4/1/2019 14:00,5.141,,,,,,,,,,,
4/1/2019 13:00,4/1/2019 15:00,6.231,,,,,,,,,,,
4/1/2019 14:00,4/1/2019 16:00,6.528,,,,,,,,,,,
4/1/2019 15:00,4/1/2019 17:00,6.073,,,,,,,,,,,
4/1/2019 16:00,4/1/2019 18:00,5.541,,,,,,,,,,,
4/1/2019 17:00,4/1/2019 19:00,4.77,,,,,,,,,,,
4/1/2019 18:00,4/1/2019 20:00,3.791,,,,,,,,,,,
4/1/2019 19:00,4/1/2019 21:00,2.745,,,,,,,,,,,
4/1/2019 20:00,4/1/2019 22:00,2.829,,,,,,,,,,,
4/1/2019 21:00,4/1/2019 23:00,3.352,,,,,,,,,,,
4/1/2019 22:00,4/2/2019 0:00,4.716,,,,,,,,,,,
4/1/2019 23:00,4/2/2019 1:00,5.988,,,,,,,,,,,
4/2/2019 0:00,4/2/2019 2:00,7.177,,,,,,,,,,,
4/2/2019 1:00,4/2/2019 3:00,8.257,,,,,,,,,,,
4/2/2019 2:00,4/2/2019 4:00,8.951,,,,,,,,,,,
4/2/2019 3:00,4/2/2019 5:00,9.382,,,,,,,,,,,
4/2/2019 4:00,4/2/2019 6:00,9.658,,,,,,,,,,,
4/2/2019 5:00,4/2/2019 7:00,9.609,,,,,,,,,,,
4/2/2019 6:00,4/2/2019 8:00,11.14,,,,,,,,,,,
4/2/2019 7:00,4/2/2019 9:00,10.961,,,,,,,,,,,
4/2/2019 8:00,4/2/2019 10:00,10.022,,,,,,,,,,,
4/2/2019 9:00,4/2/2019 11:00,9.303,,,,,,,,,,,
4/2/2019 10:00,4/2/2019 12:00,12.458,,,,,,,,,,,
4/2/2019 11:00,4/2/2019 13:00,12.116,,,,,,,,,,,
4/2/2019 12:00,4/2/2019 14:00,10.778,,,,,,,,,,,
4/2/2019 13:00,4/2/2019 15:00,9.058,,,,,,,,,,,
4/2/2019 14:00,4/2/2019 16:00,7.332,,,,,,,,,,,
4/2/2019 15:00,4/2/2019 17:00,5.748,,,,,,,,,,,
4/2/2019 16:00,4/2/2019 18:00,4.821,,,,,,,,,,,
4/2/2019 17:00,4/2/2019 19:00,4.475,,,,,,,,,,,
4/2/2019 18:00,4/2/2019 20:00,4.097,,,,,,,,,,,
4/2/2019 19:00,4/2/2019 21:00,3.468,,,,,,,,,,,
4/2/2019 20:00,4/2/2019 22:00,3.26,,,,,,,,,,,
4/2/2019 21:00,4/2/2019 23:00,3.26,,,,,,,,,,,
4/2/2019 22:00,4/3/2019 0:00,3.542,,,,,,,,,,,
4/2/2019 23:00,4/3/2019 1:00,3.583,,,,,,,,,,,
4/3/2019 0:00,4/3/2019 2:00,3.803,,,,,,,,,,,
4/3/2019 1:00,4/3/2019 3:00,4.38,,,,,,,,,,,
4/3/2019 2:00,4/3/2019 4:00,5.374,,,,,,,,,,,
4/3/2019 3:00,4/3/2019 5:00,5.759,,,,,,,,,,,
4/3/2019 4:00,4/3/2019 6:00,6.14,,,,,,,,,,,
4/3/2019 5:00,4/3/2019 7:00,6.368,,,,,,,,,,,
4/3/2019 6:00,4/3/2019 8:00,5.897,,,,,,,,,,,
4/3/2019 7:00,4/3/2019 9:00,4.283,,,,,,,,,,,
4/3/2019 8:00,4/3/2019 10:00,2.708,,,,,,,,,,,
4/3/2019 9:00,4/3/2019 11:00,2.083,,,,,,,,,,,
4/3/2019 10:00,4/3/2019 12:00,1.969,,,,,,,,,,,
4/3/2019 11:00,4/3/2019 13:00,1.784,,,,,,,,,,,
4/3/2019 12:00,4/3/2019 14:00,2.121,,,,,,,,,,,
4/3/2019 13:00,4/3/2019 15:00,2.707,,,,,,,,,,,
4/3/2019 14:00,4/3/2019 16:00,2.773,,,,,,,,,,,
4/3/2019 15:00,4/3/2019 17:00,2.973,,,,,,,,,,,
4/3/2019 16:00,4/3/2019 18:00,3.017,,,,,,,,,,,
4/3/2019 17:00,4/3/2019 19:00,2.736,,,,,,,,,,,
4/3/2019 18:00,4/3/2019 20:00,2.248,,,,,,,,,,,
4/3/2019 19:00,4/3/2019 21:00,1.842,,,,,,,,,,,
4/3/2019 20:00,4/3/2019 22:00,1.861,,,,,,,,,,,
4/3/2019 21:00,4/3/2019 23:00,3.194,,,,,,,,,,,
4/3/2019 22:00,4/4/2019 0:00,5.063,,,,,,,,,,,
4/3/2019 23:00,4/4/2019 1:00,6.633,,,,,,,,,,,
4/4/2019 0:00,4/4/2019 2:00,6.538,,,,,,,,,,,
4/4/2019 1:00,4/4/2019 3:00,6.409,,,,,,,,,,,
4/4/2019 2:00,4/4/2019 4:00,6.247,,,,,,,,,,,
4/4/2019 3:00,4/4/2019 5:00,5.493,,,,,,,,,,,
4/4/2019 4:00,4/4/2019 6:00,4.646,,,,,,,,,,,
4/4/2019 5:00,4/4/2019 7:00,4.033,,,,,,,,,,,
4/4/2019 6:00,4/4/2019 8:00,3.355,,,,,,,,,,,
4/4/2019 7:00,4/4/2019 9:00,2.574,,,,,,,,,,,
4/4/2019 8:00,4/4/2019 10:00,2.752,,,,,,,,,,,
4/4/2019 9:00,4/4/2019 11:00,2.744,,,,,,,,,,,
4/4/2019 10:00,4/4/2019 12:00,2.663,,,,,,,,,,,
4/4/2019 11:00,4/4/2019 13:00,2.666,,,,,,,,,,,
4/4/2019 12:00,4/4/2019 14:00,2.599,,,,,,,,,,,
4/4/2019 13:00,4/4/2019 15:00,2.46,,,,,,,,,,,
4/4/2019 14:00,4/4/2019 16:00,2.188,,,,,,,,,,,
4/4/2019 15:00,4/4/2019 17:00,2.31,,,,,,,,,,,
4/4/2019 16:00,4/4/2019 18:00,2.534,,,,,,,,,,,
4/4/2019 17:00,4/4/2019 19:00,2.285,,,,,,,,,,,
4/4/2019 18:00,4/4/2019 20:00,2.076,,,,,,,,,,,
4/4/2019 19:00,4/4/2019 21:00,2.267,,,,,,,,,,,
4/4/2019 20:00,4/4/2019 22:00,2.637,,,,,,,,,,,
4/4/2019 21:00,4/4/2019 23:00,3.181,,,,,,,,,,,
4/4/2019 22:00,4/5/2019 0:00,3.86,,,,,,,,,,,
4/4/2019 23:00,4/5/2019 1:00,4.514,,,,,,,,,,,
4/5/2019 0:00,4/5/2019 2:00,5.063,,,,,,,,,,,
4/5/2019 1:00,4/5/2019 3:00,5.665,,,,,,,,,,,
4/5/2019 2:00,4/5/2019 4:00,6.459,,,,,,,,,,,
4/5/2019 3:00,4/5/2019 5:00,6.797,,,,,,,,,,,
4/5/2019 4:00,4/5/2019 6:00,7.189,,,,,,,,,,,
4/5/2019 5:00,4/5/2019 7:00,7.901,,,,,,,,,,,
4/5/2019 6:00,4/5/2019 8:00,8.081,,,,,,,,,,,
4/5/2019 7:00,4/5/2019 9:00,6.852,,,,,,,,,,,
4/5/2019 8:00,4/5/2019 10:00,5.422,,,,,,,,,,,
4/5/2019 9:00,4/5/2019 11:00,6.082,,,,,,,,,,,
4/5/2019 10:00,4/5/2019 12:00,6.574,,,,,,,,,,,
4/5/2019 11:00,4/5/2019 13:00,5.934,,,,,,,,,,,
4/5/2019 12:00,4/5/2019 14:00,5.471,,,,,,,,,,,
4/5/2019 13:00,4/5/2019 15:00,5.149,,,,,,,,,,,
4/5/2019 14:00,4/5/2019 16:00,4.921,,,,,,,,,,,
4/5/2019 15:00,4/5/2019 17:00,4.456,,,,,,,,,,,
4/5/2019 16:00,4/5/2019 18:00,4.677,,,,,,,,,,,
4/5/2019 17:00,4/5/2019 19:00,4.982,,,,,,,,,,,
4/5/2019 18:00,4/5/2019 20:00,5.095,,,,,,,,,,,
4/5/2019 19:00,4/5/2019 21:00,5.062,,,,,,,,,,,
4/5/2019 20:00,4/5/2019 22:00,5.255,,,,,,,,,,,
4/5/2019 21:00,4/5/2019 23:00,5.749,,,,,,,,,,,
4/5/2019 22:00,4/6/2019 0:00,6.083,,,,,,,,,,,
4/5/2019 23:00,4/6/2019 1:00,6.177,,,,,,,,,,,
4/6/2019 0:00,4/6/2019 2:00,5.913,,,,,,,,,,,
4/6/2019 1:00,4/6/2019 3:00,5.336,,,,,,,,,,,
4/6/2019 2:00,4/6/2019 4:00,4.978,,,,,,,,,,,
4/6/2019 3:00,4/6/2019 5:00,4.686,,,,,,,,,,,
4/6/2019 4:00,4/6/2019 6:00,4.102,,,,,,,,,,,
4/6/2019 5:00,4/6/2019 7:00,3.809,,,,,,,,,,,
4/6/2019 6:00,4/6/2019 8:00,3.578,,,,,,,,,,,
4/6/2019 7:00,4/6/2019 9:00,2.884,,,,,,,,,,,
4/6/2019 8:00,4/6/2019 10:00,1.741,,,,,,,,,,,
4/6/2019 9:00,4/6/2019 11:00,1.577,,,,,,,,,,,
4/6/2019 10:00,4/6/2019 12:00,1.316,,,,,,,,,,,
4/6/2019 11:00,4/6/2019 13:00,1.077,,,,,,,,,,,
4/6/2019 12:00,4/6/2019 14:00,0.905,,,,,,,,,,,
4/6/2019 13:00,4/6/2019 15:00,0.81,,,,,,,,,,,
4/6/2019 14:00,4/6/2019 16:00,0.803,,,,,,,,,,,
4/6/2019 15:00,4/6/2019 17:00,0.81,,,,,,,,,,,
4/6/2019 16:00,4/6/2019 18:00,0.893,,,,,,,,,,,
4/6/2019 17:00,4/6/2019 19:00,0.994,,,,,,,,,,,
4/6/2019 18:00,4/6/2019 20:00,1.073,,,,,,,,,,,
4/6/2019 19:00,4/6/2019 21:00,1.311,,,,,,,,,,,
4/6/2019 20:00,4/6/2019 22:00,1.834,,,,,,,,,,,
4/6/2019 21:00,4/6/2019 23:00,2.708,,,,,,,,,,,
4/6/2019 22:00,4/7/2019 0:00,3.745,,,,,,,,,,,
4/6/2019 23:00,4/7/2019 1:00,5.219,,,,,,,,,,,
4/7/2019 0:00,4/7/2019 2:00,6.555,,,,,,,,,,,
4/7/2019 1:00,4/7/2019 3:00,7.078,,,,,,,,,,,
4/7/2019 2:00,4/7/2019 4:00,7.214,,,,,,,,,,,
4/7/2019 3:00,4/7/2019 5:00,6.539,,,,,,,,,,,
4/7/2019 4:00,4/7/2019 6:00,5.77,,,,,,,,,,,
4/7/2019 5:00,4/7/2019 7:00,5.429,,,,,,,,,,,
4/7/2019 6:00,4/7/2019 8:00,5.627,,,,,,,,,,,
4/7/2019 7:00,4/7/2019 9:00,5.417,,,,,,,,,,,
4/7/2019 8:00,4/7/2019 10:00,4.058,,,,,,,,,,,
4/7/2019 9:00,4/7/2019 11:00,3.27,,,,,,,,,,,
4/7/2019 10:00,4/7/2019 12:00,3.054,,,,,,,,,,,
4/7/2019 11:00,4/7/2019 13:00,3.266,,,,,,,,,,,
4/7/2019 12:00,4/7/2019 14:00,4.024,,,,,,,,,,,
4/7/2019 13:00,4/7/2019 15:00,5.387,,,,,,,,,,,
4/7/2019 14:00,4/7/2019 16:00,6.31,,,,,,,,,,,
4/7/2019 15:00,4/7/2019 17:00,6.402,,,,,,,,,,,
4/7/2019 16:00,4/7/2019 18:00,7.097,,,,,,,,,,,
4/7/2019 17:00,4/7/2019 19:00,6.715,,,,,,,,,,,
4/7/2019 18:00,4/7/2019 20:00,5.084,,,,,,,,,,,
4/7/2019 19:00,4/7/2019 21:00,3.699,,,,,,,,,,,
4/7/2019 20:00,4/7/2019 22:00,2.694,,,,,,,,,,,
4/7/2019 21:00,4/7/2019 23:00,1.996,,,,,,,,,,,
4/7/2019 22:00,4/8/2019 0:00,1.352,,,,,,,,,,,
4/7/2019 23:00,4/8/2019 1:00,0.816,,,,,,,,,,,
4/8/2019 0:00,4/8/2019 2:00,0.522,,,,,,,,,,,
4/8/2019 1:00,4/8/2019 3:00,0.335,,,,,,,,,,,
4/8/2019 2:00,4/8/2019 4:00,0.262,,,,,,,,,,,
4/8/2019 3:00,4/8/2019 5:00,0.338,,,,,,,,,,,
4/8/2019 4:00,4/8/2019 6:00,0.482,,,,,,,,,,,
4/8/2019 5:00,4/8/2019 7:00,0.696,,,,,,,,,,,
4/8/2019 6:00,4/8/2019 8:00,0.86,,,,,,,,,,,
4/8/2019 7:00,4/8/2019 9:00,0.86,,,,,,,,,,,
4/8/2019 8:00,4/8/2019 10:00,0.462,,,,,,,,,,,
4/8/2019 9:00,4/8/2019 11:00,0.259,,,,,,,,,,,
4/8/2019 10:00,4/8/2019 12:00,0.213,,,,,,,,,,,
4/8/2019 11:00,4/8/2019 13:00,0.215,,,,,,,,,,,
4/8/2019 12:00,4/8/2019 14:00,0.277,,,,,,,,,,,
4/8/2019 13:00,4/8/2019 15:00,0.416,,,,,,,,,,,
4/8/2019 14:00,4/8/2019 16:00,0.53,,,,,,,,,,,
4/8/2019 15:00,4/8/2019 17:00,0.688,,,,,,,,,,,
4/8/2019 16:00,4/8/2019 18:00,0.958,,,,,,,,,,,
4/8/2019 17:00,4/8/2019 19:00,1.211,,,,,,,,,,,
4/8/2019 18:00,4/8/2019 20:00,1.421,,,,,,,,,,,
4/8/2019 19:00,4/8/2019 21:00,1.475,,,,,,,,,,,
4/8/2019 20:00,4/8/2019 22:00,1.505,,,,,,,,,,,
4/8/2019 21:00,4/8/2019 23:00,1.45,,,,,,,,,,,
4/8/2019 22:00,4/9/2019 0:00,1.325,,,,,,,,,,,
4/8/2019 23:00,4/9/2019 1:00,1.225,,,,,,,,,,,
4/9/2019 0:00,4/9/2019 2:00,1.151,,,,,,,,,,,
4/9/2019 1:00,4/9/2019 3:00,1.144,,,,,,,,,,,
4/9/2019 2:00,4/9/2019 4:00,1.225,,,,,,,,,,,
4/9/2019 3:00,4/9/2019 5:00,1.5,,,,,,,,,,,
4/9/2019 4:00,4/9/2019 6:00,1.784,,,,,,,,,,,
4/9/2019 5:00,4/9/2019 7:00,2.167,,,,,,,,,,,
4/9/2019 6:00,4/9/2019 8:00,2.472,,,,,,,,,,,
4/9/2019 7:00,4/9/2019 9:00,2.309,,,,,,,,,,,
4/9/2019 8:00,4/9/2019 10:00,2.532,,,,,,,,,,,
4/9/2019 9:00,4/9/2019 11:00,3.443,,,,,,,,,,,
4/9/2019 10:00,4/9/2019 12:00,3.26,,,,,,,,,,,
4/9/2019 11:00,4/9/2019 13:00,2.741,,,,,,,,,,,
4/9/2019 12:00,4/9/2019 14:00,2.376,,,,,,,,,,,
4/9/2019 13:00,4/9/2019 15:00,2.187,,,,,,,,,,,
4/9/2019 14:00,4/9/2019 16:00,2.034,,,,,,,,,,,
4/9/2019 15:00,4/9/2019 17:00,2.057,,,,,,,,,,,
4/9/2019 16:00,4/9/2019 18:00,2.278,,,,,,,,,,,
4/9/2019 17:00,4/9/2019 19:00,2.37,,,,,,,,,,,
4/9/2019 18:00,4/9/2019 20:00,2.08,,,,,,,,,,,
4/9/2019 19:00,4/9/2019 21:00,1.833,,,,,,,,,,,
4/9/2019 20:00,4/9/2019 22:00,1.741,,,,,,,,,,,
4/9/2019 21:00,4/9/2019 23:00,1.697,,,,,,,,,,,
4/9/2019 22:00,4/10/2019 0:00,1.528,,,,,,,,,,,
4/9/2019 23:00,4/10/2019 1:00,1.328,,,,,,,,,,,
4/10/2019 0:00,4/10/2019 2:00,1.133,,,,,,,,,,,
4/10/2019 1:00,4/10/2019 3:00,1.011,,,,,,,,,,,
4/10/2019 2:00,4/10/2019 4:00,0.979,,,,,,,,,,,
4/10/2019 3:00,4/10/2019 5:00,1.112,,,,,,,,,,,
4/10/2019 4:00,4/10/2019 6:00,1.361,,,,,,,,,,,
4/10/2019 5:00,4/10/2019 7:00,1.609,,,,,,,,,,,
4/10/2019 6:00,4/10/2019 8:00,1.793,,,,,,,,,,,
4/10/2019 7:00,4/10/2019 9:00,1.651,,,,,,,,,,,
4/10/2019 8:00,4/10/2019 10:00,1.631,,,,,,,,,,,
4/10/2019 9:00,4/10/2019 11:00,1.655,,,,,,,,,,,
4/10/2019 10:00,4/10/2019 12:00,1.582,,,,,,,,,,,
4/10/2019 11:00,4/10/2019 13:00,1.322,,,,,,,,,,,
4/10/2019 12:00,4/10/2019 14:00,1.009,,,,,,,,,,,
4/10/2019 13:00,4/10/2019 15:00,0.81,,,,,,,,,,,
4/10/2019 14:00,4/10/2019 16:00,0.689,,,,,,,,,,,
4/10/2019 15:00,4/10/2019 17:00,0.547,,,,,,,,,,,
4/10/2019 16:00,4/10/2019 18:00,0.403,,,,,,,,,,,
4/10/2019 17:00,4/10/2019 19:00,0.34,,,,,,,,,,,
4/10/2019 18:00,4/10/2019 20:00,0.283,,,,,,,,,,,
4/10/2019 19:00,4/10/2019 21:00,0.263,,,,,,,,,,,
4/10/2019 20:00,4/10/2019 22:00,0.341,,,,,,,,,,,
4/10/2019 21:00,4/10/2019 23:00,0.547,,,,,,,,,,,
4/10/2019 22:00,4/11/2019 0:00,0.853,,,,,,,,,,,
4/10/2019 23:00,4/11/2019 1:00,1.134,,,,,,,,,,,
4/11/2019 0:00,4/11/2019 2:00,1.388,,,,,,,,,,,
4/11/2019 1:00,4/11/2019 3:00,1.61,,,,,,,,,,,
4/11/2019 2:00,4/11/2019 4:00,1.783,,,,,,,,,,,
4/11/2019 3:00,4/11/2019 5:00,1.771,,,,,,,,,,,
4/11/2019 4:00,4/11/2019 6:00,1.745,,,,,,,,,,,
4/11/2019 5:00,4/11/2019 7:00,1.836,,,,,,,,,,,
4/11/2019 6:00,4/11/2019 8:00,1.967,,,,,,,,,,,
4/11/2019 7:00,4/11/2019 9:00,1.967,,,,,,,,,,,
4/11/2019 8:00,4/11/2019 10:00,1.699,,,,,,,,,,,
4/11/2019 9:00,4/11/2019 11:00,2.538,,,,,,,,,,,
4/11/2019 10:00,4/11/2019 12:00,3.653,,,,,,,,,,,
4/11/2019 11:00,4/11/2019 13:00,4.199,,,,,,,,,,,
4/11/2019 12:00,4/11/2019 14:00,4.753,,,,,,,,,,,
4/11/2019 13:00,4/11/2019 15:00,5.158,,,,,,,,,,,
4/11/2019 14:00,4/11/2019 16:00,5.213,,,,,,,,,,,
4/11/2019 15:00,4/11/2019 17:00,5.086,,,,,,,,,,,
4/11/2019 16:00,4/11/2019 18:00,5.223,,,,,,,,,,,
4/11/2019 17:00,4/11/2019 19:00,6.02,,,,,,,,,,,
4/11/2019 18:00,4/11/2019 20:00,7.323,,,,,,,,,,,
4/11/2019 19:00,4/11/2019 21:00,8.181,,,,,,,,,,,
4/11/2019 20:00,4/11/2019 22:00,8.081,,,,,,,,,,,
4/11/2019 21:00,4/11/2019 23:00,7.897,,,,,,,,,,,
4/11/2019 22:00,4/12/2019 0:00,7.665,,,,,,,,,,,
4/11/2019 23:00,4/12/2019 1:00,7.576,,,,,,,,,,,
4/12/2019 0:00,4/12/2019 2:00,7.795,,,,,,,,,,,
4/12/2019 1:00,4/12/2019 3:00,7.751,,,,,,,,,,,
4/12/2019 2:00,4/12/2019 4:00,7.608,,,,,,,,,,,
4/12/2019 3:00,4/12/2019 5:00,7.243,,,,,,,,,,,
4/12/2019 4:00,4/12/2019 6:00,6.299,,,,,,,,,,,
4/12/2019 5:00,4/12/2019 7:00,7.434,,,,,,,,,,,
4/12/2019 6:00,4/12/2019 8:00,7.041,,,,,,,,,,,
4/12/2019 7:00,4/12/2019 9:00,6.757,,,,,,,,,,,
4/12/2019 8:00,4/12/2019 10:00,7.091,,,,,,,,,,,
4/12/2019 9:00,4/12/2019 11:00,6.609,,,,,,,,,,,
4/12/2019 10:00,4/12/2019 12:00,5.457,,,,,,,,,,,
4/12/2019 11:00,4/12/2019 13:00,4.638,,,,,,,,,,,
4/12/2019 12:00,4/12/2019 14:00,4.264,,,,,,,,,,,
4/12/2019 13:00,4/12/2019 15:00,3.807,,,,,,,,,,,
4/12/2019 14:00,4/12/2019 16:00,3.702,,,,,,,,,,,
4/12/2019 15:00,4/12/2019 17:00,3.327,,,,,,,,,,,
4/12/2019 16:00,4/12/2019 18:00,2.982,,,,,,,,,,,
4/12/2019 17:00,4/12/2019 19:00,2.859,,,,,,,,,,,
4/12/2019 18:00,4/12/2019 20:00,2.946,,,,,,,,,,,
4/12/2019 19:00,4/12/2019 21:00,3.245,,,,,,,,,,,
4/12/2019 20:00,4/12/2019 22:00,2.976,,,,,,,,,,,
4/12/2019 21:00,4/12/2019 23:00,2.866,,,,,,,,,,,
4/12/2019 22:00,4/13/2019 0:00,3.287,,,,,,,,,,,
4/12/2019 23:00,4/13/2019 1:00,3.661,,,,,,,,,,,
4/13/2019 0:00,4/13/2019 2:00,4.079,,,,,,,,,,,
4/13/2019 1:00,4/13/2019 3:00,4.418,,,,,,,,,,,
4/13/2019 2:00,4/13/2019 4:00,4.378,,,,,,,,,,,
4/13/2019 3:00,4/13/2019 5:00,4.371,,,,,,,,,,,
4/13/2019 4:00,4/13/2019 6:00,3.837,,,,,,,,,,,
4/13/2019 5:00,4/13/2019 7:00,3.617,,,,,,,,,,,
4/13/2019 6:00,4/13/2019 8:00,4.228,,,,,,,,,,,
4/13/2019 7:00,4/13/2019 9:00,4.586,,,,,,,,,,,
4/13/2019 8:00,4/13/2019 10:00,4.774,,,,,,,,,,,
4/13/2019 9:00,4/13/2019 11:00,5.108,,,,,,,,,,,
4/13/2019 10:00,4/13/2019 12:00,5.087,,,,,,,,,,,
4/13/2019 11:00,4/13/2019 13:00,5.491,,,,,,,,,,,
4/13/2019 12:00,4/13/2019 14:00,5.759,,,,,,,,,,,
4/13/2019 13:00,4/13/2019 15:00,6.172,,,,,,,,,,,
4/13/2019 14:00,4/13/2019 16:00,6.149,,,,,,,,,,,
4/13/2019 15:00,4/13/2019 17:00,5.694,,,,,,,,,,,
4/13/2019 16:00,4/13/2019 18:00,4.683,,,,,,,,,,,
4/13/2019 17:00,4/13/2019 19:00,3.981,,,,,,,,,,,
4/13/2019 18:00,4/13/2019 20:00,4.221,,,,,,,,,,,
4/13/2019 19:00,4/13/2019 21:00,5.346,,,,,,,,,,,
4/13/2019 20:00,4/13/2019 22:00,5.295,,,,,,,,,,,
4/13/2019 21:00,4/13/2019 23:00,4.961,,,,,,,,,,,
4/13/2019 22:00,4/14/2019 0:00,5.198,,,,,,,,,,,
4/13/2019 23:00,4/14/2019 1:00,6.181,,,,,,,,,,,
4/14/2019 0:00,4/14/2019 2:00,6.696,,,,,,,,,,,
4/14/2019 1:00,4/14/2019 3:00,7.142,,,,,,,,,,,
4/14/2019 2:00,4/14/2019 4:00,7.317,,,,,,,,,,,
4/14/2019 3:00,4/14/2019 5:00,7.226,,,,,,,,,,,
4/14/2019 4:00,4/14/2019 6:00,7.373,,,,,,,,,,,
4/14/2019 5:00,4/14/2019 7:00,6.805,,,,,,,,,,,
4/14/2019 6:00,4/14/2019 8:00,5.759,,,,,,,,,,,
4/14/2019 7:00,4/14/2019 9:00,6.177,,,,,,,,,,,
4/14/2019 8:00,4/14/2019 10:00,6.057,,,,,,,,,,,
4/14/2019 9:00,4/14/2019 11:00,6.173,,,,,,,,,,,
4/14/2019 10:00,4/14/2019 12:00,5.615,,,,,,,,,,,
4/14/2019 11:00,4/14/2019 13:00,5.456,,,,,,,,,,,
4/14/2019 12:00,4/14/2019 14:00,5.662,,,,,,,,,,,
4/14/2019 13:00,4/14/2019 15:00,5.659,,,,,,,,,,,
4/14/2019 14:00,4/14/2019 16:00,5.403,,,,,,,,,,,
4/14/2019 15:00,4/14/2019 17:00,5.142,,,,,,,,,,,
4/14/2019 16:00,4/14/2019 18:00,4.718,,,,,,,,,,,
4/14/2019 17:00,4/14/2019 19:00,4.151,,,,,,,,,,,
4/14/2019 18:00,4/14/2019 20:00,3.622,,,,,,,,,,,
4/14/2019 19:00,4/14/2019 21:00,3.248,,,,,,,,,,,
4/14/2019 20:00,4/14/2019 22:00,3.396,,,,,,,,,,,
4/14/2019 21:00,4/14/2019 23:00,3.347,,,,,,,,,,,
4/14/2019 22:00,4/15/2019 0:00,3.562,,,,,,,,,,,
4/14/2019 23:00,4/15/2019 1:00,3.385,,,,,,,,,,,
4/15/2019 0:00,4/15/2019 2:00,3.089,,,,,,,,,,,
4/15/2019 1:00,4/15/2019 3:00,2.828,,,,,,,,,,,
4/15/2019 2:00,4/15/2019 4:00,2.369,,,,,,,,,,,
4/15/2019 3:00,4/15/2019 5:00,2.149,,,,,,,,,,,
4/15/2019 4:00,4/15/2019 6:00,1.906,,,,,,,,,,,
4/15/2019 5:00,4/15/2019 7:00,1.745,,,,,,,,,,,
4/15/2019 6:00,4/15/2019 8:00,1.724,,,,,,,,,,,
4/15/2019 7:00,4/15/2019 9:00,1.864,,,,,,,,,,,
4/15/2019 8:00,4/15/2019 10:00,1.895,,,,,,,,,,,
4/15/2019 9:00,4/15/2019 11:00,1.904,,,,,,,,,,,
4/15/2019 10:00,4/15/2019 12:00,1.829,,,,,,,,,,,
4/15/2019 11:00,4/15/2019 13:00,1.744,,,,,,,,,,,
4/15/2019 12:00,4/15/2019 14:00,1.617,,,,,,,,,,,
4/15/2019 13:00,4/15/2019 15:00,1.405,,,,,,,,,,,
4/15/2019 14:00,4/15/2019 16:00,1.143,,,,,,,,,,,
4/15/2019 15:00,4/15/2019 17:00,1.037,,,,,,,,,,,
4/15/2019 16:00,4/15/2019 18:00,1.067,,,,,,,,,,,
4/15/2019 17:00,4/15/2019 19:00,1.107,,,,,,,,,,,
4/15/2019 18:00,4/15/2019 20:00,1.144,,,,,,,,,,,
4/15/2019 19:00,4/15/2019 21:00,1.257,,,,,,,,,,,
4/15/2019 20:00,4/15/2019 22:00,1.429,,,,,,,,,,,
4/15/2019 21:00,4/15/2019 23:00,1.552,,,,,,,,,,,
4/15/2019 22:00,4/16/2019 0:00,1.703,,,,,,,,,,,
4/15/2019 23:00,4/16/2019 1:00,1.832,,,,,,,,,,,
4/16/2019 0:00,4/16/2019 2:00,2.132,,,,,,,,,,,
4/16/2019 1:00,4/16/2019 3:00,2.579,,,,,,,,,,,
4/16/2019 2:00,4/16/2019 4:00,3.138,,,,,,,,,,,
4/16/2019 3:00,4/16/2019 5:00,3.656,,,,,,,,,,,
4/16/2019 4:00,4/16/2019 6:00,3.846,,,,,,,,,,,
4/16/2019 5:00,4/16/2019 7:00,3.34,,,,,,,,,,,
4/16/2019 6:00,4/16/2019 8:00,2.225,,,,,,,,,,,
4/16/2019 7:00,4/16/2019 9:00,1.132,,,,,,,,,,,
4/16/2019 8:00,4/16/2019 10:00,0.491,,,,,,,,,,,
4/16/2019 9:00,4/16/2019 11:00,0.366,,,,,,,,,,,
4/16/2019 10:00,4/16/2019 12:00,0.247,,,,,,,,,,,
4/16/2019 11:00,4/16/2019 13:00,0.207,,,,,,,,,,,
4/16/2019 12:00,4/16/2019 14:00,0.219,,,,,,,,,,,
4/16/2019 13:00,4/16/2019 15:00,0.245,,,,,,,,,,,
4/16/2019 14:00,4/16/2019 16:00,0.199,,,,,,,,,,,
4/16/2019 15:00,4/16/2019 17:00,0.162,,,,,,,,,,,
4/16/2019 16:00,4/16/2019 18:00,0.142,,,,,,,,,,,
4/16/2019 17:00,4/16/2019 19:00,0.117,,,,,,,,,,,
4/16/2019 18:00,4/16/2019 20:00,0.102,,,,,,,,,,,
4/16/2019 19:00,4/16/2019 21:00,0.117,,,,,,,,,,,
4/16/2019 20:00,4/16/2019 22:00,0.161,,,,,,,,,,,
4/16/2019 21:00,4/16/2019 23:00,0.244,,,,,,,,,,,
4/16/2019 22:00,4/17/2019 0:00,0.399,,,,,,,,,,,
4/16/2019 23:00,4/17/2019 1:00,0.616,,,,,,,,,,,
4/17/2019 0:00,4/17/2019 2:00,0.82,,,,,,,,,,,
4/17/2019 1:00,4/17/2019 3:00,0.989,,,,,,,,,,,
4/17/2019 2:00,4/17/2019 4:00,1.148,,,,,,,,,,,
4/17/2019 3:00,4/17/2019 5:00,1.192,,,,,,,,,,,
4/17/2019 4:00,4/17/2019 6:00,1.146,,,,,,,,,,,
4/17/2019 5:00,4/17/2019 7:00,1.038,,,,,,,,,,,
4/17/2019 6:00,4/17/2019 8:00,0.964,,,,,,,,,,,
4/17/2019 7:00,4/17/2019 9:00,0.816,,,,,,,,,,,
4/17/2019 8:00,4/17/2019 10:00,0.703,,,,,,,,,,,
4/17/2019 9:00,4/17/2019 11:00,0.675,,,,,,,,,,,
4/17/2019 10:00,4/17/2019 12:00,0.706,,,,,,,,,,,
4/17/2019 11:00,4/17/2019 13:00,0.796,,,,,,,,,,,
4/17/2019 12:00,4/17/2019 14:00,0.886,,,,,,,,,,,
4/17/2019 13:00,4/17/2019 15:00,0.97,,,,,,,,,,,
4/17/2019 14:00,4/17/2019 16:00,0.967,,,,,,,,,,,
4/17/2019 15:00,4/17/2019 17:00,0.896,,,,,,,,,,,
4/17/2019 16:00,4/17/2019 18:00,0.846,,,,,,,,,,,
4/17/2019 17:00,4/17/2019 19:00,0.852,,,,,,,,,,,
4/17/2019 18:00,4/17/2019 20:00,0.939,,,,,,,,,,,
4/17/2019 19:00,4/17/2019 21:00,1.126,,,,,,,,,,,
4/17/2019 20:00,4/17/2019 22:00,1.355,,,,,,,,,,,
4/17/2019 21:00,4/17/2019 23:00,1.64,,,,,,,,,,,
4/17/2019 22:00,4/18/2019 0:00,1.872,,,,,,,,,,,
4/17/2019 23:00,4/18/2019 1:00,1.994,,,,,,,,,,,
4/18/2019 0:00,4/18/2019 2:00,2.05,,,,,,,,,,,
4/18/2019 1:00,4/18/2019 3:00,2.118,,,,,,,,,,,
4/18/2019 2:00,4/18/2019 4:00,2.239,,,,,,,,,,,
4/18/2019 3:00,4/18/2019 5:00,2.462,,,,,,,,,,,
4/18/2019 4:00,4/18/2019 6:00,2.724,,,,,,,,,,,
4/18/2019 5:00,4/18/2019 7:00,2.786,,,,,,,,,,,
4/18/2019 6:00,4/18/2019 8:00,3.225,,,,,,,,,,,
4/18/2019 7:00,4/18/2019 9:00,3.137,,,,,,,,,,,
4/18/2019 8:00,4/18/2019 10:00,3.007,,,,,,,,,,,
4/18/2019 9:00,4/18/2019 11:00,2.749,,,,,,,,,,,
4/18/2019 10:00,4/18/2019 12:00,2.493,,,,,,,,,,,
4/18/2019 11:00,4/18/2019 13:00,2.244,,,,,,,,,,,
4/18/2019 12:00,4/18/2019 14:00,2.206,,,,,,,,,,,
4/18/2019 13:00,4/18/2019 15:00,1.98,,,,,,,,,,,
4/18/2019 14:00,4/18/2019 16:00,1.553,,,,,,,,,,,
4/18/2019 15:00,4/18/2019 17:00,1.777,,,,,,,,,,,
4/18/2019 16:00,4/18/2019 18:00,2.644,,,,,,,,,,,
4/18/2019 17:00,4/18/2019 19:00,3.62,,,,,,,,,,,
4/18/2019 18:00,4/18/2019 20:00,4.09,,,,,,,,,,,
4/18/2019 19:00,4/18/2019 21:00,4.661,,,,,,,,,,,
4/18/2019 20:00,4/18/2019 22:00,4.577,,,,,,,,,,,
4/18/2019 21:00,4/18/2019 23:00,5.507,,,,,,,,,,,
4/18/2019 22:00,4/19/2019 0:00,4.766,,,,,,,,,,,
4/18/2019 23:00,4/19/2019 1:00,4.235,,,,,,,,,,,
4/19/2019 0:00,4/19/2019 2:00,3.658,,,,,,,,,,,
4/19/2019 1:00,4/19/2019 3:00,2.46,,,,,,,,,,,
4/19/2019 2:00,4/19/2019 4:00,2.321,,,,,,,,,,,
4/19/2019 3:00,4/19/2019 5:00,2.484,,,,,,,,,,,
4/19/2019 4:00,4/19/2019 6:00,2.919,,,,,,,,,,,
4/19/2019 5:00,4/19/2019 7:00,3.525,,,,,,,,,,,
4/19/2019 6:00,4/19/2019 8:00,4.12,,,,,,,,,,,
4/19/2019 7:00,4/19/2019 9:00,4.484,,,,,,,,,,,
4/19/2019 8:00,4/19/2019 10:00,4.917,,,,,,,,,,,
4/19/2019 9:00,4/19/2019 11:00,6.619,,,,,,,,,,,
4/19/2019 10:00,4/19/2019 12:00,8.593,,,,,,,,,,,
4/19/2019 11:00,4/19/2019 13:00,9.381,,,,,,,,,,,
4/19/2019 12:00,4/19/2019 14:00,10.099,,,,,,,,,,,
4/19/2019 13:00,4/19/2019 15:00,10.201,,,,,,,,,,,
4/19/2019 14:00,4/19/2019 16:00,10.025,,,,,,,,,,,
4/19/2019 15:00,4/19/2019 17:00,10.112,,,,,,,,,,,
4/19/2019 16:00,4/19/2019 18:00,10.307,,,,,,,,,,,
4/19/2019 17:00,4/19/2019 19:00,13.247,,,,,,,,,,,
4/19/2019 18:00,4/19/2019 20:00,13.826,,,,,,,,,,,
4/19/2019 19:00,4/19/2019 21:00,14.793,,,,,,,,,,,
4/19/2019 20:00,4/19/2019 22:00,14.615,,,,,,,,,,,
4/19/2019 21:00,4/19/2019 23:00,14.217,,,,,,,,,,,
4/19/2019 22:00,4/20/2019 0:00,13.9,,,,,,,,,,,
4/19/2019 23:00,4/20/2019 1:00,13.324,,,,,,,,,,,
4/20/2019 0:00,4/20/2019 2:00,12.622,,,,,,,,,,,
4/20/2019 1:00,4/20/2019 3:00,11.446,,,,,,,,,,,
4/20/2019 2:00,4/20/2019 4:00,10.631,,,,,,,,,,,
4/20/2019 3:00,4/20/2019 5:00,10.388,,,,,,,,,,,
4/20/2019 4:00,4/20/2019 6:00,10.182,,,,,,,,,,,
4/20/2019 5:00,4/20/2019 7:00,10.449,,,,,,,,,,,
4/20/2019 6:00,4/20/2019 8:00,11.023,,,,,,,,,,,
4/20/2019 7:00,4/20/2019 9:00,12.257,,,,,,,,,,,
4/20/2019 8:00,4/20/2019 10:00,12.896,,,,,,,,,,,
4/20/2019 9:00,4/20/2019 11:00,12.796,,,,,,,,,,,
4/20/2019 10:00,4/20/2019 12:00,11.545,,,,,,,,,,,
4/20/2019 11:00,4/20/2019 13:00,10.465,,,,,,,,,,,
4/20/2019 12:00,4/20/2019 14:00,9.892,,,,,,,,,,,
4/20/2019 13:00,4/20/2019 15:00,9.988,,,,,,,,,,,
4/20/2019 14:00,4/20/2019 16:00,10.554,,,,,,,,,,,
4/20/2019 15:00,4/20/2019 17:00,14.091,,,,,,,,,,,
4/20/2019 16:00,4/20/2019 18:00,19.276,,,,,,,,,,,
4/20/2019 17:00,4/20/2019 19:00,21.78,,,,,,,,,,,
4/20/2019 18:00,4/20/2019 20:00,22.509,,,,,,,,,,,
4/20/2019 19:00,4/20/2019 21:00,24.561,,,,,,,,,,,
4/20/2019 20:00,4/20/2019 22:00,23.183,,,,,,,,,,,
4/20/2019 21:00,4/20/2019 23:00,22.039,,,,,,,,,,,
4/20/2019 22:00,4/21/2019 0:00,21.337,,,,,,,,,,,
4/20/2019 23:00,4/21/2019 1:00,20.066,,,,,,,,,,,
4/21/2019 0:00,4/21/2019 2:00,21.285,,,,,,,,,,,
4/21/2019 1:00,4/21/2019 3:00,20.533,,,,,,,,,,,
4/21/2019 2:00,4/21/2019 4:00,19.671,,,,,,,,,,,
4/21/2019 3:00,4/21/2019 5:00,17.917,,,,,,,,,,,
4/21/2019 4:00,4/21/2019 6:00,17.273,,,,,,,,,,,
4/21/2019 5:00,4/21/2019 7:00,17.875,,,,,,,,,,,
4/21/2019 6:00,4/21/2019 8:00,19.895,,,,,,,,,,,
4/21/2019 7:00,4/21/2019 9:00,23.628,,,,,,,,,,,
4/21/2019 8:00,4/21/2019 10:00,25.262,,,,,,,,,,,
4/21/2019 9:00,4/21/2019 11:00,25.484,,,,,,,,,,,
4/21/2019 10:00,4/21/2019 12:00,25.406,,,,,,,,,,,
4/21/2019 11:00,4/21/2019 13:00,25.03,,,,,,,,,,,
4/21/2019 12:00,4/21/2019 14:00,24.293,,,,,,,,,,,
4/21/2019 13:00,4/21/2019 15:00,23.743,,,,,,,,,,,
4/21/2019 14:00,4/21/2019 16:00,22.298,,,,,,,,,,,
4/21/2019 15:00,4/21/2019 17:00,21.119,,,,,,,,,,,
4/21/2019 16:00,4/21/2019 18:00,20.191,,,,,,,,,,,
4/21/2019 17:00,4/21/2019 19:00,18.509,,,,,,,,,,,
4/21/2019 18:00,4/21/2019 20:00,17.528,,,,,,,,,,,
4/21/2019 19:00,4/21/2019 21:00,16.5,,,,,,,,,,,
4/21/2019 20:00,4/21/2019 22:00,15.725,,,,,,,,,,,
4/21/2019 21:00,4/21/2019 23:00,15.326,,,,,,,,,,,
4/21/2019 22:00,4/22/2019 0:00,15.147,,,,,,,,,,,
4/21/2019 23:00,4/22/2019 1:00,15.725,,,,,,,,,,,
4/22/2019 0:00,4/22/2019 2:00,15.03,,,,,,,,,,,
4/22/2019 1:00,4/22/2019 3:00,13.457,,,,,,,,,,,
4/22/2019 2:00,4/22/2019 4:00,11.937,,,,,,,,,,,
4/22/2019 3:00,4/22/2019 5:00,10.163,,,,,,,,,,,
4/22/2019 4:00,4/22/2019 6:00,7.825,,,,,,,,,,,
4/22/2019 5:00,4/22/2019 7:00,6.1,,,,,,,,,,,
4/22/2019 6:00,4/22/2019 8:00,5.293,,,,,,,,,,,
4/22/2019 7:00,4/22/2019 9:00,4.466,,,,,,,,,,,
4/22/2019 8:00,4/22/2019 10:00,3.812,,,,,,,,,,,
4/22/2019 9:00,4/22/2019 11:00,3.316,,,,,,,,,,,
4/22/2019 10:00,4/22/2019 12:00,3.964,,,,,,,,,,,
4/22/2019 11:00,4/22/2019 13:00,5.695,,,,,,,,,,,
4/22/2019 12:00,4/22/2019 14:00,7.348,,,,,,,,,,,
4/22/2019 13:00,4/22/2019 15:00,9.424,,,,,,,,,,,
4/22/2019 14:00,4/22/2019 16:00,13.415,,,,,,,,,,,
4/22/2019 15:00,4/22/2019 17:00,19.054,,,,,,,,,,,
4/22/2019 16:00,4/22/2019 18:00,22.112,,,,,,,,,,,
4/22/2019 17:00,4/22/2019 19:00,24.207,,,,,,,,,,,
4/22/2019 18:00,4/22/2019 20:00,25.505,,,,,,,,,,,
4/22/2019 19:00,4/22/2019 21:00,26.144,,,,,,,,,,,
4/22/2019 20:00,4/22/2019 22:00,25.761,,,,,,,,,,,
4/22/2019 21:00,4/22/2019 23:00,27.215,,,,,,,,,,,
4/22/2019 22:00,4/23/2019 0:00,27.215,,,,,,,,,,,
4/22/2019 23:00,4/23/2019 1:00,26.516,,,,,,,,,,,
4/23/2019 0:00,4/23/2019 2:00,25.884,,,,,,,,,,,
4/23/2019 1:00,4/23/2019 3:00,24.965,,,,,,,,,,,
4/23/2019 2:00,4/23/2019 4:00,24.159,,,,,,,,,,,
4/23/2019 3:00,4/23/2019 5:00,23.544,,,,,,,,,,,
4/23/2019 4:00,4/23/2019 6:00,22.854,,,,,,,,,,,
4/23/2019 5:00,4/23/2019 7:00,22.604,,,,,,,,,,,
4/23/2019 6:00,4/23/2019 8:00,22.14,,,,,,,,,,,
4/23/2019 7:00,4/23/2019 9:00,21.628,,,,,,,,,,,
4/23/2019 8:00,4/23/2019 10:00,21.021,,,,,,,,,,,
4/23/2019 9:00,4/23/2019 11:00,20.842,,,,,,,,,,,
4/23/2019 10:00,4/23/2019 12:00,20.252,,,,,,,,,,,
4/23/2019 11:00,4/23/2019 13:00,19.432,,,,,,,,,,,
4/23/2019 12:00,4/23/2019 14:00,17.606,,,,,,,,,,,
4/23/2019 13:00,4/23/2019 15:00,16.432,,,,,,,,,,,
4/23/2019 14:00,4/23/2019 16:00,15.12,,,,,,,,,,,
4/23/2019 15:00,4/23/2019 17:00,13.686,,,,,,,,,,,
4/23/2019 16:00,4/23/2019 18:00,11.644,,,,,,,,,,,
4/23/2019 17:00,4/23/2019 19:00,8.835,,,,,,,,,,,
4/23/2019 18:00,4/23/2019 20:00,7.209,,,,,,,,,,,
4/23/2019 19:00,4/23/2019 21:00,5.983,,,,,,,,,,,
4/23/2019 20:00,4/23/2019 22:00,4.978,,,,,,,,,,,
4/23/2019 21:00,4/23/2019 23:00,4.08,,,,,,,,,,,
4/23/2019 22:00,4/24/2019 0:00,3.6,,,,,,,,,,,
4/23/2019 23:00,4/24/2019 1:00,3.394,,,,,,,,,,,
4/24/2019 0:00,4/24/2019 2:00,3.354,,,,,,,,,,,
4/24/2019 1:00,4/24/2019 3:00,3.226,,,,,,,,,,,
4/24/2019 2:00,4/24/2019 4:00,3.056,,,,,,,,,,,
4/24/2019 3:00,4/24/2019 5:00,2.81,,,,,,,,,,,
4/24/2019 4:00,4/24/2019 6:00,2.581,,,,,,,,,,,
4/24/2019 5:00,4/24/2019 7:00,2.189,,,,,,,,,,,
4/24/2019 6:00,4/24/2019 8:00,1.741,,,,,,,,,,,
4/24/2019 7:00,4/24/2019 9:00,1.335,,,,,,,,,,,
4/24/2019 8:00,4/24/2019 10:00,0.977,,,,,,,,,,,
4/24/2019 9:00,4/24/2019 11:00,0.718,,,,,,,,,,,
4/24/2019 10:00,4/24/2019 12:00,0.546,,,,,,,,,,,
4/24/2019 11:00,4/24/2019 13:00,0.471,,,,,,,,,,,
4/24/2019 12:00,4/24/2019 14:00,0.528,,,,,,,,,,,
4/24/2019 13:00,4/24/2019 15:00,0.662,,,,,,,,,,,
4/24/2019 14:00,4/24/2019 16:00,0.883,,,,,,,,,,,
4/24/2019 15:00,4/24/2019 17:00,1.124,,,,,,,,,,,
4/24/2019 16:00,4/24/2019 18:00,1.333,,,,,,,,,,,
4/24/2019 17:00,4/24/2019 19:00,1.594,,,,,,,,,,,
4/24/2019 18:00,4/24/2019 20:00,1.91,,,,,,,,,,,
4/24/2019 19:00,4/24/2019 21:00,2.272,,,,,,,,,,,
4/24/2019 20:00,4/24/2019 22:00,2.682,,,,,,,,,,,
4/24/2019 21:00,4/24/2019 23:00,3.058,,,,,,,,,,,
4/24/2019 22:00,4/25/2019 0:00,3.549,,,,,,,,,,,
4/24/2019 23:00,4/25/2019 1:00,3.972,,,,,,,,,,,
4/25/2019 0:00,4/25/2019 2:00,4.338,,,,,,,,,,,
4/25/2019 1:00,4/25/2019 3:00,4.659,,,,,,,,,,,
4/25/2019 2:00,4/25/2019 4:00,4.907,,,,,,,,,,,
4/25/2019 3:00,4/25/2019 5:00,4.869,,,,,,,,,,,
4/25/2019 4:00,4/25/2019 6:00,4.573,,,,,,,,,,,
4/25/2019 5:00,4/25/2019 7:00,4.282,,,,,,,,,,,
4/25/2019 6:00,4/25/2019 8:00,3.878,,,,,,,,,,,
4/25/2019 7:00,4/25/2019 9:00,3.593,,,,,,,,,,,
4/25/2019 8:00,4/25/2019 10:00,3.455,,,,,,,,,,,
4/25/2019 9:00,4/25/2019 11:00,3.517,,,,,,,,,,,
4/25/2019 10:00,4/25/2019 12:00,3.563,,,,,,,,,,,
4/25/2019 11:00,4/25/2019 13:00,3.564,,,,,,,,,,,
4/25/2019 12:00,4/25/2019 14:00,3.388,,,,,,,,,,,
4/25/2019 13:00,4/25/2019 15:00,3.202,,,,,,,,,,,
4/25/2019 14:00,4/25/2019 16:00,2.962,,,,,,,,,,,
4/25/2019 15:00,4/25/2019 17:00,2.574,,,,,,,,,,,
4/25/2019 16:00,4/25/2019 18:00,2.22,,,,,,,,,,,
4/25/2019 17:00,4/25/2019 19:00,2.008,,,,,,,,,,,
4/25/2019 18:00,4/25/2019 20:00,1.928,,,,,,,,,,,
4/25/2019 19:00,4/25/2019 21:00,1.844,,,,,,,,,,,
4/25/2019 20:00,4/25/2019 22:00,1.746,,,,,,,,,,,
4/25/2019 21:00,4/25/2019 23:00,1.797,,,,,,,,,,,
4/25/2019 22:00,4/26/2019 0:00,1.886,,,,,,,,,,,
4/25/2019 23:00,4/26/2019 1:00,1.966,,,,,,,,,,,
4/26/2019 0:00,4/26/2019 2:00,1.922,,,,,,,,,,,
4/26/2019 1:00,4/26/2019 3:00,1.794,,,,,,,,,,,
4/26/2019 2:00,4/26/2019 4:00,1.647,,,,,,,,,,,
4/26/2019 3:00,4/26/2019 5:00,1.552,,,,,,,,,,,
4/26/2019 4:00,4/26/2019 6:00,1.629,,,,,,,,,,,
4/26/2019 5:00,4/26/2019 7:00,1.78,,,,,,,,,,,
4/26/2019 6:00,4/26/2019 8:00,1.897,,,,,,,,,,,
4/26/2019 7:00,4/26/2019 9:00,1.878,,,,,,,,,,,
4/26/2019 8:00,4/26/2019 10:00,1.741,,,,,,,,,,,
4/26/2019 9:00,4/26/2019 11:00,1.587,,,,,,,,,,,
4/26/2019 10:00,4/26/2019 12:00,1.431,,,,,,,,,,,
4/26/2019 11:00,4/26/2019 13:00,1.085,,,,,,,,,,,
4/26/2019 12:00,4/26/2019 14:00,0.806,,,,,,,,,,,
4/26/2019 13:00,4/26/2019 15:00,0.657,,,,,,,,,,,
4/26/2019 14:00,4/26/2019 16:00,0.64,,,,,,,,,,,
4/26/2019 15:00,4/26/2019 17:00,0.624,,,,,,,,,,,
4/26/2019 16:00,4/26/2019 18:00,0.635,,,,,,,,,,,
4/26/2019 17:00,4/26/2019 19:00,0.773,,,,,,,,,,,
4/26/2019 18:00,4/26/2019 20:00,0.975,,,,,,,,,,,
4/26/2019 19:00,4/26/2019 21:00,1.151,,,,,,,,,,,
4/26/2019 20:00,4/26/2019 22:00,1.315,,,,,,,,,,,
4/26/2019 21:00,4/26/2019 23:00,1.429,,,,,,,,,,,
4/26/2019 22:00,4/27/2019 0:00,1.61,,,,,,,,,,,
4/26/2019 23:00,4/27/2019 1:00,1.86,,,,,,,,,,,
4/27/2019 0:00,4/27/2019 2:00,2.054,,,,,,,,,,,
4/27/2019 1:00,4/27/2019 3:00,2.317,,,,,,,,,,,
4/27/2019 2:00,4/27/2019 4:00,2.697,,,,,,,,,,,
4/27/2019 3:00,4/27/2019 5:00,3.159,,,,,,,,,,,
4/27/2019 4:00,4/27/2019 6:00,3.576,,,,,,,,,,,
4/27/2019 5:00,4/27/2019 7:00,4.181,,,,,,,,,,,
4/27/2019 6:00,4/27/2019 8:00,4.978,,,,,,,,,,,
4/27/2019 7:00,4/27/2019 9:00,6.058,,,,,,,,,,,
4/27/2019 8:00,4/27/2019 10:00,7.499,,,,,,,,,,,
4/27/2019 9:00,4/27/2019 11:00,8.891,,,,,,,,,,,
4/27/2019 10:00,4/27/2019 12:00,9.819,,,,,,,,,,,
4/27/2019 11:00,4/27/2019 13:00,10.247,,,,,,,,,,,
4/27/2019 12:00,4/27/2019 14:00,10.267,,,,,,,,,,,
4/27/2019 13:00,4/27/2019 15:00,9.739,,,,,,,,,,,
4/27/2019 14:00,4/27/2019 16:00,8.952,,,,,,,,,,,
4/27/2019 15:00,4/27/2019 17:00,8.143,,,,,,,,,,,
4/27/2019 16:00,4/27/2019 18:00,7.751,,,,,,,,,,,
4/27/2019 17:00,4/27/2019 19:00,8.06,,,,,,,,,,,
4/27/2019 18:00,4/27/2019 20:00,9.011,,,,,,,,,,,
4/27/2019 19:00,4/27/2019 21:00,9.792,,,,,,,,,,,
4/27/2019 20:00,4/27/2019 22:00,10.277,,,,,,,,,,,
4/27/2019 21:00,4/27/2019 23:00,10.396,,,,,,,,,,,
4/27/2019 22:00,4/28/2019 0:00,10.099,,,,,,,,,,,
4/27/2019 23:00,4/28/2019 1:00,9.507,,,,,,,,,,,
4/28/2019 0:00,4/28/2019 2:00,8.836,,,,,,,,,,,
4/28/2019 1:00,4/28/2019 3:00,8.131,,,,,,,,,,,
4/28/2019 2:00,4/28/2019 4:00,7.33,,,,,,,,,,,
4/28/2019 3:00,4/28/2019 5:00,6.292,,,,,,,,,,,
4/28/2019 4:00,4/28/2019 6:00,5.142,,,,,,,,,,,
4/28/2019 5:00,4/28/2019 7:00,3.938,,,,,,,,,,,
4/28/2019 6:00,4/28/2019 8:00,3.431,,,,,,,,,,,
4/28/2019 7:00,4/28/2019 9:00,3.179,,,,,,,,,,,
4/28/2019 8:00,4/28/2019 10:00,2.91,,,,,,,,,,,
4/28/2019 9:00,4/28/2019 11:00,2.897,,,,,,,,,,,
4/28/2019 10:00,4/28/2019 12:00,2.976,,,,,,,,,,,
4/28/2019 11:00,4/28/2019 13:00,2.915,,,,,,,,,,,
4/28/2019 12:00,4/28/2019 14:00,2.789,,,,,,,,,,,
4/28/2019 13:00,4/28/2019 15:00,2.685,,,,,,,,,,,
4/28/2019 14:00,4/28/2019 16:00,2.518,,,,,,,,,,,
4/28/2019 15:00,4/28/2019 17:00,2.188,,,,,,,,,,,
4/28/2019 16:00,4/28/2019 18:00,1.967,,,,,,,,,,,
4/28/2019 17:00,4/28/2019 19:00,1.706,,,,,,,,,,,
4/28/2019 18:00,4/28/2019 20:00,1.32,,,,,,,,,,,
4/28/2019 19:00,4/28/2019 21:00,1.072,,,,,,,,,,,
4/28/2019 20:00,4/28/2019 22:00,0.911,,,,,,,,,,,
4/28/2019 21:00,4/28/2019 23:00,0.865,,,,,,,,,,,
4/28/2019 22:00,4/29/2019 0:00,0.773,,,,,,,,,,,
4/28/2019 23:00,4/29/2019 1:00,0.702,,,,,,,,,,,
4/29/2019 0:00,4/29/2019 2:00,0.681,,,,,,,,,,,
4/29/2019 1:00,4/29/2019 3:00,0.64,,,,,,,,,,,
4/29/2019 2:00,4/29/2019 4:00,0.619,,,,,,,,,,,
4/29/2019 3:00,4/29/2019 5:00,0.532,,,,,,,,,,,
4/29/2019 4:00,4/29/2019 6:00,0.341,,,,,,,,,,,
4/29/2019 5:00,4/29/2019 7:00,0.235,,,,,,,,,,,
4/29/2019 6:00,4/29/2019 8:00,0.176,,,,,,,,,,,
4/29/2019 7:00,4/29/2019 9:00,0.231,,,,,,,,,,,
4/29/2019 8:00,4/29/2019 10:00,0.436,,,,,,,,,,,
4/29/2019 9:00,4/29/2019 11:00,0.619,,,,,,,,,,,
4/29/2019 10:00,4/29/2019 12:00,0.639,,,,,,,,,,,
4/29/2019 11:00,4/29/2019 13:00,0.526,,,,,,,,,,,
4/29/2019 12:00,4/29/2019 14:00,0.348,,,,,,,,,,,
4/29/2019 13:00,4/29/2019 15:00,0.289,,,,,,,,,,,
4/29/2019 14:00,4/29/2019 16:00,0.397,,,,,,,,,,,
4/29/2019 15:00,4/29/2019 17:00,0.575,,,,,,,,,,,
4/29/2019 16:00,4/29/2019 18:00,0.759,,,,,,,,,,,
4/29/2019 17:00,4/29/2019 19:00,0.882,,,,,,,,,,,
4/29/2019 18:00,4/29/2019 20:00,0.862,,,,,,,,,,,
4/29/2019 19:00,4/29/2019 21:00,0.831,,,,,,,,,,,
4/29/2019 20:00,4/29/2019 22:00,0.744,,,,,,,,,,,
4/29/2019 21:00,4/29/2019 23:00,0.538,,,,,,,,,,,
4/29/2019 22:00,4/30/2019 0:00,0.416,,,,,,,,,,,
4/29/2019 23:00,4/30/2019 1:00,0.431,,,,,,,,,,,
4/30/2019 0:00,4/30/2019 2:00,0.517,,,,,,,,,,,
4/30/2019 1:00,4/30/2019 3:00,0.692,,,,,,,,,,,
4/30/2019 2:00,4/30/2019 4:00,1.177,,,,,,,,,,,
4/30/2019 3:00,4/30/2019 5:00,1.864,,,,,,,,,,,
4/30/2019 4:00,4/30/2019 6:00,2.53,,,,,,,,,,,
4/30/2019 5:00,4/30/2019 7:00,2.707,,,,,,,,,,,
4/30/2019 6:00,4/30/2019 8:00,2.449,,,,,,,,,,,
4/30/2019 7:00,4/30/2019 9:00,2.509,,,,,,,,,,,
4/30/2019 8:00,4/30/2019 10:00,3.233,,,,,,,,,,,
4/30/2019 9:00,4/30/2019 11:00,4.197,,,,,,,,,,,
4/30/2019 10:00,4/30/2019 12:00,5.262,,,,,,,,,,,
4/30/2019 11:00,4/30/2019 13:00,6.075,,,,,,,,,,,
4/30/2019 12:00,4/30/2019 14:00,6.723,,,,,,,,,,,
4/30/2019 13:00,4/30/2019 15:00,6.822,,,,,,,,,,,
4/30/2019 14:00,4/30/2019 16:00,6.975,,,,,,,,,,,
4/30/2019 15:00,4/30/2019 17:00,6.584,,,,,,,,,,,
4/30/2019 16:00,4/30/2019 18:00,5.837,,,,,,,,,,,
4/30/2019 17:00,4/30/2019 19:00,4.879,,,,,,,,,,,
4/30/2019 18:00,4/30/2019 20:00,4.477,,,,,,,,,,,
4/30/2019 19:00,4/30/2019 21:00,4.955,,,,,,,,,,,
4/30/2019 20:00,4/30/2019 22:00,4.527,,,,,,,,,,,
4/30/2019 21:00,4/30/2019 23:00,4.309,,,,,,,,,,,
4/30/2019 22:00,5/1/2019 0:00,4.282,,,,,,,,,,,
4/30/2019 23:00,5/1/2019 1:00,4.06,,,,,,,,,,,
5/1/2019 0:00,5/1/2019 2:00,3.964,,,,,,,,,,,
5/1/2019 1:00,5/1/2019 3:00,3.963,,,,,,,,,,,
5/1/2019 2:00,5/1/2019 4:00,3.862,,,,,,,,,,,
5/1/2019 3:00,5/1/2019 5:00,3.796,,,,,,,,,,,
5/1/2019 4:00,5/1/2019 6:00,3.841,,,,,,,,,,,
5/1/2019 5:00,5/1/2019 7:00,3.948,,,,,,,,,,,
5/1/2019 6:00,5/1/2019 8:00,4.48,,,,,,,,,,,
5/1/2019 7:00,5/1/2019 9:00,4.935,,,,,,,,,,,
5/1/2019 8:00,5/1/2019 10:00,5.009,,,,,,,,,,,
5/1/2019 9:00,5/1/2019 11:00,4.981,,,,,,,,,,,
5/1/2019 10:00,5/1/2019 12:00,5.098,,,,,,,,,,,
5/1/2019 11:00,5/1/2019 13:00,5.192,,,,,,,,,,,
5/1/2019 12:00,5/1/2019 14:00,5.194,,,,,,,,,,,
5/1/2019 13:00,5/1/2019 15:00,5.129,,,,,,,,,,,
5/1/2019 14:00,5/1/2019 16:00,5.045,,,,,,,,,,,
5/1/2019 15:00,5/1/2019 17:00,5.087,,,,,,,,,,,
5/1/2019 16:00,5/1/2019 18:00,5.263,,,,,,,,,,,
5/1/2019 17:00,5/1/2019 19:00,5.844,,,,,,,,,,,
5/1/2019 18:00,5/1/2019 20:00,6.448,,,,,,,,,,,
5/1/2019 19:00,5/1/2019 21:00,6.757,,,,,,,,,,,
5/1/2019 20:00,5/1/2019 22:00,6.819,,,,,,,,,,,
5/1/2019 21:00,5/1/2019 23:00,6.442,,,,,,,,,,,
5/1/2019 22:00,5/2/2019 0:00,5.748,,,,,,,,,,,
5/1/2019 23:00,5/2/2019 1:00,5.256,,,,,,,,,,,
5/2/2019 0:00,5/2/2019 2:00,4.795,,,,,,,,,,,
5/2/2019 1:00,5/2/2019 3:00,4.438,,,,,,,,,,,
5/2/2019 2:00,5/2/2019 4:00,4.025,,,,,,,,,,,
5/2/2019 3:00,5/2/2019 5:00,3.7,,,,,,,,,,,
5/2/2019 4:00,5/2/2019 6:00,3.687,,,,,,,,,,,
5/2/2019 5:00,5/2/2019 7:00,3.821,,,,,,,,,,,
5/2/2019 6:00,5/2/2019 8:00,3.794,,,,,,,,,,,
5/2/2019 7:00,5/2/2019 9:00,3.973,,,,,,,,,,,
5/2/2019 8:00,5/2/2019 10:00,4.282,,,,,,,,,,,
5/2/2019 9:00,5/2/2019 11:00,4.302,,,,,,,,,,,
5/2/2019 10:00,5/2/2019 12:00,4.378,,,,,,,,,,,
5/2/2019 11:00,5/2/2019 13:00,4.767,,,,,,,,,,,
5/2/2019 12:00,5/2/2019 14:00,5.372,,,,,,,,,,,
5/2/2019 13:00,5/2/2019 15:00,6.093,,,,,,,,,,,
5/2/2019 14:00,5/2/2019 16:00,6.901,,,,,,,,,,,
5/2/2019 15:00,5/2/2019 17:00,7.734,,,,,,,,,,,
5/2/2019 16:00,5/2/2019 18:00,8.286,,,,,,,,,,,
5/2/2019 17:00,5/2/2019 19:00,8.533,,,,,,,,,,,
5/2/2019 18:00,5/2/2019 20:00,8.658,,,,,,,,,,,
5/2/2019 19:00,5/2/2019 21:00,9.019,,,,,,,,,,,
5/2/2019 20:00,5/2/2019 22:00,9.302,,,,,,,,,,,
5/2/2019 21:00,5/2/2019 23:00,9.215,,,,,,,,,,,
5/2/2019 22:00,5/3/2019 0:00,8.951,,,,,,,,,,,
5/2/2019 23:00,5/3/2019 1:00,8.319,,,,,,,,,,,
5/3/2019 0:00,5/3/2019 2:00,7.595,,,,,,,,,,,
5/3/2019 1:00,5/3/2019 3:00,7.614,,,,,,,,,,,
5/3/2019 2:00,5/3/2019 4:00,7.43,,,,,,,,,,,
5/3/2019 3:00,5/3/2019 5:00,6.608,,,,,,,,,,,
5/3/2019 4:00,5/3/2019 6:00,5.739,,,,,,,,,,,
5/3/2019 5:00,5/3/2019 7:00,5.381,,,,,,,,,,,
5/3/2019 6:00,5/3/2019 8:00,6.733,,,,,,,,,,,
5/3/2019 7:00,5/3/2019 9:00,8.215,,,,,,,,,,,
5/3/2019 8:00,5/3/2019 10:00,9.157,,,,,,,,,,,
5/3/2019 9:00,5/3/2019 11:00,9.543,,,,,,,,,,,
5/3/2019 10:00,5/3/2019 12:00,9.738,,,,,,,,,,,
5/3/2019 11:00,5/3/2019 13:00,10,,,,,,,,,,,
5/3/2019 12:00,5/3/2019 14:00,9.819,,,,,,,,,,,
5/3/2019 13:00,5/3/2019 15:00,8.997,,,,,,,,,,,
5/3/2019 14:00,5/3/2019 16:00,8.331,,,,,,,,,,,
5/3/2019 15:00,5/3/2019 17:00,7.358,,,,,,,,,,,
5/3/2019 16:00,5/3/2019 18:00,6.205,,,,,,,,,,,
5/3/2019 17:00,5/3/2019 19:00,5.578,,,,,,,,,,,
5/3/2019 18:00,5/3/2019 20:00,5.389,,,,,,,,,,,
5/3/2019 19:00,5/3/2019 21:00,5.554,,,,,,,,,,,
5/3/2019 20:00,5/3/2019 22:00,6.024,,,,,,,,,,,
5/3/2019 21:00,5/3/2019 23:00,7.078,,,,,,,,,,,
5/3/2019 22:00,5/4/2019 0:00,7.937,,,,,,,,,,,
5/3/2019 23:00,5/4/2019 1:00,7.906,,,,,,,,,,,
5/4/2019 0:00,5/4/2019 2:00,7.27,,,,,,,,,,,
5/4/2019 1:00,5/4/2019 3:00,6.705,,,,,,,,,,,
5/4/2019 2:00,5/4/2019 4:00,6.495,,,,,,,,,,,
5/4/2019 3:00,5/4/2019 5:00,6.61,,,,,,,,,,,
5/4/2019 4:00,5/4/2019 6:00,6.973,,,,,,,,,,,
5/4/2019 5:00,5/4/2019 7:00,7.381,,,,,,,,,,,
5/4/2019 6:00,5/4/2019 8:00,7.5,,,,,,,,,,,
5/4/2019 7:00,5/4/2019 9:00,8.518,,,,,,,,,,,
5/4/2019 8:00,5/4/2019 10:00,9.001,,,,,,,,,,,
5/4/2019 9:00,5/4/2019 11:00,7.998,,,,,,,,,,,
5/4/2019 10:00,5/4/2019 12:00,6.799,,,,,,,,,,,
5/4/2019 11:00,5/4/2019 13:00,5.605,,,,,,,,,,,
5/4/2019 12:00,5/4/2019 14:00,4.802,,,,,,,,,,,
5/4/2019 13:00,5/4/2019 15:00,4.265,,,,,,,,,,,
5/4/2019 14:00,5/4/2019 16:00,3.676,,,,,,,,,,,
5/4/2019 15:00,5/4/2019 17:00,3.101,,,,,,,,,,,
5/4/2019 16:00,5/4/2019 18:00,2.425,,,,,,,,,,,
5/4/2019 17:00,5/4/2019 19:00,1.853,,,,,,,,,,,
5/4/2019 18:00,5/4/2019 20:00,1.306,,,,,,,,,,,
5/4/2019 19:00,5/4/2019 21:00,0.849,,,,,,,,,,,
5/4/2019 20:00,5/4/2019 22:00,0.734,,,,,,,,,,,
5/4/2019 21:00,5/4/2019 23:00,0.753,,,,,,,,,,,
5/4/2019 22:00,5/5/2019 0:00,0.933,,,,,,,,,,,
5/4/2019 23:00,5/5/2019 1:00,1.326,,,,,,,,,,,
5/5/2019 0:00,5/5/2019 2:00,1.759,,,,,,,,,,,
5/5/2019 1:00,5/5/2019 3:00,2.168,,,,,,,,,,,
5/5/2019 2:00,5/5/2019 4:00,2.435,,,,,,,,,,,
5/5/2019 3:00,5/5/2019 5:00,2.571,,,,,,,,,,,
5/5/2019 4:00,5/5/2019 6:00,2.634,,,,,,,,,,,
5/5/2019 5:00,5/5/2019 7:00,2.492,,,,,,,,,,,
5/5/2019 6:00,5/5/2019 8:00,2.244,,,,,,,,,,,
5/5/2019 7:00,5/5/2019 9:00,2.188,,,,,,,,,,,
5/5/2019 8:00,5/5/2019 10:00,1.999,,,,,,,,,,,
5/5/2019 9:00,5/5/2019 11:00,1.837,,,,,,,,,,,
5/5/2019 10:00,5/5/2019 12:00,1.741,,,,,,,,,,,
5/5/2019 11:00,5/5/2019 13:00,1.689,,,,,,,,,,,
5/5/2019 12:00,5/5/2019 14:00,1.697,,,,,,,,,,,
5/5/2019 13:00,5/5/2019 15:00,1.745,,,,,,,,,,,
5/5/2019 14:00,5/5/2019 16:00,1.848,,,,,,,,,,,
5/5/2019 15:00,5/5/2019 17:00,1.898,,,,,,,,,,,
5/5/2019 16:00,5/5/2019 18:00,1.966,,,,,,,,,,,
5/5/2019 17:00,5/5/2019 19:00,2.123,,,,,,,,,,,
5/5/2019 18:00,5/5/2019 20:00,2.368,,,,,,,,,,,
5/5/2019 19:00,5/5/2019 21:00,2.454,,,,,,,,,,,
5/5/2019 20:00,5/5/2019 22:00,2.379,,,,,,,,,,,
5/5/2019 21:00,5/5/2019 23:00,2.181,,,,,,,,,,,
5/5/2019 22:00,5/6/2019 0:00,1.952,,,,,,,,,,,
5/5/2019 23:00,5/6/2019 1:00,1.742,,,,,,,,,,,
5/6/2019 0:00,5/6/2019 2:00,1.602,,,,,,,,,,,
5/6/2019 1:00,5/6/2019 3:00,1.532,,,,,,,,,,,
5/6/2019 2:00,5/6/2019 4:00,1.559,,,,,,,,,,,
5/6/2019 3:00,5/6/2019 5:00,1.734,,,,,,,,,,,
5/6/2019 4:00,5/6/2019 6:00,2.007,,,,,,,,,,,
5/6/2019 5:00,5/6/2019 7:00,2.197,,,,,,,,,,,
5/6/2019 6:00,5/6/2019 8:00,2.187,,,,,,,,,,,
5/6/2019 7:00,5/6/2019 9:00,2.086,,,,,,,,,,,
5/6/2019 8:00,5/6/2019 10:00,2,,,,,,,,,,,
5/6/2019 9:00,5/6/2019 11:00,1.919,,,,,,,,,,,
5/6/2019 10:00,5/6/2019 12:00,1.925,,,,,,,,,,,
5/6/2019 11:00,5/6/2019 13:00,2.056,,,,,,,,,,,
5/6/2019 12:00,5/6/2019 14:00,2.277,,,,,,,,,,,
5/6/2019 13:00,5/6/2019 15:00,2.494,,,,,,,,,,,
5/6/2019 14:00,5/6/2019 16:00,2.703,,,,,,,,,,,
5/6/2019 15:00,5/6/2019 17:00,2.726,,,,,,,,,,,
5/6/2019 16:00,5/6/2019 18:00,2.705,,,,,,,,,,,
5/6/2019 17:00,5/6/2019 19:00,2.789,,,,,,,,,,,
5/6/2019 18:00,5/6/2019 20:00,3.281,,,,,,,,,,,
5/6/2019 19:00,5/6/2019 21:00,3.71,,,,,,,,,,,
5/6/2019 20:00,5/6/2019 22:00,3.807,,,,,,,,,,,
5/6/2019 21:00,5/6/2019 23:00,4.324,,,,,,,,,,,
5/6/2019 22:00,5/7/2019 0:00,4.765,,,,,,,,,,,
5/6/2019 23:00,5/7/2019 1:00,4.6,,,,,,,,,,,
5/7/2019 0:00,5/7/2019 2:00,4.977,,,,,,,,,,,
5/7/2019 1:00,5/7/2019 3:00,5.383,,,,,,,,,,,
5/7/2019 2:00,5/7/2019 4:00,6.172,,,,,,,,,,,
5/7/2019 3:00,5/7/2019 5:00,7.009,,,,,,,,,,,
5/7/2019 4:00,5/7/2019 6:00,7.456,,,,,,,,,,,
5/7/2019 5:00,5/7/2019 7:00,7.253,,,,,,,,,,,
5/7/2019 6:00,5/7/2019 8:00,7.223,,,,,,,,,,,
5/7/2019 7:00,5/7/2019 9:00,7.243,,,,,,,,,,,
5/7/2019 8:00,5/7/2019 10:00,6.183,,,,,,,,,,,
5/7/2019 9:00,5/7/2019 11:00,6.153,,,,,,,,,,,
5/7/2019 10:00,5/7/2019 12:00,6.172,,,,,,,,,,,
5/7/2019 11:00,5/7/2019 13:00,6.336,,,,,,,,,,,
5/7/2019 12:00,5/7/2019 14:00,6.481,,,,,,,,,,,
5/7/2019 13:00,5/7/2019 15:00,6.424,,,,,,,,,,,
5/7/2019 14:00,5/7/2019 16:00,5.953,,,,,,,,,,,
5/7/2019 15:00,5/7/2019 17:00,5.531,,,,,,,,,,,
5/7/2019 16:00,5/7/2019 18:00,5.243,,,,,,,,,,,
5/7/2019 17:00,5/7/2019 19:00,4.969,,,,,,,,,,,
5/7/2019 18:00,5/7/2019 20:00,4.909,,,,,,,,,,,
5/7/2019 19:00,5/7/2019 21:00,4.94,,,,,,,,,,,
5/7/2019 20:00,5/7/2019 22:00,4.732,,,,,,,,,,,
5/7/2019 21:00,5/7/2019 23:00,4.759,,,,,,,,,,,
5/7/2019 22:00,5/8/2019 0:00,4.425,,,,,,,,,,,
5/7/2019 23:00,5/8/2019 1:00,4.137,,,,,,,,,,,
5/8/2019 0:00,5/8/2019 2:00,3.808,,,,,,,,,,,
5/8/2019 1:00,5/8/2019 3:00,3.61,,,,,,,,,,,
5/8/2019 2:00,5/8/2019 4:00,3.617,,,,,,,,,,,
5/8/2019 3:00,5/8/2019 5:00,3.34,,,,,,,,,,,
5/8/2019 4:00,5/8/2019 6:00,3.138,,,,,,,,,,,
5/8/2019 5:00,5/8/2019 7:00,2.707,,,,,,,,,,,
5/8/2019 6:00,5/8/2019 8:00,2.706,,,,,,,,,,,
5/8/2019 7:00,5/8/2019 9:00,2.987,,,,,,,,,,,
5/8/2019 8:00,5/8/2019 10:00,3.278,,,,,,,,,,,
5/8/2019 9:00,5/8/2019 11:00,3.81,,,,,,,,,,,
5/8/2019 10:00,5/8/2019 12:00,4.141,,,,,,,,,,,
5/8/2019 11:00,5/8/2019 13:00,4.139,,,,,,,,,,,
5/8/2019 12:00,5/8/2019 14:00,3.79,,,,,,,,,,,
5/8/2019 13:00,5/8/2019 15:00,3.57,,,,,,,,,,,
5/8/2019 14:00,5/8/2019 16:00,3.656,,,,,,,,,,,
5/8/2019 15:00,5/8/2019 17:00,3.779,,,,,,,,,,,
5/8/2019 16:00,5/8/2019 18:00,3.688,,,,,,,,,,,
5/8/2019 17:00,5/8/2019 19:00,3.266,,,,,,,,,,,
5/8/2019 18:00,5/8/2019 20:00,2.921,,,,,,,,,,,
5/8/2019 19:00,5/8/2019 21:00,2.489,,,,,,,,,,,
5/8/2019 20:00,5/8/2019 22:00,1.987,,,,,,,,,,,
5/8/2019 21:00,5/8/2019 23:00,1.378,,,,,,,,,,,
5/8/2019 22:00,5/9/2019 0:00,0.819,,,,,,,,,,,
5/8/2019 23:00,5/9/2019 1:00,0.473,,,,,,,,,,,
5/9/2019 0:00,5/9/2019 2:00,0.271,,,,,,,,,,,
5/9/2019 1:00,5/9/2019 3:00,0.16,,,,,,,,,,,
5/9/2019 2:00,5/9/2019 4:00,0.1,,,,,,,,,,,
5/9/2019 3:00,5/9/2019 5:00,0.072,,,,,,,,,,,
5/9/2019 4:00,5/9/2019 6:00,0.062,,,,,,,,,,,
5/9/2019 5:00,5/9/2019 7:00,0.116,,,,,,,,,,,
5/9/2019 6:00,5/9/2019 8:00,0.256,,,,,,,,,,,
5/9/2019 7:00,5/9/2019 9:00,0.55,,,,,,,,,,,
5/9/2019 8:00,5/9/2019 10:00,1.097,,,,,,,,,,,
5/9/2019 9:00,5/9/2019 11:00,1.744,,,,,,,,,,,
5/9/2019 10:00,5/9/2019 12:00,2.329,,,,,,,,,,,
5/9/2019 11:00,5/9/2019 13:00,2.732,,,,,,,,,,,
5/9/2019 12:00,5/9/2019 14:00,2.755,,,,,,,,,,,
5/9/2019 13:00,5/9/2019 15:00,2.611,,,,,,,,,,,
5/9/2019 14:00,5/9/2019 16:00,2.63,,,,,,,,,,,
5/9/2019 15:00,5/9/2019 17:00,3.335,,,,,,,,,,,
5/9/2019 16:00,5/9/2019 18:00,4.268,,,,,,,,,,,
5/9/2019 17:00,5/9/2019 19:00,5.469,,,,,,,,,,,
5/9/2019 18:00,5/9/2019 20:00,6.536,,,,,,,,,,,
5/9/2019 19:00,5/9/2019 21:00,7.337,,,,,,,,,,,
5/9/2019 20:00,5/9/2019 22:00,8.071,,,,,,,,,,,
5/9/2019 21:00,5/9/2019 23:00,8.697,,,,,,,,,,,
5/9/2019 22:00,5/10/2019 0:00,9.885,,,,,,,,,,,
5/9/2019 23:00,5/10/2019 1:00,10.895,,,,,,,,,,,
5/10/2019 0:00,5/10/2019 2:00,12.202,,,,,,,,,,,
5/10/2019 1:00,5/10/2019 3:00,13.31,,,,,,,,,,,
5/10/2019 2:00,5/10/2019 4:00,14.926,,,,,,,,,,,
5/10/2019 3:00,5/10/2019 5:00,15.09,,,,,,,,,,,
5/10/2019 4:00,5/10/2019 6:00,14.704,,,,,,,,,,,
5/10/2019 5:00,5/10/2019 7:00,13.967,,,,,,,,,,,
5/10/2019 6:00,5/10/2019 8:00,12.621,,,,,,,,,,,
5/10/2019 7:00,5/10/2019 9:00,12.162,,,,,,,,,,,
5/10/2019 8:00,5/10/2019 10:00,12.009,,,,,,,,,,,
5/10/2019 9:00,5/10/2019 11:00,11.898,,,,,,,,,,,
5/10/2019 10:00,5/10/2019 12:00,12.692,,,,,,,,,,,
5/10/2019 11:00,5/10/2019 13:00,13.29,,,,,,,,,,,
5/10/2019 12:00,5/10/2019 14:00,13.708,,,,,,,,,,,
5/10/2019 13:00,5/10/2019 15:00,11.858,,,,,,,,,,,
5/10/2019 14:00,5/10/2019 16:00,8.951,,,,,,,,,,,
5/10/2019 15:00,5/10/2019 17:00,7.366,,,,,,,,,,,
5/10/2019 16:00,5/10/2019 18:00,7.004,,,,,,,,,,,
5/10/2019 17:00,5/10/2019 19:00,6.816,,,,,,,,,,,
5/10/2019 18:00,5/10/2019 20:00,6.642,,,,,,,,,,,
5/10/2019 19:00,5/10/2019 21:00,6.623,,,,,,,,,,,
5/10/2019 20:00,5/10/2019 22:00,6.373,,,,,,,,,,,
5/10/2019 21:00,5/10/2019 23:00,6.467,,,,,,,,,,,
5/10/2019 22:00,5/11/2019 0:00,6.468,,,,,,,,,,,
5/10/2019 23:00,5/11/2019 1:00,5.676,,,,,,,,,,,
5/11/2019 0:00,5/11/2019 2:00,5.156,,,,,,,,,,,
5/11/2019 1:00,5/11/2019 3:00,4.67,,,,,,,,,,,
5/11/2019 2:00,5/11/2019 4:00,4.514,,,,,,,,,,,
5/11/2019 3:00,5/11/2019 5:00,4.344,,,,,,,,,,,
5/11/2019 4:00,5/11/2019 6:00,3.848,,,,,,,,,,,
5/11/2019 5:00,5/11/2019 7:00,3.41,,,,,,,,,,,
5/11/2019 6:00,5/11/2019 8:00,3.175,,,,,,,,,,,
5/11/2019 7:00,5/11/2019 9:00,2.471,,,,,,,,,,,
5/11/2019 8:00,5/11/2019 10:00,1.897,,,,,,,,,,,
5/11/2019 9:00,5/11/2019 11:00,1.77,,,,,,,,,,,
5/11/2019 10:00,5/11/2019 12:00,1.746,,,,,,,,,,,
5/11/2019 11:00,5/11/2019 13:00,1.605,,,,,,,,,,,
5/11/2019 12:00,5/11/2019 14:00,1.444,,,,,,,,,,,
5/11/2019 13:00,5/11/2019 15:00,1.169,,,,,,,,,,,
5/11/2019 14:00,5/11/2019 16:00,0.909,,,,,,,,,,,
5/11/2019 15:00,5/11/2019 17:00,0.838,,,,,,,,,,,
5/11/2019 16:00,5/11/2019 18:00,0.852,,,,,,,,,,,
5/11/2019 17:00,5/11/2019 19:00,0.969,,,,,,,,,,,
5/11/2019 18:00,5/11/2019 20:00,0.825,,,,,,,,,,,
5/11/2019 19:00,5/11/2019 21:00,0.547,,,,,,,,,,,
5/11/2019 20:00,5/11/2019 22:00,0.355,,,,,,,,,,,
5/11/2019 21:00,5/11/2019 23:00,0.241,,,,,,,,,,,
5/11/2019 22:00,5/12/2019 0:00,0.142,,,,,,,,,,,
5/11/2019 23:00,5/12/2019 1:00,0.132,,,,,,,,,,,
5/12/2019 0:00,5/12/2019 2:00,0.425,,,,,,,,,,,
5/12/2019 1:00,5/12/2019 3:00,0.997,,,,,,,,,,,
5/12/2019 2:00,5/12/2019 4:00,1.754,,,,,,,,,,,
5/12/2019 3:00,5/12/2019 5:00,2.802,,,,,,,,,,,
5/12/2019 4:00,5/12/2019 6:00,4,,,,,,,,,,,
5/12/2019 5:00,5/12/2019 7:00,5.184,,,,,,,,,,,
5/12/2019 6:00,5/12/2019 8:00,7.078,,,,,,,,,,,
5/12/2019 7:00,5/12/2019 9:00,8.915,,,,,,,,,,,
5/12/2019 8:00,5/12/2019 10:00,10.083,,,,,,,,,,,
5/12/2019 9:00,5/12/2019 11:00,11.826,,,,,,,,,,,
5/12/2019 10:00,5/12/2019 12:00,14.903,,,,,,,,,,,
5/12/2019 11:00,5/12/2019 13:00,17.31,,,,,,,,,,,
5/12/2019 12:00,5/12/2019 14:00,17.917,,,,,,,,,,,
5/12/2019 13:00,5/12/2019 15:00,19.131,,,,,,,,,,,
5/12/2019 14:00,5/12/2019 16:00,20.235,,,,,,,,,,,
5/12/2019 15:00,5/12/2019 17:00,20.109,,,,,,,,,,,
5/12/2019 16:00,5/12/2019 18:00,19.276,,,,,,,,,,,
5/12/2019 17:00,5/12/2019 19:00,19.131,,,,,,,,,,,
5/12/2019 18:00,5/12/2019 20:00,18.457,,,,,,,,,,,
5/12/2019 19:00,5/12/2019 21:00,17.419,,,,,,,,,,,
5/12/2019 20:00,5/12/2019 22:00,17.123,,,,,,,,,,,
5/12/2019 21:00,5/12/2019 23:00,17.614,,,,,,,,,,,
5/12/2019 22:00,5/13/2019 0:00,18.494,,,,,,,,,,,
5/12/2019 23:00,5/13/2019 1:00,18.486,,,,,,,,,,,
5/13/2019 0:00,5/13/2019 2:00,18.153,,,,,,,,,,,
5/13/2019 1:00,5/13/2019 3:00,17.714,,,,,,,,,,,
5/13/2019 2:00,5/13/2019 4:00,17.764,,,,,,,,,,,
5/13/2019 3:00,5/13/2019 5:00,16.609,,,,,,,,,,,
5/13/2019 4:00,5/13/2019 6:00,14.834,,,,,,,,,,,
5/13/2019 5:00,5/13/2019 7:00,13.23,,,,,,,,,,,
5/13/2019 6:00,5/13/2019 8:00,13.374,,,,,,,,,,,
5/13/2019 7:00,5/13/2019 9:00,14.608,,,,,,,,,,,
5/13/2019 8:00,5/13/2019 10:00,15.626,,,,,,,,,,,
5/13/2019 9:00,5/13/2019 11:00,15.592,,,,,,,,,,,
5/13/2019 10:00,5/13/2019 12:00,14.704,,,,,,,,,,,
5/13/2019 11:00,5/13/2019 13:00,13.706,,,,,,,,,,,
5/13/2019 12:00,5/13/2019 14:00,12.721,,,,,,,,,,,
5/13/2019 13:00,5/13/2019 15:00,12.03,,,,,,,,,,,
5/13/2019 14:00,5/13/2019 16:00,11.403,,,,,,,,,,,
5/13/2019 15:00,5/13/2019 17:00,10.346,,,,,,,,,,,
5/13/2019 16:00,5/13/2019 18:00,9.658,,,,,,,,,,,
5/13/2019 17:00,5/13/2019 19:00,8.103,,,,,,,,,,,
5/13/2019 18:00,5/13/2019 20:00,7.54,,,,,,,,,,,
5/13/2019 19:00,5/13/2019 21:00,8.008,,,,,,,,,,,
5/13/2019 20:00,5/13/2019 22:00,8.081,,,,,,,,,,,
5/13/2019 21:00,5/13/2019 23:00,8.951,,,,,,,,,,,
5/13/2019 22:00,5/14/2019 0:00,11.092,,,,,,,,,,,
5/13/2019 23:00,5/14/2019 1:00,12.029,,,,,,,,,,,
5/14/2019 0:00,5/14/2019 2:00,11.556,,,,,,,,,,,
5/14/2019 1:00,5/14/2019 3:00,11.815,,,,,,,,,,,
5/14/2019 2:00,5/14/2019 4:00,11.644,,,,,,,,,,,
5/14/2019 3:00,5/14/2019 5:00,9.795,,,,,,,,,,,
5/14/2019 4:00,5/14/2019 6:00,8.967,,,,,,,,,,,
5/14/2019 5:00,5/14/2019 7:00,7.989,,,,,,,,,,,
5/14/2019 6:00,5/14/2019 8:00,8.245,,,,,,,,,,,
5/14/2019 7:00,5/14/2019 9:00,8.241,,,,,,,,,,,
5/14/2019 8:00,5/14/2019 10:00,7.753,,,,,,,,,,,
5/14/2019 9:00,5/14/2019 11:00,8.022,,,,,,,,,,,
5/14/2019 10:00,5/14/2019 12:00,8.401,,,,,,,,,,,
5/14/2019 11:00,5/14/2019 13:00,8.492,,,,,,,,,,,
5/14/2019 12:00,5/14/2019 14:00,7.824,,,,,,,,,,,
5/14/2019 13:00,5/14/2019 15:00,6.646,,,,,,,,,,,
5/14/2019 14:00,5/14/2019 16:00,5.869,,,,,,,,,,,
5/14/2019 15:00,5/14/2019 17:00,5.35,,,,,,,,,,,
5/14/2019 16:00,5/14/2019 18:00,4.602,,,,,,,,,,,
5/14/2019 17:00,5/14/2019 19:00,3.818,,,,,,,,,,,
5/14/2019 18:00,5/14/2019 20:00,3.054,,,,,,,,,,,
5/14/2019 19:00,5/14/2019 21:00,2.912,,,,,,,,,,,
5/14/2019 20:00,5/14/2019 22:00,2.738,,,,,,,,,,,
5/14/2019 21:00,5/14/2019 23:00,2.638,,,,,,,,,,,
5/14/2019 22:00,5/15/2019 0:00,2.694,,,,,,,,,,,
5/14/2019 23:00,5/15/2019 1:00,2.659,,,,,,,,,,,
5/15/2019 0:00,5/15/2019 2:00,2.572,,,,,,,,,,,
5/15/2019 1:00,5/15/2019 3:00,2.726,,,,,,,,,,,
5/15/2019 2:00,5/15/2019 4:00,2.699,,,,,,,,,,,
5/15/2019 3:00,5/15/2019 5:00,2.401,,,,,,,,,,,
5/15/2019 4:00,5/15/2019 6:00,2.434,,,,,,,,,,,
5/15/2019 5:00,5/15/2019 7:00,2.629,,,,,,,,,,,
5/15/2019 6:00,5/15/2019 8:00,2.767,,,,,,,,,,,
5/15/2019 7:00,5/15/2019 9:00,2.911,,,,,,,,,,,
5/15/2019 8:00,5/15/2019 10:00,3.24,,,,,,,,,,,
5/15/2019 9:00,5/15/2019 11:00,3.617,,,,,,,,,,,
5/15/2019 10:00,5/15/2019 12:00,3.791,,,,,,,,,,,
5/15/2019 11:00,5/15/2019 13:00,3.809,,,,,,,,,,,
5/15/2019 12:00,5/15/2019 14:00,3.711,,,,,,,,,,,
5/15/2019 13:00,5/15/2019 15:00,3.433,,,,,,,,,,,
5/15/2019 14:00,5/15/2019 16:00,3.062,,,,,,,,,,,
5/15/2019 15:00,5/15/2019 17:00,2.808,,,,,,,,,,,
5/15/2019 16:00,5/15/2019 18:00,2.673,,,,,,,,,,,
5/15/2019 17:00,5/15/2019 19:00,2.375,,,,,,,,,,,
5/15/2019 18:00,5/15/2019 20:00,2.082,,,,,,,,,,,
5/15/2019 19:00,5/15/2019 21:00,2.095,,,,,,,,,,,
5/15/2019 20:00,5/15/2019 22:00,1.833,,,,,,,,,,,
5/15/2019 21:00,5/15/2019 23:00,1.424,,,,,,,,,,,
5/15/2019 22:00,5/16/2019 0:00,1.455,,,,,,,,,,,
5/15/2019 23:00,5/16/2019 1:00,1.74,,,,,,,,,,,
5/16/2019 0:00,5/16/2019 2:00,1.861,,,,,,,,,,,
5/16/2019 1:00,5/16/2019 3:00,1.989,,,,,,,,,,,
5/16/2019 2:00,5/16/2019 4:00,2.301,,,,,,,,,,,
5/16/2019 3:00,5/16/2019 5:00,2.684,,,,,,,,,,,
5/16/2019 4:00,5/16/2019 6:00,3.053,,,,,,,,,,,
5/16/2019 5:00,5/16/2019 7:00,3.489,,,,,,,,,,,
5/16/2019 6:00,5/16/2019 8:00,3.658,,,,,,,,,,,
5/16/2019 7:00,5/16/2019 9:00,4.094,,,,,,,,,,,
5/16/2019 8:00,5/16/2019 10:00,4.064,,,,,,,,,,,
5/16/2019 9:00,5/16/2019 11:00,3.632,,,,,,,,,,,
5/16/2019 10:00,5/16/2019 12:00,3.778,,,,,,,,,,,
5/16/2019 11:00,5/16/2019 13:00,3.861,,,,,,,,,,,
5/16/2019 12:00,5/16/2019 14:00,4.141,,,,,,,,,,,
5/16/2019 13:00,5/16/2019 15:00,4.466,,,,,,,,,,,
5/16/2019 14:00,5/16/2019 16:00,4.281,,,,,,,,,,,
5/16/2019 15:00,5/16/2019 17:00,3.72,,,,,,,,,,,
5/16/2019 16:00,5/16/2019 18:00,2.948,,,,,,,,,,,
5/16/2019 17:00,5/16/2019 19:00,2.652,,,,,,,,,,,
5/16/2019 18:00,5/16/2019 20:00,3.273,,,,,,,,,,,
5/16/2019 19:00,5/16/2019 21:00,3.617,,,,,,,,,,,
5/16/2019 20:00,5/16/2019 22:00,3.725,,,,,,,,,,,
5/16/2019 21:00,5/16/2019 23:00,3.876,,,,,,,,,,,
5/16/2019 22:00,5/17/2019 0:00,3.659,,,,,,,,,,,
5/16/2019 23:00,5/17/2019 1:00,3.57,,,,,,,,,,,
5/17/2019 0:00,5/17/2019 2:00,3.366,,,,,,,,,,,
5/17/2019 1:00,5/17/2019 3:00,3.028,,,,,,,,,,,
5/17/2019 2:00,5/17/2019 4:00,2.689,,,,,,,,,,,
5/17/2019 3:00,5/17/2019 5:00,2.27,,,,,,,,,,,
5/17/2019 4:00,5/17/2019 6:00,1.866,,,,,,,,,,,
5/17/2019 5:00,5/17/2019 7:00,1.446,,,,,,,,,,,
5/17/2019 6:00,5/17/2019 8:00,0.972,,,,,,,,,,,
5/17/2019 7:00,5/17/2019 9:00,0.62,,,,,,,,,,,
5/17/2019 8:00,5/17/2019 10:00,0.419,,,,,,,,,,,
5/17/2019 9:00,5/17/2019 11:00,0.336,,,,,,,,,,,
5/17/2019 10:00,5/17/2019 12:00,0.289,,,,,,,,,,,
5/17/2019 11:00,5/17/2019 13:00,0.265,,,,,,,,,,,
5/17/2019 12:00,5/17/2019 14:00,0.256,,,,,,,,,,,
5/17/2019 13:00,5/17/2019 15:00,0.254,,,,,,,,,,,
5/17/2019 14:00,5/17/2019 16:00,0.248,,,,,,,,,,,
5/17/2019 15:00,5/17/2019 17:00,0.251,,,,,,,,,,,
5/17/2019 16:00,5/17/2019 18:00,0.279,,,,,,,,,,,
5/17/2019 17:00,5/17/2019 19:00,0.348,,,,,,,,,,,
5/17/2019 18:00,5/17/2019 20:00,0.475,,,,,,,,,,,
5/17/2019 19:00,5/17/2019 21:00,0.547,,,,,,,,,,,
5/17/2019 20:00,5/17/2019 22:00,0.468,,,,,,,,,,,
5/17/2019 21:00,5/17/2019 23:00,0.382,,,,,,,,,,,
5/17/2019 22:00,5/18/2019 0:00,0.376,,,,,,,,,,,
5/17/2019 23:00,5/18/2019 1:00,0.495,,,,,,,,,,,
5/18/2019 0:00,5/18/2019 2:00,0.628,,,,,,,,,,,
5/18/2019 1:00,5/18/2019 3:00,0.703,,,,,,,,,,,
5/18/2019 2:00,5/18/2019 4:00,0.717,,,,,,,,,,,
5/18/2019 3:00,5/18/2019 5:00,0.695,,,,,,,,,,,
5/18/2019 4:00,5/18/2019 6:00,0.591,,,,,,,,,,,
5/18/2019 5:00,5/18/2019 7:00,0.365,,,,,,,,,,,
5/18/2019 6:00,5/18/2019 8:00,0.244,,,,,,,,,,,
5/18/2019 7:00,5/18/2019 9:00,0.174,,,,,,,,,,,
5/18/2019 8:00,5/18/2019 10:00,0.123,,,,,,,,,,,
5/18/2019 9:00,5/18/2019 11:00,0.191,,,,,,,,,,,
5/18/2019 10:00,5/18/2019 12:00,0.254,,,,,,,,,,,
5/18/2019 11:00,5/18/2019 13:00,0.255,,,,,,,,,,,
5/18/2019 12:00,5/18/2019 14:00,0.261,,,,,,,,,,,
5/18/2019 13:00,5/18/2019 15:00,0.27,,,,,,,,,,,
5/18/2019 14:00,5/18/2019 16:00,0.302,,,,,,,,,,,
5/18/2019 15:00,5/18/2019 17:00,0.412,,,,,,,,,,,
5/18/2019 16:00,5/18/2019 18:00,0.591,,,,,,,,,,,
5/18/2019 17:00,5/18/2019 19:00,0.796,,,,,,,,,,,
5/18/2019 18:00,5/18/2019 20:00,0.797,,,,,,,,,,,
5/18/2019 19:00,5/18/2019 21:00,0.833,,,,,,,,,,,
5/18/2019 20:00,5/18/2019 22:00,1.115,,,,,,,,,,,
5/18/2019 21:00,5/18/2019 23:00,1.494,,,,,,,,,,,
5/18/2019 22:00,5/19/2019 0:00,1.865,,,,,,,,,,,
5/18/2019 23:00,5/19/2019 1:00,2.214,,,,,,,,,,,
5/19/2019 0:00,5/19/2019 2:00,2.537,,,,,,,,,,,
5/19/2019 1:00,5/19/2019 3:00,2.913,,,,,,,,,,,
5/19/2019 2:00,5/19/2019 4:00,3.068,,,,,,,,,,,
5/19/2019 3:00,5/19/2019 5:00,3.242,,,,,,,,,,,
5/19/2019 4:00,5/19/2019 6:00,3.294,,,,,,,,,,,
5/19/2019 5:00,5/19/2019 7:00,3.259,,,,,,,,,,,
5/19/2019 6:00,5/19/2019 8:00,3.188,,,,,,,,,,,
5/19/2019 7:00,5/19/2019 9:00,3.043,,,,,,,,,,,
5/19/2019 8:00,5/19/2019 10:00,3.021,,,,,,,,,,,
5/19/2019 9:00,5/19/2019 11:00,2.959,,,,,,,,,,,
5/19/2019 10:00,5/19/2019 12:00,2.785,,,,,,,,,,,
5/19/2019 11:00,5/19/2019 13:00,2.383,,,,,,,,,,,
5/19/2019 12:00,5/19/2019 14:00,1.885,,,,,,,,,,,
5/19/2019 13:00,5/19/2019 15:00,1.47,,,,,,,,,,,
5/19/2019 14:00,5/19/2019 16:00,1.149,,,,,,,,,,,
5/19/2019 15:00,5/19/2019 17:00,0.902,,,,,,,,,,,
5/19/2019 16:00,5/19/2019 18:00,0.881,,,,,,,,,,,
5/19/2019 17:00,5/19/2019 19:00,1.177,,,,,,,,,,,
5/19/2019 18:00,5/19/2019 20:00,1.602,,,,,,,,,,,
5/19/2019 19:00,5/19/2019 21:00,1.897,,,,,,,,,,,
5/19/2019 20:00,5/19/2019 22:00,2.199,,,,,,,,,,,
5/19/2019 21:00,5/19/2019 23:00,2.362,,,,,,,,,,,
5/19/2019 22:00,5/20/2019 0:00,2.482,,,,,,,,,,,
5/19/2019 23:00,5/20/2019 1:00,2.561,,,,,,,,,,,
5/20/2019 0:00,5/20/2019 2:00,2.639,,,,,,,,,,,
5/20/2019 1:00,5/20/2019 3:00,2.791,,,,,,,,,,,
5/20/2019 2:00,5/20/2019 4:00,3.048,,,,,,,,,,,
5/20/2019 3:00,5/20/2019 5:00,3.417,,,,,,,,,,,
5/20/2019 4:00,5/20/2019 6:00,3.456,,,,,,,,,,,
5/20/2019 5:00,5/20/2019 7:00,3.014,,,,,,,,,,,
5/20/2019 6:00,5/20/2019 8:00,2.708,,,,,,,,,,,
5/20/2019 7:00,5/20/2019 9:00,2.387,,,,,,,,,,,
5/20/2019 8:00,5/20/2019 10:00,1.855,,,,,,,,,,,
5/20/2019 9:00,5/20/2019 11:00,1.621,,,,,,,,,,,
5/20/2019 10:00,5/20/2019 12:00,1.639,,,,,,,,,,,
5/20/2019 11:00,5/20/2019 13:00,1.589,,,,,,,,,,,
5/20/2019 12:00,5/20/2019 14:00,1.384,,,,,,,,,,,
5/20/2019 13:00,5/20/2019 15:00,1.003,,,,,,,,,,,
5/20/2019 14:00,5/20/2019 16:00,0.617,,,,,,,,,,,
5/20/2019 15:00,5/20/2019 17:00,0.415,,,,,,,,,,,
5/20/2019 16:00,5/20/2019 18:00,0.373,,,,,,,,,,,
5/20/2019 17:00,5/20/2019 19:00,0.466,,,,,,,,,,,
5/20/2019 18:00,5/20/2019 20:00,0.637,,,,,,,,,,,
5/20/2019 19:00,5/20/2019 21:00,0.744,,,,,,,,,,,
5/20/2019 20:00,5/20/2019 22:00,0.853,,,,,,,,,,,
5/20/2019 21:00,5/20/2019 23:00,1.044,,,,,,,,,,,
5/20/2019 22:00,5/21/2019 0:00,1.204,,,,,,,,,,,
5/20/2019 23:00,5/21/2019 1:00,1.239,,,,,,,,,,,
5/21/2019 0:00,5/21/2019 2:00,1.2,,,,,,,,,,,
5/21/2019 1:00,5/21/2019 3:00,1.183,,,,,,,,,,,
5/21/2019 2:00,5/21/2019 4:00,1.157,,,,,,,,,,,
5/21/2019 3:00,5/21/2019 5:00,1,,,,,,,,,,,
5/21/2019 4:00,5/21/2019 6:00,0.991,,,,,,,,,,,
5/21/2019 5:00,5/21/2019 7:00,1.1,,,,,,,,,,,
5/21/2019 6:00,5/21/2019 8:00,1.049,,,,,,,,,,,
5/21/2019 7:00,5/21/2019 9:00,0.813,,,,,,,,,,,
5/21/2019 8:00,5/21/2019 10:00,0.446,,,,,,,,,,,
5/21/2019 9:00,5/21/2019 11:00,0.261,,,,,,,,,,,
5/21/2019 10:00,5/21/2019 12:00,0.205,,,,,,,,,,,
5/21/2019 11:00,5/21/2019 13:00,0.201,,,,,,,,,,,
5/21/2019 12:00,5/21/2019 14:00,0.207,,,,,,,,,,,
5/21/2019 13:00,5/21/2019 15:00,0.219,,,,,,,,,,,
5/21/2019 14:00,5/21/2019 16:00,0.224,,,,,,,,,,,
5/21/2019 15:00,5/21/2019 17:00,0.198,,,,,,,,,,,
5/21/2019 16:00,5/21/2019 18:00,0.167,,,,,,,,,,,
5/21/2019 17:00,5/21/2019 19:00,0.124,,,,,,,,,,,
5/21/2019 18:00,5/21/2019 20:00,0.093,,,,,,,,,,,
5/21/2019 19:00,5/21/2019 21:00,0.18,,,,,,,,,,,
5/21/2019 20:00,5/21/2019 22:00,0.362,,,,,,,,,,,
5/21/2019 21:00,5/21/2019 23:00,0.502,,,,,,,,,,,
5/21/2019 22:00,5/22/2019 0:00,0.69,,,,,,,,,,,
5/21/2019 23:00,5/22/2019 1:00,0.912,,,,,,,,,,,
5/22/2019 0:00,5/22/2019 2:00,1.099,,,,,,,,,,,
5/22/2019 1:00,5/22/2019 3:00,1.179,,,,,,,,,,,
5/22/2019 2:00,5/22/2019 4:00,1.257,,,,,,,,,,,
5/22/2019 3:00,5/22/2019 5:00,1.431,,,,,,,,,,,
5/22/2019 4:00,5/22/2019 6:00,2.005,,,,,,,,,,,
5/22/2019 5:00,5/22/2019 7:00,2.707,,,,,,,,,,,
5/22/2019 6:00,5/22/2019 8:00,3.213,,,,,,,,,,,
5/22/2019 7:00,5/22/2019 9:00,3.701,,,,,,,,,,,
5/22/2019 8:00,5/22/2019 10:00,4.31,,,,,,,,,,,
5/22/2019 9:00,5/22/2019 11:00,4.567,,,,,,,,,,,
5/22/2019 10:00,5/22/2019 12:00,4.674,,,,,,,,,,,
5/22/2019 11:00,5/22/2019 13:00,4.745,,,,,,,,,,,
5/22/2019 12:00,5/22/2019 14:00,5.138,,,,,,,,,,,
5/22/2019 13:00,5/22/2019 15:00,5.759,,,,,,,,,,,
5/22/2019 14:00,5/22/2019 16:00,6.231,,,,,,,,,,,
5/22/2019 15:00,5/22/2019 17:00,6.874,,,,,,,,,,,
5/22/2019 16:00,5/22/2019 18:00,7.218,,,,,,,,,,,
5/22/2019 17:00,5/22/2019 19:00,7.642,,,,,,,,,,,
5/22/2019 18:00,5/22/2019 20:00,7.869,,,,,,,,,,,
5/22/2019 19:00,5/22/2019 21:00,8.777,,,,,,,,,,,
5/22/2019 20:00,5/22/2019 22:00,11.037,,,,,,,,,,,
5/22/2019 21:00,5/22/2019 23:00,11.939,,,,,,,,,,,
5/22/2019 22:00,5/23/2019 0:00,12.834,,,,,,,,,,,
5/22/2019 23:00,5/23/2019 1:00,13.916,,,,,,,,,,,
5/23/2019 0:00,5/23/2019 2:00,13.267,,,,,,,,,,,
5/23/2019 1:00,5/23/2019 3:00,11.517,,,,,,,,,,,
5/23/2019 2:00,5/23/2019 4:00,9.521,,,,,,,,,,,
5/23/2019 3:00,5/23/2019 5:00,7.85,,,,,,,,,,,
5/23/2019 4:00,5/23/2019 6:00,7.615,,,,,,,,,,,
5/23/2019 5:00,5/23/2019 7:00,6.597,,,,,,,,,,,
5/23/2019 6:00,5/23/2019 8:00,5.746,,,,,,,,,,,
5/23/2019 7:00,5/23/2019 9:00,5.438,,,,,,,,,,,
5/23/2019 8:00,5/23/2019 10:00,5.614,,,,,,,,,,,
5/23/2019 9:00,5/23/2019 11:00,6.027,,,,,,,,,,,
5/23/2019 10:00,5/23/2019 12:00,6.267,,,,,,,,,,,
5/23/2019 11:00,5/23/2019 13:00,6.173,,,,,,,,,,,
5/23/2019 12:00,5/23/2019 14:00,5.806,,,,,,,,,,,
5/23/2019 13:00,5/23/2019 15:00,5.605,,,,,,,,,,,
5/23/2019 14:00,5/23/2019 16:00,5.612,,,,,,,,,,,
5/23/2019 15:00,5/23/2019 17:00,5.637,,,,,,,,,,,
5/23/2019 16:00,5/23/2019 18:00,5.504,,,,,,,,,,,
5/23/2019 17:00,5/23/2019 19:00,5.504,,,,,,,,,,,
5/23/2019 18:00,5/23/2019 20:00,5.391,,,,,,,,,,,
5/23/2019 19:00,5/23/2019 21:00,5.49,,,,,,,,,,,
5/23/2019 20:00,5/23/2019 22:00,5.534,,,,,,,,,,,
5/23/2019 21:00,5/23/2019 23:00,5.563,,,,,,,,,,,
5/23/2019 22:00,5/24/2019 0:00,5.652,,,,,,,,,,,
5/23/2019 23:00,5/24/2019 1:00,5.225,,,,,,,,,,,
5/24/2019 0:00,5/24/2019 2:00,4.741,,,,,,,,,,,
5/24/2019 1:00,5/24/2019 3:00,4.636,,,,,,,,,,,
5/24/2019 2:00,5/24/2019 4:00,4.422,,,,,,,,,,,
5/24/2019 3:00,5/24/2019 5:00,4.201,,,,,,,,,,,
5/24/2019 4:00,5/24/2019 6:00,3.853,,,,,,,,,,,
5/24/2019 5:00,5/24/2019 7:00,3.963,,,,,,,,,,,
5/24/2019 6:00,5/24/2019 8:00,3.581,,,,,,,,,,,
5/24/2019 7:00,5/24/2019 9:00,3.066,,,,,,,,,,,
5/24/2019 8:00,5/24/2019 10:00,2.635,,,,,,,,,,,
5/24/2019 9:00,5/24/2019 11:00,2.214,,,,,,,,,,,
5/24/2019 10:00,5/24/2019 12:00,1.74,,,,,,,,,,,
5/24/2019 11:00,5/24/2019 13:00,1.257,,,,,,,,,,,
5/24/2019 12:00,5/24/2019 14:00,0.786,,,,,,,,,,,
5/24/2019 13:00,5/24/2019 15:00,0.408,,,,,,,,,,,
5/24/2019 14:00,5/24/2019 16:00,0.212,,,,,,,,,,,
5/24/2019 15:00,5/24/2019 17:00,0.115,,,,,,,,,,,
5/24/2019 16:00,5/24/2019 18:00,0.194,,,,,,,,,,,
5/24/2019 17:00,5/24/2019 19:00,0.625,,,,,,,,,,,
5/24/2019 18:00,5/24/2019 20:00,1.374,,,,,,,,,,,
5/24/2019 19:00,5/24/2019 21:00,1.966,,,,,,,,,,,
5/24/2019 20:00,5/24/2019 22:00,2.177,,,,,,,,,,,
5/24/2019 21:00,5/24/2019 23:00,2.187,,,,,,,,,,,
5/24/2019 22:00,5/25/2019 0:00,1.995,,,,,,,,,,,
5/24/2019 23:00,5/25/2019 1:00,1.892,,,,,,,,,,,
5/25/2019 0:00,5/25/2019 2:00,1.881,,,,,,,,,,,
5/25/2019 1:00,5/25/2019 3:00,2.188,,,,,,,,,,,
5/25/2019 2:00,5/25/2019 4:00,2.486,,,,,,,,,,,
5/25/2019 3:00,5/25/2019 5:00,2.713,,,,,,,,,,,
5/25/2019 4:00,5/25/2019 6:00,2.749,,,,,,,,,,,
5/25/2019 5:00,5/25/2019 7:00,2.707,,,,,,,,,,,
5/25/2019 6:00,5/25/2019 8:00,2.548,,,,,,,,,,,
5/25/2019 7:00,5/25/2019 9:00,2.318,,,,,,,,,,,
5/25/2019 8:00,5/25/2019 10:00,2.024,,,,,,,,,,,
5/25/2019 9:00,5/25/2019 11:00,1.606,,,,,,,,,,,
5/25/2019 10:00,5/25/2019 12:00,1.415,,,,,,,,,,,
5/25/2019 11:00,5/25/2019 13:00,1.519,,,,,,,,,,,
5/25/2019 12:00,5/25/2019 14:00,1.817,,,,,,,,,,,
5/25/2019 13:00,5/25/2019 15:00,2.153,,,,,,,,,,,
5/25/2019 14:00,5/25/2019 16:00,2.323,,,,,,,,,,,
5/25/2019 15:00,5/25/2019 17:00,2.355,,,,,,,,,,,
5/25/2019 16:00,5/25/2019 18:00,2.309,,,,,,,,,,,
5/25/2019 17:00,5/25/2019 19:00,2.249,,,,,,,,,,,
5/25/2019 18:00,5/25/2019 20:00,2.308,,,,,,,,,,,
5/25/2019 19:00,5/25/2019 21:00,2.521,,,,,,,,,,,
5/25/2019 20:00,5/25/2019 22:00,2.757,,,,,,,,,,,
5/25/2019 21:00,5/25/2019 23:00,2.847,,,,,,,,,,,
5/25/2019 22:00,5/26/2019 0:00,2.744,,,,,,,,,,,
5/25/2019 23:00,5/26/2019 1:00,2.467,,,,,,,,,,,
5/26/2019 0:00,5/26/2019 2:00,2.221,,,,,,,,,,,
5/26/2019 1:00,5/26/2019 3:00,2.035,,,,,,,,,,,
5/26/2019 2:00,5/26/2019 4:00,1.903,,,,,,,,,,,
5/26/2019 3:00,5/26/2019 5:00,1.734,,,,,,,,,,,
5/26/2019 4:00,5/26/2019 6:00,1.471,,,,,,,,,,,
5/26/2019 5:00,5/26/2019 7:00,1.156,,,,,,,,,,,
5/26/2019 6:00,5/26/2019 8:00,0.985,,,,,,,,,,,
5/26/2019 7:00,5/26/2019 9:00,0.926,,,,,,,,,,,
5/26/2019 8:00,5/26/2019 10:00,0.933,,,,,,,,,,,
5/26/2019 9:00,5/26/2019 11:00,0.936,,,,,,,,,,,
5/26/2019 10:00,5/26/2019 12:00,0.829,,,,,,,,,,,
5/26/2019 11:00,5/26/2019 13:00,0.646,,,,,,,,,,,
5/26/2019 12:00,5/26/2019 14:00,0.493,,,,,,,,,,,
5/26/2019 13:00,5/26/2019 15:00,0.33,,,,,,,,,,,
5/26/2019 14:00,5/26/2019 16:00,0.188,,,,,,,,,,,
5/26/2019 15:00,5/26/2019 17:00,0.108,,,,,,,,,,,
5/26/2019 16:00,5/26/2019 18:00,0.109,,,,,,,,,,,
5/26/2019 17:00,5/26/2019 19:00,0.192,,,,,,,,,,,
5/26/2019 18:00,5/26/2019 20:00,0.272,,,,,,,,,,,
5/26/2019 19:00,5/26/2019 21:00,0.348,,,,,,,,,,,
5/26/2019 20:00,5/26/2019 22:00,0.44,,,,,,,,,,,
5/26/2019 21:00,5/26/2019 23:00,0.651,,,,,,,,,,,
5/26/2019 22:00,5/27/2019 0:00,0.972,,,,,,,,,,,
5/26/2019 23:00,5/27/2019 1:00,1.254,,,,,,,,,,,
5/27/2019 0:00,5/27/2019 2:00,1.391,,,,,,,,,,,
5/27/2019 1:00,5/27/2019 3:00,1.425,,,,,,,,,,,
5/27/2019 2:00,5/27/2019 4:00,1.394,,,,,,,,,,,
5/27/2019 3:00,5/27/2019 5:00,1.098,,,,,,,,,,,
5/27/2019 4:00,5/27/2019 6:00,0.783,,,,,,,,,,,
5/27/2019 5:00,5/27/2019 7:00,0.766,,,,,,,,,,,
5/27/2019 6:00,5/27/2019 8:00,0.802,,,,,,,,,,,
5/27/2019 7:00,5/27/2019 9:00,0.992,,,,,,,,,,,
5/27/2019 8:00,5/27/2019 10:00,1.135,,,,,,,,,,,
5/27/2019 9:00,5/27/2019 11:00,1.189,,,,,,,,,,,
5/27/2019 10:00,5/27/2019 12:00,1.383,,,,,,,,,,,
5/27/2019 11:00,5/27/2019 13:00,1.578,,,,,,,,,,,
5/27/2019 12:00,5/27/2019 14:00,1.699,,,,,,,,,,,
5/27/2019 13:00,5/27/2019 15:00,1.585,,,,,,,,,,,
5/27/2019 14:00,5/27/2019 16:00,1.346,,,,,,,,,,,
5/27/2019 15:00,5/27/2019 17:00,0.912,,,,,,,,,,,
5/27/2019 16:00,5/27/2019 18:00,0.556,,,,,,,,,,,
5/27/2019 17:00,5/27/2019 19:00,0.534,,,,,,,,,,,
5/27/2019 18:00,5/27/2019 20:00,0.714,,,,,,,,,,,
5/27/2019 19:00,5/27/2019 21:00,0.961,,,,,,,,,,,
5/27/2019 20:00,5/27/2019 22:00,1.008,,,,,,,,,,,
5/27/2019 21:00,5/27/2019 23:00,0.865,,,,,,,,,,,
5/27/2019 22:00,5/28/2019 0:00,0.819,,,,,,,,,,,
5/27/2019 23:00,5/28/2019 1:00,0.847,,,,,,,,,,,
5/28/2019 0:00,5/28/2019 2:00,0.938,,,,,,,,,,,
5/28/2019 1:00,5/28/2019 3:00,1.138,,,,,,,,,,,
5/28/2019 2:00,5/28/2019 4:00,1.534,,,,,,,,,,,
5/28/2019 3:00,5/28/2019 5:00,1.885,,,,,,,,,,,
5/28/2019 4:00,5/28/2019 6:00,1.86,,,,,,,,,,,
5/28/2019 5:00,5/28/2019 7:00,2.707,,,,,,,,,,,
5/28/2019 6:00,5/28/2019 8:00,3.866,,,,,,,,,,,
5/28/2019 7:00,5/28/2019 9:00,5.214,,,,,,,,,,,
5/28/2019 8:00,5/28/2019 10:00,6.604,,,,,,,,,,,
5/28/2019 9:00,5/28/2019 11:00,7.252,,,,,,,,,,,
5/28/2019 10:00,5/28/2019 12:00,7.27,,,,,,,,,,,
5/28/2019 11:00,5/28/2019 13:00,6.728,,,,,,,,,,,
5/28/2019 12:00,5/28/2019 14:00,5.755,,,,,,,,,,,
5/28/2019 13:00,5/28/2019 15:00,4.339,,,,,,,,,,,
5/28/2019 14:00,5/28/2019 16:00,3.251,,,,,,,,,,,
5/28/2019 15:00,5/28/2019 17:00,2.242,,,,,,,,,,,
5/28/2019 16:00,5/28/2019 18:00,1.352,,,,,,,,,,,
5/28/2019 17:00,5/28/2019 19:00,0.718,,,,,,,,,,,
5/28/2019 18:00,5/28/2019 20:00,0.832,,,,,,,,,,,
5/28/2019 19:00,5/28/2019 21:00,0.965,,,,,,,,,,,
5/28/2019 20:00,5/28/2019 22:00,0.523,,,,,,,,,,,
5/28/2019 21:00,5/28/2019 23:00,0.447,,,,,,,,,,,
5/28/2019 22:00,5/29/2019 0:00,1.295,,,,,,,,,,,
5/28/2019 23:00,5/29/2019 1:00,1.967,,,,,,,,,,,
5/29/2019 0:00,5/29/2019 2:00,2.038,,,,,,,,,,,
5/29/2019 1:00,5/29/2019 3:00,1.618,,,,,,,,,,,
5/29/2019 2:00,5/29/2019 4:00,0.885,,,,,,,,,,,
5/29/2019 3:00,5/29/2019 5:00,0.33,,,,,,,,,,,
5/29/2019 4:00,5/29/2019 6:00,0.232,,,,,,,,,,,
5/29/2019 5:00,5/29/2019 7:00,0.699,,,,,,,,,,,
5/29/2019 6:00,5/29/2019 8:00,1.4,,,,,,,,,,,
5/29/2019 7:00,5/29/2019 9:00,2.162,,,,,,,,,,,
5/29/2019 8:00,5/29/2019 10:00,2.794,,,,,,,,,,,
5/29/2019 9:00,5/29/2019 11:00,3.274,,,,,,,,,,,
5/29/2019 10:00,5/29/2019 12:00,3.453,,,,,,,,,,,
5/29/2019 11:00,5/29/2019 13:00,3.584,,,,,,,,,,,
5/29/2019 12:00,5/29/2019 14:00,3.711,,,,,,,,,,,
5/29/2019 13:00,5/29/2019 15:00,4.235,,,,,,,,,,,
5/29/2019 14:00,5/29/2019 16:00,4.775,,,,,,,,,,,
5/29/2019 15:00,5/29/2019 17:00,5.168,,,,,,,,,,,
5/29/2019 16:00,5/29/2019 18:00,4.778,,,,,,,,,,,
5/29/2019 17:00,5/29/2019 19:00,3.565,,,,,,,,,,,
5/29/2019 18:00,5/29/2019 20:00,2.026,,,,,,,,,,,
5/29/2019 19:00,5/29/2019 21:00,1.462,,,,,,,,,,,
5/29/2019 20:00,5/29/2019 22:00,3.811,,,,,,,,,,,
5/29/2019 21:00,5/29/2019 23:00,8.592,,,,,,,,,,,
5/29/2019 22:00,5/30/2019 0:00,14.896,,,,,,,,,,,
5/29/2019 23:00,5/30/2019 1:00,19.189,,,,,,,,,,,
5/30/2019 0:00,5/30/2019 2:00,22.264,,,,,,,,,,,
5/30/2019 1:00,5/30/2019 3:00,23.523,,,,,,,,,,,
5/30/2019 2:00,5/30/2019 4:00,25.47,,,,,,,,,,,
5/30/2019 3:00,5/30/2019 5:00,26.423,,,,,,,,,,,
5/30/2019 4:00,5/30/2019 6:00,26.636,,,,,,,,,,,
5/30/2019 5:00,5/30/2019 7:00,26.202,,,,,,,,,,,
5/30/2019 6:00,5/30/2019 8:00,26.007,,,,,,,,,,,
5/30/2019 7:00,5/30/2019 9:00,26.257,,,,,,,,,,,
5/30/2019 8:00,5/30/2019 10:00,25.911,,,,,,,,,,,
5/30/2019 9:00,5/30/2019 11:00,25.006,,,,,,,,,,,
5/30/2019 10:00,5/30/2019 12:00,23.703,,,,,,,,,,,
5/30/2019 11:00,5/30/2019 13:00,21.967,,,,,,,,,,,
5/30/2019 12:00,5/30/2019 14:00,19.957,,,,,,,,,,,
5/30/2019 13:00,5/30/2019 15:00,17.614,,,,,,,,,,,
5/30/2019 14:00,5/30/2019 16:00,15.102,,,,,,,,,,,
5/30/2019 15:00,5/30/2019 17:00,12.513,,,,,,,,,,,
5/30/2019 16:00,5/30/2019 18:00,9.739,,,,,,,,,,,
5/30/2019 17:00,5/30/2019 19:00,6.632,,,,,,,,,,,
5/30/2019 18:00,5/30/2019 20:00,3.965,,,,,,,,,,,
5/30/2019 19:00,5/30/2019 21:00,2.576,,,,,,,,,,,
5/30/2019 20:00,5/30/2019 22:00,1.958,,,,,,,,,,,
5/30/2019 21:00,5/30/2019 23:00,1.133,,,,,,,,,,,
5/30/2019 22:00,5/31/2019 0:00,0.548,,,,,,,,,,,
5/30/2019 23:00,5/31/2019 1:00,0.148,,,,,,,,,,,
5/31/2019 0:00,5/31/2019 2:00,0.144,,,,,,,,,,,
5/31/2019 1:00,5/31/2019 3:00,0.534,,,,,,,,,,,
5/31/2019 2:00,5/31/2019 4:00,1.189,,,,,,,,,,,
5/31/2019 3:00,5/31/2019 5:00,1.829,,,,,,,,,,,
5/31/2019 4:00,5/31/2019 6:00,2.027,,,,,,,,,,,
5/31/2019 5:00,5/31/2019 7:00,2.405,,,,,,,,,,,
5/31/2019 6:00,5/31/2019 8:00,3.003,,,,,,,,,,,
5/31/2019 7:00,5/31/2019 9:00,3.873,,,,,,,,,,,
5/31/2019 8:00,5/31/2019 10:00,5.396,,,,,,,,,,,
5/31/2019 9:00,5/31/2019 11:00,7.581,,,,,,,,,,,
5/31/2019 10:00,5/31/2019 12:00,9.976,,,,,,,,,,,
5/31/2019 11:00,5/31/2019 13:00,12.115,,,,,,,,,,,
5/31/2019 12:00,5/31/2019 14:00,13.731,,,,,,,,,,,
5/31/2019 13:00,5/31/2019 15:00,14.24,,,,,,,,,,,
5/31/2019 14:00,5/31/2019 16:00,13.832,,,,,,,,,,,
5/31/2019 15:00,5/31/2019 17:00,12.967,,,,,,,,,,,
5/31/2019 16:00,5/31/2019 18:00,12.417,,,,,,,,,,,
5/31/2019 17:00,5/31/2019 19:00,11.645,,,,,,,,,,,
5/31/2019 18:00,5/31/2019 20:00,10.553,,,,,,,,,,,
5/31/2019 19:00,5/31/2019 21:00,9.108,,,,,,,,,,,
5/31/2019 20:00,5/31/2019 22:00,8.835,,,,,,,,,,,
5/31/2019 21:00,5/31/2019 23:00,9.381,,,,,,,,,,,
5/31/2019 22:00,6/1/2019 0:00,9.134,,,,,,,,,,,
5/31/2019 23:00,6/1/2019 1:00,9.399,,,,,,,,,,,
6/1/2019 0:00,6/1/2019 2:00,9.381,,,,,,,,,,,
6/1/2019 1:00,6/1/2019 3:00,9.818,,,,,,,,,,,
6/1/2019 2:00,6/1/2019 4:00,10.405,,,,,,,,,,,
6/1/2019 3:00,6/1/2019 5:00,11.702,,,,,,,,,,,
6/1/2019 4:00,6/1/2019 6:00,13.001,,,,,,,,,,,
6/1/2019 5:00,6/1/2019 7:00,14.306,,,,,,,,,,,
6/1/2019 6:00,6/1/2019 8:00,15.599,,,,,,,,,,,
6/1/2019 7:00,6/1/2019 9:00,17.695,,,,,,,,,,,
6/1/2019 8:00,6/1/2019 10:00,19.086,,,,,,,,,,,
6/1/2019 9:00,6/1/2019 11:00,19.475,,,,,,,,,,,
6/1/2019 10:00,6/1/2019 12:00,19.487,,,,,,,,,,,
6/1/2019 11:00,6/1/2019 13:00,19.099,,,,,,,,,,,
6/1/2019 12:00,6/1/2019 14:00,18.759,,,,,,,,,,,
6/1/2019 13:00,6/1/2019 15:00,19.104,,,,,,,,,,,
6/1/2019 14:00,6/1/2019 16:00,18.983,,,,,,,,,,,
6/1/2019 15:00,6/1/2019 17:00,17.917,,,,,,,,,,,
6/1/2019 16:00,6/1/2019 18:00,16.157,,,,,,,,,,,
6/1/2019 17:00,6/1/2019 19:00,14.793,,,,,,,,,,,
6/1/2019 18:00,6/1/2019 20:00,12.809,,,,,,,,,,,
6/1/2019 19:00,6/1/2019 21:00,10.677,,,,,,,,,,,
6/1/2019 20:00,6/1/2019 22:00,9.82,,,,,,,,,,,
6/1/2019 21:00,6/1/2019 23:00,8.971,,,,,,,,,,,
6/1/2019 22:00,6/2/2019 0:00,8.76,,,,,,,,,,,
6/1/2019 23:00,6/2/2019 1:00,8.234,,,,,,,,,,,
6/2/2019 0:00,6/2/2019 2:00,7.898,,,,,,,,,,,
6/2/2019 1:00,6/2/2019 3:00,7.196,,,,,,,,,,,
6/2/2019 2:00,6/2/2019 4:00,6.312,,,,,,,,,,,
6/2/2019 3:00,6/2/2019 5:00,5.323,,,,,,,,,,,
6/2/2019 4:00,6/2/2019 6:00,4.538,,,,,,,,,,,
6/2/2019 5:00,6/2/2019 7:00,4.339,,,,,,,,,,,
6/2/2019 6:00,6/2/2019 8:00,4.326,,,,,,,,,,,
6/2/2019 7:00,6/2/2019 9:00,4.283,,,,,,,,,,,
6/2/2019 8:00,6/2/2019 10:00,4.366,,,,,,,,,,,
6/2/2019 9:00,6/2/2019 11:00,4.519,,,,,,,,,,,
6/2/2019 10:00,6/2/2019 12:00,4.403,,,,,,,,,,,
6/2/2019 11:00,6/2/2019 13:00,4.029,,,,,,,,,,,
6/2/2019 12:00,6/2/2019 14:00,3.664,,,,,,,,,,,
6/2/2019 13:00,6/2/2019 15:00,3.35,,,,,,,,,,,
6/2/2019 14:00,6/2/2019 16:00,3.128,,,,,,,,,,,
6/2/2019 15:00,6/2/2019 17:00,2.766,,,,,,,,,,,
6/2/2019 16:00,6/2/2019 18:00,2.386,,,,,,,,,,,
6/2/2019 17:00,6/2/2019 19:00,2.01,,,,,,,,,,,
6/2/2019 18:00,6/2/2019 20:00,1.6,,,,,,,,,,,
6/2/2019 19:00,6/2/2019 21:00,1.33,,,,,,,,,,,
6/2/2019 20:00,6/2/2019 22:00,1.218,,,,,,,,,,,
6/2/2019 21:00,6/2/2019 23:00,0.964,,,,,,,,,,,
6/2/2019 22:00,6/3/2019 0:00,0.689,,,,,,,,,,,
6/2/2019 23:00,6/3/2019 1:00,0.435,,,,,,,,,,,
6/3/2019 0:00,6/3/2019 2:00,0.222,,,,,,,,,,,
6/3/2019 1:00,6/3/2019 3:00,0.155,,,,,,,,,,,
6/3/2019 2:00,6/3/2019 4:00,0.219,,,,,,,,,,,
6/3/2019 3:00,6/3/2019 5:00,0.474,,,,,,,,,,,
6/3/2019 4:00,6/3/2019 6:00,1.028,,,,,,,,,,,
6/3/2019 5:00,6/3/2019 7:00,1.741,,,,,,,,,,,
6/3/2019 6:00,6/3/2019 8:00,2.439,,,,,,,,,,,
6/3/2019 7:00,6/3/2019 9:00,3.071,,,,,,,,,,,
6/3/2019 8:00,6/3/2019 10:00,3.781,,,,,,,,,,,
6/3/2019 9:00,6/3/2019 11:00,4.282,,,,,,,,,,,
6/3/2019 10:00,6/3/2019 12:00,4.65,,,,,,,,,,,
6/3/2019 11:00,6/3/2019 13:00,4.993,,,,,,,,,,,
6/3/2019 12:00,6/3/2019 14:00,5.229,,,,,,,,,,,
6/3/2019 13:00,6/3/2019 15:00,5.627,,,,,,,,,,,
6/3/2019 14:00,6/3/2019 16:00,6.206,,,,,,,,,,,
6/3/2019 15:00,6/3/2019 17:00,6.946,,,,,,,,,,,
6/3/2019 16:00,6/3/2019 18:00,7.007,,,,,,,,,,,
6/3/2019 17:00,6/3/2019 19:00,6.173,,,,,,,,,,,
6/3/2019 18:00,6/3/2019 20:00,5.04,,,,,,,,,,,
6/3/2019 19:00,6/3/2019 21:00,5.018,,,,,,,,,,,
6/3/2019 20:00,6/3/2019 22:00,5.414,,,,,,,,,,,
6/3/2019 21:00,6/3/2019 23:00,5.484,,,,,,,,,,,
6/3/2019 22:00,6/4/2019 0:00,4.164,,,,,,,,,,,
6/3/2019 23:00,6/4/2019 1:00,3.846,,,,,,,,,,,
6/4/2019 0:00,6/4/2019 2:00,3.552,,,,,,,,,,,
6/4/2019 1:00,6/4/2019 3:00,3.445,,,,,,,,,,,
6/4/2019 2:00,6/4/2019 4:00,3.057,,,,,,,,,,,
6/4/2019 3:00,6/4/2019 5:00,2.571,,,,,,,,,,,
6/4/2019 4:00,6/4/2019 6:00,1.912,,,,,,,,,,,
6/4/2019 5:00,6/4/2019 7:00,1.483,,,,,,,,,,,
6/4/2019 6:00,6/4/2019 8:00,1.089,,,,,,,,,,,
6/4/2019 7:00,6/4/2019 9:00,0.642,,,,,,,,,,,
6/4/2019 8:00,6/4/2019 10:00,0.459,,,,,,,,,,,
6/4/2019 9:00,6/4/2019 11:00,0.686,,,,,,,,,,,
6/4/2019 10:00,6/4/2019 12:00,1.237,,,,,,,,,,,
6/4/2019 11:00,6/4/2019 13:00,1.966,,,,,,,,,,,
6/4/2019 12:00,6/4/2019 14:00,2.623,,,,,,,,,,,
6/4/2019 13:00,6/4/2019 15:00,3.065,,,,,,,,,,,
6/4/2019 14:00,6/4/2019 16:00,3.359,,,,,,,,,,,
6/4/2019 15:00,6/4/2019 17:00,3.168,,,,,,,,,,,
6/4/2019 16:00,6/4/2019 18:00,2.59,,,,,,,,,,,
6/4/2019 17:00,6/4/2019 19:00,2.285,,,,,,,,,,,
6/4/2019 18:00,6/4/2019 20:00,1.91,,,,,,,,,,,
6/4/2019 19:00,6/4/2019 21:00,1.656,,,,,,,,,,,
6/4/2019 20:00,6/4/2019 22:00,1.483,,,,,,,,,,,
6/4/2019 21:00,6/4/2019 23:00,1.303,,,,,,,,,,,
6/4/2019 22:00,6/5/2019 0:00,1.273,,,,,,,,,,,
6/4/2019 23:00,6/5/2019 1:00,1.427,,,,,,,,,,,
6/5/2019 0:00,6/5/2019 2:00,1.906,,,,,,,,,,,
6/5/2019 1:00,6/5/2019 3:00,2.144,,,,,,,,,,,
6/5/2019 2:00,6/5/2019 4:00,2.092,,,,,,,,,,,
6/5/2019 3:00,6/5/2019 5:00,1.662,,,,,,,,,,,
6/5/2019 4:00,6/5/2019 6:00,1.246,,,,,,,,,,,
6/5/2019 5:00,6/5/2019 7:00,1.117,,,,,,,,,,,
6/5/2019 6:00,6/5/2019 8:00,0.819,,,,,,,,,,,
6/5/2019 7:00,6/5/2019 9:00,0.528,,,,,,,,,,,
6/5/2019 8:00,6/5/2019 10:00,0.552,,,,,,,,,,,
6/5/2019 9:00,6/5/2019 11:00,0.854,,,,,,,,,,,
6/5/2019 10:00,6/5/2019 12:00,1.175,,,,,,,,,,,
6/5/2019 11:00,6/5/2019 13:00,1.57,,,,,,,,,,,
6/5/2019 12:00,6/5/2019 14:00,1.966,,,,,,,,,,,
6/5/2019 13:00,6/5/2019 15:00,2.145,,,,,,,,,,,
6/5/2019 14:00,6/5/2019 16:00,2.165,,,,,,,,,,,
6/5/2019 15:00,6/5/2019 17:00,2.873,,,,,,,,,,,
6/5/2019 16:00,6/5/2019 18:00,3.26,,,,,,,,,,,
6/5/2019 17:00,6/5/2019 19:00,3.592,,,,,,,,,,,
6/5/2019 18:00,6/5/2019 20:00,4.43,,,,,,,,,,,
6/5/2019 19:00,6/5/2019 21:00,5.54,,,,,,,,,,,
6/5/2019 20:00,6/5/2019 22:00,6.603,,,,,,,,,,,
6/5/2019 21:00,6/5/2019 23:00,8.245,,,,,,,,,,,
6/5/2019 22:00,6/6/2019 0:00,9.303,,,,,,,,,,,
6/5/2019 23:00,6/6/2019 1:00,9.302,,,,,,,,,,,
6/6/2019 0:00,6/6/2019 2:00,8.339,,,,,,,,,,,
6/6/2019 1:00,6/6/2019 3:00,7.625,,,,,,,,,,,
6/6/2019 2:00,6/6/2019 4:00,10.615,,,,,,,,,,,
6/6/2019 3:00,6/6/2019 5:00,9.836,,,,,,,,,,,
6/6/2019 4:00,6/6/2019 6:00,8.681,,,,,,,,,,,
6/6/2019 5:00,6/6/2019 7:00,9.69,,,,,,,,,,,
6/6/2019 6:00,6/6/2019 8:00,12.591,,,,,,,,,,,
6/6/2019 7:00,6/6/2019 9:00,15.434,,,,,,,,,,,
6/6/2019 8:00,6/6/2019 10:00,17.611,,,,,,,,,,,
6/6/2019 9:00,6/6/2019 11:00,17.627,,,,,,,,,,,
6/6/2019 10:00,6/6/2019 12:00,17.31,,,,,,,,,,,
6/6/2019 11:00,6/6/2019 13:00,15.846,,,,,,,,,,,
6/6/2019 12:00,6/6/2019 14:00,13.202,,,,,,,,,,,
6/6/2019 13:00,6/6/2019 15:00,9.96,,,,,,,,,,,
6/6/2019 14:00,6/6/2019 16:00,7.096,,,,,,,,,,,
6/6/2019 15:00,6/6/2019 17:00,4.499,,,,,,,,,,,
6/6/2019 16:00,6/6/2019 18:00,2.574,,,,,,,,,,,
6/6/2019 17:00,6/6/2019 19:00,1.33,,,,,,,,,,,
6/6/2019 18:00,6/6/2019 20:00,1.004,,,,,,,,,,,
6/6/2019 19:00,6/6/2019 21:00,1.445,,,,,,,,,,,
6/6/2019 20:00,6/6/2019 22:00,2.785,,,,,,,,,,,
6/6/2019 21:00,6/6/2019 23:00,4.559,,,,,,,,,,,
6/6/2019 22:00,6/7/2019 0:00,6.652,,,,,,,,,,,
6/6/2019 23:00,6/7/2019 1:00,8.541,,,,,,,,,,,
6/7/2019 0:00,6/7/2019 2:00,9.423,,,,,,,,,,,
6/7/2019 1:00,6/7/2019 3:00,9.819,,,,,,,,,,,
6/7/2019 2:00,6/7/2019 4:00,10.067,,,,,,,,,,,
6/7/2019 3:00,6/7/2019 5:00,9.907,,,,,,,,,,,
6/7/2019 4:00,6/7/2019 6:00,8.951,,,,,,,,,,,
6/7/2019 5:00,6/7/2019 7:00,7.751,,,,,,,,,,,
6/7/2019 6:00,6/7/2019 8:00,7.429,,,,,,,,,,,
6/7/2019 7:00,6/7/2019 9:00,5.777,,,,,,,,,,,
6/7/2019 8:00,6/7/2019 10:00,4.928,,,,,,,,,,,
6/7/2019 9:00,6/7/2019 11:00,5.478,,,,,,,,,,,
6/7/2019 10:00,6/7/2019 12:00,7.323,,,,,,,,,,,
6/7/2019 11:00,6/7/2019 13:00,8.104,,,,,,,,,,,
6/7/2019 12:00,6/7/2019 14:00,7.871,,,,,,,,,,,
6/7/2019 13:00,6/7/2019 15:00,6.317,,,,,,,,,,,
6/7/2019 14:00,6/7/2019 16:00,4.729,,,,,,,,,,,
6/7/2019 15:00,6/7/2019 17:00,3.367,,,,,,,,,,,
6/7/2019 16:00,6/7/2019 18:00,2.444,,,,,,,,,,,
6/7/2019 17:00,6/7/2019 19:00,1.829,,,,,,,,,,,
6/7/2019 18:00,6/7/2019 20:00,1.338,,,,,,,,,,,
6/7/2019 19:00,6/7/2019 21:00,0.992,,,,,,,,,,,
6/7/2019 20:00,6/7/2019 22:00,0.78,,,,,,,,,,,
6/7/2019 21:00,6/7/2019 23:00,0.795,,,,,,,,,,,
6/7/2019 22:00,6/8/2019 0:00,1.38,,,,,,,,,,,
6/7/2019 23:00,6/8/2019 1:00,3.18,,,,,,,,,,,
6/8/2019 0:00,6/8/2019 2:00,4.983,,,,,,,,,,,
6/8/2019 1:00,6/8/2019 3:00,3.652,,,,,,,,,,,
6/8/2019 2:00,6/8/2019 4:00,1.939,,,,,,,,,,,
6/8/2019 3:00,6/8/2019 5:00,1.152,,,,,,,,,,,
6/8/2019 4:00,6/8/2019 6:00,1.118,,,,,,,,,,,
6/8/2019 5:00,6/8/2019 7:00,1.113,,,,,,,,,,,
6/8/2019 6:00,6/8/2019 8:00,1.1,,,,,,,,,,,
6/8/2019 7:00,6/8/2019 9:00,1.102,,,,,,,,,,,
6/8/2019 8:00,6/8/2019 10:00,1.227,,,,,,,,,,,
6/8/2019 9:00,6/8/2019 11:00,1.322,,,,,,,,,,,
6/8/2019 10:00,6/8/2019 12:00,1.451,,,,,,,,,,,
6/8/2019 11:00,6/8/2019 13:00,1.354,,,,,,,,,,,
6/8/2019 12:00,6/8/2019 14:00,1.215,,,,,,,,,,,
6/8/2019 13:00,6/8/2019 15:00,1.235,,,,,,,,,,,
6/8/2019 14:00,6/8/2019 16:00,1.319,,,,,,,,,,,
6/8/2019 15:00,6/8/2019 17:00,1.169,,,,,,,,,,,
6/8/2019 16:00,6/8/2019 18:00,0.878,,,,,,,,,,,
6/8/2019 17:00,6/8/2019 19:00,0.701,,,,,,,,,,,
6/8/2019 18:00,6/8/2019 20:00,0.764,,,,,,,,,,,
6/8/2019 19:00,6/8/2019 21:00,1.065,,,,,,,,,,,
6/8/2019 20:00,6/8/2019 22:00,1.317,,,,,,,,,,,
6/8/2019 21:00,6/8/2019 23:00,1.526,,,,,,,,,,,
6/8/2019 22:00,6/9/2019 0:00,1.656,,,,,,,,,,,
6/8/2019 23:00,6/9/2019 1:00,1.985,,,,,,,,,,,
6/9/2019 0:00,6/9/2019 2:00,2.203,,,,,,,,,,,
6/9/2019 1:00,6/9/2019 3:00,2.761,,,,,,,,,,,
6/9/2019 2:00,6/9/2019 4:00,3.044,,,,,,,,,,,
6/9/2019 3:00,6/9/2019 5:00,3.316,,,,,,,,,,,
6/9/2019 4:00,6/9/2019 6:00,3.991,,,,,,,,,,,
6/9/2019 5:00,6/9/2019 7:00,4.408,,,,,,,,,,,
6/9/2019 6:00,6/9/2019 8:00,4.978,,,,,,,,,,,
6/9/2019 7:00,6/9/2019 9:00,4.942,,,,,,,,,,,
6/9/2019 8:00,6/9/2019 10:00,4.579,,,,,,,,,,,
6/9/2019 9:00,6/9/2019 11:00,4.09,,,,,,,,,,,
6/9/2019 10:00,6/9/2019 12:00,3.607,,,,,,,,,,,
6/9/2019 11:00,6/9/2019 13:00,2.988,,,,,,,,,,,
6/9/2019 12:00,6/9/2019 14:00,2.5,,,,,,,,,,,
6/9/2019 13:00,6/9/2019 15:00,2.058,,,,,,,,,,,
6/9/2019 14:00,6/9/2019 16:00,1.64,,,,,,,,,,,
6/9/2019 15:00,6/9/2019 17:00,1.254,,,,,,,,,,,
6/9/2019 16:00,6/9/2019 18:00,1.192,,,,,,,,,,,
6/9/2019 17:00,6/9/2019 19:00,1.196,,,,,,,,,,,
6/9/2019 18:00,6/9/2019 20:00,1.149,,,,,,,,,,,
6/9/2019 19:00,6/9/2019 21:00,0.891,,,,,,,,,,,
6/9/2019 20:00,6/9/2019 22:00,0.386,,,,,,,,,,,
6/9/2019 21:00,6/9/2019 23:00,0.36,,,,,,,,,,,
6/9/2019 22:00,6/10/2019 0:00,0.834,,,,,,,,,,,
6/9/2019 23:00,6/10/2019 1:00,1.441,,,,,,,,,,,
6/10/2019 0:00,6/10/2019 2:00,2.362,,,,,,,,,,,
6/10/2019 1:00,6/10/2019 3:00,2.901,,,,,,,,,,,
6/10/2019 2:00,6/10/2019 4:00,3.932,,,,,,,,,,,
6/10/2019 3:00,6/10/2019 5:00,5.42,,,,,,,,,,,
6/10/2019 4:00,6/10/2019 6:00,5.833,,,,,,,,,,,
6/10/2019 5:00,6/10/2019 7:00,5.757,,,,,,,,,,,
6/10/2019 6:00,6/10/2019 8:00,6.019,,,,,,,,,,,
6/10/2019 7:00,6/10/2019 9:00,6.173,,,,,,,,,,,
6/10/2019 8:00,6/10/2019 10:00,5.962,,,,,,,,,,,
6/10/2019 9:00,6/10/2019 11:00,6.183,,,,,,,,,,,
6/10/2019 10:00,6/10/2019 12:00,6.847,,,,,,,,,,,
6/10/2019 11:00,6/10/2019 13:00,7.803,,,,,,,,,,,
6/10/2019 12:00,6/10/2019 14:00,8.836,,,,,,,,,,,
6/10/2019 13:00,6/10/2019 15:00,9.604,,,,,,,,,,,
6/10/2019 14:00,6/10/2019 16:00,9.947,,,,,,,,,,,
6/10/2019 15:00,6/10/2019 17:00,9.382,,,,,,,,,,,
6/10/2019 16:00,6/10/2019 18:00,8.182,,,,,,,,,,,
6/10/2019 17:00,6/10/2019 19:00,6.793,,,,,,,,,,,
6/10/2019 18:00,6/10/2019 20:00,5.682,,,,,,,,,,,
6/10/2019 19:00,6/10/2019 21:00,4.927,,,,,,,,,,,
6/10/2019 20:00,6/10/2019 22:00,4.846,,,,,,,,,,,
6/10/2019 21:00,6/10/2019 23:00,4.671,,,,,,,,,,,
6/10/2019 22:00,6/11/2019 0:00,4.366,,,,,,,,,,,
6/10/2019 23:00,6/11/2019 1:00,4.024,,,,,,,,,,,
6/11/2019 0:00,6/11/2019 2:00,3.8,,,,,,,,,,,
6/11/2019 1:00,6/11/2019 3:00,3.745,,,,,,,,,,,
6/11/2019 2:00,6/11/2019 4:00,3.409,,,,,,,,,,,
6/11/2019 3:00,6/11/2019 5:00,3.275,,,,,,,,,,,
6/11/2019 4:00,6/11/2019 6:00,3.129,,,,,,,,,,,
6/11/2019 5:00,6/11/2019 7:00,3,,,,,,,,,,,
6/11/2019 6:00,6/11/2019 8:00,2.838,,,,,,,,,,,
6/11/2019 7:00,6/11/2019 9:00,2.511,,,,,,,,,,,
6/11/2019 8:00,6/11/2019 10:00,2.188,,,,,,,,,,,
6/11/2019 9:00,6/11/2019 11:00,1.913,,,,,,,,,,,
6/11/2019 10:00,6/11/2019 12:00,1.829,,,,,,,,,,,
6/11/2019 11:00,6/11/2019 13:00,2.024,,,,,,,,,,,
6/11/2019 12:00,6/11/2019 14:00,2.351,,,,,,,,,,,
6/11/2019 13:00,6/11/2019 15:00,2.685,,,,,,,,,,,
6/11/2019 14:00,6/11/2019 16:00,2.89,,,,,,,,,,,
6/11/2019 15:00,6/11/2019 17:00,3.019,,,,,,,,,,,
6/11/2019 16:00,6/11/2019 18:00,2.911,,,,,,,,,,,
6/11/2019 17:00,6/11/2019 19:00,2.524,,,,,,,,,,,
6/11/2019 18:00,6/11/2019 20:00,2.005,,,,,,,,,,,
6/11/2019 19:00,6/11/2019 21:00,1.535,,,,,,,,,,,
6/11/2019 20:00,6/11/2019 22:00,1.18,,,,,,,,,,,
6/11/2019 21:00,6/11/2019 23:00,0.819,,,,,,,,,,,
6/11/2019 22:00,6/12/2019 0:00,0.524,,,,,,,,,,,
6/11/2019 23:00,6/12/2019 1:00,0.334,,,,,,,,,,,
6/12/2019 0:00,6/12/2019 2:00,0.266,,,,,,,,,,,
6/12/2019 1:00,6/12/2019 3:00,0.248,,,,,,,,,,,
6/12/2019 2:00,6/12/2019 4:00,0.28,,,,,,,,,,,
6/12/2019 3:00,6/12/2019 5:00,0.307,,,,,,,,,,,
6/12/2019 4:00,6/12/2019 6:00,0.391,,,,,,,,,,,
6/12/2019 5:00,6/12/2019 7:00,0.474,,,,,,,,,,,
6/12/2019 6:00,6/12/2019 8:00,0.572,,,,,,,,,,,
6/12/2019 7:00,6/12/2019 9:00,0.681,,,,,,,,,,,
6/12/2019 8:00,6/12/2019 10:00,0.685,,,,,,,,,,,
6/12/2019 9:00,6/12/2019 11:00,0.625,,,,,,,,,,,
6/12/2019 10:00,6/12/2019 12:00,0.557,,,,,,,,,,,
6/12/2019 11:00,6/12/2019 13:00,0.58,,,,,,,,,,,
6/12/2019 12:00,6/12/2019 14:00,0.671,,,,,,,,,,,
6/12/2019 13:00,6/12/2019 15:00,0.603,,,,,,,,,,,
6/12/2019 14:00,6/12/2019 16:00,0.491,,,,,,,,,,,
6/12/2019 15:00,6/12/2019 17:00,0.334,,,,,,,,,,,
6/12/2019 16:00,6/12/2019 18:00,0.092,,,,,,,,,,,
6/12/2019 17:00,6/12/2019 19:00,0.188,,,,,,,,,,,
6/12/2019 18:00,6/12/2019 20:00,0.554,,,,,,,,,,,
6/12/2019 19:00,6/12/2019 21:00,1.139,,,,,,,,,,,
6/12/2019 20:00,6/12/2019 22:00,1.652,,,,,,,,,,,
6/12/2019 21:00,6/12/2019 23:00,1.993,,,,,,,,,,,
6/12/2019 22:00,6/13/2019 0:00,2.363,,,,,,,,,,,
6/12/2019 23:00,6/13/2019 1:00,2.647,,,,,,,,,,,
6/13/2019 0:00,6/13/2019 2:00,2.384,,,,,,,,,,,
6/13/2019 1:00,6/13/2019 3:00,2.174,,,,,,,,,,,
6/13/2019 2:00,6/13/2019 4:00,2.091,,,,,,,,,,,
6/13/2019 3:00,6/13/2019 5:00,1.817,,,,,,,,,,,
6/13/2019 4:00,6/13/2019 6:00,1.591,,,,,,,,,,,
6/13/2019 5:00,6/13/2019 7:00,1.857,,,,,,,,,,,
6/13/2019 6:00,6/13/2019 8:00,2.275,,,,,,,,,,,
6/13/2019 7:00,6/13/2019 9:00,2.461,,,,,,,,,,,
6/13/2019 8:00,6/13/2019 10:00,2.274,,,,,,,,,,,
6/13/2019 9:00,6/13/2019 11:00,2.028,,,,,,,,,,,
6/13/2019 10:00,6/13/2019 12:00,1.861,,,,,,,,,,,
6/13/2019 11:00,6/13/2019 13:00,1.711,,,,,,,,,,,
6/13/2019 12:00,6/13/2019 14:00,1.505,,,,,,,,,,,
6/13/2019 13:00,6/13/2019 15:00,1.365,,,,,,,,,,,
6/13/2019 14:00,6/13/2019 16:00,1.276,,,,,,,,,,,
6/13/2019 15:00,6/13/2019 17:00,1.212,,,,,,,,,,,
6/13/2019 16:00,6/13/2019 18:00,1.337,,,,,,,,,,,
6/13/2019 17:00,6/13/2019 19:00,1.537,,,,,,,,,,,
6/13/2019 18:00,6/13/2019 20:00,1.741,,,,,,,,,,,
6/13/2019 19:00,6/13/2019 21:00,1.254,,,,,,,,,,,
6/13/2019 20:00,6/13/2019 22:00,1.021,,,,,,,,,,,
6/13/2019 21:00,6/13/2019 23:00,1.224,,,,,,,,,,,
6/13/2019 22:00,6/14/2019 0:00,1.464,,,,,,,,,,,
6/13/2019 23:00,6/14/2019 1:00,1.596,,,,,,,,,,,
6/14/2019 0:00,6/14/2019 2:00,1.601,,,,,,,,,,,
6/14/2019 1:00,6/14/2019 3:00,1.462,,,,,,,,,,,
6/14/2019 2:00,6/14/2019 4:00,1.319,,,,,,,,,,,
6/14/2019 3:00,6/14/2019 5:00,0.964,,,,,,,,,,,
6/14/2019 4:00,6/14/2019 6:00,0.631,,,,,,,,,,,
6/14/2019 5:00,6/14/2019 7:00,0.223,,,,,,,,,,,
6/14/2019 6:00,6/14/2019 8:00,0.052,,,,,,,,,,,
6/14/2019 7:00,6/14/2019 9:00,0.291,,,,,,,,,,,
6/14/2019 8:00,6/14/2019 10:00,0.696,,,,,,,,,,,
6/14/2019 9:00,6/14/2019 11:00,0.927,,,,,,,,,,,
6/14/2019 10:00,6/14/2019 12:00,1.061,,,,,,,,,,,
6/14/2019 11:00,6/14/2019 13:00,1.212,,,,,,,,,,,
6/14/2019 12:00,6/14/2019 14:00,1.574,,,,,,,,,,,
6/14/2019 13:00,6/14/2019 15:00,2.178,,,,,,,,,,,
6/14/2019 14:00,6/14/2019 16:00,2.768,,,,,,,,,,,
6/14/2019 15:00,6/14/2019 17:00,3.371,,,,,,,,,,,
6/14/2019 16:00,6/14/2019 18:00,3.827,,,,,,,,,,,
6/14/2019 17:00,6/14/2019 19:00,3.889,,,,,,,,,,,
6/14/2019 18:00,6/14/2019 20:00,3.616,,,,,,,,,,,
6/14/2019 19:00,6/14/2019 21:00,2.989,,,,,,,,,,,
6/14/2019 20:00,6/14/2019 22:00,2.31,,,,,,,,,,,
6/14/2019 21:00,6/14/2019 23:00,1.861,,,,,,,,,,,
6/14/2019 22:00,6/15/2019 0:00,1.657,,,,,,,,,,,
6/14/2019 23:00,6/15/2019 1:00,1.743,,,,,,,,,,,
6/15/2019 0:00,6/15/2019 2:00,1.86,,,,,,,,,,,
6/15/2019 1:00,6/15/2019 3:00,1.902,,,,,,,,,,,
6/15/2019 2:00,6/15/2019 4:00,1.675,,,,,,,,,,,
6/15/2019 3:00,6/15/2019 5:00,1.207,,,,,,,,,,,
6/15/2019 4:00,6/15/2019 6:00,0.882,,,,,,,,,,,
6/15/2019 5:00,6/15/2019 7:00,0.565,,,,,,,,,,,
6/15/2019 6:00,6/15/2019 8:00,0.223,,,,,,,,,,,
6/15/2019 7:00,6/15/2019 9:00,0.1,,,,,,,,,,,
6/15/2019 8:00,6/15/2019 10:00,0.101,,,,,,,,,,,
6/15/2019 9:00,6/15/2019 11:00,0.276,,,,,,,,,,,
6/15/2019 10:00,6/15/2019 12:00,0.713,,,,,,,,,,,
6/15/2019 11:00,6/15/2019 13:00,1.35,,,,,,,,,,,
6/15/2019 12:00,6/15/2019 14:00,2.143,,,,,,,,,,,
6/15/2019 13:00,6/15/2019 15:00,2.861,,,,,,,,,,,
6/15/2019 14:00,6/15/2019 16:00,3.461,,,,,,,,,,,
6/15/2019 15:00,6/15/2019 17:00,3.706,,,,,,,,,,,
6/15/2019 16:00,6/15/2019 18:00,3.685,,,,,,,,,,,
6/15/2019 17:00,6/15/2019 19:00,3.488,,,,,,,,,,,
6/15/2019 18:00,6/15/2019 20:00,3.067,,,,,,,,,,,
6/15/2019 19:00,6/15/2019 21:00,2.595,,,,,,,,,,,
6/15/2019 20:00,6/15/2019 22:00,2.256,,,,,,,,,,,
6/15/2019 21:00,6/15/2019 23:00,1.866,,,,,,,,,,,
6/15/2019 22:00,6/16/2019 0:00,1.46,,,,,,,,,,,
6/15/2019 23:00,6/16/2019 1:00,1.157,,,,,,,,,,,
6/16/2019 0:00,6/16/2019 2:00,0.975,,,,,,,,,,,
6/16/2019 1:00,6/16/2019 3:00,0.81,,,,,,,,,,,
6/16/2019 2:00,6/16/2019 4:00,0.529,,,,,,,,,,,
6/16/2019 3:00,6/16/2019 5:00,0.32,,,,,,,,,,,
6/16/2019 4:00,6/16/2019 6:00,0.156,,,,,,,,,,,
6/16/2019 5:00,6/16/2019 7:00,0.044,,,,,,,,,,,
6/16/2019 6:00,6/16/2019 8:00,0.038,,,,,,,,,,,
6/16/2019 7:00,6/16/2019 9:00,0.037,,,,,,,,,,,
6/16/2019 8:00,6/16/2019 10:00,0.043,,,,,,,,,,,
6/16/2019 9:00,6/16/2019 11:00,0.117,,,,,,,,,,,
6/16/2019 10:00,6/16/2019 12:00,0.316,,,,,,,,,,,
6/16/2019 11:00,6/16/2019 13:00,0.534,,,,,,,,,,,
6/16/2019 12:00,6/16/2019 14:00,0.73,,,,,,,,,,,
6/16/2019 13:00,6/16/2019 15:00,0.967,,,,,,,,,,,
6/16/2019 14:00,6/16/2019 16:00,1.182,,,,,,,,,,,
6/16/2019 15:00,6/16/2019 17:00,1.179,,,,,,,,,,,
6/16/2019 16:00,6/16/2019 18:00,1.134,,,,,,,,,,,
6/16/2019 17:00,6/16/2019 19:00,1.352,,,,,,,,,,,
6/16/2019 18:00,6/16/2019 20:00,1.54,,,,,,,,,,,
6/16/2019 19:00,6/16/2019 21:00,1.508,,,,,,,,,,,
6/16/2019 20:00,6/16/2019 22:00,1.477,,,,,,,,,,,
6/16/2019 21:00,6/16/2019 23:00,1.7,,,,,,,,,,,
6/16/2019 22:00,6/17/2019 0:00,1.91,,,,,,,,,,,
6/16/2019 23:00,6/17/2019 1:00,2.046,,,,,,,,,,,
6/17/2019 0:00,6/17/2019 2:00,2.188,,,,,,,,,,,
6/17/2019 1:00,6/17/2019 3:00,2.245,,,,,,,,,,,
6/17/2019 2:00,6/17/2019 4:00,1.839,,,,,,,,,,,
6/17/2019 3:00,6/17/2019 5:00,1.28,,,,,,,,,,,
6/17/2019 4:00,6/17/2019 6:00,0.964,,,,,,,,,,,
6/17/2019 5:00,6/17/2019 7:00,1.168,,,,,,,,,,,
6/17/2019 6:00,6/17/2019 8:00,1.993,,,,,,,,,,,
6/17/2019 7:00,6/17/2019 9:00,3.065,,,,,,,,,,,
6/17/2019 8:00,6/17/2019 10:00,4.187,,,,,,,,,,,
6/17/2019 9:00,6/17/2019 11:00,5.211,,,,,,,,,,,
6/17/2019 10:00,6/17/2019 12:00,5.876,,,,,,,,,,,
6/17/2019 11:00,6/17/2019 13:00,5.796,,,,,,,,,,,
6/17/2019 12:00,6/17/2019 14:00,5.101,,,,,,,,,,,
6/17/2019 13:00,6/17/2019 15:00,4.384,,,,,,,,,,,
6/17/2019 14:00,6/17/2019 16:00,3.871,,,,,,,,,,,
6/17/2019 15:00,6/17/2019 17:00,3.211,,,,,,,,,,,
6/17/2019 16:00,6/17/2019 18:00,2.626,,,,,,,,,,,
6/17/2019 17:00,6/17/2019 19:00,2.281,,,,,,,,,,,
6/17/2019 18:00,6/17/2019 20:00,1.997,,,,,,,,,,,
6/17/2019 19:00,6/17/2019 21:00,1.659,,,,,,,,,,,
6/17/2019 20:00,6/17/2019 22:00,1.383,,,,,,,,,,,
6/17/2019 21:00,6/17/2019 23:00,0.964,,,,,,,,,,,
6/17/2019 22:00,6/18/2019 0:00,0.554,,,,,,,,,,,
6/17/2019 23:00,6/18/2019 1:00,0.356,,,,,,,,,,,
6/18/2019 0:00,6/18/2019 2:00,0.255,,,,,,,,,,,
6/18/2019 1:00,6/18/2019 3:00,0.178,,,,,,,,,,,
6/18/2019 2:00,6/18/2019 4:00,0.124,,,,,,,,,,,
6/18/2019 3:00,6/18/2019 5:00,0.091,,,,,,,,,,,
6/18/2019 4:00,6/18/2019 6:00,0.141,,,,,,,,,,,
6/18/2019 5:00,6/18/2019 7:00,0.281,,,,,,,,,,,
6/18/2019 6:00,6/18/2019 8:00,0.479,,,,,,,,,,,
6/18/2019 7:00,6/18/2019 9:00,0.569,,,,,,,,,,,
6/18/2019 8:00,6/18/2019 10:00,0.458,,,,,,,,,,,
6/18/2019 9:00,6/18/2019 11:00,0.25,,,,,,,,,,,
6/18/2019 10:00,6/18/2019 12:00,0.087,,,,,,,,,,,
6/18/2019 11:00,6/18/2019 13:00,0.079,,,,,,,,,,,
6/18/2019 12:00,6/18/2019 14:00,0.395,,,,,,,,,,,
6/18/2019 13:00,6/18/2019 15:00,1.124,,,,,,,,,,,
6/18/2019 14:00,6/18/2019 16:00,3.051,,,,,,,,,,,
6/18/2019 15:00,6/18/2019 17:00,4.727,,,,,,,,,,,
6/18/2019 16:00,6/18/2019 18:00,4.405,,,,,,,,,,,
6/18/2019 17:00,6/18/2019 19:00,3.553,,,,,,,,,,,
6/18/2019 18:00,6/18/2019 20:00,2.442,,,,,,,,,,,
6/18/2019 19:00,6/18/2019 21:00,1.33,,,,,,,,,,,
6/18/2019 20:00,6/18/2019 22:00,0.819,,,,,,,,,,,
6/18/2019 21:00,6/18/2019 23:00,0.609,,,,,,,,,,,
6/18/2019 22:00,6/19/2019 0:00,0.532,,,,,,,,,,,
6/18/2019 23:00,6/19/2019 1:00,0.547,,,,,,,,,,,
6/19/2019 0:00,6/19/2019 2:00,0.528,,,,,,,,,,,
6/19/2019 1:00,6/19/2019 3:00,0.452,,,,,,,,,,,
6/19/2019 2:00,6/19/2019 4:00,0.412,,,,,,,,,,,
6/19/2019 3:00,6/19/2019 5:00,0.505,,,,,,,,,,,
6/19/2019 4:00,6/19/2019 6:00,0.851,,,,,,,,,,,
6/19/2019 5:00,6/19/2019 7:00,1.116,,,,,,,,,,,
6/19/2019 6:00,6/19/2019 8:00,1.126,,,,,,,,,,,
6/19/2019 7:00,6/19/2019 9:00,1.384,,,,,,,,,,,
6/19/2019 8:00,6/19/2019 10:00,1.861,,,,,,,,,,,
6/19/2019 9:00,6/19/2019 11:00,2.368,,,,,,,,,,,
6/19/2019 10:00,6/19/2019 12:00,2.988,,,,,,,,,,,
6/19/2019 11:00,6/19/2019 13:00,3.56,,,,,,,,,,,
6/19/2019 12:00,6/19/2019 14:00,3.931,,,,,,,,,,,
6/19/2019 13:00,6/19/2019 15:00,4.235,,,,,,,,,,,
6/19/2019 14:00,6/19/2019 16:00,4.306,,,,,,,,,,,
6/19/2019 15:00,6/19/2019 17:00,4.06,,,,,,,,,,,
6/19/2019 16:00,6/19/2019 18:00,3.637,,,,,,,,,,,
6/19/2019 17:00,6/19/2019 19:00,3.231,,,,,,,,,,,
6/19/2019 18:00,6/19/2019 20:00,2.532,,,,,,,,,,,
6/19/2019 19:00,6/19/2019 21:00,1.955,,,,,,,,,,,
6/19/2019 20:00,6/19/2019 22:00,1.611,,,,,,,,,,,
6/19/2019 21:00,6/19/2019 23:00,1.15,,,,,,,,,,,
6/19/2019 22:00,6/20/2019 0:00,0.685,,,,,,,,,,,
6/19/2019 23:00,6/20/2019 1:00,0.418,,,,,,,,,,,
6/20/2019 0:00,6/20/2019 2:00,0.279,,,,,,,,,,,
6/20/2019 1:00,6/20/2019 3:00,0.2,,,,,,,,,,,
6/20/2019 2:00,6/20/2019 4:00,0.173,,,,,,,,,,,
6/20/2019 3:00,6/20/2019 5:00,0.18,,,,,,,,,,,
6/20/2019 4:00,6/20/2019 6:00,0.223,,,,,,,,,,,
6/20/2019 5:00,6/20/2019 7:00,0.349,,,,,,,,,,,
6/20/2019 6:00,6/20/2019 8:00,0.687,,,,,,,,,,,
6/20/2019 7:00,6/20/2019 9:00,1.245,,,,,,,,,,,
6/20/2019 8:00,6/20/2019 10:00,1.791,,,,,,,,,,,
6/20/2019 9:00,6/20/2019 11:00,2.334,,,,,,,,,,,
6/20/2019 10:00,6/20/2019 12:00,2.833,,,,,,,,,,,
6/20/2019 11:00,6/20/2019 13:00,3.356,,,,,,,,,,,
6/20/2019 12:00,6/20/2019 14:00,3.697,,,,,,,,,,,
6/20/2019 13:00,6/20/2019 15:00,3.774,,,,,,,,,,,
6/20/2019 14:00,6/20/2019 16:00,3.857,,,,,,,,,,,
6/20/2019 15:00,6/20/2019 17:00,3.79,,,,,,,,,,,
6/20/2019 16:00,6/20/2019 18:00,3.915,,,,,,,,,,,
6/20/2019 17:00,6/20/2019 19:00,4.257,,,,,,,,,,,
6/20/2019 18:00,6/20/2019 20:00,4.342,,,,,,,,,,,
6/20/2019 19:00,6/20/2019 21:00,5.289,,,,,,,,,,,
6/20/2019 20:00,6/20/2019 22:00,6.173,,,,,,,,,,,
6/20/2019 21:00,6/20/2019 23:00,6.972,,,,,,,,,,,
6/20/2019 22:00,6/21/2019 0:00,7.99,,,,,,,,,,,
6/20/2019 23:00,6/21/2019 1:00,8.342,,,,,,,,,,,
6/21/2019 0:00,6/21/2019 2:00,8.94,,,,,,,,,,,
6/21/2019 1:00,6/21/2019 3:00,10.186,,,,,,,,,,,
6/21/2019 2:00,6/21/2019 4:00,9.923,,,,,,,,,,,
6/21/2019 3:00,6/21/2019 5:00,11.822,,,,,,,,,,,
6/21/2019 4:00,6/21/2019 6:00,10.969,,,,,,,,,,,
6/21/2019 5:00,6/21/2019 7:00,9.461,,,,,,,,,,,
6/21/2019 6:00,6/21/2019 8:00,8.836,,,,,,,,,,,
6/21/2019 7:00,6/21/2019 9:00,7.904,,,,,,,,,,,
6/21/2019 8:00,6/21/2019 10:00,6.552,,,,,,,,,,,
6/21/2019 9:00,6/21/2019 11:00,5.535,,,,,,,,,,,
6/21/2019 10:00,6/21/2019 12:00,3.95,,,,,,,,,,,
6/21/2019 11:00,6/21/2019 13:00,2.529,,,,,,,,,,,
6/21/2019 12:00,6/21/2019 14:00,1.828,,,,,,,,,,,
6/21/2019 13:00,6/21/2019 15:00,2.254,,,,,,,,,,,
6/21/2019 14:00,6/21/2019 16:00,3.082,,,,,,,,,,,
6/21/2019 15:00,6/21/2019 17:00,3.612,,,,,,,,,,,
6/21/2019 16:00,6/21/2019 18:00,4.397,,,,,,,,,,,
6/21/2019 17:00,6/21/2019 19:00,4.853,,,,,,,,,,,
6/21/2019 18:00,6/21/2019 20:00,4.528,,,,,,,,,,,
6/21/2019 19:00,6/21/2019 21:00,4.647,,,,,,,,,,,
6/21/2019 20:00,6/21/2019 22:00,4.6,,,,,,,,,,,
6/21/2019 21:00,6/21/2019 23:00,4.442,,,,,,,,,,,
6/21/2019 22:00,6/22/2019 0:00,4.276,,,,,,,,,,,
6/21/2019 23:00,6/22/2019 1:00,3.932,,,,,,,,,,,
6/22/2019 0:00,6/22/2019 2:00,3.787,,,,,,,,,,,
6/22/2019 1:00,6/22/2019 3:00,3.414,,,,,,,,,,,
6/22/2019 2:00,6/22/2019 4:00,3.053,,,,,,,,,,,
6/22/2019 3:00,6/22/2019 5:00,2.865,,,,,,,,,,,
6/22/2019 4:00,6/22/2019 6:00,2.844,,,,,,,,,,,
6/22/2019 5:00,6/22/2019 7:00,3.055,,,,,,,,,,,
6/22/2019 6:00,6/22/2019 8:00,3.378,,,,,,,,,,,
6/22/2019 7:00,6/22/2019 9:00,3.901,,,,,,,,,,,
6/22/2019 8:00,6/22/2019 10:00,4.494,,,,,,,,,,,
6/22/2019 9:00,6/22/2019 11:00,5.1,,,,,,,,,,,
6/22/2019 10:00,6/22/2019 12:00,5.803,,,,,,,,,,,
6/22/2019 11:00,6/22/2019 13:00,6.448,,,,,,,,,,,
6/22/2019 12:00,6/22/2019 14:00,7.31,,,,,,,,,,,
6/22/2019 13:00,6/22/2019 15:00,8.15,,,,,,,,,,,
6/22/2019 14:00,6/22/2019 16:00,9.094,,,,,,,,,,,
6/22/2019 15:00,6/22/2019 17:00,9.739,,,,,,,,,,,
6/22/2019 16:00,6/22/2019 18:00,9.674,,,,,,,,,,,
6/22/2019 17:00,6/22/2019 19:00,9.38,,,,,,,,,,,
6/22/2019 18:00,6/22/2019 20:00,8.082,,,,,,,,,,,
6/22/2019 19:00,6/22/2019 21:00,6.48,,,,,,,,,,,
6/22/2019 20:00,6/22/2019 22:00,5.45,,,,,,,,,,,
6/22/2019 21:00,6/22/2019 23:00,4.536,,,,,,,,,,,
6/22/2019 22:00,6/23/2019 0:00,4.491,,,,,,,,,,,
6/22/2019 23:00,6/23/2019 1:00,4.893,,,,,,,,,,,
6/23/2019 0:00,6/23/2019 2:00,4.978,,,,,,,,,,,
6/23/2019 1:00,6/23/2019 3:00,4.563,,,,,,,,,,,
6/23/2019 2:00,6/23/2019 4:00,3.975,,,,,,,,,,,
6/23/2019 3:00,6/23/2019 5:00,4.108,,,,,,,,,,,
6/23/2019 4:00,6/23/2019 6:00,4.637,,,,,,,,,,,
6/23/2019 5:00,6/23/2019 7:00,5.042,,,,,,,,,,,
6/23/2019 6:00,6/23/2019 8:00,5.146,,,,,,,,,,,
6/23/2019 7:00,6/23/2019 9:00,5.255,,,,,,,,,,,
6/23/2019 8:00,6/23/2019 10:00,5.482,,,,,,,,,,,
6/23/2019 9:00,6/23/2019 11:00,5.076,,,,,,,,,,,
6/23/2019 10:00,6/23/2019 12:00,4.573,,,,,,,,,,,
6/23/2019 11:00,6/23/2019 13:00,4.343,,,,,,,,,,,
6/23/2019 12:00,6/23/2019 14:00,4.079,,,,,,,,,,,
6/23/2019 13:00,6/23/2019 15:00,3.779,,,,,,,,,,,
6/23/2019 14:00,6/23/2019 16:00,3.57,,,,,,,,,,,
6/23/2019 15:00,6/23/2019 17:00,3.484,,,,,,,,,,,
6/23/2019 16:00,6/23/2019 18:00,3.275,,,,,,,,,,,
6/23/2019 17:00,6/23/2019 19:00,2.897,,,,,,,,,,,
6/23/2019 18:00,6/23/2019 20:00,2.46,,,,,,,,,,,
6/23/2019 19:00,6/23/2019 21:00,2.15,,,,,,,,,,,
6/23/2019 20:00,6/23/2019 22:00,2.195,,,,,,,,,,,
6/23/2019 21:00,6/23/2019 23:00,2.3,,,,,,,,,,,
6/23/2019 22:00,6/24/2019 0:00,2.55,,,,,,,,,,,
6/23/2019 23:00,6/24/2019 1:00,2.817,,,,,,,,,,,
6/24/2019 0:00,6/24/2019 2:00,3.123,,,,,,,,,,,
6/24/2019 1:00,6/24/2019 3:00,3.279,,,,,,,,,,,
6/24/2019 2:00,6/24/2019 4:00,2.999,,,,,,,,,,,
6/24/2019 3:00,6/24/2019 5:00,3.4,,,,,,,,,,,
6/24/2019 4:00,6/24/2019 6:00,4.441,,,,,,,,,,,
6/24/2019 5:00,6/24/2019 7:00,5.143,,,,,,,,,,,
6/24/2019 6:00,6/24/2019 8:00,7.065,,,,,,,,,,,
6/24/2019 7:00,6/24/2019 9:00,9.007,,,,,,,,,,,
6/24/2019 8:00,6/24/2019 10:00,10.678,,,,,,,,,,,
6/24/2019 9:00,6/24/2019 11:00,11.666,,,,,,,,,,,
6/24/2019 10:00,6/24/2019 12:00,12.582,,,,,,,,,,,
6/24/2019 11:00,6/24/2019 13:00,13.342,,,,,,,,,,,
6/24/2019 12:00,6/24/2019 14:00,14.092,,,,,,,,,,,
6/24/2019 13:00,6/24/2019 15:00,14.229,,,,,,,,,,,
6/24/2019 14:00,6/24/2019 16:00,14.081,,,,,,,,,,,
6/24/2019 15:00,6/24/2019 17:00,13.373,,,,,,,,,,,
6/24/2019 16:00,6/24/2019 18:00,11.974,,,,,,,,,,,
6/24/2019 17:00,6/24/2019 19:00,9.933,,,,,,,,,,,
6/24/2019 18:00,6/24/2019 20:00,7.815,,,,,,,,,,,
6/24/2019 19:00,6/24/2019 21:00,5.937,,,,,,,,,,,
6/24/2019 20:00,6/24/2019 22:00,5.053,,,,,,,,,,,
6/24/2019 21:00,6/24/2019 23:00,4.409,,,,,,,,,,,
6/24/2019 22:00,6/25/2019 0:00,3.924,,,,,,,,,,,
6/24/2019 23:00,6/25/2019 1:00,3.561,,,,,,,,,,,
6/25/2019 0:00,6/25/2019 2:00,3.301,,,,,,,,,,,
6/25/2019 1:00,6/25/2019 3:00,3.173,,,,,,,,,,,
6/25/2019 2:00,6/25/2019 4:00,3.26,,,,,,,,,,,
6/25/2019 3:00,6/25/2019 5:00,3.358,,,,,,,,,,,
6/25/2019 4:00,6/25/2019 6:00,3.617,,,,,,,,,,,
6/25/2019 5:00,6/25/2019 7:00,4.071,,,,,,,,,,,
6/25/2019 6:00,6/25/2019 8:00,5.029,,,,,,,,,,,
6/25/2019 7:00,6/25/2019 9:00,6.103,,,,,,,,,,,
6/25/2019 8:00,6/25/2019 10:00,7.499,,,,,,,,,,,
6/25/2019 9:00,6/25/2019 11:00,8.526,,,,,,,,,,,
6/25/2019 10:00,6/25/2019 12:00,9.473,,,,,,,,,,,
6/25/2019 11:00,6/25/2019 13:00,9.315,,,,,,,,,,,
6/25/2019 12:00,6/25/2019 14:00,8.759,,,,,,,,,,,
6/25/2019 13:00,6/25/2019 15:00,7.751,,,,,,,,,,,
6/25/2019 14:00,6/25/2019 16:00,7.275,,,,,,,,,,,
6/25/2019 15:00,6/25/2019 17:00,7.105,,,,,,,,,,,
6/25/2019 16:00,6/25/2019 18:00,6.594,,,,,,,,,,,
6/25/2019 17:00,6/25/2019 19:00,5.788,,,,,,,,,,,
6/25/2019 18:00,6/25/2019 20:00,4.922,,,,,,,,,,,
6/25/2019 19:00,6/25/2019 21:00,4.424,,,,,,,,,,,
6/25/2019 20:00,6/25/2019 22:00,4.408,,,,,,,,,,,
6/25/2019 21:00,6/25/2019 23:00,4.446,,,,,,,,,,,
6/25/2019 22:00,6/26/2019 0:00,4.482,,,,,,,,,,,
6/25/2019 23:00,6/26/2019 1:00,4.431,,,,,,,,,,,
6/26/2019 0:00,6/26/2019 2:00,4.318,,,,,,,,,,,
6/26/2019 1:00,6/26/2019 3:00,4.123,,,,,,,,,,,
6/26/2019 2:00,6/26/2019 4:00,4.006,,,,,,,,,,,
6/26/2019 3:00,6/26/2019 5:00,4.033,,,,,,,,,,,
6/26/2019 4:00,6/26/2019 6:00,4.039,,,,,,,,,,,
6/26/2019 5:00,6/26/2019 7:00,4.539,,,,,,,,,,,
6/26/2019 6:00,6/26/2019 8:00,5.048,,,,,,,,,,,
6/26/2019 7:00,6/26/2019 9:00,6.141,,,,,,,,,,,
6/26/2019 8:00,6/26/2019 10:00,7.182,,,,,,,,,,,
6/26/2019 9:00,6/26/2019 11:00,8.682,,,,,,,,,,,
6/26/2019 10:00,6/26/2019 12:00,10.416,,,,,,,,,,,
6/26/2019 11:00,6/26/2019 13:00,11.864,,,,,,,,,,,
6/26/2019 12:00,6/26/2019 14:00,13.3,,,,,,,,,,,
6/26/2019 13:00,6/26/2019 15:00,14.411,,,,,,,,,,,
6/26/2019 14:00,6/26/2019 16:00,15.275,,,,,,,,,,,
6/26/2019 15:00,6/26/2019 17:00,15.902,,,,,,,,,,,
6/26/2019 16:00,6/26/2019 18:00,15.716,,,,,,,,,,,
6/26/2019 17:00,6/26/2019 19:00,14.268,,,,,,,,,,,
6/26/2019 18:00,6/26/2019 20:00,12.115,,,,,,,,,,,
6/26/2019 19:00,6/26/2019 21:00,10.47,,,,,,,,,,,
6/26/2019 20:00,6/26/2019 22:00,9.098,,,,,,,,,,,
6/26/2019 21:00,6/26/2019 23:00,7.984,,,,,,,,,,,
6/26/2019 22:00,6/27/2019 0:00,7.387,,,,,,,,,,,
6/26/2019 23:00,6/27/2019 1:00,7.183,,,,,,,,,,,
6/27/2019 0:00,6/27/2019 2:00,7.74,,,,,,,,,,,
6/27/2019 1:00,6/27/2019 3:00,8.512,,,,,,,,,,,
6/27/2019 2:00,6/27/2019 4:00,9.348,,,,,,,,,,,
6/27/2019 3:00,6/27/2019 5:00,9.04,,,,,,,,,,,
6/27/2019 4:00,6/27/2019 6:00,9.303,,,,,,,,,,,
6/27/2019 5:00,6/27/2019 7:00,10.836,,,,,,,,,,,
6/27/2019 6:00,6/27/2019 8:00,12.418,,,,,,,,,,,
6/27/2019 7:00,6/27/2019 9:00,14.394,,,,,,,,,,,
6/27/2019 8:00,6/27/2019 10:00,15.989,,,,,,,,,,,
6/27/2019 9:00,6/27/2019 11:00,17.917,,,,,,,,,,,
6/27/2019 10:00,6/27/2019 12:00,18.983,,,,,,,,,,,
6/27/2019 11:00,6/27/2019 13:00,19.359,,,,,,,,,,,
6/27/2019 12:00,6/27/2019 14:00,20.032,,,,,,,,,,,
6/27/2019 13:00,6/27/2019 15:00,20.849,,,,,,,,,,,
6/27/2019 14:00,6/27/2019 16:00,21.339,,,,,,,,,,,
6/27/2019 15:00,6/27/2019 17:00,21.515,,,,,,,,,,,
6/27/2019 16:00,6/27/2019 18:00,21.64,,,,,,,,,,,
6/27/2019 17:00,6/27/2019 19:00,20.982,,,,,,,,,,,
6/27/2019 18:00,6/27/2019 20:00,18.889,,,,,,,,,,,
6/27/2019 19:00,6/27/2019 21:00,16.241,,,,,,,,,,,
6/27/2019 20:00,6/27/2019 22:00,13.581,,,,,,,,,,,
6/27/2019 21:00,6/27/2019 23:00,12.229,,,,,,,,,,,
6/27/2019 22:00,6/28/2019 0:00,11.729,,,,,,,,,,,
6/27/2019 23:00,6/28/2019 1:00,11.224,,,,,,,,,,,
6/28/2019 0:00,6/28/2019 2:00,10.471,,,,,,,,,,,
6/28/2019 1:00,6/28/2019 3:00,9.66,,,,,,,,,,,
6/28/2019 2:00,6/28/2019 4:00,9.505,,,,,,,,,,,
6/28/2019 3:00,6/28/2019 5:00,9.576,,,,,,,,,,,
6/28/2019 4:00,6/28/2019 6:00,9.465,,,,,,,,,,,
6/28/2019 5:00,6/28/2019 7:00,10.553,,,,,,,,,,,
6/28/2019 6:00,6/28/2019 8:00,12.808,,,,,,,,,,,
6/28/2019 7:00,6/28/2019 9:00,14.705,,,,,,,,,,,
6/28/2019 8:00,6/28/2019 10:00,15.325,,,,,,,,,,,
6/28/2019 9:00,6/28/2019 11:00,15.589,,,,,,,,,,,
6/28/2019 10:00,6/28/2019 12:00,16.265,,,,,,,,,,,
6/28/2019 11:00,6/28/2019 13:00,16.234,,,,,,,,,,,
6/28/2019 12:00,6/28/2019 14:00,16.528,,,,,,,,,,,
6/28/2019 13:00,6/28/2019 15:00,16.165,,,,,,,,,,,
6/28/2019 14:00,6/28/2019 16:00,15.763,,,,,,,,,,,
6/28/2019 15:00,6/28/2019 17:00,14.498,,,,,,,,,,,
6/28/2019 16:00,6/28/2019 18:00,12.201,,,,,,,,,,,
6/28/2019 17:00,6/28/2019 19:00,9.021,,,,,,,,,,,
6/28/2019 18:00,6/28/2019 20:00,6.193,,,,,,,,,,,
6/28/2019 19:00,6/28/2019 21:00,5.642,,,,,,,,,,,
6/28/2019 20:00,6/28/2019 22:00,6.173,,,,,,,,,,,
6/28/2019 21:00,6/28/2019 23:00,6.793,,,,,,,,,,,
6/28/2019 22:00,6/29/2019 0:00,7.252,,,,,,,,,,,
6/28/2019 23:00,6/29/2019 1:00,7.5,,,,,,,,,,,
6/29/2019 0:00,6/29/2019 2:00,7.941,,,,,,,,,,,
6/29/2019 1:00,6/29/2019 3:00,8.554,,,,,,,,,,,
6/29/2019 2:00,6/29/2019 4:00,8.681,,,,,,,,,,,
6/29/2019 3:00,6/29/2019 5:00,8.836,,,,,,,,,,,
6/29/2019 4:00,6/29/2019 6:00,10.187,,,,,,,,,,,
6/29/2019 5:00,6/29/2019 7:00,13.196,,,,,,,,,,,
6/29/2019 6:00,6/29/2019 8:00,15.592,,,,,,,,,,,
6/29/2019 7:00,6/29/2019 9:00,16.815,,,,,,,,,,,
6/29/2019 8:00,6/29/2019 10:00,18.49,,,,,,,,,,,
6/29/2019 9:00,6/29/2019 11:00,20.376,,,,,,,,,,,
6/29/2019 10:00,6/29/2019 12:00,21.705,,,,,,,,,,,
6/29/2019 11:00,6/29/2019 13:00,22.262,,,,,,,,,,,
6/29/2019 12:00,6/29/2019 14:00,22.154,,,,,,,,,,,
6/29/2019 13:00,6/29/2019 15:00,21.441,,,,,,,,,,,
6/29/2019 14:00,6/29/2019 16:00,20.461,,,,,,,,,,,
6/29/2019 15:00,6/29/2019 17:00,19.441,,,,,,,,,,,
6/29/2019 16:00,6/29/2019 18:00,18.218,,,,,,,,,,,
6/29/2019 17:00,6/29/2019 19:00,16.521,,,,,,,,,,,
6/29/2019 18:00,6/29/2019 20:00,14.181,,,,,,,,,,,
6/29/2019 19:00,6/29/2019 21:00,11.348,,,,,,,,,,,
6/29/2019 20:00,6/29/2019 22:00,9.971,,,,,,,,,,,
6/29/2019 21:00,6/29/2019 23:00,8.887,,,,,,,,,,,
6/29/2019 22:00,6/30/2019 0:00,8.249,,,,,,,,,,,
6/29/2019 23:00,6/30/2019 1:00,7.341,,,,,,,,,,,
6/30/2019 0:00,6/30/2019 2:00,6.474,,,,,,,,,,,
6/30/2019 1:00,6/30/2019 3:00,6.019,,,,,,,,,,,
6/30/2019 2:00,6/30/2019 4:00,5.476,,,,,,,,,,,
6/30/2019 3:00,6/30/2019 5:00,4.741,,,,,,,,,,,
6/30/2019 4:00,6/30/2019 6:00,3.869,,,,,,,,,,,
6/30/2019 5:00,6/30/2019 7:00,2.817,,,,,,,,,,,
6/30/2019 6:00,6/30/2019 8:00,2.461,,,,,,,,,,,
6/30/2019 7:00,6/30/2019 9:00,2.707,,,,,,,,,,,
6/30/2019 8:00,6/30/2019 10:00,3.117,,,,,,,,,,,
6/30/2019 9:00,6/30/2019 11:00,3.158,,,,,,,,,,,
6/30/2019 10:00,6/30/2019 12:00,2.299,,,,,,,,,,,
6/30/2019 11:00,6/30/2019 13:00,1.262,,,,,,,,,,,
6/30/2019 12:00,6/30/2019 14:00,0.874,,,,,,,,,,,
6/30/2019 13:00,6/30/2019 15:00,0.658,,,,,,,,,,,
6/30/2019 14:00,6/30/2019 16:00,0.391,,,,,,,,,,,
6/30/2019 15:00,6/30/2019 17:00,0.853,,,,,,,,,,,
6/30/2019 16:00,6/30/2019 18:00,1.791,,,,,,,,,,,
6/30/2019 17:00,6/30/2019 19:00,2.353,,,,,,,,,,,
6/30/2019 18:00,6/30/2019 20:00,3.025,,,,,,,,,,,
6/30/2019 19:00,6/30/2019 21:00,4.364,,,,,,,,,,,
6/30/2019 20:00,6/30/2019 22:00,5.391,,,,,,,,,,,
6/30/2019 21:00,6/30/2019 23:00,5.485,,,,,,,,,,,
6/30/2019 22:00,7/1/2019 0:00,5.616,,,,,,,,,,,
6/30/2019 23:00,7/1/2019 1:00,6.611,,,,,,,,,,,
7/1/2019 0:00,7/1/2019 2:00,7.63,,,,,,,,,,,
7/1/2019 1:00,7/1/2019 3:00,8.761,,,,,,,,,,,
7/1/2019 2:00,7/1/2019 4:00,10.56,,,,,,,,,,,
7/1/2019 3:00,7/1/2019 5:00,9.74,,,,,,,,,,,
7/1/2019 4:00,7/1/2019 6:00,9.46,,,,,,,,,,,
7/1/2019 5:00,7/1/2019 7:00,7.576,,,,,,,,,,,
7/1/2019 6:00,7/1/2019 8:00,6.173,,,,,,,,,,,
7/1/2019 7:00,7/1/2019 9:00,4.635,,,,,,,,,,,
7/1/2019 8:00,7/1/2019 10:00,2.547,,,,,,,,,,,
7/1/2019 9:00,7/1/2019 11:00,0.905,,,,,,,,,,,
7/1/2019 10:00,7/1/2019 12:00,0.462,,,,,,,,,,,
7/1/2019 11:00,7/1/2019 13:00,1.133,,,,,,,,,,,
7/1/2019 12:00,7/1/2019 14:00,2.453,,,,,,,,,,,
7/1/2019 13:00,7/1/2019 15:00,3.715,,,,,,,,,,,
7/1/2019 14:00,7/1/2019 16:00,4.648,,,,,,,,,,,
7/1/2019 15:00,7/1/2019 17:00,4.983,,,,,,,,,,,
7/1/2019 16:00,7/1/2019 18:00,5.255,,,,,,,,,,,
7/1/2019 17:00,7/1/2019 19:00,5.697,,,,,,,,,,,
7/1/2019 18:00,7/1/2019 20:00,6.001,,,,,,,,,,,
7/1/2019 19:00,7/1/2019 21:00,6.187,,,,,,,,,,,
7/1/2019 20:00,7/1/2019 22:00,5.876,,,,,,,,,,,
7/1/2019 21:00,7/1/2019 23:00,5.429,,,,,,,,,,,
7/1/2019 22:00,7/2/2019 0:00,5.38,,,,,,,,,,,
7/1/2019 23:00,7/2/2019 1:00,5.057,,,,,,,,,,,
7/2/2019 0:00,7/2/2019 2:00,4.603,,,,,,,,,,,
7/2/2019 1:00,7/2/2019 3:00,4.484,,,,,,,,,,,
7/2/2019 2:00,7/2/2019 4:00,3.959,,,,,,,,,,,
7/2/2019 3:00,7/2/2019 5:00,3.643,,,,,,,,,,,
7/2/2019 4:00,7/2/2019 6:00,3.653,,,,,,,,,,,
7/2/2019 5:00,7/2/2019 7:00,3.577,,,,,,,,,,,
7/2/2019 6:00,7/2/2019 8:00,3.351,,,,,,,,,,,
7/2/2019 7:00,7/2/2019 9:00,3.259,,,,,,,,,,,
7/2/2019 8:00,7/2/2019 10:00,3.114,,,,,,,,,,,
7/2/2019 9:00,7/2/2019 11:00,2.885,,,,,,,,,,,
7/2/2019 10:00,7/2/2019 12:00,2.447,,,,,,,,,,,
7/2/2019 11:00,7/2/2019 13:00,1.967,,,,,,,,,,,
7/2/2019 12:00,7/2/2019 14:00,1.55,,,,,,,,,,,
7/2/2019 13:00,7/2/2019 15:00,1.259,,,,,,,,,,,
7/2/2019 14:00,7/2/2019 16:00,0.909,,,,,,,,,,,
7/2/2019 15:00,7/2/2019 17:00,0.541,,,,,,,,,,,
7/2/2019 16:00,7/2/2019 18:00,0.277,,,,,,,,,,,
7/2/2019 17:00,7/2/2019 19:00,0.175,,,,,,,,,,,
7/2/2019 18:00,7/2/2019 20:00,0.22,,,,,,,,,,,
7/2/2019 19:00,7/2/2019 21:00,0.537,,,,,,,,,,,
7/2/2019 20:00,7/2/2019 22:00,1.232,,,,,,,,,,,
7/2/2019 21:00,7/2/2019 23:00,1.501,,,,,,,,,,,
7/2/2019 22:00,7/3/2019 0:00,1.536,,,,,,,,,,,
7/2/2019 23:00,7/3/2019 1:00,1.643,,,,,,,,,,,
7/3/2019 0:00,7/3/2019 2:00,1.728,,,,,,,,,,,
7/3/2019 1:00,7/3/2019 3:00,1.764,,,,,,,,,,,
7/3/2019 2:00,7/3/2019 4:00,1.628,,,,,,,,,,,
7/3/2019 3:00,7/3/2019 5:00,1.178,,,,,,,,,,,
7/3/2019 4:00,7/3/2019 6:00,1.007,,,,,,,,,,,
7/3/2019 5:00,7/3/2019 7:00,0.68,,,,,,,,,,,
7/3/2019 6:00,7/3/2019 8:00,0.384,,,,,,,,,,,
7/3/2019 7:00,7/3/2019 9:00,0.194,,,,,,,,,,,
7/3/2019 8:00,7/3/2019 10:00,0.06,,,,,,,,,,,
7/3/2019 9:00,7/3/2019 11:00,0.021,,,,,,,,,,,
7/3/2019 10:00,7/3/2019 12:00,0.148,,,,,,,,,,,
7/3/2019 11:00,7/3/2019 13:00,1.033,,,,,,,,,,,
7/3/2019 12:00,7/3/2019 14:00,2.15,,,,,,,,,,,
7/3/2019 13:00,7/3/2019 15:00,3.319,,,,,,,,,,,
7/3/2019 14:00,7/3/2019 16:00,4.387,,,,,,,,,,,
7/3/2019 15:00,7/3/2019 17:00,4.953,,,,,,,,,,,
7/3/2019 16:00,7/3/2019 18:00,5.055,,,,,,,,,,,
7/3/2019 17:00,7/3/2019 19:00,4.91,,,,,,,,,,,
7/3/2019 18:00,7/3/2019 20:00,4.316,,,,,,,,,,,
7/3/2019 19:00,7/3/2019 21:00,3.868,,,,,,,,,,,
7/3/2019 20:00,7/3/2019 22:00,3.784,,,,,,,,,,,
7/3/2019 21:00,7/3/2019 23:00,3.632,,,,,,,,,,,
7/3/2019 22:00,7/4/2019 0:00,3.18,,,,,,,,,,,
7/3/2019 23:00,7/4/2019 1:00,3.017,,,,,,,,,,,
7/4/2019 0:00,7/4/2019 2:00,2.978,,,,,,,,,,,
7/4/2019 1:00,7/4/2019 3:00,2.584,,,,,,,,,,,
7/4/2019 2:00,7/4/2019 4:00,2.628,,,,,,,,,,,
7/4/2019 3:00,7/4/2019 5:00,2.562,,,,,,,,,,,
7/4/2019 4:00,7/4/2019 6:00,2.707,,,,,,,,,,,
7/4/2019 5:00,7/4/2019 7:00,2.854,,,,,,,,,,,
7/4/2019 6:00,7/4/2019 8:00,3.129,,,,,,,,,,,
7/4/2019 7:00,7/4/2019 9:00,3.397,,,,,,,,,,,
7/4/2019 8:00,7/4/2019 10:00,3.665,,,,,,,,,,,
7/4/2019 9:00,7/4/2019 11:00,3.569,,,,,,,,,,,
7/4/2019 10:00,7/4/2019 12:00,3.606,,,,,,,,,,,
7/4/2019 11:00,7/4/2019 13:00,3.938,,,,,,,,,,,
7/4/2019 12:00,7/4/2019 14:00,4.566,,,,,,,,,,,
7/4/2019 13:00,7/4/2019 15:00,5.175,,,,,,,,,,,
7/4/2019 14:00,7/4/2019 16:00,5.391,,,,,,,,,,,
7/4/2019 15:00,7/4/2019 17:00,5.251,,,,,,,,,,,
7/4/2019 16:00,7/4/2019 18:00,4.771,,,,,,,,,,,
7/4/2019 17:00,7/4/2019 19:00,4.218,,,,,,,,,,,
7/4/2019 18:00,7/4/2019 20:00,3.532,,,,,,,,,,,
7/4/2019 19:00,7/4/2019 21:00,2.812,,,,,,,,,,,
7/4/2019 20:00,7/4/2019 22:00,2.262,,,,,,,,,,,
7/4/2019 21:00,7/4/2019 23:00,2.112,,,,,,,,,,,
7/4/2019 22:00,7/5/2019 0:00,2.153,,,,,,,,,,,
7/4/2019 23:00,7/5/2019 1:00,2.202,,,,,,,,,,,
7/5/2019 0:00,7/5/2019 2:00,2.389,,,,,,,,,,,
7/5/2019 1:00,7/5/2019 3:00,2.379,,,,,,,,,,,
7/5/2019 2:00,7/5/2019 4:00,2.224,,,,,,,,,,,
7/5/2019 3:00,7/5/2019 5:00,1.848,,,,,,,,,,,
7/5/2019 4:00,7/5/2019 6:00,1.642,,,,,,,,,,,
7/5/2019 5:00,7/5/2019 7:00,1.309,,,,,,,,,,,
7/5/2019 6:00,7/5/2019 8:00,1.092,,,,,,,,,,,
7/5/2019 7:00,7/5/2019 9:00,0.896,,,,,,,,,,,
7/5/2019 8:00,7/5/2019 10:00,0.816,,,,,,,,,,,
7/5/2019 9:00,7/5/2019 11:00,0.806,,,,,,,,,,,
7/5/2019 10:00,7/5/2019 12:00,0.883,,,,,,,,,,,
7/5/2019 11:00,7/5/2019 13:00,1.167,,,,,,,,,,,
7/5/2019 12:00,7/5/2019 14:00,1.403,,,,,,,,,,,
7/5/2019 13:00,7/5/2019 15:00,1.572,,,,,,,,,,,
7/5/2019 14:00,7/5/2019 16:00,1.722,,,,,,,,,,,
7/5/2019 15:00,7/5/2019 17:00,1.966,,,,,,,,,,,
7/5/2019 16:00,7/5/2019 18:00,2.188,,,,,,,,,,,
7/5/2019 17:00,7/5/2019 19:00,2.473,,,,,,,,,,,
7/5/2019 18:00,7/5/2019 20:00,2.809,,,,,,,,,,,
7/5/2019 19:00,7/5/2019 21:00,3.039,,,,,,,,,,,
7/5/2019 20:00,7/5/2019 22:00,3.386,,,,,,,,,,,
7/5/2019 21:00,7/5/2019 23:00,3.65,,,,,,,,,,,
7/5/2019 22:00,7/6/2019 0:00,3.697,,,,,,,,,,,
7/5/2019 23:00,7/6/2019 1:00,3.591,,,,,,,,,,,
7/6/2019 0:00,7/6/2019 2:00,3.67,,,,,,,,,,,
7/6/2019 1:00,7/6/2019 3:00,3.85,,,,,,,,,,,
7/6/2019 2:00,7/6/2019 4:00,3.791,,,,,,,,,,,
7/6/2019 3:00,7/6/2019 5:00,3.79,,,,,,,,,,,
7/6/2019 4:00,7/6/2019 6:00,4.429,,,,,,,,,,,
7/6/2019 5:00,7/6/2019 7:00,5.561,,,,,,,,,,,
7/6/2019 6:00,7/6/2019 8:00,5.909,,,,,,,,,,,
7/6/2019 7:00,7/6/2019 9:00,6.207,,,,,,,,,,,
7/6/2019 8:00,7/6/2019 10:00,5.996,,,,,,,,,,,
7/6/2019 9:00,7/6/2019 11:00,5.671,,,,,,,,,,,
7/6/2019 10:00,7/6/2019 12:00,5.487,,,,,,,,,,,
7/6/2019 11:00,7/6/2019 13:00,5.711,,,,,,,,,,,
7/6/2019 12:00,7/6/2019 14:00,5.588,,,,,,,,,,,
7/6/2019 13:00,7/6/2019 15:00,5.218,,,,,,,,,,,
7/6/2019 14:00,7/6/2019 16:00,4.518,,,,,,,,,,,
7/6/2019 15:00,7/6/2019 17:00,3.455,,,,,,,,,,,
7/6/2019 16:00,7/6/2019 18:00,2.529,,,,,,,,,,,
7/6/2019 17:00,7/6/2019 19:00,1.951,,,,,,,,,,,
7/6/2019 18:00,7/6/2019 20:00,1.49,,,,,,,,,,,
7/6/2019 19:00,7/6/2019 21:00,1.225,,,,,,,,,,,
7/6/2019 20:00,7/6/2019 22:00,1.524,,,,,,,,,,,
7/6/2019 21:00,7/6/2019 23:00,2.063,,,,,,,,,,,
7/6/2019 22:00,7/7/2019 0:00,2.712,,,,,,,,,,,
7/6/2019 23:00,7/7/2019 1:00,3.107,,,,,,,,,,,
7/7/2019 0:00,7/7/2019 2:00,3.278,,,,,,,,,,,
7/7/2019 1:00,7/7/2019 3:00,3.371,,,,,,,,,,,
7/7/2019 2:00,7/7/2019 4:00,3.108,,,,,,,,,,,
7/7/2019 3:00,7/7/2019 5:00,2.548,,,,,,,,,,,
7/7/2019 4:00,7/7/2019 6:00,2.626,,,,,,,,,,,
7/7/2019 5:00,7/7/2019 7:00,2.561,,,,,,,,,,,
7/7/2019 6:00,7/7/2019 8:00,2.128,,,,,,,,,,,
7/7/2019 7:00,7/7/2019 9:00,1.581,,,,,,,,,,,
7/7/2019 8:00,7/7/2019 10:00,1.21,,,,,,,,,,,
7/7/2019 9:00,7/7/2019 11:00,1.016,,,,,,,,,,,
7/7/2019 10:00,7/7/2019 12:00,1.106,,,,,,,,,,,
7/7/2019 11:00,7/7/2019 13:00,1.331,,,,,,,,,,,
7/7/2019 12:00,7/7/2019 14:00,1.564,,,,,,,,,,,
7/7/2019 13:00,7/7/2019 15:00,1.896,,,,,,,,,,,
7/7/2019 14:00,7/7/2019 16:00,2.352,,,,,,,,,,,
7/7/2019 15:00,7/7/2019 17:00,2.624,,,,,,,,,,,
7/7/2019 16:00,7/7/2019 18:00,2.605,,,,,,,,,,,
7/7/2019 17:00,7/7/2019 19:00,2.331,,,,,,,,,,,
7/7/2019 18:00,7/7/2019 20:00,2.187,,,,,,,,,,,
7/7/2019 19:00,7/7/2019 21:00,2.369,,,,,,,,,,,
7/7/2019 20:00,7/7/2019 22:00,2.689,,,,,,,,,,,
7/7/2019 21:00,7/7/2019 23:00,2.624,,,,,,,,,,,
7/7/2019 22:00,7/8/2019 0:00,2.896,,,,,,,,,,,
7/7/2019 23:00,7/8/2019 1:00,3.456,,,,,,,,,,,
7/8/2019 0:00,7/8/2019 2:00,3.987,,,,,,,,,,,
7/8/2019 1:00,7/8/2019 3:00,4.576,,,,,,,,,,,
7/8/2019 2:00,7/8/2019 4:00,4.355,,,,,,,,,,,
7/8/2019 3:00,7/8/2019 5:00,4.232,,,,,,,,,,,
7/8/2019 4:00,7/8/2019 6:00,4.189,,,,,,,,,,,
7/8/2019 5:00,7/8/2019 7:00,3.668,,,,,,,,,,,
7/8/2019 6:00,7/8/2019 8:00,3.244,,,,,,,,,,,
7/8/2019 7:00,7/8/2019 9:00,3.194,,,,,,,,,,,
7/8/2019 8:00,7/8/2019 10:00,3.251,,,,,,,,,,,
7/8/2019 9:00,7/8/2019 11:00,3.616,,,,,,,,,,,
7/8/2019 10:00,7/8/2019 12:00,4.21,,,,,,,,,,,
7/8/2019 11:00,7/8/2019 13:00,4.687,,,,,,,,,,,
7/8/2019 12:00,7/8/2019 14:00,5.035,,,,,,,,,,,
7/8/2019 13:00,7/8/2019 15:00,5.095,,,,,,,,,,,
7/8/2019 14:00,7/8/2019 16:00,5.152,,,,,,,,,,,
7/8/2019 15:00,7/8/2019 17:00,5.177,,,,,,,,,,,
7/8/2019 16:00,7/8/2019 18:00,4.813,,,,,,,,,,,
7/8/2019 17:00,7/8/2019 19:00,4.543,,,,,,,,,,,
7/8/2019 18:00,7/8/2019 20:00,2.919,,,,,,,,,,,
7/8/2019 19:00,7/8/2019 21:00,2.243,,,,,,,,,,,
7/8/2019 20:00,7/8/2019 22:00,2.186,,,,,,,,,,,
7/8/2019 21:00,7/8/2019 23:00,2.037,,,,,,,,,,,
7/8/2019 22:00,7/9/2019 0:00,1.837,,,,,,,,,,,
7/8/2019 23:00,7/9/2019 1:00,1.617,,,,,,,,,,,
7/9/2019 0:00,7/9/2019 2:00,1.473,,,,,,,,,,,
7/9/2019 1:00,7/9/2019 3:00,1.381,,,,,,,,,,,
7/9/2019 2:00,7/9/2019 4:00,1.286,,,,,,,,,,,
7/9/2019 3:00,7/9/2019 5:00,0.983,,,,,,,,,,,
7/9/2019 4:00,7/9/2019 6:00,0.269,,,,,,,,,,,
7/9/2019 5:00,7/9/2019 7:00,0.183,,,,,,,,,,,
7/9/2019 6:00,7/9/2019 8:00,0.548,,,,,,,,,,,
7/9/2019 7:00,7/9/2019 9:00,0.88,,,,,,,,,,,
7/9/2019 8:00,7/9/2019 10:00,1.203,,,,,,,,,,,
7/9/2019 9:00,7/9/2019 11:00,1.45,,,,,,,,,,,
7/9/2019 10:00,7/9/2019 12:00,1.792,,,,,,,,,,,
7/9/2019 11:00,7/9/2019 13:00,2.46,,,,,,,,,,,
7/9/2019 12:00,7/9/2019 14:00,3.244,,,,,,,,,,,
7/9/2019 13:00,7/9/2019 15:00,3.708,,,,,,,,,,,
7/9/2019 14:00,7/9/2019 16:00,3.86,,,,,,,,,,,
7/9/2019 15:00,7/9/2019 17:00,3.939,,,,,,,,,,,
7/9/2019 16:00,7/9/2019 18:00,3.79,,,,,,,,,,,
7/9/2019 17:00,7/9/2019 19:00,3.589,,,,,,,,,,,
7/9/2019 18:00,7/9/2019 20:00,2.921,,,,,,,,,,,
7/9/2019 19:00,7/9/2019 21:00,2.324,,,,,,,,,,,
7/9/2019 20:00,7/9/2019 22:00,2.049,,,,,,,,,,,
7/9/2019 21:00,7/9/2019 23:00,1.458,,,,,,,,,,,
7/9/2019 22:00,7/10/2019 0:00,0.913,,,,,,,,,,,
7/9/2019 23:00,7/10/2019 1:00,0.592,,,,,,,,,,,
7/10/2019 0:00,7/10/2019 2:00,0.311,,,,,,,,,,,
7/10/2019 1:00,7/10/2019 3:00,0.19,,,,,,,,,,,
7/10/2019 2:00,7/10/2019 4:00,0.101,,,,,,,,,,,
7/10/2019 3:00,7/10/2019 5:00,0.066,,,,,,,,,,,
7/10/2019 4:00,7/10/2019 6:00,0.13,,,,,,,,,,,
7/10/2019 5:00,7/10/2019 7:00,0.388,,,,,,,,,,,
7/10/2019 6:00,7/10/2019 8:00,0.702,,,,,,,,,,,
7/10/2019 7:00,7/10/2019 9:00,0.861,,,,,,,,,,,
7/10/2019 8:00,7/10/2019 10:00,0.924,,,,,,,,,,,
7/10/2019 9:00,7/10/2019 11:00,0.979,,,,,,,,,,,
7/10/2019 10:00,7/10/2019 12:00,1.1,,,,,,,,,,,
7/10/2019 11:00,7/10/2019 13:00,1.214,,,,,,,,,,,
7/10/2019 12:00,7/10/2019 14:00,1.339,,,,,,,,,,,
7/10/2019 13:00,7/10/2019 15:00,1.509,,,,,,,,,,,
7/10/2019 14:00,7/10/2019 16:00,1.729,,,,,,,,,,,
7/10/2019 15:00,7/10/2019 17:00,1.882,,,,,,,,,,,
7/10/2019 16:00,7/10/2019 18:00,1.966,,,,,,,,,,,
7/10/2019 17:00,7/10/2019 19:00,1.924,,,,,,,,,,,
7/10/2019 18:00,7/10/2019 20:00,1.86,,,,,,,,,,,
7/10/2019 19:00,7/10/2019 21:00,1.791,,,,,,,,,,,
7/10/2019 20:00,7/10/2019 22:00,1.657,,,,,,,,,,,
7/10/2019 21:00,7/10/2019 23:00,1.39,,,,,,,,,,,
7/10/2019 22:00,7/11/2019 0:00,1.204,,,,,,,,,,,
7/10/2019 23:00,7/11/2019 1:00,1.106,,,,,,,,,,,
7/11/2019 0:00,7/11/2019 2:00,1.073,,,,,,,,,,,
7/11/2019 1:00,7/11/2019 3:00,1.123,,,,,,,,,,,
7/11/2019 2:00,7/11/2019 4:00,0.942,,,,,,,,,,,
7/11/2019 3:00,7/11/2019 5:00,0.742,,,,,,,,,,,
7/11/2019 4:00,7/11/2019 6:00,0.727,,,,,,,,,,,
7/11/2019 5:00,7/11/2019 7:00,0.814,,,,,,,,,,,
7/11/2019 6:00,7/11/2019 8:00,0.981,,,,,,,,,,,
7/11/2019 7:00,7/11/2019 9:00,1.234,,,,,,,,,,,
7/11/2019 8:00,7/11/2019 10:00,1.488,,,,,,,,,,,
7/11/2019 9:00,7/11/2019 11:00,1.745,,,,,,,,,,,
7/11/2019 10:00,7/11/2019 12:00,2.036,,,,,,,,,,,
7/11/2019 11:00,7/11/2019 13:00,2.335,,,,,,,,,,,
7/11/2019 12:00,7/11/2019 14:00,2.532,,,,,,,,,,,
7/11/2019 13:00,7/11/2019 15:00,2.659,,,,,,,,,,,
7/11/2019 14:00,7/11/2019 16:00,2.724,,,,,,,,,,,
7/11/2019 15:00,7/11/2019 17:00,2.852,,,,,,,,,,,
7/11/2019 16:00,7/11/2019 18:00,2.904,,,,,,,,,,,
7/11/2019 17:00,7/11/2019 19:00,2.949,,,,,,,,,,,
7/11/2019 18:00,7/11/2019 20:00,2.854,,,,,,,,,,,
7/11/2019 19:00,7/11/2019 21:00,2.534,,,,,,,,,,,
7/11/2019 20:00,7/11/2019 22:00,2.262,,,,,,,,,,,
7/11/2019 21:00,7/11/2019 23:00,1.988,,,,,,,,,,,
7/11/2019 22:00,7/12/2019 0:00,1.745,,,,,,,,,,,
7/11/2019 23:00,7/12/2019 1:00,1.551,,,,,,,,,,,
7/12/2019 0:00,7/12/2019 2:00,1.395,,,,,,,,,,,
7/12/2019 1:00,7/12/2019 3:00,1.198,,,,,,,,,,,
7/12/2019 2:00,7/12/2019 4:00,0.999,,,,,,,,,,,
7/12/2019 3:00,7/12/2019 5:00,0.856,,,,,,,,,,,
7/12/2019 4:00,7/12/2019 6:00,0.708,,,,,,,,,,,
7/12/2019 5:00,7/12/2019 7:00,0.571,,,,,,,,,,,
7/12/2019 6:00,7/12/2019 8:00,0.44,,,,,,,,,,,
7/12/2019 7:00,7/12/2019 9:00,0.388,,,,,,,,,,,
7/12/2019 8:00,7/12/2019 10:00,0.402,,,,,,,,,,,
7/12/2019 9:00,7/12/2019 11:00,0.539,,,,,,,,,,,
7/12/2019 10:00,7/12/2019 12:00,0.813,,,,,,,,,,,
7/12/2019 11:00,7/12/2019 13:00,1.17,,,,,,,,,,,
7/12/2019 12:00,7/12/2019 14:00,1.549,,,,,,,,,,,
7/12/2019 13:00,7/12/2019 15:00,1.921,,,,,,,,,,,
7/12/2019 14:00,7/12/2019 16:00,2.322,,,,,,,,,,,
7/12/2019 15:00,7/12/2019 17:00,2.884,,,,,,,,,,,
7/12/2019 16:00,7/12/2019 18:00,3.315,,,,,,,,,,,
7/12/2019 17:00,7/12/2019 19:00,3.241,,,,,,,,,,,
7/12/2019 18:00,7/12/2019 20:00,2.708,,,,,,,,,,,
7/12/2019 19:00,7/12/2019 21:00,2.154,,,,,,,,,,,
7/12/2019 20:00,7/12/2019 22:00,1.826,,,,,,,,,,,
7/12/2019 21:00,7/12/2019 23:00,1.446,,,,,,,,,,,
7/12/2019 22:00,7/13/2019 0:00,1.011,,,,,,,,,,,
7/12/2019 23:00,7/13/2019 1:00,0.788,,,,,,,,,,,
7/13/2019 0:00,7/13/2019 2:00,0.701,,,,,,,,,,,
7/13/2019 1:00,7/13/2019 3:00,0.566,,,,,,,,,,,
7/13/2019 2:00,7/13/2019 4:00,0.348,,,,,,,,,,,
7/13/2019 3:00,7/13/2019 5:00,0.181,,,,,,,,,,,
7/13/2019 4:00,7/13/2019 6:00,0.102,,,,,,,,,,,
7/13/2019 5:00,7/13/2019 7:00,0.064,,,,,,,,,,,
7/13/2019 6:00,7/13/2019 8:00,0.111,,,,,,,,,,,
7/13/2019 7:00,7/13/2019 9:00,0.408,,,,,,,,,,,
7/13/2019 8:00,7/13/2019 10:00,0.773,,,,,,,,,,,
7/13/2019 9:00,7/13/2019 11:00,1.31,,,,,,,,,,,
7/13/2019 10:00,7/13/2019 12:00,1.967,,,,,,,,,,,
7/13/2019 11:00,7/13/2019 13:00,2.585,,,,,,,,,,,
7/13/2019 12:00,7/13/2019 14:00,2.96,,,,,,,,,,,
7/13/2019 13:00,7/13/2019 15:00,3.085,,,,,,,,,,,
7/13/2019 14:00,7/13/2019 16:00,3.157,,,,,,,,,,,
7/13/2019 15:00,7/13/2019 17:00,3.261,,,,,,,,,,,
7/13/2019 16:00,7/13/2019 18:00,3.428,,,,,,,,,,,
7/13/2019 17:00,7/13/2019 19:00,3.449,,,,,,,,,,,
7/13/2019 18:00,7/13/2019 20:00,3.214,,,,,,,,,,,
7/13/2019 19:00,7/13/2019 21:00,2.739,,,,,,,,,,,
7/13/2019 20:00,7/13/2019 22:00,2.268,,,,,,,,,,,
7/13/2019 21:00,7/13/2019 23:00,1.993,,,,,,,,,,,
7/13/2019 22:00,7/14/2019 0:00,1.718,,,,,,,,,,,
7/13/2019 23:00,7/14/2019 1:00,1.39,,,,,,,,,,,
7/14/2019 0:00,7/14/2019 2:00,1.236,,,,,,,,,,,
7/14/2019 1:00,7/14/2019 3:00,1.189,,,,,,,,,,,
7/14/2019 2:00,7/14/2019 4:00,1.302,,,,,,,,,,,
7/14/2019 3:00,7/14/2019 5:00,1.2,,,,,,,,,,,
7/14/2019 4:00,7/14/2019 6:00,1.107,,,,,,,,,,,
7/14/2019 5:00,7/14/2019 7:00,1.013,,,,,,,,,,,
7/14/2019 6:00,7/14/2019 8:00,0.935,,,,,,,,,,,
7/14/2019 7:00,7/14/2019 9:00,0.81,,,,,,,,,,,
7/14/2019 8:00,7/14/2019 10:00,0.688,,,,,,,,,,,
7/14/2019 9:00,7/14/2019 11:00,0.681,,,,,,,,,,,
7/14/2019 10:00,7/14/2019 12:00,0.741,,,,,,,,,,,
7/14/2019 11:00,7/14/2019 13:00,0.86,,,,,,,,,,,
7/14/2019 12:00,7/14/2019 14:00,1.102,,,,,,,,,,,
7/14/2019 13:00,7/14/2019 15:00,1.411,,,,,,,,,,,
7/14/2019 14:00,7/14/2019 16:00,1.704,,,,,,,,,,,
7/14/2019 15:00,7/14/2019 17:00,1.861,,,,,,,,,,,
7/14/2019 16:00,7/14/2019 18:00,2.06,,,,,,,,,,,
7/14/2019 17:00,7/14/2019 19:00,2.461,,,,,,,,,,,
7/14/2019 18:00,7/14/2019 20:00,2.761,,,,,,,,,,,
7/14/2019 19:00,7/14/2019 21:00,2.774,,,,,,,,,,,
7/14/2019 20:00,7/14/2019 22:00,2.58,,,,,,,,,,,
7/14/2019 21:00,7/14/2019 23:00,2.493,,,,,,,,,,,
7/14/2019 22:00,7/15/2019 0:00,2.239,,,,,,,,,,,
7/14/2019 23:00,7/15/2019 1:00,1.996,,,,,,,,,,,
7/15/2019 0:00,7/15/2019 2:00,1.861,,,,,,,,,,,
7/15/2019 1:00,7/15/2019 3:00,1.745,,,,,,,,,,,
7/15/2019 2:00,7/15/2019 4:00,1.713,,,,,,,,,,,
7/15/2019 3:00,7/15/2019 5:00,1.687,,,,,,,,,,,
7/15/2019 4:00,7/15/2019 6:00,1.654,,,,,,,,,,,
7/15/2019 5:00,7/15/2019 7:00,1.636,,,,,,,,,,,
7/15/2019 6:00,7/15/2019 8:00,1.68,,,,,,,,,,,
7/15/2019 7:00,7/15/2019 9:00,1.653,,,,,,,,,,,
7/15/2019 8:00,7/15/2019 10:00,1.695,,,,,,,,,,,
7/15/2019 9:00,7/15/2019 11:00,1.834,,,,,,,,,,,
7/15/2019 10:00,7/15/2019 12:00,2.232,,,,,,,,,,,
7/15/2019 11:00,7/15/2019 13:00,2.781,,,,,,,,,,,
7/15/2019 12:00,7/15/2019 14:00,3.272,,,,,,,,,,,
7/15/2019 13:00,7/15/2019 15:00,3.573,,,,,,,,,,,
7/15/2019 14:00,7/15/2019 16:00,3.55,,,,,,,,,,,
7/15/2019 15:00,7/15/2019 17:00,3.26,,,,,,,,,,,
7/15/2019 16:00,7/15/2019 18:00,3.033,,,,,,,,,,,
7/15/2019 17:00,7/15/2019 19:00,3.109,,,,,,,,,,,
7/15/2019 18:00,7/15/2019 20:00,3.301,,,,,,,,,,,
7/15/2019 19:00,7/15/2019 21:00,3.366,,,,,,,,,,,
7/15/2019 20:00,7/15/2019 22:00,3.244,,,,,,,,,,,
7/15/2019 21:00,7/15/2019 23:00,3.09,,,,,,,,,,,
7/15/2019 22:00,7/16/2019 0:00,2.803,,,,,,,,,,,
7/15/2019 23:00,7/16/2019 1:00,2.495,,,,,,,,,,,
7/16/2019 0:00,7/16/2019 2:00,2.235,,,,,,,,,,,
7/16/2019 1:00,7/16/2019 3:00,2.042,,,,,,,,,,,
7/16/2019 2:00,7/16/2019 4:00,1.92,,,,,,,,,,,
7/16/2019 3:00,7/16/2019 5:00,1.545,,,,,,,,,,,
7/16/2019 4:00,7/16/2019 6:00,1.335,,,,,,,,,,,
7/16/2019 5:00,7/16/2019 7:00,1.283,,,,,,,,,,,
7/16/2019 6:00,7/16/2019 8:00,1.236,,,,,,,,,,,
7/16/2019 7:00,7/16/2019 9:00,1.184,,,,,,,,,,,
7/16/2019 8:00,7/16/2019 10:00,1.198,,,,,,,,,,,
7/16/2019 9:00,7/16/2019 11:00,1.275,,,,,,,,,,,
7/16/2019 10:00,7/16/2019 12:00,1.441,,,,,,,,,,,
7/16/2019 11:00,7/16/2019 13:00,1.563,,,,,,,,,,,
7/16/2019 12:00,7/16/2019 14:00,1.776,,,,,,,,,,,
7/16/2019 13:00,7/16/2019 15:00,1.947,,,,,,,,,,,
7/16/2019 14:00,7/16/2019 16:00,2.074,,,,,,,,,,,
7/16/2019 15:00,7/16/2019 17:00,2.056,,,,,,,,,,,
7/16/2019 16:00,7/16/2019 18:00,1.862,,,,,,,,,,,
7/16/2019 17:00,7/16/2019 19:00,1.756,,,,,,,,,,,
7/16/2019 18:00,7/16/2019 20:00,1.754,,,,,,,,,,,
7/16/2019 19:00,7/16/2019 21:00,1.817,,,,,,,,,,,
7/16/2019 20:00,7/16/2019 22:00,1.86,,,,,,,,,,,
7/16/2019 21:00,7/16/2019 23:00,1.644,,,,,,,,,,,
7/16/2019 22:00,7/17/2019 0:00,1.446,,,,,,,,,,,
7/16/2019 23:00,7/17/2019 1:00,1.33,,,,,,,,,,,
7/17/2019 0:00,7/17/2019 2:00,1.303,,,,,,,,,,,
7/17/2019 1:00,7/17/2019 3:00,1.331,,,,,,,,,,,
7/17/2019 2:00,7/17/2019 4:00,1.366,,,,,,,,,,,
7/17/2019 3:00,7/17/2019 5:00,0.895,,,,,,,,,,,
7/17/2019 4:00,7/17/2019 6:00,0.536,,,,,,,,,,,
7/17/2019 5:00,7/17/2019 7:00,0.263,,,,,,,,,,,
7/17/2019 6:00,7/17/2019 8:00,0.05,,,,,,,,,,,
7/17/2019 7:00,7/17/2019 9:00,0.027,,,,,,,,,,,
7/17/2019 8:00,7/17/2019 10:00,0.029,,,,,,,,,,,
7/17/2019 9:00,7/17/2019 11:00,0.033,,,,,,,,,,,
7/17/2019 10:00,7/17/2019 12:00,0.04,,,,,,,,,,,
7/17/2019 11:00,7/17/2019 13:00,0.081,,,,,,,,,,,
7/17/2019 12:00,7/17/2019 14:00,0.166,,,,,,,,,,,
7/17/2019 13:00,7/17/2019 15:00,0.256,,,,,,,,,,,
7/17/2019 14:00,7/17/2019 16:00,0.367,,,,,,,,,,,
7/17/2019 15:00,7/17/2019 17:00,0.337,,,,,,,,,,,
7/17/2019 16:00,7/17/2019 18:00,0.384,,,,,,,,,,,
7/17/2019 17:00,7/17/2019 19:00,0.453,,,,,,,,,,,
7/17/2019 18:00,7/17/2019 20:00,0.494,,,,,,,,,,,
7/17/2019 19:00,7/17/2019 21:00,0.487,,,,,,,,,,,
7/17/2019 20:00,7/17/2019 22:00,0.43,,,,,,,,,,,
7/17/2019 21:00,7/17/2019 23:00,0.352,,,,,,,,,,,
7/17/2019 22:00,7/18/2019 0:00,0.322,,,,,,,,,,,
7/17/2019 23:00,7/18/2019 1:00,0.313,,,,,,,,,,,
7/18/2019 0:00,7/18/2019 2:00,0.348,,,,,,,,,,,
7/18/2019 1:00,7/18/2019 3:00,0.399,,,,,,,,,,,
7/18/2019 2:00,7/18/2019 4:00,0.5,,,,,,,,,,,
7/18/2019 3:00,7/18/2019 5:00,0.623,,,,,,,,,,,
7/18/2019 4:00,7/18/2019 6:00,0.735,,,,,,,,,,,
7/18/2019 5:00,7/18/2019 7:00,0.895,,,,,,,,,,,
7/18/2019 6:00,7/18/2019 8:00,1.021,,,,,,,,,,,
7/18/2019 7:00,7/18/2019 9:00,1.177,,,,,,,,,,,
7/18/2019 8:00,7/18/2019 10:00,1.253,,,,,,,,,,,
7/18/2019 9:00,7/18/2019 11:00,1.366,,,,,,,,,,,
7/18/2019 10:00,7/18/2019 12:00,1.559,,,,,,,,,,,
7/18/2019 11:00,7/18/2019 13:00,1.836,,,,,,,,,,,
7/18/2019 12:00,7/18/2019 14:00,2.068,,,,,,,,,,,
7/18/2019 13:00,7/18/2019 15:00,2.306,,,,,,,,,,,
7/18/2019 14:00,7/18/2019 16:00,2.67,,,,,,,,,,,
7/18/2019 15:00,7/18/2019 17:00,2.724,,,,,,,,,,,
7/18/2019 16:00,7/18/2019 18:00,2.737,,,,,,,,,,,
7/18/2019 17:00,7/18/2019 19:00,2.864,,,,,,,,,,,
7/18/2019 18:00,7/18/2019 20:00,2.838,,,,,,,,,,,
7/18/2019 19:00,7/18/2019 21:00,3.692,,,,,,,,,,,
7/18/2019 20:00,7/18/2019 22:00,4.848,,,,,,,,,,,
7/18/2019 21:00,7/18/2019 23:00,5.702,,,,,,,,,,,
7/18/2019 22:00,7/19/2019 0:00,6.182,,,,,,,,,,,
7/18/2019 23:00,7/19/2019 1:00,6.694,,,,,,,,,,,
7/19/2019 0:00,7/19/2019 2:00,6.908,,,,,,,,,,,
7/19/2019 1:00,7/19/2019 3:00,6.754,,,,,,,,,,,
7/19/2019 2:00,7/19/2019 4:00,6.157,,,,,,,,,,,
7/19/2019 3:00,7/19/2019 5:00,4.727,,,,,,,,,,,
7/19/2019 4:00,7/19/2019 6:00,3.791,,,,,,,,,,,
7/19/2019 5:00,7/19/2019 7:00,4.566,,,,,,,,,,,
7/19/2019 6:00,7/19/2019 8:00,5.132,,,,,,,,,,,
7/19/2019 7:00,7/19/2019 9:00,4.637,,,,,,,,,,,
7/19/2019 8:00,7/19/2019 10:00,3.966,,,,,,,,,,,
7/19/2019 9:00,7/19/2019 11:00,3.675,,,,,,,,,,,
7/19/2019 10:00,7/19/2019 12:00,3.474,,,,,,,,,,,
7/19/2019 11:00,7/19/2019 13:00,3.193,,,,,,,,,,,
7/19/2019 12:00,7/19/2019 14:00,2.847,,,,,,,,,,,
7/19/2019 13:00,7/19/2019 15:00,2.638,,,,,,,,,,,
7/19/2019 14:00,7/19/2019 16:00,2.445,,,,,,,,,,,
7/19/2019 15:00,7/19/2019 17:00,1.967,,,,,,,,,,,
7/19/2019 16:00,7/19/2019 18:00,1.612,,,,,,,,,,,
7/19/2019 17:00,7/19/2019 19:00,1.382,,,,,,,,,,,
7/19/2019 18:00,7/19/2019 20:00,0.921,,,,,,,,,,,
7/19/2019 19:00,7/19/2019 21:00,0.44,,,,,,,,,,,
7/19/2019 20:00,7/19/2019 22:00,0.441,,,,,,,,,,,
7/19/2019 21:00,7/19/2019 23:00,1.035,,,,,,,,,,,
7/19/2019 22:00,7/20/2019 0:00,1.952,,,,,,,,,,,
7/19/2019 23:00,7/20/2019 1:00,2.654,,,,,,,,,,,
7/20/2019 0:00,7/20/2019 2:00,3.049,,,,,,,,,,,
7/20/2019 1:00,7/20/2019 3:00,3.43,,,,,,,,,,,
7/20/2019 2:00,7/20/2019 4:00,3.62,,,,,,,,,,,
7/20/2019 3:00,7/20/2019 5:00,3.102,,,,,,,,,,,
7/20/2019 4:00,7/20/2019 6:00,2.086,,,,,,,,,,,
7/20/2019 5:00,7/20/2019 7:00,1.547,,,,,,,,,,,
7/20/2019 6:00,7/20/2019 8:00,1.506,,,,,,,,,,,
7/20/2019 7:00,7/20/2019 9:00,1.432,,,,,,,,,,,
7/20/2019 8:00,7/20/2019 10:00,1.33,,,,,,,,,,,
7/20/2019 9:00,7/20/2019 11:00,1.34,,,,,,,,,,,
7/20/2019 10:00,7/20/2019 12:00,1.437,,,,,,,,,,,
7/20/2019 11:00,7/20/2019 13:00,1.494,,,,,,,,,,,
7/20/2019 12:00,7/20/2019 14:00,1.613,,,,,,,,,,,
7/20/2019 13:00,7/20/2019 15:00,1.739,,,,,,,,,,,
7/20/2019 14:00,7/20/2019 16:00,1.668,,,,,,,,,,,
7/20/2019 15:00,7/20/2019 17:00,1.475,,,,,,,,,,,
7/20/2019 16:00,7/20/2019 18:00,1.248,,,,,,,,,,,
7/20/2019 17:00,7/20/2019 19:00,1.129,,,,,,,,,,,
7/20/2019 18:00,7/20/2019 20:00,1.329,,,,,,,,,,,
7/20/2019 19:00,7/20/2019 21:00,1.537,,,,,,,,,,,
7/20/2019 20:00,7/20/2019 22:00,1.575,,,,,,,,,,,
7/20/2019 21:00,7/20/2019 23:00,1.812,,,,,,,,,,,
7/20/2019 22:00,7/21/2019 0:00,2.348,,,,,,,,,,,
7/20/2019 23:00,7/21/2019 1:00,3.02,,,,,,,,,,,
7/21/2019 0:00,7/21/2019 2:00,3.692,,,,,,,,,,,
7/21/2019 1:00,7/21/2019 3:00,4.316,,,,,,,,,,,
7/21/2019 2:00,7/21/2019 4:00,4.801,,,,,,,,,,,
7/21/2019 3:00,7/21/2019 5:00,4.282,,,,,,,,,,,
7/21/2019 4:00,7/21/2019 6:00,3.552,,,,,,,,,,,
7/21/2019 5:00,7/21/2019 7:00,3.23,,,,,,,,,,,
7/21/2019 6:00,7/21/2019 8:00,3.299,,,,,,,,,,,
7/21/2019 7:00,7/21/2019 9:00,3.617,,,,,,,,,,,
7/21/2019 8:00,7/21/2019 10:00,3.704,,,,,,,,,,,
7/21/2019 9:00,7/21/2019 11:00,3.895,,,,,,,,,,,
7/21/2019 10:00,7/21/2019 12:00,4.282,,,,,,,,,,,
7/21/2019 11:00,7/21/2019 13:00,4.404,,,,,,,,,,,
7/21/2019 12:00,7/21/2019 14:00,3.61,,,,,,,,,,,
7/21/2019 13:00,7/21/2019 15:00,2.916,,,,,,,,,,,
7/21/2019 14:00,7/21/2019 16:00,2.571,,,,,,,,,,,
7/21/2019 15:00,7/21/2019 17:00,2.342,,,,,,,,,,,
7/21/2019 16:00,7/21/2019 18:00,2.239,,,,,,,,,,,
7/21/2019 17:00,7/21/2019 19:00,2.322,,,,,,,,,,,
7/21/2019 18:00,7/21/2019 20:00,2.278,,,,,,,,,,,
7/21/2019 19:00,7/21/2019 21:00,2.707,,,,,,,,,,,
7/21/2019 20:00,7/21/2019 22:00,2.904,,,,,,,,,,,
7/21/2019 21:00,7/21/2019 23:00,3.449,,,,,,,,,,,
7/21/2019 22:00,7/22/2019 0:00,4.215,,,,,,,,,,,
7/21/2019 23:00,7/22/2019 1:00,4.713,,,,,,,,,,,
7/22/2019 0:00,7/22/2019 2:00,5.364,,,,,,,,,,,
7/22/2019 1:00,7/22/2019 3:00,5.889,,,,,,,,,,,
7/22/2019 2:00,7/22/2019 4:00,5.985,,,,,,,,,,,
7/22/2019 3:00,7/22/2019 5:00,4.607,,,,,,,,,,,
7/22/2019 4:00,7/22/2019 6:00,4.029,,,,,,,,,,,
7/22/2019 5:00,7/22/2019 7:00,4.939,,,,,,,,,,,
7/22/2019 6:00,7/22/2019 8:00,4.571,,,,,,,,,,,
7/22/2019 7:00,7/22/2019 9:00,4.448,,,,,,,,,,,
7/22/2019 8:00,7/22/2019 10:00,4.288,,,,,,,,,,,
7/22/2019 9:00,7/22/2019 11:00,4.355,,,,,,,,,,,
7/22/2019 10:00,7/22/2019 12:00,4.274,,,,,,,,,,,
7/22/2019 11:00,7/22/2019 13:00,3.918,,,,,,,,,,,
7/22/2019 12:00,7/22/2019 14:00,3.412,,,,,,,,,,,
7/22/2019 13:00,7/22/2019 15:00,2.713,,,,,,,,,,,
7/22/2019 14:00,7/22/2019 16:00,1.864,,,,,,,,,,,
7/22/2019 15:00,7/22/2019 17:00,1.098,,,,,,,,,,,
7/22/2019 16:00,7/22/2019 18:00,0.594,,,,,,,,,,,
7/22/2019 17:00,7/22/2019 19:00,0.34,,,,,,,,,,,
7/22/2019 18:00,7/22/2019 20:00,0.349,,,,,,,,,,,
7/22/2019 19:00,7/22/2019 21:00,0.464,,,,,,,,,,,
7/22/2019 20:00,7/22/2019 22:00,0.602,,,,,,,,,,,
7/22/2019 21:00,7/22/2019 23:00,0.906,,,,,,,,,,,
7/22/2019 22:00,7/23/2019 0:00,1.53,,,,,,,,,,,
7/22/2019 23:00,7/23/2019 1:00,2.485,,,,,,,,,,,
7/23/2019 0:00,7/23/2019 2:00,3.374,,,,,,,,,,,
7/23/2019 1:00,7/23/2019 3:00,3.688,,,,,,,,,,,
7/23/2019 2:00,7/23/2019 4:00,3.925,,,,,,,,,,,
7/23/2019 3:00,7/23/2019 5:00,3.79,,,,,,,,,,,
7/23/2019 4:00,7/23/2019 6:00,3.694,,,,,,,,,,,
7/23/2019 5:00,7/23/2019 7:00,4.123,,,,,,,,,,,
7/23/2019 6:00,7/23/2019 8:00,4.454,,,,,,,,,,,
7/23/2019 7:00,7/23/2019 9:00,5.182,,,,,,,,,,,
7/23/2019 8:00,7/23/2019 10:00,6.295,,,,,,,,,,,
7/23/2019 9:00,7/23/2019 11:00,6.963,,,,,,,,,,,
7/23/2019 10:00,7/23/2019 12:00,6.913,,,,,,,,,,,
7/23/2019 11:00,7/23/2019 13:00,6.217,,,,,,,,,,,
7/23/2019 12:00,7/23/2019 14:00,4.977,,,,,,,,,,,
7/23/2019 13:00,7/23/2019 15:00,4.031,,,,,,,,,,,
7/23/2019 14:00,7/23/2019 16:00,3.275,,,,,,,,,,,
7/23/2019 15:00,7/23/2019 17:00,2.722,,,,,,,,,,,
7/23/2019 16:00,7/23/2019 18:00,2.512,,,,,,,,,,,
7/23/2019 17:00,7/23/2019 19:00,2.224,,,,,,,,,,,
7/23/2019 18:00,7/23/2019 20:00,1.65,,,,,,,,,,,
7/23/2019 19:00,7/23/2019 21:00,2.041,,,,,,,,,,,
7/23/2019 20:00,7/23/2019 22:00,3.419,,,,,,,,,,,
7/23/2019 21:00,7/23/2019 23:00,3.79,,,,,,,,,,,
7/23/2019 22:00,7/24/2019 0:00,2.595,,,,,,,,,,,
7/23/2019 23:00,7/24/2019 1:00,2.356,,,,,,,,,,,
7/24/2019 0:00,7/24/2019 2:00,2.482,,,,,,,,,,,
7/24/2019 1:00,7/24/2019 3:00,2.299,,,,,,,,,,,
7/24/2019 2:00,7/24/2019 4:00,1.912,,,,,,,,,,,
7/24/2019 3:00,7/24/2019 5:00,1.707,,,,,,,,,,,
7/24/2019 4:00,7/24/2019 6:00,1.573,,,,,,,,,,,
7/24/2019 5:00,7/24/2019 7:00,2.03,,,,,,,,,,,
7/24/2019 6:00,7/24/2019 8:00,3.39,,,,,,,,,,,
7/24/2019 7:00,7/24/2019 9:00,4.047,,,,,,,,,,,
7/24/2019 8:00,7/24/2019 10:00,4.967,,,,,,,,,,,
7/24/2019 9:00,7/24/2019 11:00,6.867,,,,,,,,,,,
7/24/2019 10:00,7/24/2019 12:00,8.534,,,,,,,,,,,
7/24/2019 11:00,7/24/2019 13:00,9.461,,,,,,,,,,,
7/24/2019 12:00,7/24/2019 14:00,9.941,,,,,,,,,,,
7/24/2019 13:00,7/24/2019 15:00,9.381,,,,,,,,,,,
7/24/2019 14:00,7/24/2019 16:00,8.672,,,,,,,,,,,
7/24/2019 15:00,7/24/2019 17:00,7.009,,,,,,,,,,,
7/24/2019 16:00,7/24/2019 18:00,4.989,,,,,,,,,,,
7/24/2019 17:00,7/24/2019 19:00,3.244,,,,,,,,,,,
7/24/2019 18:00,7/24/2019 20:00,2.14,,,,,,,,,,,
7/24/2019 19:00,7/24/2019 21:00,1.967,,,,,,,,,,,
7/24/2019 20:00,7/24/2019 22:00,2.514,,,,,,,,,,,
7/24/2019 21:00,7/24/2019 23:00,3.063,,,,,,,,,,,
7/24/2019 22:00,7/25/2019 0:00,3.05,,,,,,,,,,,
7/24/2019 23:00,7/25/2019 1:00,2.603,,,,,,,,,,,
7/25/2019 0:00,7/25/2019 2:00,2.06,,,,,,,,,,,
7/25/2019 1:00,7/25/2019 3:00,1.708,,,,,,,,,,,
7/25/2019 2:00,7/25/2019 4:00,1.448,,,,,,,,,,,
7/25/2019 3:00,7/25/2019 5:00,1.095,,,,,,,,,,,
7/25/2019 4:00,7/25/2019 6:00,1.307,,,,,,,,,,,
7/25/2019 5:00,7/25/2019 7:00,1.59,,,,,,,,,,,
7/25/2019 6:00,7/25/2019 8:00,2.166,,,,,,,,,,,
7/25/2019 7:00,7/25/2019 9:00,2.462,,,,,,,,,,,
7/25/2019 8:00,7/25/2019 10:00,2.802,,,,,,,,,,,
7/25/2019 9:00,7/25/2019 11:00,3.101,,,,,,,,,,,
7/25/2019 10:00,7/25/2019 12:00,3.169,,,,,,,,,,,
7/25/2019 11:00,7/25/2019 13:00,2.854,,,,,,,,,,,
7/25/2019 12:00,7/25/2019 14:00,2.408,,,,,,,,,,,
7/25/2019 13:00,7/25/2019 15:00,1.74,,,,,,,,,,,
7/25/2019 14:00,7/25/2019 16:00,1.186,,,,,,,,,,,
7/25/2019 15:00,7/25/2019 17:00,0.977,,,,,,,,,,,
7/25/2019 16:00,7/25/2019 18:00,0.765,,,,,,,,,,,
7/25/2019 17:00,7/25/2019 19:00,0.615,,,,,,,,,,,
7/25/2019 18:00,7/25/2019 20:00,1.966,,,,,,,,,,,
7/25/2019 19:00,7/25/2019 21:00,3.431,,,,,,,,,,,
7/25/2019 20:00,7/25/2019 22:00,4.473,,,,,,,,,,,
7/25/2019 21:00,7/25/2019 23:00,5.257,,,,,,,,,,,
7/25/2019 22:00,7/26/2019 0:00,5.914,,,,,,,,,,,
7/25/2019 23:00,7/26/2019 1:00,7.792,,,,,,,,,,,
7/26/2019 0:00,7/26/2019 2:00,13.203,,,,,,,,,,,
7/26/2019 1:00,7/26/2019 3:00,13.115,,,,,,,,,,,
7/26/2019 2:00,7/26/2019 4:00,10.733,,,,,,,,,,,
7/26/2019 3:00,7/26/2019 5:00,7.08,,,,,,,,,,,
7/26/2019 4:00,7/26/2019 6:00,6.245,,,,,,,,,,,
7/26/2019 5:00,7/26/2019 7:00,5.63,,,,,,,,,,,
7/26/2019 6:00,7/26/2019 8:00,5.076,,,,,,,,,,,
7/26/2019 7:00,7/26/2019 9:00,4.704,,,,,,,,,,,
7/26/2019 8:00,7/26/2019 10:00,4.259,,,,,,,,,,,
7/26/2019 9:00,7/26/2019 11:00,3.659,,,,,,,,,,,
7/26/2019 10:00,7/26/2019 12:00,2.978,,,,,,,,,,,
7/26/2019 11:00,7/26/2019 13:00,2.305,,,,,,,,,,,
7/26/2019 12:00,7/26/2019 14:00,1.792,,,,,,,,,,,
7/26/2019 13:00,7/26/2019 15:00,1.451,,,,,,,,,,,
7/26/2019 14:00,7/26/2019 16:00,1.173,,,,,,,,,,,
7/26/2019 15:00,7/26/2019 17:00,0.915,,,,,,,,,,,
7/26/2019 16:00,7/26/2019 18:00,0.745,,,,,,,,,,,
7/26/2019 17:00,7/26/2019 19:00,0.71,,,,,,,,,,,
7/26/2019 18:00,7/26/2019 20:00,0.804,,,,,,,,,,,
7/26/2019 19:00,7/26/2019 21:00,1.05,,,,,,,,,,,
7/26/2019 20:00,7/26/2019 22:00,1.374,,,,,,,,,,,
7/26/2019 21:00,7/26/2019 23:00,1.638,,,,,,,,,,,
7/26/2019 22:00,7/27/2019 0:00,1.861,,,,,,,,,,,
7/26/2019 23:00,7/27/2019 1:00,2.015,,,,,,,,,,,
7/27/2019 0:00,7/27/2019 2:00,2.181,,,,,,,,,,,
7/27/2019 1:00,7/27/2019 3:00,2.307,,,,,,,,,,,
7/27/2019 2:00,7/27/2019 4:00,2.343,,,,,,,,,,,
7/27/2019 3:00,7/27/2019 5:00,2.119,,,,,,,,,,,
7/27/2019 4:00,7/27/2019 6:00,1.381,,,,,,,,,,,
7/27/2019 5:00,7/27/2019 7:00,0.834,,,,,,,,,,,
7/27/2019 6:00,7/27/2019 8:00,0.807,,,,,,,,,,,
7/27/2019 7:00,7/27/2019 9:00,1.381,,,,,,,,,,,
7/27/2019 8:00,7/27/2019 10:00,2.127,,,,,,,,,,,
7/27/2019 9:00,7/27/2019 11:00,2.224,,,,,,,,,,,
7/27/2019 10:00,7/27/2019 12:00,2.142,,,,,,,,,,,
7/27/2019 11:00,7/27/2019 13:00,2.319,,,,,,,,,,,
7/27/2019 12:00,7/27/2019 14:00,2.807,,,,,,,,,,,
7/27/2019 13:00,7/27/2019 15:00,3.398,,,,,,,,,,,
7/27/2019 14:00,7/27/2019 16:00,3.671,,,,,,,,,,,
7/27/2019 15:00,7/27/2019 17:00,3.891,,,,,,,,,,,
7/27/2019 16:00,7/27/2019 18:00,3.38,,,,,,,,,,,
7/27/2019 17:00,7/27/2019 19:00,2.784,,,,,,,,,,,
7/27/2019 18:00,7/27/2019 20:00,2.593,,,,,,,,,,,
7/27/2019 19:00,7/27/2019 21:00,2.651,,,,,,,,,,,
7/27/2019 20:00,7/27/2019 22:00,2.972,,,,,,,,,,,
7/27/2019 21:00,7/27/2019 23:00,3.472,,,,,,,,,,,
7/27/2019 22:00,7/28/2019 0:00,4.017,,,,,,,,,,,
7/27/2019 23:00,7/28/2019 1:00,4.63,,,,,,,,,,,
7/28/2019 0:00,7/28/2019 2:00,5.484,,,,,,,,,,,
7/28/2019 1:00,7/28/2019 3:00,5.945,,,,,,,,,,,
7/28/2019 2:00,7/28/2019 4:00,5.481,,,,,,,,,,,
7/28/2019 3:00,7/28/2019 5:00,5.295,,,,,,,,,,,
7/28/2019 4:00,7/28/2019 6:00,4.6,,,,,,,,,,,
7/28/2019 5:00,7/28/2019 7:00,4.481,,,,,,,,,,,
7/28/2019 6:00,7/28/2019 8:00,4.892,,,,,,,,,,,
7/28/2019 7:00,7/28/2019 9:00,4.855,,,,,,,,,,,
7/28/2019 8:00,7/28/2019 10:00,4.695,,,,,,,,,,,
7/28/2019 9:00,7/28/2019 11:00,4.795,,,,,,,,,,,
7/28/2019 10:00,7/28/2019 12:00,5.407,,,,,,,,,,,
7/28/2019 11:00,7/28/2019 13:00,6.438,,,,,,,,,,,
7/28/2019 12:00,7/28/2019 14:00,7.183,,,,,,,,,,,
7/28/2019 13:00,7/28/2019 15:00,7.182,,,,,,,,,,,
7/28/2019 14:00,7/28/2019 16:00,6.781,,,,,,,,,,,
7/28/2019 15:00,7/28/2019 17:00,6.07,,,,,,,,,,,
7/28/2019 16:00,7/28/2019 18:00,5.155,,,,,,,,,,,
7/28/2019 17:00,7/28/2019 19:00,4.478,,,,,,,,,,,
7/28/2019 18:00,7/28/2019 20:00,3.98,,,,,,,,,,,
7/28/2019 19:00,7/28/2019 21:00,3.857,,,,,,,,,,,
7/28/2019 20:00,7/28/2019 22:00,3.963,,,,,,,,,,,
7/28/2019 21:00,7/28/2019 23:00,3.957,,,,,,,,,,,
7/28/2019 22:00,7/29/2019 0:00,4.282,,,,,,,,,,,
7/28/2019 23:00,7/29/2019 1:00,4.67,,,,,,,,,,,
7/29/2019 0:00,7/29/2019 2:00,5.426,,,,,,,,,,,
7/29/2019 1:00,7/29/2019 3:00,5.781,,,,,,,,,,,
7/29/2019 2:00,7/29/2019 4:00,6.489,,,,,,,,,,,
7/29/2019 3:00,7/29/2019 5:00,5.549,,,,,,,,,,,
7/29/2019 4:00,7/29/2019 6:00,4.497,,,,,,,,,,,
7/29/2019 5:00,7/29/2019 7:00,4.053,,,,,,,,,,,
7/29/2019 6:00,7/29/2019 8:00,4.179,,,,,,,,,,,
7/29/2019 7:00,7/29/2019 9:00,4.724,,,,,,,,,,,
7/29/2019 8:00,7/29/2019 10:00,5.481,,,,,,,,,,,
7/29/2019 9:00,7/29/2019 11:00,5.965,,,,,,,,,,,
7/29/2019 10:00,7/29/2019 12:00,6.172,,,,,,,,,,,
7/29/2019 11:00,7/29/2019 13:00,6.449,,,,,,,,,,,
7/29/2019 12:00,7/29/2019 14:00,6.734,,,,,,,,,,,
7/29/2019 13:00,7/29/2019 15:00,7.088,,,,,,,,,,,
7/29/2019 14:00,7/29/2019 16:00,7.403,,,,,,,,,,,
7/29/2019 15:00,7/29/2019 17:00,8.007,,,,,,,,,,,
7/29/2019 16:00,7/29/2019 18:00,8.468,,,,,,,,,,,
7/29/2019 17:00,7/29/2019 19:00,8.681,,,,,,,,,,,
7/29/2019 18:00,7/29/2019 20:00,8.343,,,,,,,,,,,
7/29/2019 19:00,7/29/2019 21:00,8.176,,,,,,,,,,,
7/29/2019 20:00,7/29/2019 22:00,7.666,,,,,,,,,,,
7/29/2019 21:00,7/29/2019 23:00,6.003,,,,,,,,,,,
7/29/2019 22:00,7/30/2019 0:00,6.148,,,,,,,,,,,
7/29/2019 23:00,7/30/2019 1:00,5.436,,,,,,,,,,,
7/30/2019 0:00,7/30/2019 2:00,4.268,,,,,,,,,,,
7/30/2019 1:00,7/30/2019 3:00,3.437,,,,,,,,,,,
7/30/2019 2:00,7/30/2019 4:00,2.891,,,,,,,,,,,
7/30/2019 3:00,7/30/2019 5:00,2.508,,,,,,,,,,,
7/30/2019 4:00,7/30/2019 6:00,2.351,,,,,,,,,,,
7/30/2019 5:00,7/30/2019 7:00,2.47,,,,,,,,,,,
7/30/2019 6:00,7/30/2019 8:00,2.772,,,,,,,,,,,
7/30/2019 7:00,7/30/2019 9:00,3.272,,,,,,,,,,,
7/30/2019 8:00,7/30/2019 10:00,3.633,,,,,,,,,,,
7/30/2019 9:00,7/30/2019 11:00,3.408,,,,,,,,,,,
7/30/2019 10:00,7/30/2019 12:00,3.27,,,,,,,,,,,
7/30/2019 11:00,7/30/2019 13:00,3.482,,,,,,,,,,,
7/30/2019 12:00,7/30/2019 14:00,3.688,,,,,,,,,,,
7/30/2019 13:00,7/30/2019 15:00,3.722,,,,,,,,,,,
7/30/2019 14:00,7/30/2019 16:00,3.682,,,,,,,,,,,
7/30/2019 15:00,7/30/2019 17:00,3.484,,,,,,,,,,,
7/30/2019 16:00,7/30/2019 18:00,3.032,,,,,,,,,,,
7/30/2019 17:00,7/30/2019 19:00,2.568,,,,,,,,,,,
7/30/2019 18:00,7/30/2019 20:00,2.349,,,,,,,,,,,
7/30/2019 19:00,7/30/2019 21:00,2.291,,,,,,,,,,,
7/30/2019 20:00,7/30/2019 22:00,1.966,,,,,,,,,,,
7/30/2019 21:00,7/30/2019 23:00,2.025,,,,,,,,,,,
7/30/2019 22:00,7/31/2019 0:00,2.061,,,,,,,,,,,
7/30/2019 23:00,7/31/2019 1:00,1.759,,,,,,,,,,,
7/31/2019 0:00,7/31/2019 2:00,1.451,,,,,,,,,,,
7/31/2019 1:00,7/31/2019 3:00,1.264,,,,,,,,,,,
7/31/2019 2:00,7/31/2019 4:00,0.996,,,,,,,,,,,
7/31/2019 3:00,7/31/2019 5:00,0.548,,,,,,,,,,,
7/31/2019 4:00,7/31/2019 6:00,0.229,,,,,,,,,,,
7/31/2019 5:00,7/31/2019 7:00,0.615,,,,,,,,,,,
7/31/2019 6:00,7/31/2019 8:00,1.188,,,,,,,,,,,
7/31/2019 7:00,7/31/2019 9:00,1.802,,,,,,,,,,,
7/31/2019 8:00,7/31/2019 10:00,2.096,,,,,,,,,,,
7/31/2019 9:00,7/31/2019 11:00,2.496,,,,,,,,,,,
7/31/2019 10:00,7/31/2019 12:00,2.909,,,,,,,,,,,
7/31/2019 11:00,7/31/2019 13:00,3.365,,,,,,,,,,,
7/31/2019 12:00,7/31/2019 14:00,3.93,,,,,,,,,,,
7/31/2019 13:00,7/31/2019 15:00,4.214,,,,,,,,,,,
7/31/2019 14:00,7/31/2019 16:00,4.029,,,,,,,,,,,
7/31/2019 15:00,7/31/2019 17:00,3.769,,,,,,,,,,,
7/31/2019 16:00,7/31/2019 18:00,3.442,,,,,,,,,,,
7/31/2019 17:00,7/31/2019 19:00,3.047,,,,,,,,,,,
7/31/2019 18:00,7/31/2019 20:00,2.742,,,,,,,,,,,
7/31/2019 19:00,7/31/2019 21:00,2.859,,,,,,,,,,,
7/31/2019 20:00,7/31/2019 22:00,2.707,,,,,,,,,,,
7/31/2019 21:00,7/31/2019 23:00,2.141,,,,,,,,,,,
7/31/2019 22:00,8/1/2019 0:00,1.511,,,,,,,,,,,
7/31/2019 23:00,8/1/2019 1:00,1.076,,,,,,,,,,,
8/1/2019 0:00,8/1/2019 2:00,0.811,,,,,,,,,,,
8/1/2019 1:00,8/1/2019 3:00,0.703,,,,,,,,,,,
8/1/2019 2:00,8/1/2019 4:00,0.78,,,,,,,,,,,
8/1/2019 3:00,8/1/2019 5:00,0.678,,,,,,,,,,,
8/1/2019 4:00,8/1/2019 6:00,0.571,,,,,,,,,,,
8/1/2019 5:00,8/1/2019 7:00,0.741,,,,,,,,,,,
8/1/2019 6:00,8/1/2019 8:00,1.11,,,,,,,,,,,
8/1/2019 7:00,8/1/2019 9:00,1.635,,,,,,,,,,,
8/1/2019 8:00,8/1/2019 10:00,2.272,,,,,,,,,,,
8/1/2019 9:00,8/1/2019 11:00,2.983,,,,,,,,,,,
8/1/2019 10:00,8/1/2019 12:00,3.387,,,,,,,,,,,
8/1/2019 11:00,8/1/2019 13:00,3.616,,,,,,,,,,,
8/1/2019 12:00,8/1/2019 14:00,3.457,,,,,,,,,,,
8/1/2019 13:00,8/1/2019 15:00,3.22,,,,,,,,,,,
8/1/2019 14:00,8/1/2019 16:00,2.989,,,,,,,,,,,
8/1/2019 15:00,8/1/2019 17:00,2.707,,,,,,,,,,,
8/1/2019 16:00,8/1/2019 18:00,2.309,,,,,,,,,,,
8/1/2019 17:00,8/1/2019 19:00,1.924,,,,,,,,,,,
8/1/2019 18:00,8/1/2019 20:00,1.761,,,,,,,,,,,
8/1/2019 19:00,8/1/2019 21:00,1.787,,,,,,,,,,,
8/1/2019 20:00,8/1/2019 22:00,1.623,,,,,,,,,,,
8/1/2019 21:00,8/1/2019 23:00,1.356,,,,,,,,,,,
8/1/2019 22:00,8/2/2019 0:00,1.19,,,,,,,,,,,
8/1/2019 23:00,8/2/2019 1:00,1.133,,,,,,,,,,,
8/2/2019 0:00,8/2/2019 2:00,1.117,,,,,,,,,,,
8/2/2019 1:00,8/2/2019 3:00,1.069,,,,,,,,,,,
8/2/2019 2:00,8/2/2019 4:00,0.934,,,,,,,,,,,
8/2/2019 3:00,8/2/2019 5:00,0.78,,,,,,,,,,,
8/2/2019 4:00,8/2/2019 6:00,0.57,,,,,,,,,,,
8/2/2019 5:00,8/2/2019 7:00,0.466,,,,,,,,,,,
8/2/2019 6:00,8/2/2019 8:00,0.393,,,,,,,,,,,
8/2/2019 7:00,8/2/2019 9:00,0.272,,,,,,,,,,,
8/2/2019 8:00,8/2/2019 10:00,0.138,,,,,,,,,,,
8/2/2019 9:00,8/2/2019 11:00,0.1,,,,,,,,,,,
8/2/2019 10:00,8/2/2019 12:00,0.167,,,,,,,,,,,
8/2/2019 11:00,8/2/2019 13:00,0.399,,,,,,,,,,,
8/2/2019 12:00,8/2/2019 14:00,0.722,,,,,,,,,,,
8/2/2019 13:00,8/2/2019 15:00,1.024,,,,,,,,,,,
8/2/2019 14:00,8/2/2019 16:00,1.361,,,,,,,,,,,
8/2/2019 15:00,8/2/2019 17:00,1.732,,,,,,,,,,,
8/2/2019 16:00,8/2/2019 18:00,2.089,,,,,,,,,,,
8/2/2019 17:00,8/2/2019 19:00,2.351,,,,,,,,,,,
8/2/2019 18:00,8/2/2019 20:00,2.137,,,,,,,,,,,
8/2/2019 19:00,8/2/2019 21:00,1.737,,,,,,,,,,,
8/2/2019 20:00,8/2/2019 22:00,1.322,,,,,,,,,,,
8/2/2019 21:00,8/2/2019 23:00,0.876,,,,,,,,,,,
8/2/2019 22:00,8/3/2019 0:00,0.45,,,,,,,,,,,
8/2/2019 23:00,8/3/2019 1:00,0.18,,,,,,,,,,,
8/3/2019 0:00,8/3/2019 2:00,0.047,,,,,,,,,,,
8/3/2019 1:00,8/3/2019 3:00,0.099,,,,,,,,,,,
8/3/2019 2:00,8/3/2019 4:00,0.217,,,,,,,,,,,
8/3/2019 3:00,8/3/2019 5:00,0.416,,,,,,,,,,,
8/3/2019 4:00,8/3/2019 6:00,0.555,,,,,,,,,,,
8/3/2019 5:00,8/3/2019 7:00,0.696,,,,,,,,,,,
8/3/2019 6:00,8/3/2019 8:00,0.789,,,,,,,,,,,
8/3/2019 7:00,8/3/2019 9:00,0.78,,,,,,,,,,,
8/3/2019 8:00,8/3/2019 10:00,0.793,,,,,,,,,,,
8/3/2019 9:00,8/3/2019 11:00,0.871,,,,,,,,,,,
8/3/2019 10:00,8/3/2019 12:00,1.02,,,,,,,,,,,
8/3/2019 11:00,8/3/2019 13:00,1.197,,,,,,,,,,,
8/3/2019 12:00,8/3/2019 14:00,1.385,,,,,,,,,,,
8/3/2019 13:00,8/3/2019 15:00,1.514,,,,,,,,,,,
8/3/2019 14:00,8/3/2019 16:00,1.581,,,,,,,,,,,
8/3/2019 15:00,8/3/2019 17:00,1.708,,,,,,,,,,,
8/3/2019 16:00,8/3/2019 18:00,1.845,,,,,,,,,,,
8/3/2019 17:00,8/3/2019 19:00,1.862,,,,,,,,,,,
8/3/2019 18:00,8/3/2019 20:00,1.874,,,,,,,,,,,
8/3/2019 19:00,8/3/2019 21:00,1.677,,,,,,,,,,,
8/3/2019 20:00,8/3/2019 22:00,1.133,,,,,,,,,,,
8/3/2019 21:00,8/3/2019 23:00,0.694,,,,,,,,,,,
8/3/2019 22:00,8/4/2019 0:00,0.407,,,,,,,,,,,
8/3/2019 23:00,8/4/2019 1:00,0.3,,,,,,,,,,,
8/4/2019 0:00,8/4/2019 2:00,0.288,,,,,,,,,,,
8/4/2019 1:00,8/4/2019 3:00,0.299,,,,,,,,,,,
8/4/2019 2:00,8/4/2019 4:00,0.349,,,,,,,,,,,
8/4/2019 3:00,8/4/2019 5:00,0.417,,,,,,,,,,,
8/4/2019 4:00,8/4/2019 6:00,0.357,,,,,,,,,,,
8/4/2019 5:00,8/4/2019 7:00,0.361,,,,,,,,,,,
8/4/2019 6:00,8/4/2019 8:00,0.447,,,,,,,,,,,
8/4/2019 7:00,8/4/2019 9:00,0.535,,,,,,,,,,,
8/4/2019 8:00,8/4/2019 10:00,0.606,,,,,,,,,,,
8/4/2019 9:00,8/4/2019 11:00,0.697,,,,,,,,,,,
8/4/2019 10:00,8/4/2019 12:00,0.891,,,,,,,,,,,
8/4/2019 11:00,8/4/2019 13:00,1.133,,,,,,,,,,,
8/4/2019 12:00,8/4/2019 14:00,1.444,,,,,,,,,,,
8/4/2019 13:00,8/4/2019 15:00,1.777,,,,,,,,,,,
8/4/2019 14:00,8/4/2019 16:00,2.085,,,,,,,,,,,
8/4/2019 15:00,8/4/2019 17:00,2.184,,,,,,,,,,,
8/4/2019 16:00,8/4/2019 18:00,2.188,,,,,,,,,,,
8/4/2019 17:00,8/4/2019 19:00,2.249,,,,,,,,,,,
8/4/2019 18:00,8/4/2019 20:00,2.399,,,,,,,,,,,
8/4/2019 19:00,8/4/2019 21:00,2.358,,,,,,,,,,,
8/4/2019 20:00,8/4/2019 22:00,1.872,,,,,,,,,,,
8/4/2019 21:00,8/4/2019 23:00,1.372,,,,,,,,,,,
8/4/2019 22:00,8/5/2019 0:00,0.996,,,,,,,,,,,
8/4/2019 23:00,8/5/2019 1:00,0.727,,,,,,,,,,,
8/5/2019 0:00,8/5/2019 2:00,0.546,,,,,,,,,,,
8/5/2019 1:00,8/5/2019 3:00,0.383,,,,,,,,,,,
8/5/2019 2:00,8/5/2019 4:00,0.265,,,,,,,,,,,
8/5/2019 3:00,8/5/2019 5:00,0.204,,,,,,,,,,,
8/5/2019 4:00,8/5/2019 6:00,0.117,,,,,,,,,,,
8/5/2019 5:00,8/5/2019 7:00,0.157,,,,,,,,,,,
8/5/2019 6:00,8/5/2019 8:00,0.282,,,,,,,,,,,
8/5/2019 7:00,8/5/2019 9:00,0.45,,,,,,,,,,,
8/5/2019 8:00,8/5/2019 10:00,0.679,,,,,,,,,,,
8/5/2019 9:00,8/5/2019 11:00,0.892,,,,,,,,,,,
8/5/2019 10:00,8/5/2019 12:00,0.924,,,,,,,,,,,
8/5/2019 11:00,8/5/2019 13:00,0.87,,,,,,,,,,,
8/5/2019 12:00,8/5/2019 14:00,0.864,,,,,,,,,,,
8/5/2019 13:00,8/5/2019 15:00,0.903,,,,,,,,,,,
8/5/2019 14:00,8/5/2019 16:00,0.938,,,,,,,,,,,
8/5/2019 15:00,8/5/2019 17:00,1.092,,,,,,,,,,,
8/5/2019 16:00,8/5/2019 18:00,1.331,,,,,,,,,,,
8/5/2019 17:00,8/5/2019 19:00,1.762,,,,,,,,,,,
8/5/2019 18:00,8/5/2019 20:00,2.252,,,,,,,,,,,
8/5/2019 19:00,8/5/2019 21:00,2.521,,,,,,,,,,,
8/5/2019 20:00,8/5/2019 22:00,2.442,,,,,,,,,,,
8/5/2019 21:00,8/5/2019 23:00,2.051,,,,,,,,,,,
8/5/2019 22:00,8/6/2019 0:00,1.688,,,,,,,,,,,
8/5/2019 23:00,8/6/2019 1:00,1.545,,,,,,,,,,,
8/6/2019 0:00,8/6/2019 2:00,1.525,,,,,,,,,,,
8/6/2019 1:00,8/6/2019 3:00,1.575,,,,,,,,,,,
8/6/2019 2:00,8/6/2019 4:00,1.728,,,,,,,,,,,
8/6/2019 3:00,8/6/2019 5:00,1.856,,,,,,,,,,,
8/6/2019 4:00,8/6/2019 6:00,1.719,,,,,,,,,,,
8/6/2019 5:00,8/6/2019 7:00,1.576,,,,,,,,,,,
8/6/2019 6:00,8/6/2019 8:00,1.364,,,,,,,,,,,
8/6/2019 7:00,8/6/2019 9:00,1.113,,,,,,,,,,,
8/6/2019 8:00,8/6/2019 10:00,0.893,,,,,,,,,,,
8/6/2019 9:00,8/6/2019 11:00,0.866,,,,,,,,,,,
8/6/2019 10:00,8/6/2019 12:00,0.834,,,,,,,,,,,
8/6/2019 11:00,8/6/2019 13:00,0.79,,,,,,,,,,,
8/6/2019 12:00,8/6/2019 14:00,0.833,,,,,,,,,,,
8/6/2019 13:00,8/6/2019 15:00,1.076,,,,,,,,,,,
8/6/2019 14:00,8/6/2019 16:00,1.466,,,,,,,,,,,
8/6/2019 15:00,8/6/2019 17:00,1.778,,,,,,,,,,,
8/6/2019 16:00,8/6/2019 18:00,2.161,,,,,,,,,,,
8/6/2019 17:00,8/6/2019 19:00,2.89,,,,,,,,,,,
8/6/2019 18:00,8/6/2019 20:00,3.862,,,,,,,,,,,
8/6/2019 19:00,8/6/2019 21:00,4.902,,,,,,,,,,,
8/6/2019 20:00,8/6/2019 22:00,5.715,,,,,,,,,,,
8/6/2019 21:00,8/6/2019 23:00,6.468,,,,,,,,,,,
8/6/2019 22:00,8/7/2019 0:00,6.901,,,,,,,,,,,
8/6/2019 23:00,8/7/2019 1:00,6.44,,,,,,,,,,,
8/7/2019 0:00,8/7/2019 2:00,5.76,,,,,,,,,,,
8/7/2019 1:00,8/7/2019 3:00,5.251,,,,,,,,,,,
8/7/2019 2:00,8/7/2019 4:00,4.784,,,,,,,,,,,
8/7/2019 3:00,8/7/2019 5:00,4.288,,,,,,,,,,,
8/7/2019 4:00,8/7/2019 6:00,4.076,,,,,,,,,,,
8/7/2019 5:00,8/7/2019 7:00,4.24,,,,,,,,,,,
8/7/2019 6:00,8/7/2019 8:00,4.269,,,,,,,,,,,
8/7/2019 7:00,8/7/2019 9:00,3.89,,,,,,,,,,,
8/7/2019 8:00,8/7/2019 10:00,3.565,,,,,,,,,,,
8/7/2019 9:00,8/7/2019 11:00,3.353,,,,,,,,,,,
8/7/2019 10:00,8/7/2019 12:00,3.245,,,,,,,,,,,
8/7/2019 11:00,8/7/2019 13:00,3.117,,,,,,,,,,,
8/7/2019 12:00,8/7/2019 14:00,3.183,,,,,,,,,,,
8/7/2019 13:00,8/7/2019 15:00,3.511,,,,,,,,,,,
8/7/2019 14:00,8/7/2019 16:00,4.218,,,,,,,,,,,
8/7/2019 15:00,8/7/2019 17:00,4.798,,,,,,,,,,,
8/7/2019 16:00,8/7/2019 18:00,5.385,,,,,,,,,,,
8/7/2019 17:00,8/7/2019 19:00,5.87,,,,,,,,,,,
8/7/2019 18:00,8/7/2019 20:00,6.328,,,,,,,,,,,
8/7/2019 19:00,8/7/2019 21:00,6.799,,,,,,,,,,,
8/7/2019 20:00,8/7/2019 22:00,7.323,,,,,,,,,,,
8/7/2019 21:00,8/7/2019 23:00,6.985,,,,,,,,,,,
8/7/2019 22:00,8/8/2019 0:00,6.456,,,,,,,,,,,
8/7/2019 23:00,8/8/2019 1:00,5.977,,,,,,,,,,,
8/8/2019 0:00,8/8/2019 2:00,6.053,,,,,,,,,,,
8/8/2019 1:00,8/8/2019 3:00,5.653,,,,,,,,,,,
8/8/2019 2:00,8/8/2019 4:00,5.264,,,,,,,,,,,
8/8/2019 3:00,8/8/2019 5:00,4.5,,,,,,,,,,,
8/8/2019 4:00,8/8/2019 6:00,4.11,,,,,,,,,,,
8/8/2019 5:00,8/8/2019 7:00,4.307,,,,,,,,,,,
8/8/2019 6:00,8/8/2019 8:00,4.528,,,,,,,,,,,
8/8/2019 7:00,8/8/2019 9:00,4.48,,,,,,,,,,,
8/8/2019 8:00,8/8/2019 10:00,4.249,,,,,,,,,,,
8/8/2019 9:00,8/8/2019 11:00,3.875,,,,,,,,,,,
8/8/2019 10:00,8/8/2019 12:00,3.399,,,,,,,,,,,
8/8/2019 11:00,8/8/2019 13:00,2.883,,,,,,,,,,,
8/8/2019 12:00,8/8/2019 14:00,2.556,,,,,,,,,,,
8/8/2019 13:00,8/8/2019 15:00,2.566,,,,,,,,,,,
8/8/2019 14:00,8/8/2019 16:00,2.839,,,,,,,,,,,
8/8/2019 15:00,8/8/2019 17:00,3.202,,,,,,,,,,,
8/8/2019 16:00,8/8/2019 18:00,3.388,,,,,,,,,,,
8/8/2019 17:00,8/8/2019 19:00,3.604,,,,,,,,,,,
8/8/2019 18:00,8/8/2019 20:00,4.171,,,,,,,,,,,
8/8/2019 19:00,8/8/2019 21:00,4.566,,,,,,,,,,,
8/8/2019 20:00,8/8/2019 22:00,4.536,,,,,,,,,,,
8/8/2019 21:00,8/8/2019 23:00,4.201,,,,,,,,,,,
8/8/2019 22:00,8/9/2019 0:00,3.701,,,,,,,,,,,
8/8/2019 23:00,8/9/2019 1:00,3.26,,,,,,,,,,,
8/9/2019 0:00,8/9/2019 2:00,2.783,,,,,,,,,,,
8/9/2019 1:00,8/9/2019 3:00,2.442,,,,,,,,,,,
8/9/2019 2:00,8/9/2019 4:00,2.041,,,,,,,,,,,
8/9/2019 3:00,8/9/2019 5:00,1.812,,,,,,,,,,,
8/9/2019 4:00,8/9/2019 6:00,1.38,,,,,,,,,,,
8/9/2019 5:00,8/9/2019 7:00,1.027,,,,,,,,,,,
8/9/2019 6:00,8/9/2019 8:00,0.809,,,,,,,,,,,
8/9/2019 7:00,8/9/2019 9:00,0.8,,,,,,,,,,,
8/9/2019 8:00,8/9/2019 10:00,0.984,,,,,,,,,,,
8/9/2019 9:00,8/9/2019 11:00,1.26,,,,,,,,,,,
8/9/2019 10:00,8/9/2019 12:00,1.692,,,,,,,,,,,
8/9/2019 11:00,8/9/2019 13:00,2.186,,,,,,,,,,,
8/9/2019 12:00,8/9/2019 14:00,2.583,,,,,,,,,,,
8/9/2019 13:00,8/9/2019 15:00,2.708,,,,,,,,,,,
8/9/2019 14:00,8/9/2019 16:00,2.671,,,,,,,,,,,
8/9/2019 15:00,8/9/2019 17:00,2.271,,,,,,,,,,,
8/9/2019 16:00,8/9/2019 18:00,1.819,,,,,,,,,,,
8/9/2019 17:00,8/9/2019 19:00,1.381,,,,,,,,,,,
8/9/2019 18:00,8/9/2019 20:00,0.961,,,,,,,,,,,
8/9/2019 19:00,8/9/2019 21:00,0.496,,,,,,,,,,,
8/9/2019 20:00,8/9/2019 22:00,0.189,,,,,,,,,,,
8/9/2019 21:00,8/9/2019 23:00,0.074,,,,,,,,,,,
8/9/2019 22:00,8/10/2019 0:00,0.175,,,,,,,,,,,
8/9/2019 23:00,8/10/2019 1:00,0.313,,,,,,,,,,,
8/10/2019 0:00,8/10/2019 2:00,0.357,,,,,,,,,,,
8/10/2019 1:00,8/10/2019 3:00,0.356,,,,,,,,,,,
8/10/2019 2:00,8/10/2019 4:00,0.389,,,,,,,,,,,
8/10/2019 3:00,8/10/2019 5:00,0.519,,,,,,,,,,,
8/10/2019 4:00,8/10/2019 6:00,0.681,,,,,,,,,,,
8/10/2019 5:00,8/10/2019 7:00,0.727,,,,,,,,,,,
8/10/2019 6:00,8/10/2019 8:00,0.855,,,,,,,,,,,
8/10/2019 7:00,8/10/2019 9:00,0.986,,,,,,,,,,,
8/10/2019 8:00,8/10/2019 10:00,1.06,,,,,,,,,,,
8/10/2019 9:00,8/10/2019 11:00,1.031,,,,,,,,,,,
8/10/2019 10:00,8/10/2019 12:00,0.965,,,,,,,,,,,
8/10/2019 11:00,8/10/2019 13:00,0.877,,,,,,,,,,,
8/10/2019 12:00,8/10/2019 14:00,0.766,,,,,,,,,,,
8/10/2019 13:00,8/10/2019 15:00,0.788,,,,,,,,,,,
8/10/2019 14:00,8/10/2019 16:00,0.811,,,,,,,,,,,
8/10/2019 15:00,8/10/2019 17:00,0.964,,,,,,,,,,,
8/10/2019 16:00,8/10/2019 18:00,1.45,,,,,,,,,,,
8/10/2019 17:00,8/10/2019 19:00,1.97,,,,,,,,,,,
8/10/2019 18:00,8/10/2019 20:00,3.07,,,,,,,,,,,
8/10/2019 19:00,8/10/2019 21:00,4.06,,,,,,,,,,,
8/10/2019 20:00,8/10/2019 22:00,4.938,,,,,,,,,,,
8/10/2019 21:00,8/10/2019 23:00,5.823,,,,,,,,,,,
8/10/2019 22:00,8/11/2019 0:00,7.579,,,,,,,,,,,
8/10/2019 23:00,8/11/2019 1:00,7.564,,,,,,,,,,,
8/11/2019 0:00,8/11/2019 2:00,8.081,,,,,,,,,,,
8/11/2019 1:00,8/11/2019 3:00,8.241,,,,,,,,,,,
8/11/2019 2:00,8/11/2019 4:00,8.399,,,,,,,,,,,
8/11/2019 3:00,8/11/2019 5:00,8.082,,,,,,,,,,,
8/11/2019 4:00,8/11/2019 6:00,7.745,,,,,,,,,,,
8/11/2019 5:00,8/11/2019 7:00,6.789,,,,,,,,,,,
8/11/2019 6:00,8/11/2019 8:00,7.323,,,,,,,,,,,
8/11/2019 7:00,8/11/2019 9:00,7.639,,,,,,,,,,,
8/11/2019 8:00,8/11/2019 10:00,7.568,,,,,,,,,,,
8/11/2019 9:00,8/11/2019 11:00,7.684,,,,,,,,,,,
8/11/2019 10:00,8/11/2019 12:00,8.08,,,,,,,,,,,
8/11/2019 11:00,8/11/2019 13:00,8.493,,,,,,,,,,,
8/11/2019 12:00,8/11/2019 14:00,8.951,,,,,,,,,,,
8/11/2019 13:00,8/11/2019 15:00,9.518,,,,,,,,,,,
8/11/2019 14:00,8/11/2019 16:00,9.963,,,,,,,,,,,
8/11/2019 15:00,8/11/2019 17:00,8.909,,,,,,,,,,,
8/11/2019 16:00,8/11/2019 18:00,7.078,,,,,,,,,,,
8/11/2019 17:00,8/11/2019 19:00,6.145,,,,,,,,,,,
8/11/2019 18:00,8/11/2019 20:00,5.695,,,,,,,,,,,
8/11/2019 19:00,8/11/2019 21:00,5.2,,,,,,,,,,,
8/11/2019 20:00,8/11/2019 22:00,4.404,,,,,,,,,,,
8/11/2019 21:00,8/11/2019 23:00,4.237,,,,,,,,,,,
8/11/2019 22:00,8/12/2019 0:00,4.044,,,,,,,,,,,
8/11/2019 23:00,8/12/2019 1:00,3.889,,,,,,,,,,,
8/12/2019 0:00,8/12/2019 2:00,3.675,,,,,,,,,,,
8/12/2019 1:00,8/12/2019 3:00,3.542,,,,,,,,,,,
8/12/2019 2:00,8/12/2019 4:00,3.26,,,,,,,,,,,
8/12/2019 3:00,8/12/2019 5:00,3.12,,,,,,,,,,,
8/12/2019 4:00,8/12/2019 6:00,2.825,,,,,,,,,,,
8/12/2019 5:00,8/12/2019 7:00,2.234,,,,,,,,,,,
8/12/2019 6:00,8/12/2019 8:00,2.264,,,,,,,,,,,
8/12/2019 7:00,8/12/2019 9:00,1.995,,,,,,,,,,,
8/12/2019 8:00,8/12/2019 10:00,1.576,,,,,,,,,,,
8/12/2019 9:00,8/12/2019 11:00,1.306,,,,,,,,,,,
8/12/2019 10:00,8/12/2019 12:00,1.08,,,,,,,,,,,
8/12/2019 11:00,8/12/2019 13:00,0.849,,,,,,,,,,,
8/12/2019 12:00,8/12/2019 14:00,0.719,,,,,,,,,,,
8/12/2019 13:00,8/12/2019 15:00,0.667,,,,,,,,,,,
8/12/2019 14:00,8/12/2019 16:00,0.723,,,,,,,,,,,
8/12/2019 15:00,8/12/2019 17:00,0.81,,,,,,,,,,,
8/12/2019 16:00,8/12/2019 18:00,1.021,,,,,,,,,,,
8/12/2019 17:00,8/12/2019 19:00,1.193,,,,,,,,,,,
8/12/2019 18:00,8/12/2019 20:00,1.574,,,,,,,,,,,
8/12/2019 19:00,8/12/2019 21:00,2.188,,,,,,,,,,,
8/12/2019 20:00,8/12/2019 22:00,2.681,,,,,,,,,,,
8/12/2019 21:00,8/12/2019 23:00,2.897,,,,,,,,,,,
8/12/2019 22:00,8/13/2019 0:00,2.936,,,,,,,,,,,
8/12/2019 23:00,8/13/2019 1:00,2.969,,,,,,,,,,,
8/13/2019 0:00,8/13/2019 2:00,2.845,,,,,,,,,,,
8/13/2019 1:00,8/13/2019 3:00,2.761,,,,,,,,,,,
8/13/2019 2:00,8/13/2019 4:00,2.754,,,,,,,,,,,
8/13/2019 3:00,8/13/2019 5:00,2.818,,,,,,,,,,,
8/13/2019 4:00,8/13/2019 6:00,2.445,,,,,,,,,,,
8/13/2019 5:00,8/13/2019 7:00,2.385,,,,,,,,,,,
8/13/2019 6:00,8/13/2019 8:00,2.326,,,,,,,,,,,
8/13/2019 7:00,8/13/2019 9:00,2.211,,,,,,,,,,,
8/13/2019 8:00,8/13/2019 10:00,2.1,,,,,,,,,,,
8/13/2019 9:00,8/13/2019 11:00,1.747,,,,,,,,,,,
8/13/2019 10:00,8/13/2019 12:00,1.264,,,,,,,,,,,
8/13/2019 11:00,8/13/2019 13:00,0.964,,,,,,,,,,,
8/13/2019 12:00,8/13/2019 14:00,0.811,,,,,,,,,,,
8/13/2019 13:00,8/13/2019 15:00,0.798,,,,,,,,,,,
8/13/2019 14:00,8/13/2019 16:00,0.923,,,,,,,,,,,
8/13/2019 15:00,8/13/2019 17:00,1.123,,,,,,,,,,,
8/13/2019 16:00,8/13/2019 18:00,1.51,,,,,,,,,,,
8/13/2019 17:00,8/13/2019 19:00,1.703,,,,,,,,,,,
8/13/2019 18:00,8/13/2019 20:00,1.936,,,,,,,,,,,
8/13/2019 19:00,8/13/2019 21:00,2.679,,,,,,,,,,,
8/13/2019 20:00,8/13/2019 22:00,3.127,,,,,,,,,,,
8/13/2019 21:00,8/13/2019 23:00,3.324,,,,,,,,,,,
8/13/2019 22:00,8/14/2019 0:00,3.407,,,,,,,,,,,
8/13/2019 23:00,8/14/2019 1:00,3.328,,,,,,,,,,,
8/14/2019 0:00,8/14/2019 2:00,3.26,,,,,,,,,,,
8/14/2019 1:00,8/14/2019 3:00,3.063,,,,,,,,,,,
8/14/2019 2:00,8/14/2019 4:00,2.971,,,,,,,,,,,
8/14/2019 3:00,8/14/2019 5:00,2.768,,,,,,,,,,,
8/14/2019 4:00,8/14/2019 6:00,2.051,,,,,,,,,,,
8/14/2019 5:00,8/14/2019 7:00,1.644,,,,,,,,,,,
8/14/2019 6:00,8/14/2019 8:00,1.388,,,,,,,,,,,
8/14/2019 7:00,8/14/2019 9:00,0.883,,,,,,,,,,,
8/14/2019 8:00,8/14/2019 10:00,0.37,,,,,,,,,,,
8/14/2019 9:00,8/14/2019 11:00,0.16,,,,,,,,,,,
8/14/2019 10:00,8/14/2019 12:00,0.168,,,,,,,,,,,
8/14/2019 11:00,8/14/2019 13:00,0.379,,,,,,,,,,,
8/14/2019 12:00,8/14/2019 14:00,0.81,,,,,,,,,,,
8/14/2019 13:00,8/14/2019 15:00,1.367,,,,,,,,,,,
8/14/2019 14:00,8/14/2019 16:00,1.8,,,,,,,,,,,
8/14/2019 15:00,8/14/2019 17:00,1.999,,,,,,,,,,,
8/14/2019 16:00,8/14/2019 18:00,2.06,,,,,,,,,,,
8/14/2019 17:00,8/14/2019 19:00,2.006,,,,,,,,,,,
8/14/2019 18:00,8/14/2019 20:00,2.101,,,,,,,,,,,
8/14/2019 19:00,8/14/2019 21:00,2.46,,,,,,,,,,,
8/14/2019 20:00,8/14/2019 22:00,2.826,,,,,,,,,,,
8/14/2019 21:00,8/14/2019 23:00,2.991,,,,,,,,,,,
8/14/2019 22:00,8/15/2019 0:00,3.032,,,,,,,,,,,
8/14/2019 23:00,8/15/2019 1:00,3.129,,,,,,,,,,,
8/15/2019 0:00,8/15/2019 2:00,3.014,,,,,,,,,,,
8/15/2019 1:00,8/15/2019 3:00,2.98,,,,,,,,,,,
8/15/2019 2:00,8/15/2019 4:00,2.917,,,,,,,,,,,
8/15/2019 3:00,8/15/2019 5:00,2.988,,,,,,,,,,,
8/15/2019 4:00,8/15/2019 6:00,2.998,,,,,,,,,,,
8/15/2019 5:00,8/15/2019 7:00,3.197,,,,,,,,,,,
8/15/2019 6:00,8/15/2019 8:00,3.55,,,,,,,,,,,
8/15/2019 7:00,8/15/2019 9:00,3.868,,,,,,,,,,,
8/15/2019 8:00,8/15/2019 10:00,4.08,,,,,,,,,,,
8/15/2019 9:00,8/15/2019 11:00,4.195,,,,,,,,,,,
8/15/2019 10:00,8/15/2019 12:00,4.282,,,,,,,,,,,
8/15/2019 11:00,8/15/2019 13:00,4.082,,,,,,,,,,,
8/15/2019 12:00,8/15/2019 14:00,3.917,,,,,,,,,,,
8/15/2019 13:00,8/15/2019 15:00,3.878,,,,,,,,,,,
8/15/2019 14:00,8/15/2019 16:00,3.809,,,,,,,,,,,
8/15/2019 15:00,8/15/2019 17:00,3.713,,,,,,,,,,,
8/15/2019 16:00,8/15/2019 18:00,3.395,,,,,,,,,,,
8/15/2019 17:00,8/15/2019 19:00,2.875,,,,,,,,,,,
8/15/2019 18:00,8/15/2019 20:00,2.63,,,,,,,,,,,
8/15/2019 19:00,8/15/2019 21:00,2.617,,,,,,,,,,,
8/15/2019 20:00,8/15/2019 22:00,2.328,,,,,,,,,,,
8/15/2019 21:00,8/15/2019 23:00,2,,,,,,,,,,,
8/15/2019 22:00,8/16/2019 0:00,1.564,,,,,,,,,,,
8/15/2019 23:00,8/16/2019 1:00,1.116,,,,,,,,,,,
8/16/2019 0:00,8/16/2019 2:00,0.624,,,,,,,,,,,
8/16/2019 1:00,8/16/2019 3:00,0.277,,,,,,,,,,,
8/16/2019 2:00,8/16/2019 4:00,0.142,,,,,,,,,,,
8/16/2019 3:00,8/16/2019 5:00,0.134,,,,,,,,,,,
8/16/2019 4:00,8/16/2019 6:00,0.254,,,,,,,,,,,
8/16/2019 5:00,8/16/2019 7:00,0.661,,,,,,,,,,,
8/16/2019 6:00,8/16/2019 8:00,1.151,,,,,,,,,,,
8/16/2019 7:00,8/16/2019 9:00,1.74,,,,,,,,,,,
8/16/2019 8:00,8/16/2019 10:00,2.065,,,,,,,,,,,
8/16/2019 9:00,8/16/2019 11:00,2.369,,,,,,,,,,,
8/16/2019 10:00,8/16/2019 12:00,2.793,,,,,,,,,,,
8/16/2019 11:00,8/16/2019 13:00,3.097,,,,,,,,,,,
8/16/2019 12:00,8/16/2019 14:00,3.383,,,,,,,,,,,
8/16/2019 13:00,8/16/2019 15:00,3.555,,,,,,,,,,,
8/16/2019 14:00,8/16/2019 16:00,3.212,,,,,,,,,,,
8/16/2019 15:00,8/16/2019 17:00,2.327,,,,,,,,,,,
8/16/2019 16:00,8/16/2019 18:00,1.449,,,,,,,,,,,
8/16/2019 17:00,8/16/2019 19:00,0.843,,,,,,,,,,,
8/16/2019 18:00,8/16/2019 20:00,0.727,,,,,,,,,,,
8/16/2019 19:00,8/16/2019 21:00,0.981,,,,,,,,,,,
8/16/2019 20:00,8/16/2019 22:00,1.912,,,,,,,,,,,
8/16/2019 21:00,8/16/2019 23:00,2.358,,,,,,,,,,,
8/16/2019 22:00,8/17/2019 0:00,2.522,,,,,,,,,,,
8/16/2019 23:00,8/17/2019 1:00,2.461,,,,,,,,,,,
8/17/2019 0:00,8/17/2019 2:00,2.094,,,,,,,,,,,
8/17/2019 1:00,8/17/2019 3:00,1.611,,,,,,,,,,,
8/17/2019 2:00,8/17/2019 4:00,1.255,,,,,,,,,,,
8/17/2019 3:00,8/17/2019 5:00,1.148,,,,,,,,,,,
8/17/2019 4:00,8/17/2019 6:00,1.209,,,,,,,,,,,
8/17/2019 5:00,8/17/2019 7:00,1.775,,,,,,,,,,,
8/17/2019 6:00,8/17/2019 8:00,2.329,,,,,,,,,,,
8/17/2019 7:00,8/17/2019 9:00,2.461,,,,,,,,,,,
8/17/2019 8:00,8/17/2019 10:00,2.834,,,,,,,,,,,
8/17/2019 9:00,8/17/2019 11:00,3.344,,,,,,,,,,,
8/17/2019 10:00,8/17/2019 12:00,3.835,,,,,,,,,,,
8/17/2019 11:00,8/17/2019 13:00,4.335,,,,,,,,,,,
8/17/2019 12:00,8/17/2019 14:00,4.756,,,,,,,,,,,
8/17/2019 13:00,8/17/2019 15:00,4.881,,,,,,,,,,,
8/17/2019 14:00,8/17/2019 16:00,5.037,,,,,,,,,,,
8/17/2019 15:00,8/17/2019 17:00,5.142,,,,,,,,,,,
8/17/2019 16:00,8/17/2019 18:00,5.122,,,,,,,,,,,
8/17/2019 17:00,8/17/2019 19:00,6.069,,,,,,,,,,,
8/17/2019 18:00,8/17/2019 20:00,6.833,,,,,,,,,,,
8/17/2019 19:00,8/17/2019 21:00,6.996,,,,,,,,,,,
8/17/2019 20:00,8/17/2019 22:00,7.429,,,,,,,,,,,
8/17/2019 21:00,8/17/2019 23:00,7.583,,,,,,,,,,,
8/17/2019 22:00,8/18/2019 0:00,7.428,,,,,,,,,,,
8/17/2019 23:00,8/18/2019 1:00,7.43,,,,,,,,,,,
8/18/2019 0:00,8/18/2019 2:00,7.753,,,,,,,,,,,
8/18/2019 1:00,8/18/2019 3:00,7.304,,,,,,,,,,,
8/18/2019 2:00,8/18/2019 4:00,6.735,,,,,,,,,,,
8/18/2019 3:00,8/18/2019 5:00,6.604,,,,,,,,,,,
8/18/2019 4:00,8/18/2019 6:00,6.157,,,,,,,,,,,
8/18/2019 5:00,8/18/2019 7:00,9.389,,,,,,,,,,,
8/18/2019 6:00,8/18/2019 8:00,7.834,,,,,,,,,,,
8/18/2019 7:00,8/18/2019 9:00,8.007,,,,,,,,,,,
8/18/2019 8:00,8/18/2019 10:00,8.635,,,,,,,,,,,
8/18/2019 9:00,8/18/2019 11:00,8.962,,,,,,,,,,,
8/18/2019 10:00,8/18/2019 12:00,9.738,,,,,,,,,,,
8/18/2019 11:00,8/18/2019 13:00,8.964,,,,,,,,,,,
8/18/2019 12:00,8/18/2019 14:00,7.532,,,,,,,,,,,
8/18/2019 13:00,8/18/2019 15:00,6.468,,,,,,,,,,,
8/18/2019 14:00,8/18/2019 16:00,4.979,,,,,,,,,,,
8/18/2019 15:00,8/18/2019 17:00,3.411,,,,,,,,,,,
8/18/2019 16:00,8/18/2019 18:00,2.756,,,,,,,,,,,
8/18/2019 17:00,8/18/2019 19:00,2.062,,,,,,,,,,,
8/18/2019 18:00,8/18/2019 20:00,1.875,,,,,,,,,,,
8/18/2019 19:00,8/18/2019 21:00,1.495,,,,,,,,,,,
8/18/2019 20:00,8/18/2019 22:00,0.855,,,,,,,,,,,
8/18/2019 21:00,8/18/2019 23:00,0.546,,,,,,,,,,,
8/18/2019 22:00,8/19/2019 0:00,0.537,,,,,,,,,,,
8/18/2019 23:00,8/19/2019 1:00,0.851,,,,,,,,,,,
8/19/2019 0:00,8/19/2019 2:00,1.606,,,,,,,,,,,
8/19/2019 1:00,8/19/2019 3:00,2.555,,,,,,,,,,,
8/19/2019 2:00,8/19/2019 4:00,3.266,,,,,,,,,,,
8/19/2019 3:00,8/19/2019 5:00,3.606,,,,,,,,,,,
8/19/2019 4:00,8/19/2019 6:00,3.656,,,,,,,,,,,
8/19/2019 5:00,8/19/2019 7:00,3.363,,,,,,,,,,,
8/19/2019 6:00,8/19/2019 8:00,3.028,,,,,,,,,,,
8/19/2019 7:00,8/19/2019 9:00,2.684,,,,,,,,,,,
8/19/2019 8:00,8/19/2019 10:00,2.359,,,,,,,,,,,
8/19/2019 9:00,8/19/2019 11:00,1.495,,,,,,,,,,,
8/19/2019 10:00,8/19/2019 12:00,0.542,,,,,,,,,,,
8/19/2019 11:00,8/19/2019 13:00,0.218,,,,,,,,,,,
8/19/2019 12:00,8/19/2019 14:00,0.326,,,,,,,,,,,
8/19/2019 13:00,8/19/2019 15:00,0.852,,,,,,,,,,,
8/19/2019 14:00,8/19/2019 16:00,1.91,,,,,,,,,,,
8/19/2019 15:00,8/19/2019 17:00,2.837,,,,,,,,,,,
8/19/2019 16:00,8/19/2019 18:00,3.261,,,,,,,,,,,
8/19/2019 17:00,8/19/2019 19:00,3.869,,,,,,,,,,,
8/19/2019 18:00,8/19/2019 20:00,4.248,,,,,,,,,,,
8/19/2019 19:00,8/19/2019 21:00,4.414,,,,,,,,,,,
8/19/2019 20:00,8/19/2019 22:00,4.066,,,,,,,,,,,
8/19/2019 21:00,8/19/2019 23:00,3.465,,,,,,,,,,,
8/19/2019 22:00,8/20/2019 0:00,2.879,,,,,,,,,,,
8/19/2019 23:00,8/20/2019 1:00,2.297,,,,,,,,,,,
8/20/2019 0:00,8/20/2019 2:00,1.924,,,,,,,,,,,
8/20/2019 1:00,8/20/2019 3:00,1.573,,,,,,,,,,,
8/20/2019 2:00,8/20/2019 4:00,1.207,,,,,,,,,,,
8/20/2019 3:00,8/20/2019 5:00,0.98,,,,,,,,,,,
8/20/2019 4:00,8/20/2019 6:00,0.924,,,,,,,,,,,
8/20/2019 5:00,8/20/2019 7:00,1.183,,,,,,,,,,,
8/20/2019 6:00,8/20/2019 8:00,1.594,,,,,,,,,,,
8/20/2019 7:00,8/20/2019 9:00,1.908,,,,,,,,,,,
8/20/2019 8:00,8/20/2019 10:00,2.276,,,,,,,,,,,
8/20/2019 9:00,8/20/2019 11:00,2.562,,,,,,,,,,,
8/20/2019 10:00,8/20/2019 12:00,2.874,,,,,,,,,,,
8/20/2019 11:00,8/20/2019 13:00,3.26,,,,,,,,,,,
8/20/2019 12:00,8/20/2019 14:00,3.26,,,,,,,,,,,
8/20/2019 13:00,8/20/2019 15:00,3.042,,,,,,,,,,,
8/20/2019 14:00,8/20/2019 16:00,2.475,,,,,,,,,,,
8/20/2019 15:00,8/20/2019 17:00,1.859,,,,,,,,,,,
8/20/2019 16:00,8/20/2019 18:00,1.334,,,,,,,,,,,
8/20/2019 17:00,8/20/2019 19:00,0.814,,,,,,,,,,,
8/20/2019 18:00,8/20/2019 20:00,0.442,,,,,,,,,,,
8/20/2019 19:00,8/20/2019 21:00,0.443,,,,,,,,,,,
8/20/2019 20:00,8/20/2019 22:00,0.837,,,,,,,,,,,
8/20/2019 21:00,8/20/2019 23:00,1.231,,,,,,,,,,,
8/20/2019 22:00,8/21/2019 0:00,1.466,,,,,,,,,,,
8/20/2019 23:00,8/21/2019 1:00,1.652,,,,,,,,,,,
8/21/2019 0:00,8/21/2019 2:00,1.814,,,,,,,,,,,
8/21/2019 1:00,8/21/2019 3:00,2.027,,,,,,,,,,,
8/21/2019 2:00,8/21/2019 4:00,1.929,,,,,,,,,,,
8/21/2019 3:00,8/21/2019 5:00,1.95,,,,,,,,,,,
8/21/2019 4:00,8/21/2019 6:00,1.901,,,,,,,,,,,
8/21/2019 5:00,8/21/2019 7:00,2.187,,,,,,,,,,,
8/21/2019 6:00,8/21/2019 8:00,3.003,,,,,,,,,,,
8/21/2019 7:00,8/21/2019 9:00,3.431,,,,,,,,,,,
8/21/2019 8:00,8/21/2019 10:00,4.617,,,,,,,,,,,
8/21/2019 9:00,8/21/2019 11:00,6.634,,,,,,,,,,,
8/21/2019 10:00,8/21/2019 12:00,8.759,,,,,,,,,,,
8/21/2019 11:00,8/21/2019 13:00,10.021,,,,,,,,,,,
8/21/2019 12:00,8/21/2019 14:00,10.882,,,,,,,,,,,
8/21/2019 13:00,8/21/2019 15:00,10.844,,,,,,,,,,,
8/21/2019 14:00,8/21/2019 16:00,10.694,,,,,,,,,,,
8/21/2019 15:00,8/21/2019 17:00,9.081,,,,,,,,,,,
8/21/2019 16:00,8/21/2019 18:00,6.544,,,,,,,,,,,
8/21/2019 17:00,8/21/2019 19:00,5.135,,,,,,,,,,,
8/21/2019 18:00,8/21/2019 20:00,5.109,,,,,,,,,,,
8/21/2019 19:00,8/21/2019 21:00,5.282,,,,,,,,,,,
8/21/2019 20:00,8/21/2019 22:00,5.108,,,,,,,,,,,
8/21/2019 21:00,8/21/2019 23:00,5.184,,,,,,,,,,,
8/21/2019 22:00,8/22/2019 0:00,4.866,,,,,,,,,,,
8/21/2019 23:00,8/22/2019 1:00,4.281,,,,,,,,,,,
8/22/2019 0:00,8/22/2019 2:00,3.771,,,,,,,,,,,
8/22/2019 1:00,8/22/2019 3:00,3.397,,,,,,,,,,,
8/22/2019 2:00,8/22/2019 4:00,3.057,,,,,,,,,,,
8/22/2019 3:00,8/22/2019 5:00,2.46,,,,,,,,,,,
8/22/2019 4:00,8/22/2019 6:00,1.794,,,,,,,,,,,
8/22/2019 5:00,8/22/2019 7:00,1.329,,,,,,,,,,,
8/22/2019 6:00,8/22/2019 8:00,0.934,,,,,,,,,,,
8/22/2019 7:00,8/22/2019 9:00,0.859,,,,,,,,,,,
8/22/2019 8:00,8/22/2019 10:00,0.913,,,,,,,,,,,
8/22/2019 9:00,8/22/2019 11:00,0.976,,,,,,,,,,,
8/22/2019 10:00,8/22/2019 12:00,1.112,,,,,,,,,,,
8/22/2019 11:00,8/22/2019 13:00,1.324,,,,,,,,,,,
8/22/2019 12:00,8/22/2019 14:00,1.467,,,,,,,,,,,
8/22/2019 13:00,8/22/2019 15:00,1.331,,,,,,,,,,,
8/22/2019 14:00,8/22/2019 16:00,1.028,,,,,,,,,,,
8/22/2019 15:00,8/22/2019 17:00,0.904,,,,,,,,,,,
8/22/2019 16:00,8/22/2019 18:00,0.73,,,,,,,,,,,
8/22/2019 17:00,8/22/2019 19:00,0.744,,,,,,,,,,,
8/22/2019 18:00,8/22/2019 20:00,0.751,,,,,,,,,,,
8/22/2019 19:00,8/22/2019 21:00,0.737,,,,,,,,,,,
8/22/2019 20:00,8/22/2019 22:00,0.879,,,,,,,,,,,
8/22/2019 21:00,8/22/2019 23:00,1.103,,,,,,,,,,,
8/22/2019 22:00,8/23/2019 0:00,1.428,,,,,,,,,,,
8/22/2019 23:00,8/23/2019 1:00,1.71,,,,,,,,,,,
8/23/2019 0:00,8/23/2019 2:00,1.927,,,,,,,,,,,
8/23/2019 1:00,8/23/2019 3:00,2.032,,,,,,,,,,,
8/23/2019 2:00,8/23/2019 4:00,2.145,,,,,,,,,,,
8/23/2019 3:00,8/23/2019 5:00,2.331,,,,,,,,,,,
8/23/2019 4:00,8/23/2019 6:00,2.536,,,,,,,,,,,
8/23/2019 5:00,8/23/2019 7:00,2.184,,,,,,,,,,,
8/23/2019 6:00,8/23/2019 8:00,1.757,,,,,,,,,,,
8/23/2019 7:00,8/23/2019 9:00,1.578,,,,,,,,,,,
8/23/2019 8:00,8/23/2019 10:00,1.222,,,,,,,,,,,
8/23/2019 9:00,8/23/2019 11:00,0.729,,,,,,,,,,,
8/23/2019 10:00,8/23/2019 12:00,0.353,,,,,,,,,,,
8/23/2019 11:00,8/23/2019 13:00,0.238,,,,,,,,,,,
8/23/2019 12:00,8/23/2019 14:00,0.298,,,,,,,,,,,
8/23/2019 13:00,8/23/2019 15:00,0.548,,,,,,,,,,,
8/23/2019 14:00,8/23/2019 16:00,0.966,,,,,,,,,,,
8/23/2019 15:00,8/23/2019 17:00,1.497,,,,,,,,,,,
8/23/2019 16:00,8/23/2019 18:00,2.062,,,,,,,,,,,
8/23/2019 17:00,8/23/2019 19:00,2.503,,,,,,,,,,,
8/23/2019 18:00,8/23/2019 20:00,2.988,,,,,,,,,,,
8/23/2019 19:00,8/23/2019 21:00,3.437,,,,,,,,,,,
8/23/2019 20:00,8/23/2019 22:00,3.457,,,,,,,,,,,
8/23/2019 21:00,8/23/2019 23:00,3.128,,,,,,,,,,,
8/23/2019 22:00,8/24/2019 0:00,2.776,,,,,,,,,,,
8/23/2019 23:00,8/24/2019 1:00,2.504,,,,,,,,,,,
8/24/2019 0:00,8/24/2019 2:00,2.146,,,,,,,,,,,
8/24/2019 1:00,8/24/2019 3:00,1.887,,,,,,,,,,,
8/24/2019 2:00,8/24/2019 4:00,1.726,,,,,,,,,,,
8/24/2019 3:00,8/24/2019 5:00,1.418,,,,,,,,,,,
8/24/2019 4:00,8/24/2019 6:00,1.037,,,,,,,,,,,
8/24/2019 5:00,8/24/2019 7:00,0.853,,,,,,,,,,,
8/24/2019 6:00,8/24/2019 8:00,0.68,,,,,,,,,,,
8/24/2019 7:00,8/24/2019 9:00,0.575,,,,,,,,,,,
8/24/2019 8:00,8/24/2019 10:00,0.507,,,,,,,,,,,
8/24/2019 9:00,8/24/2019 11:00,0.462,,,,,,,,,,,
8/24/2019 10:00,8/24/2019 12:00,0.407,,,,,,,,,,,
8/24/2019 11:00,8/24/2019 13:00,0.343,,,,,,,,,,,
8/24/2019 12:00,8/24/2019 14:00,0.21,,,,,,,,,,,
8/24/2019 13:00,8/24/2019 15:00,0.058,,,,,,,,,,,
8/24/2019 14:00,8/24/2019 16:00,0.039,,,,,,,,,,,
8/24/2019 15:00,8/24/2019 17:00,0.141,,,,,,,,,,,
8/24/2019 16:00,8/24/2019 18:00,0.101,,,,,,,,,,,
8/24/2019 17:00,8/24/2019 19:00,0.061,,,,,,,,,,,
8/24/2019 18:00,8/24/2019 20:00,0.305,,,,,,,,,,,
8/24/2019 19:00,8/24/2019 21:00,0.814,,,,,,,,,,,
8/24/2019 20:00,8/24/2019 22:00,1.538,,,,,,,,,,,
8/24/2019 21:00,8/24/2019 23:00,2.36,,,,,,,,,,,
8/24/2019 22:00,8/25/2019 0:00,3.236,,,,,,,,,,,
8/24/2019 23:00,8/25/2019 1:00,4.124,,,,,,,,,,,
8/25/2019 0:00,8/25/2019 2:00,4.899,,,,,,,,,,,
8/25/2019 1:00,8/25/2019 3:00,5.133,,,,,,,,,,,
8/25/2019 2:00,8/25/2019 4:00,5.426,,,,,,,,,,,
8/25/2019 3:00,8/25/2019 5:00,5.366,,,,,,,,,,,
8/25/2019 4:00,8/25/2019 6:00,5.514,,,,,,,,,,,
8/25/2019 5:00,8/25/2019 7:00,5.522,,,,,,,,,,,
8/25/2019 6:00,8/25/2019 8:00,4.971,,,,,,,,,,,
8/25/2019 7:00,8/25/2019 9:00,4.53,,,,,,,,,,,
8/25/2019 8:00,8/25/2019 10:00,4.368,,,,,,,,,,,
8/25/2019 9:00,8/25/2019 11:00,4.616,,,,,,,,,,,
8/25/2019 10:00,8/25/2019 12:00,8.759,,,,,,,,,,,
8/25/2019 11:00,8/25/2019 13:00,10.761,,,,,,,,,,,
8/25/2019 12:00,8/25/2019 14:00,8.683,,,,,,,,,,,
8/25/2019 13:00,8/25/2019 15:00,7.896,,,,,,,,,,,
8/25/2019 14:00,8/25/2019 16:00,8.236,,,,,,,,,,,
8/25/2019 15:00,8/25/2019 17:00,8.564,,,,,,,,,,,
8/25/2019 16:00,8/25/2019 18:00,8.943,,,,,,,,,,,
8/25/2019 17:00,8/25/2019 19:00,10.144,,,,,,,,,,,
8/25/2019 18:00,8/25/2019 20:00,14.423,,,,,,,,,,,
8/25/2019 19:00,8/25/2019 21:00,14.09,,,,,,,,,,,
8/25/2019 20:00,8/25/2019 22:00,11.492,,,,,,,,,,,
8/25/2019 21:00,8/25/2019 23:00,9.956,,,,,,,,,,,
8/25/2019 22:00,8/26/2019 0:00,8.27,,,,,,,,,,,
8/25/2019 23:00,8/26/2019 1:00,7.751,,,,,,,,,,,
8/26/2019 0:00,8/26/2019 2:00,7.771,,,,,,,,,,,
8/26/2019 1:00,8/26/2019 3:00,8.341,,,,,,,,,,,
8/26/2019 2:00,8/26/2019 4:00,7.854,,,,,,,,,,,
8/26/2019 3:00,8/26/2019 5:00,7.985,,,,,,,,,,,
8/26/2019 4:00,8/26/2019 6:00,8.098,,,,,,,,,,,
8/26/2019 5:00,8/26/2019 7:00,8.044,,,,,,,,,,,
8/26/2019 6:00,8/26/2019 8:00,8.569,,,,,,,,,,,
8/26/2019 7:00,8/26/2019 9:00,10.866,,,,,,,,,,,
8/26/2019 8:00,8/26/2019 10:00,11.644,,,,,,,,,,,
8/26/2019 9:00,8/26/2019 11:00,11.305,,,,,,,,,,,
8/26/2019 10:00,8/26/2019 12:00,9.487,,,,,,,,,,,
8/26/2019 11:00,8/26/2019 13:00,6.229,,,,,,,,,,,
8/26/2019 12:00,8/26/2019 14:00,3.952,,,,,,,,,,,
8/26/2019 13:00,8/26/2019 15:00,2.219,,,,,,,,,,,
8/26/2019 14:00,8/26/2019 16:00,1.561,,,,,,,,,,,
8/26/2019 15:00,8/26/2019 17:00,1.925,,,,,,,,,,,
8/26/2019 16:00,8/26/2019 18:00,2.822,,,,,,,,,,,
8/26/2019 17:00,8/26/2019 19:00,4.076,,,,,,,,,,,
8/26/2019 18:00,8/26/2019 20:00,5.259,,,,,,,,,,,
8/26/2019 19:00,8/26/2019 21:00,6.045,,,,,,,,,,,
8/26/2019 20:00,8/26/2019 22:00,5.955,,,,,,,,,,,
8/26/2019 21:00,8/26/2019 23:00,7.252,,,,,,,,,,,
8/26/2019 22:00,8/27/2019 0:00,9.528,,,,,,,,,,,
8/26/2019 23:00,8/27/2019 1:00,10.823,,,,,,,,,,,
8/27/2019 0:00,8/27/2019 2:00,12.418,,,,,,,,,,,
8/27/2019 1:00,8/27/2019 3:00,13.291,,,,,,,,,,,
8/27/2019 2:00,8/27/2019 4:00,13.202,,,,,,,,,,,
8/27/2019 3:00,8/27/2019 5:00,12.202,,,,,,,,,,,
8/27/2019 4:00,8/27/2019 6:00,11.961,,,,,,,,,,,
8/27/2019 5:00,8/27/2019 7:00,11.346,,,,,,,,,,,
8/27/2019 6:00,8/27/2019 8:00,9.822,,,,,,,,,,,
8/27/2019 7:00,8/27/2019 9:00,8.913,,,,,,,,,,,
8/27/2019 8:00,8/27/2019 10:00,10.007,,,,,,,,,,,
8/27/2019 9:00,8/27/2019 11:00,11.644,,,,,,,,,,,
8/27/2019 10:00,8/27/2019 12:00,11.73,,,,,,,,,,,
8/27/2019 11:00,8/27/2019 13:00,11.284,,,,,,,,,,,
8/27/2019 12:00,8/27/2019 14:00,10.72,,,,,,,,,,,
8/27/2019 13:00,8/27/2019 15:00,9.651,,,,,,,,,,,
8/27/2019 14:00,8/27/2019 16:00,7.404,,,,,,,,,,,
8/27/2019 15:00,8/27/2019 17:00,5.041,,,,,,,,,,,
8/27/2019 16:00,8/27/2019 18:00,3.354,,,,,,,,,,,
8/27/2019 17:00,8/27/2019 19:00,2.68,,,,,,,,,,,
8/27/2019 18:00,8/27/2019 20:00,2.298,,,,,,,,,,,
8/27/2019 19:00,8/27/2019 21:00,2.523,,,,,,,,,,,
8/27/2019 20:00,8/27/2019 22:00,2.776,,,,,,,,,,,
8/27/2019 21:00,8/27/2019 23:00,2.784,,,,,,,,,,,
8/27/2019 22:00,8/28/2019 0:00,3.224,,,,,,,,,,,
8/27/2019 23:00,8/28/2019 1:00,3.242,,,,,,,,,,,
8/28/2019 0:00,8/28/2019 2:00,3.118,,,,,,,,,,,
8/28/2019 1:00,8/28/2019 3:00,3.26,,,,,,,,,,,
8/28/2019 2:00,8/28/2019 4:00,3.266,,,,,,,,,,,
8/28/2019 3:00,8/28/2019 5:00,3.086,,,,,,,,,,,
8/28/2019 4:00,8/28/2019 6:00,3.206,,,,,,,,,,,
8/28/2019 5:00,8/28/2019 7:00,2.872,,,,,,,,,,,
8/28/2019 6:00,8/28/2019 8:00,2.29,,,,,,,,,,,
8/28/2019 7:00,8/28/2019 9:00,2.377,,,,,,,,,,,
8/28/2019 8:00,8/28/2019 10:00,2.754,,,,,,,,,,,
8/28/2019 9:00,8/28/2019 11:00,2.919,,,,,,,,,,,
8/28/2019 10:00,8/28/2019 12:00,2.761,,,,,,,,,,,
8/28/2019 11:00,8/28/2019 13:00,2.524,,,,,,,,,,,
8/28/2019 12:00,8/28/2019 14:00,2.296,,,,,,,,,,,
8/28/2019 13:00,8/28/2019 15:00,2.336,,,,,,,,,,,
8/28/2019 14:00,8/28/2019 16:00,2.8,,,,,,,,,,,
8/28/2019 15:00,8/28/2019 17:00,3.617,,,,,,,,,,,
8/28/2019 16:00,8/28/2019 18:00,4.045,,,,,,,,,,,
8/28/2019 17:00,8/28/2019 19:00,5.703,,,,,,,,,,,
8/28/2019 18:00,8/28/2019 20:00,7.499,,,,,,,,,,,
8/28/2019 19:00,8/28/2019 21:00,8.994,,,,,,,,,,,
8/28/2019 20:00,8/28/2019 22:00,10.023,,,,,,,,,,,
8/28/2019 21:00,8/28/2019 23:00,11.162,,,,,,,,,,,
8/28/2019 22:00,8/29/2019 0:00,12.002,,,,,,,,,,,
8/28/2019 23:00,8/29/2019 1:00,12.25,,,,,,,,,,,
8/29/2019 0:00,8/29/2019 2:00,12.201,,,,,,,,,,,
8/29/2019 1:00,8/29/2019 3:00,11.871,,,,,,,,,,,
8/29/2019 2:00,8/29/2019 4:00,11.568,,,,,,,,,,,
8/29/2019 3:00,8/29/2019 5:00,10.481,,,,,,,,,,,
8/29/2019 4:00,8/29/2019 6:00,9.556,,,,,,,,,,,
8/29/2019 5:00,8/29/2019 7:00,9.739,,,,,,,,,,,
8/29/2019 6:00,8/29/2019 8:00,9.82,,,,,,,,,,,
8/29/2019 7:00,8/29/2019 9:00,12.411,,,,,,,,,,,
8/29/2019 8:00,8/29/2019 10:00,10.472,,,,,,,,,,,
8/29/2019 9:00,8/29/2019 11:00,9.224,,,,,,,,,,,
8/29/2019 10:00,8/29/2019 12:00,10.305,,,,,,,,,,,
8/29/2019 11:00,8/29/2019 13:00,10.968,,,,,,,,,,,
8/29/2019 12:00,8/29/2019 14:00,11.432,,,,,,,,,,,
8/29/2019 13:00,8/29/2019 15:00,10.759,,,,,,,,,,,
8/29/2019 14:00,8/29/2019 16:00,9.018,,,,,,,,,,,
8/29/2019 15:00,8/29/2019 17:00,8.979,,,,,,,,,,,
8/29/2019 16:00,8/29/2019 18:00,10.181,,,,,,,,,,,
8/29/2019 17:00,8/29/2019 19:00,12.576,,,,,,,,,,,
8/29/2019 18:00,8/29/2019 20:00,15.415,,,,,,,,,,,
8/29/2019 19:00,8/29/2019 21:00,17.135,,,,,,,,,,,
8/29/2019 20:00,8/29/2019 22:00,18.011,,,,,,,,,,,
8/29/2019 21:00,8/29/2019 23:00,17.528,,,,,,,,,,,
8/29/2019 22:00,8/30/2019 0:00,16.609,,,,,,,,,,,
8/29/2019 23:00,8/30/2019 1:00,12.808,,,,,,,,,,,
8/30/2019 0:00,8/30/2019 2:00,7.041,,,,,,,,,,,
8/30/2019 1:00,8/30/2019 3:00,3.189,,,,,,,,,,,
8/30/2019 2:00,8/30/2019 4:00,1.606,,,,,,,,,,,
8/30/2019 3:00,8/30/2019 5:00,0.806,,,,,,,,,,,
8/30/2019 4:00,8/30/2019 6:00,0.629,,,,,,,,,,,
8/30/2019 5:00,8/30/2019 7:00,1.493,,,,,,,,,,,
8/30/2019 6:00,8/30/2019 8:00,2.989,,,,,,,,,,,
8/30/2019 7:00,8/30/2019 9:00,4.881,,,,,,,,,,,
8/30/2019 8:00,8/30/2019 10:00,5.637,,,,,,,,,,,
8/30/2019 9:00,8/30/2019 11:00,4.878,,,,,,,,,,,
8/30/2019 10:00,8/30/2019 12:00,3.974,,,,,,,,,,,
8/30/2019 11:00,8/30/2019 13:00,2.918,,,,,,,,,,,
8/30/2019 12:00,8/30/2019 14:00,2.517,,,,,,,,,,,
8/30/2019 13:00,8/30/2019 15:00,2.269,,,,,,,,,,,
8/30/2019 14:00,8/30/2019 16:00,1.64,,,,,,,,,,,
8/30/2019 15:00,8/30/2019 17:00,0.929,,,,,,,,,,,
8/30/2019 16:00,8/30/2019 18:00,0.339,,,,,,,,,,,
8/30/2019 17:00,8/30/2019 19:00,0.295,,,,,,,,,,,
8/30/2019 18:00,8/30/2019 20:00,1.231,,,,,,,,,,,
8/30/2019 19:00,8/30/2019 21:00,2.77,,,,,,,,,,,
8/30/2019 20:00,8/30/2019 22:00,3.942,,,,,,,,,,,
8/30/2019 21:00,8/30/2019 23:00,4.985,,,,,,,,,,,
8/30/2019 22:00,8/31/2019 0:00,6.124,,,,,,,,,,,
8/30/2019 23:00,8/31/2019 1:00,6.563,,,,,,,,,,,
8/31/2019 0:00,8/31/2019 2:00,5.992,,,,,,,,,,,
8/31/2019 1:00,8/31/2019 3:00,5.697,,,,,,,,,,,
8/31/2019 2:00,8/31/2019 4:00,6.686,,,,,,,,,,,
8/31/2019 3:00,8/31/2019 5:00,7.412,,,,,,,,,,,
8/31/2019 4:00,8/31/2019 6:00,7.043,,,,,,,,,,,
8/31/2019 5:00,8/31/2019 7:00,6.407,,,,,,,,,,,
8/31/2019 6:00,8/31/2019 8:00,4.645,,,,,,,,,,,
8/31/2019 7:00,8/31/2019 9:00,6.418,,,,,,,,,,,
8/31/2019 8:00,8/31/2019 10:00,6.987,,,,,,,,,,,
8/31/2019 9:00,8/31/2019 11:00,7.548,,,,,,,,,,,
8/31/2019 10:00,8/31/2019 12:00,11.387,,,,,,,,,,,
8/31/2019 11:00,8/31/2019 13:00,12.896,,,,,,,,,,,
8/31/2019 12:00,8/31/2019 14:00,11.208,,,,,,,,,,,
8/31/2019 13:00,8/31/2019 15:00,9.365,,,,,,,,,,,
8/31/2019 14:00,8/31/2019 16:00,6.99,,,,,,,,,,,
8/31/2019 15:00,8/31/2019 17:00,4.111,,,,,,,,,,,
8/31/2019 16:00,8/31/2019 18:00,2.479,,,,,,,,,,,
8/31/2019 17:00,8/31/2019 19:00,1.512,,,,,,,,,,,
8/31/2019 18:00,8/31/2019 20:00,1.13,,,,,,,,,,,
8/31/2019 19:00,8/31/2019 21:00,1.905,,,,,,,,,,,
8/31/2019 20:00,8/31/2019 22:00,2.997,,,,,,,,,,,
8/31/2019 21:00,8/31/2019 23:00,4.063,,,,,,,,,,,
8/31/2019 22:00,9/1/2019 0:00,4.71,,,,,,,,,,,
8/31/2019 23:00,9/1/2019 1:00,5.369,,,,,,,,,,,
9/1/2019 0:00,9/1/2019 2:00,5.295,,,,,,,,,,,
9/1/2019 1:00,9/1/2019 3:00,5.039,,,,,,,,,,,
9/1/2019 2:00,9/1/2019 4:00,4.973,,,,,,,,,,,
9/1/2019 3:00,9/1/2019 5:00,5.364,,,,,,,,,,,
9/1/2019 4:00,9/1/2019 6:00,6.038,,,,,,,,,,,
9/1/2019 5:00,9/1/2019 7:00,6.923,,,,,,,,,,,
9/1/2019 6:00,9/1/2019 8:00,7.024,,,,,,,,,,,
9/1/2019 7:00,9/1/2019 9:00,9.461,,,,,,,,,,,
9/1/2019 8:00,9/1/2019 10:00,14.926,,,,,,,,,,,
9/1/2019 9:00,9/1/2019 11:00,17.47,,,,,,,,,,,
9/1/2019 10:00,9/1/2019 12:00,17.875,,,,,,,,,,,
9/1/2019 11:00,9/1/2019 13:00,17.296,,,,,,,,,,,
9/1/2019 12:00,9/1/2019 14:00,16.916,,,,,,,,,,,
9/1/2019 13:00,9/1/2019 15:00,15.819,,,,,,,,,,,
9/1/2019 14:00,9/1/2019 16:00,15.19,,,,,,,,,,,
9/1/2019 15:00,9/1/2019 17:00,15.239,,,,,,,,,,,
9/1/2019 16:00,9/1/2019 18:00,20.739,,,,,,,,,,,
9/1/2019 17:00,9/1/2019 19:00,26.915,,,,,,,,,,,
9/1/2019 18:00,9/1/2019 20:00,27.615,,,,,,,,,,,
9/1/2019 19:00,9/1/2019 21:00,24.285,,,,,,,,,,,
9/1/2019 20:00,9/1/2019 22:00,20.578,,,,,,,,,,,
9/1/2019 21:00,9/1/2019 23:00,7.494,,,,,,,,,,,
9/1/2019 22:00,9/2/2019 0:00,2.079,,,,,,,,,,,
9/1/2019 23:00,9/2/2019 1:00,0.896,,,,,,,,,,,
9/2/2019 0:00,9/2/2019 2:00,0.603,,,,,,,,,,,
9/2/2019 1:00,9/2/2019 3:00,0.917,,,,,,,,,,,
9/2/2019 2:00,9/2/2019 4:00,1.007,,,,,,,,,,,
9/2/2019 3:00,9/2/2019 5:00,1.505,,,,,,,,,,,
9/2/2019 4:00,9/2/2019 6:00,2.419,,,,,,,,,,,
9/2/2019 5:00,9/2/2019 7:00,3.043,,,,,,,,,,,
9/2/2019 6:00,9/2/2019 8:00,4.443,,,,,,,,,,,
9/2/2019 7:00,9/2/2019 9:00,4.977,,,,,,,,,,,
9/2/2019 8:00,9/2/2019 10:00,5.218,,,,,,,,,,,
9/2/2019 9:00,9/2/2019 11:00,5.055,,,,,,,,,,,
9/2/2019 10:00,9/2/2019 12:00,4.926,,,,,,,,,,,
9/2/2019 11:00,9/2/2019 13:00,4.577,,,,,,,,,,,
9/2/2019 12:00,9/2/2019 14:00,3.969,,,,,,,,,,,
9/2/2019 13:00,9/2/2019 15:00,3.099,,,,,,,,,,,
9/2/2019 14:00,9/2/2019 16:00,2.818,,,,,,,,,,,
9/2/2019 15:00,9/2/2019 17:00,2.235,,,,,,,,,,,
9/2/2019 16:00,9/2/2019 18:00,1.723,,,,,,,,,,,
9/2/2019 17:00,9/2/2019 19:00,1.861,,,,,,,,,,,
9/2/2019 18:00,9/2/2019 20:00,1.967,,,,,,,,,,,
9/2/2019 19:00,9/2/2019 21:00,2.327,,,,,,,,,,,
9/2/2019 20:00,9/2/2019 22:00,2.46,,,,,,,,,,,
9/2/2019 21:00,9/2/2019 23:00,2.456,,,,,,,,,,,
9/2/2019 22:00,9/3/2019 0:00,2.259,,,,,,,,,,,
9/2/2019 23:00,9/3/2019 1:00,2.405,,,,,,,,,,,
9/3/2019 0:00,9/3/2019 2:00,2.326,,,,,,,,,,,
9/3/2019 1:00,9/3/2019 3:00,2.461,,,,,,,,,,,
9/3/2019 2:00,9/3/2019 4:00,3.035,,,,,,,,,,,
9/3/2019 3:00,9/3/2019 5:00,3.71,,,,,,,,,,,
9/3/2019 4:00,9/3/2019 6:00,4.371,,,,,,,,,,,
9/3/2019 5:00,9/3/2019 7:00,4.774,,,,,,,,,,,
9/3/2019 6:00,9/3/2019 8:00,6.953,,,,,,,,,,,
9/3/2019 7:00,9/3/2019 9:00,9.194,,,,,,,,,,,
9/3/2019 8:00,9/3/2019 10:00,10.703,,,,,,,,,,,
9/3/2019 9:00,9/3/2019 11:00,11.615,,,,,,,,,,,
9/3/2019 10:00,9/3/2019 12:00,12.356,,,,,,,,,,,
9/3/2019 11:00,9/3/2019 13:00,12.928,,,,,,,,,,,
9/3/2019 12:00,9/3/2019 14:00,13.634,,,,,,,,,,,
9/3/2019 13:00,9/3/2019 15:00,14.615,,,,,,,,,,,
9/3/2019 14:00,9/3/2019 16:00,14.704,,,,,,,,,,,
9/3/2019 15:00,9/3/2019 17:00,14.508,,,,,,,,,,,
9/3/2019 16:00,9/3/2019 18:00,15.015,,,,,,,,,,,
9/3/2019 17:00,9/3/2019 19:00,15.839,,,,,,,,,,,
9/3/2019 18:00,9/3/2019 20:00,16.927,,,,,,,,,,,
9/3/2019 19:00,9/3/2019 21:00,17.355,,,,,,,,,,,
9/3/2019 20:00,9/3/2019 22:00,16.73,,,,,,,,,,,
9/3/2019 21:00,9/3/2019 23:00,16.365,,,,,,,,,,,
9/3/2019 22:00,9/4/2019 0:00,16.608,,,,,,,,,,,
9/3/2019 23:00,9/4/2019 1:00,16.184,,,,,,,,,,,
9/4/2019 0:00,9/4/2019 2:00,15.666,,,,,,,,,,,
9/4/2019 1:00,9/4/2019 3:00,15.214,,,,,,,,,,,
9/4/2019 2:00,9/4/2019 4:00,15.369,,,,,,,,,,,
9/4/2019 3:00,9/4/2019 5:00,15.036,,,,,,,,,,,
9/4/2019 4:00,9/4/2019 6:00,14.738,,,,,,,,,,,
9/4/2019 5:00,9/4/2019 7:00,14.748,,,,,,,,,,,
9/4/2019 6:00,9/4/2019 8:00,15.241,,,,,,,,,,,
9/4/2019 7:00,9/4/2019 9:00,17.135,,,,,,,,,,,
9/4/2019 8:00,9/4/2019 10:00,17.992,,,,,,,,,,,
9/4/2019 9:00,9/4/2019 11:00,17.478,,,,,,,,,,,
9/4/2019 10:00,9/4/2019 12:00,17.701,,,,,,,,,,,
9/4/2019 11:00,9/4/2019 13:00,16.916,,,,,,,,,,,
9/4/2019 12:00,9/4/2019 14:00,15.611,,,,,,,,,,,
9/4/2019 13:00,9/4/2019 15:00,15.208,,,,,,,,,,,
9/4/2019 14:00,9/4/2019 16:00,14.615,,,,,,,,,,,
9/4/2019 15:00,9/4/2019 17:00,11.516,,,,,,,,,,,
9/4/2019 16:00,9/4/2019 18:00,9.59,,,,,,,,,,,
9/4/2019 17:00,9/4/2019 19:00,7.334,,,,,,,,,,,
9/4/2019 18:00,9/4/2019 20:00,6.755,,,,,,,,,,,
9/4/2019 19:00,9/4/2019 21:00,6.215,,,,,,,,,,,
9/4/2019 20:00,9/4/2019 22:00,5.633,,,,,,,,,,,
9/4/2019 21:00,9/4/2019 23:00,4.869,,,,,,,,,,,
9/4/2019 22:00,9/5/2019 0:00,4.389,,,,,,,,,,,
9/4/2019 23:00,9/5/2019 1:00,3.933,,,,,,,,,,,
9/5/2019 0:00,9/5/2019 2:00,3.278,,,,,,,,,,,
9/5/2019 1:00,9/5/2019 3:00,2.793,,,,,,,,,,,
9/5/2019 2:00,9/5/2019 4:00,2.527,,,,,,,,,,,
9/5/2019 3:00,9/5/2019 5:00,1.994,,,,,,,,,,,
9/5/2019 4:00,9/5/2019 6:00,1.832,,,,,,,,,,,
9/5/2019 5:00,9/5/2019 7:00,2.339,,,,,,,,,,,
9/5/2019 6:00,9/5/2019 8:00,2.692,,,,,,,,,,,
9/5/2019 7:00,9/5/2019 9:00,2.989,,,,,,,,,,,
9/5/2019 8:00,9/5/2019 10:00,3.266,,,,,,,,,,,
9/5/2019 9:00,9/5/2019 11:00,3.658,,,,,,,,,,,
9/5/2019 10:00,9/5/2019 12:00,3.618,,,,,,,,,,,
9/5/2019 11:00,9/5/2019 13:00,3.428,,,,,,,,,,,
9/5/2019 12:00,9/5/2019 14:00,3.271,,,,,,,,,,,
9/5/2019 13:00,9/5/2019 15:00,3.331,,,,,,,,,,,
9/5/2019 14:00,9/5/2019 16:00,3.695,,,,,,,,,,,
9/5/2019 15:00,9/5/2019 17:00,3.819,,,,,,,,,,,
9/5/2019 16:00,9/5/2019 18:00,3.753,,,,,,,,,,,
9/5/2019 17:00,9/5/2019 19:00,3.589,,,,,,,,,,,
9/5/2019 18:00,9/5/2019 20:00,3.189,,,,,,,,,,,
9/5/2019 19:00,9/5/2019 21:00,2.717,,,,,,,,,,,
9/5/2019 20:00,9/5/2019 22:00,1.846,,,,,,,,,,,
9/5/2019 21:00,9/5/2019 23:00,0.992,,,,,,,,,,,
9/5/2019 22:00,9/6/2019 0:00,0.5,,,,,,,,,,,
9/5/2019 23:00,9/6/2019 1:00,0.735,,,,,,,,,,,
9/6/2019 0:00,9/6/2019 2:00,1.741,,,,,,,,,,,
9/6/2019 1:00,9/6/2019 3:00,2.826,,,,,,,,,,,
9/6/2019 2:00,9/6/2019 4:00,3.624,,,,,,,,,,,
9/6/2019 3:00,9/6/2019 5:00,4.141,,,,,,,,,,,
9/6/2019 4:00,9/6/2019 6:00,4.543,,,,,,,,,,,
9/6/2019 5:00,9/6/2019 7:00,4.706,,,,,,,,,,,
9/6/2019 6:00,9/6/2019 8:00,5.224,,,,,,,,,,,
9/6/2019 7:00,9/6/2019 9:00,6.277,,,,,,,,,,,
9/6/2019 8:00,9/6/2019 10:00,7.45,,,,,,,,,,,
9/6/2019 9:00,9/6/2019 11:00,7.605,,,,,,,,,,,
9/6/2019 10:00,9/6/2019 12:00,7.597,,,,,,,,,,,
9/6/2019 11:00,9/6/2019 13:00,7.753,,,,,,,,,,,
9/6/2019 12:00,9/6/2019 14:00,7.518,,,,,,,,,,,
9/6/2019 13:00,9/6/2019 15:00,7.882,,,,,,,,,,,
9/6/2019 14:00,9/6/2019 16:00,7.145,,,,,,,,,,,
9/6/2019 15:00,9/6/2019 17:00,6.704,,,,,,,,,,,
9/6/2019 16:00,9/6/2019 18:00,6.312,,,,,,,,,,,
9/6/2019 17:00,9/6/2019 19:00,5.923,,,,,,,,,,,
9/6/2019 18:00,9/6/2019 20:00,5.425,,,,,,,,,,,
9/6/2019 19:00,9/6/2019 21:00,4.777,,,,,,,,,,,
9/6/2019 20:00,9/6/2019 22:00,4.207,,,,,,,,,,,
9/6/2019 21:00,9/6/2019 23:00,3.788,,,,,,,,,,,
9/6/2019 22:00,9/7/2019 0:00,3.456,,,,,,,,,,,
9/6/2019 23:00,9/7/2019 1:00,3.186,,,,,,,,,,,
9/7/2019 0:00,9/7/2019 2:00,2.922,,,,,,,,,,,
9/7/2019 1:00,9/7/2019 3:00,2.733,,,,,,,,,,,
9/7/2019 2:00,9/7/2019 4:00,2.458,,,,,,,,,,,
9/7/2019 3:00,9/7/2019 5:00,1.94,,,,,,,,,,,
9/7/2019 4:00,9/7/2019 6:00,1.501,,,,,,,,,,,
9/7/2019 5:00,9/7/2019 7:00,1.186,,,,,,,,,,,
9/7/2019 6:00,9/7/2019 8:00,0.851,,,,,,,,,,,
9/7/2019 7:00,9/7/2019 9:00,0.762,,,,,,,,,,,
9/7/2019 8:00,9/7/2019 10:00,0.795,,,,,,,,,,,
9/7/2019 9:00,9/7/2019 11:00,0.893,,,,,,,,,,,
9/7/2019 10:00,9/7/2019 12:00,0.868,,,,,,,,,,,
9/7/2019 11:00,9/7/2019 13:00,0.846,,,,,,,,,,,
9/7/2019 12:00,9/7/2019 14:00,0.754,,,,,,,,,,,
9/7/2019 13:00,9/7/2019 15:00,0.586,,,,,,,,,,,
9/7/2019 14:00,9/7/2019 16:00,0.414,,,,,,,,,,,
9/7/2019 15:00,9/7/2019 17:00,0.244,,,,,,,,,,,
9/7/2019 16:00,9/7/2019 18:00,0.162,,,,,,,,,,,
9/7/2019 17:00,9/7/2019 19:00,0.151,,,,,,,,,,,
9/7/2019 18:00,9/7/2019 20:00,0.158,,,,,,,,,,,
9/7/2019 19:00,9/7/2019 21:00,0.195,,,,,,,,,,,
9/7/2019 20:00,9/7/2019 22:00,0.258,,,,,,,,,,,
9/7/2019 21:00,9/7/2019 23:00,0.35,,,,,,,,,,,
9/7/2019 22:00,9/8/2019 0:00,0.457,,,,,,,,,,,
9/7/2019 23:00,9/8/2019 1:00,0.728,,,,,,,,,,,
9/8/2019 0:00,9/8/2019 2:00,0.825,,,,,,,,,,,
9/8/2019 1:00,9/8/2019 3:00,0.834,,,,,,,,,,,
9/8/2019 2:00,9/8/2019 4:00,1.19,,,,,,,,,,,
9/8/2019 3:00,9/8/2019 5:00,1.738,,,,,,,,,,,
9/8/2019 4:00,9/8/2019 6:00,2.156,,,,,,,,,,,
9/8/2019 5:00,9/8/2019 7:00,2.154,,,,,,,,,,,
9/8/2019 6:00,9/8/2019 8:00,1.939,,,,,,,,,,,
9/8/2019 7:00,9/8/2019 9:00,1.886,,,,,,,,,,,
9/8/2019 8:00,9/8/2019 10:00,2.368,,,,,,,,,,,
9/8/2019 9:00,9/8/2019 11:00,2.528,,,,,,,,,,,
9/8/2019 10:00,9/8/2019 12:00,2.649,,,,,,,,,,,
9/8/2019 11:00,9/8/2019 13:00,2.748,,,,,,,,,,,
9/8/2019 12:00,9/8/2019 14:00,3.217,,,,,,,,,,,
9/8/2019 13:00,9/8/2019 15:00,3.696,,,,,,,,,,,
9/8/2019 14:00,9/8/2019 16:00,4.444,,,,,,,,,,,
9/8/2019 15:00,9/8/2019 17:00,5.44,,,,,,,,,,,
9/8/2019 16:00,9/8/2019 18:00,6.337,,,,,,,,,,,
9/8/2019 17:00,9/8/2019 19:00,6.945,,,,,,,,,,,
9/8/2019 18:00,9/8/2019 20:00,7.693,,,,,,,,,,,
9/8/2019 19:00,9/8/2019 21:00,8.124,,,,,,,,,,,
9/8/2019 20:00,9/8/2019 22:00,8.573,,,,,,,,,,,
9/8/2019 21:00,9/8/2019 23:00,8.493,,,,,,,,,,,
9/8/2019 22:00,9/9/2019 0:00,6.579,,,,,,,,,,,
9/8/2019 23:00,9/9/2019 1:00,4.649,,,,,,,,,,,
9/9/2019 0:00,9/9/2019 2:00,4.271,,,,,,,,,,,
9/9/2019 1:00,9/9/2019 3:00,4.038,,,,,,,,,,,
9/9/2019 2:00,9/9/2019 4:00,3.514,,,,,,,,,,,
9/9/2019 3:00,9/9/2019 5:00,2.825,,,,,,,,,,,
9/9/2019 4:00,9/9/2019 6:00,2.542,,,,,,,,,,,
9/9/2019 5:00,9/9/2019 7:00,2.307,,,,,,,,,,,
9/9/2019 6:00,9/9/2019 8:00,1.866,,,,,,,,,,,
9/9/2019 7:00,9/9/2019 9:00,1.3,,,,,,,,,,,
9/9/2019 8:00,9/9/2019 10:00,1.156,,,,,,,,,,,
9/9/2019 9:00,9/9/2019 11:00,1.035,,,,,,,,,,,
9/9/2019 10:00,9/9/2019 12:00,1.055,,,,,,,,,,,
9/9/2019 11:00,9/9/2019 13:00,1.1,,,,,,,,,,,
9/9/2019 12:00,9/9/2019 14:00,1.173,,,,,,,,,,,
9/9/2019 13:00,9/9/2019 15:00,1.108,,,,,,,,,,,
9/9/2019 14:00,9/9/2019 16:00,0.987,,,,,,,,,,,
9/9/2019 15:00,9/9/2019 17:00,1.072,,,,,,,,,,,
9/9/2019 16:00,9/9/2019 18:00,1.444,,,,,,,,,,,
9/9/2019 17:00,9/9/2019 19:00,1.762,,,,,,,,,,,
9/9/2019 18:00,9/9/2019 20:00,1.991,,,,,,,,,,,
9/9/2019 19:00,9/9/2019 21:00,2.211,,,,,,,,,,,
9/9/2019 20:00,9/9/2019 22:00,2.469,,,,,,,,,,,
9/9/2019 21:00,9/9/2019 23:00,2.85,,,,,,,,,,,
9/9/2019 22:00,9/10/2019 0:00,3.324,,,,,,,,,,,
9/9/2019 23:00,9/10/2019 1:00,3.79,,,,,,,,,,,
9/10/2019 0:00,9/10/2019 2:00,4.12,,,,,,,,,,,
9/10/2019 1:00,9/10/2019 3:00,4.629,,,,,,,,,,,
9/10/2019 2:00,9/10/2019 4:00,5.316,,,,,,,,,,,
9/10/2019 3:00,9/10/2019 5:00,5.632,,,,,,,,,,,
9/10/2019 4:00,9/10/2019 6:00,5.555,,,,,,,,,,,
9/10/2019 5:00,9/10/2019 7:00,4.905,,,,,,,,,,,
9/10/2019 6:00,9/10/2019 8:00,3.616,,,,,,,,,,,
9/10/2019 7:00,9/10/2019 9:00,2.786,,,,,,,,,,,
9/10/2019 8:00,9/10/2019 10:00,2.461,,,,,,,,,,,
9/10/2019 9:00,9/10/2019 11:00,2.495,,,,,,,,,,,
9/10/2019 10:00,9/10/2019 12:00,2.863,,,,,,,,,,,
9/10/2019 11:00,9/10/2019 13:00,3.438,,,,,,,,,,,
9/10/2019 12:00,9/10/2019 14:00,4.094,,,,,,,,,,,
9/10/2019 13:00,9/10/2019 15:00,4.446,,,,,,,,,,,
9/10/2019 14:00,9/10/2019 16:00,4.394,,,,,,,,,,,
9/10/2019 15:00,9/10/2019 17:00,4.252,,,,,,,,,,,
9/10/2019 16:00,9/10/2019 18:00,5.051,,,,,,,,,,,
9/10/2019 17:00,9/10/2019 19:00,5.107,,,,,,,,,,,
9/10/2019 18:00,9/10/2019 20:00,4.707,,,,,,,,,,,
9/10/2019 19:00,9/10/2019 21:00,4.529,,,,,,,,,,,
9/10/2019 20:00,9/10/2019 22:00,4.733,,,,,,,,,,,
9/10/2019 21:00,9/10/2019 23:00,5.871,,,,,,,,,,,
9/10/2019 22:00,9/11/2019 0:00,6.449,,,,,,,,,,,
9/10/2019 23:00,9/11/2019 1:00,6.074,,,,,,,,,,,
9/11/2019 0:00,9/11/2019 2:00,6.608,,,,,,,,,,,
9/11/2019 1:00,9/11/2019 3:00,7.208,,,,,,,,,,,
9/11/2019 2:00,9/11/2019 4:00,8.542,,,,,,,,,,,
9/11/2019 3:00,9/11/2019 5:00,10.748,,,,,,,,,,,
9/11/2019 4:00,9/11/2019 6:00,13.37,,,,,,,,,,,
9/11/2019 5:00,9/11/2019 7:00,14.143,,,,,,,,,,,
9/11/2019 6:00,9/11/2019 8:00,14.217,,,,,,,,,,,
9/11/2019 7:00,9/11/2019 9:00,14.638,,,,,,,,,,,
9/11/2019 8:00,9/11/2019 10:00,16.281,,,,,,,,,,,
9/11/2019 9:00,9/11/2019 11:00,21.006,,,,,,,,,,,
9/11/2019 10:00,9/11/2019 12:00,21.247,,,,,,,,,,,
9/11/2019 11:00,9/11/2019 13:00,21.966,,,,,,,,,,,
9/11/2019 12:00,9/11/2019 14:00,22.078,,,,,,,,,,,
9/11/2019 13:00,9/11/2019 15:00,22.704,,,,,,,,,,,
9/11/2019 14:00,9/11/2019 16:00,22.888,,,,,,,,,,,
9/11/2019 15:00,9/11/2019 17:00,21.075,,,,,,,,,,,
9/11/2019 16:00,9/11/2019 18:00,19.406,,,,,,,,,,,
9/11/2019 17:00,9/11/2019 19:00,19.276,,,,,,,,,,,
9/11/2019 18:00,9/11/2019 20:00,18.886,,,,,,,,,,,
9/11/2019 19:00,9/11/2019 21:00,17.955,,,,,,,,,,,
9/11/2019 20:00,9/11/2019 22:00,17.788,,,,,,,,,,,
9/11/2019 21:00,9/11/2019 23:00,16.035,,,,,,,,,,,
9/11/2019 22:00,9/12/2019 0:00,14.543,,,,,,,,,,,
9/11/2019 23:00,9/12/2019 1:00,12.632,,,,,,,,,,,
9/12/2019 0:00,9/12/2019 2:00,10.387,,,,,,,,,,,
9/12/2019 1:00,9/12/2019 3:00,7.323,,,,,,,,,,,
9/12/2019 2:00,9/12/2019 4:00,4.73,,,,,,,,,,,
9/12/2019 3:00,9/12/2019 5:00,4.087,,,,,,,,,,,
9/12/2019 4:00,9/12/2019 6:00,3.825,,,,,,,,,,,
9/12/2019 5:00,9/12/2019 7:00,2.914,,,,,,,,,,,
9/12/2019 6:00,9/12/2019 8:00,1.917,,,,,,,,,,,
9/12/2019 7:00,9/12/2019 9:00,2.032,,,,,,,,,,,
9/12/2019 8:00,9/12/2019 10:00,3.035,,,,,,,,,,,
9/12/2019 9:00,9/12/2019 11:00,4.689,,,,,,,,,,,
9/12/2019 10:00,9/12/2019 12:00,6.751,,,,,,,,,,,
9/12/2019 11:00,9/12/2019 13:00,10.362,,,,,,,,,,,
9/12/2019 12:00,9/12/2019 14:00,12.591,,,,,,,,,,,
9/12/2019 13:00,9/12/2019 15:00,13.181,,,,,,,,,,,
9/12/2019 14:00,9/12/2019 16:00,11.891,,,,,,,,,,,
9/12/2019 15:00,9/12/2019 17:00,9.535,,,,,,,,,,,
9/12/2019 16:00,9/12/2019 18:00,7.078,,,,,,,,,,,
9/12/2019 17:00,9/12/2019 19:00,6.128,,,,,,,,,,,
9/12/2019 18:00,9/12/2019 20:00,5.997,,,,,,,,,,,
9/12/2019 19:00,9/12/2019 21:00,4.978,,,,,,,,,,,
9/12/2019 20:00,9/12/2019 22:00,4.182,,,,,,,,,,,
9/12/2019 21:00,9/12/2019 23:00,3.907,,,,,,,,,,,
9/12/2019 22:00,9/13/2019 0:00,3.678,,,,,,,,,,,
9/12/2019 23:00,9/13/2019 1:00,3.173,,,,,,,,,,,
9/13/2019 0:00,9/13/2019 2:00,2.782,,,,,,,,,,,
9/13/2019 1:00,9/13/2019 3:00,2.708,,,,,,,,,,,
9/13/2019 2:00,9/13/2019 4:00,2.705,,,,,,,,,,,
9/13/2019 3:00,9/13/2019 5:00,2.673,,,,,,,,,,,
9/13/2019 4:00,9/13/2019 6:00,2.708,,,,,,,,,,,
9/13/2019 5:00,9/13/2019 7:00,2.864,,,,,,,,,,,
9/13/2019 6:00,9/13/2019 8:00,2.935,,,,,,,,,,,
9/13/2019 7:00,9/13/2019 9:00,3.122,,,,,,,,,,,
9/13/2019 8:00,9/13/2019 10:00,3.823,,,,,,,,,,,
9/13/2019 9:00,9/13/2019 11:00,4.573,,,,,,,,,,,
9/13/2019 10:00,9/13/2019 12:00,5.453,,,,,,,,,,,
9/13/2019 11:00,9/13/2019 13:00,6.4,,,,,,,,,,,
9/13/2019 12:00,9/13/2019 14:00,7.675,,,,,,,,,,,
9/13/2019 13:00,9/13/2019 15:00,8.163,,,,,,,,,,,
9/13/2019 14:00,9/13/2019 16:00,8.497,,,,,,,,,,,
9/13/2019 15:00,9/13/2019 17:00,7.429,,,,,,,,,,,
9/13/2019 16:00,9/13/2019 18:00,5.836,,,,,,,,,,,
9/13/2019 17:00,9/13/2019 19:00,5.259,,,,,,,,,,,
9/13/2019 18:00,9/13/2019 20:00,4.915,,,,,,,,,,,
9/13/2019 19:00,9/13/2019 21:00,4.656,,,,,,,,,,,
9/13/2019 20:00,9/13/2019 22:00,4.361,,,,,,,,,,,
9/13/2019 21:00,9/13/2019 23:00,4.464,,,,,,,,,,,
9/13/2019 22:00,9/14/2019 0:00,4.459,,,,,,,,,,,
9/13/2019 23:00,9/14/2019 1:00,4.287,,,,,,,,,,,
9/14/2019 0:00,9/14/2019 2:00,4.254,,,,,,,,,,,
9/14/2019 1:00,9/14/2019 3:00,4.258,,,,,,,,,,,
9/14/2019 2:00,9/14/2019 4:00,4.192,,,,,,,,,,,
9/14/2019 3:00,9/14/2019 5:00,4.17,,,,,,,,,,,
9/14/2019 4:00,9/14/2019 6:00,3.916,,,,,,,,,,,
9/14/2019 5:00,9/14/2019 7:00,3.272,,,,,,,,,,,
9/14/2019 6:00,9/14/2019 8:00,2.467,,,,,,,,,,,
9/14/2019 7:00,9/14/2019 9:00,2.279,,,,,,,,,,,
9/14/2019 8:00,9/14/2019 10:00,2.413,,,,,,,,,,,
9/14/2019 9:00,9/14/2019 11:00,2.643,,,,,,,,,,,
9/14/2019 10:00,9/14/2019 12:00,2.993,,,,,,,,,,,
9/14/2019 11:00,9/14/2019 13:00,3.089,,,,,,,,,,,
9/14/2019 12:00,9/14/2019 14:00,2.767,,,,,,,,,,,
9/14/2019 13:00,9/14/2019 15:00,2.406,,,,,,,,,,,
9/14/2019 14:00,9/14/2019 16:00,2.061,,,,,,,,,,,
9/14/2019 15:00,9/14/2019 17:00,1.756,,,,,,,,,,,
9/14/2019 16:00,9/14/2019 18:00,2.028,,,,,,,,,,,
9/14/2019 17:00,9/14/2019 19:00,2.322,,,,,,,,,,,
9/14/2019 18:00,9/14/2019 20:00,2.526,,,,,,,,,,,
9/14/2019 19:00,9/14/2019 21:00,2.549,,,,,,,,,,,
9/14/2019 20:00,9/14/2019 22:00,3.597,,,,,,,,,,,
9/14/2019 21:00,9/14/2019 23:00,4.89,,,,,,,,,,,
9/14/2019 22:00,9/15/2019 0:00,5.488,,,,,,,,,,,
9/14/2019 23:00,9/15/2019 1:00,6.996,,,,,,,,,,,
9/15/2019 0:00,9/15/2019 2:00,9.166,,,,,,,,,,,
9/15/2019 1:00,9/15/2019 3:00,12.201,,,,,,,,,,,
9/15/2019 2:00,9/15/2019 4:00,12.418,,,,,,,,,,,
9/15/2019 3:00,9/15/2019 5:00,12.547,,,,,,,,,,,
9/15/2019 4:00,9/15/2019 6:00,13.598,,,,,,,,,,,
9/15/2019 5:00,9/15/2019 7:00,15.212,,,,,,,,,,,
9/15/2019 6:00,9/15/2019 8:00,16.123,,,,,,,,,,,
9/15/2019 7:00,9/15/2019 9:00,16.432,,,,,,,,,,,
9/15/2019 8:00,9/15/2019 10:00,17.788,,,,,,,,,,,
9/15/2019 9:00,9/15/2019 11:00,18.304,,,,,,,,,,,
9/15/2019 10:00,9/15/2019 12:00,17.614,,,,,,,,,,,
9/15/2019 11:00,9/15/2019 13:00,16.272,,,,,,,,,,,
9/15/2019 12:00,9/15/2019 14:00,14.539,,,,,,,,,,,
9/15/2019 13:00,9/15/2019 15:00,12.201,,,,,,,,,,,
9/15/2019 14:00,9/15/2019 16:00,9.601,,,,,,,,,,,
9/15/2019 15:00,9/15/2019 17:00,7.93,,,,,,,,,,,
9/15/2019 16:00,9/15/2019 18:00,7.704,,,,,,,,,,,
9/15/2019 17:00,9/15/2019 19:00,7.816,,,,,,,,,,,
9/15/2019 18:00,9/15/2019 20:00,7.182,,,,,,,,,,,
9/15/2019 19:00,9/15/2019 21:00,6.492,,,,,,,,,,,
9/15/2019 20:00,9/15/2019 22:00,5.872,,,,,,,,,,,
9/15/2019 21:00,9/15/2019 23:00,5.45,,,,,,,,,,,
9/15/2019 22:00,9/16/2019 0:00,5.043,,,,,,,,,,,
9/15/2019 23:00,9/16/2019 1:00,4.282,,,,,,,,,,,
9/16/2019 0:00,9/16/2019 2:00,3.368,,,,,,,,,,,
9/16/2019 1:00,9/16/2019 3:00,3.016,,,,,,,,,,,
9/16/2019 2:00,9/16/2019 4:00,2.842,,,,,,,,,,,
9/16/2019 3:00,9/16/2019 5:00,2.527,,,,,,,,,,,
9/16/2019 4:00,9/16/2019 6:00,2.224,,,,,,,,,,,
9/16/2019 5:00,9/16/2019 7:00,1.938,,,,,,,,,,,
9/16/2019 6:00,9/16/2019 8:00,1.414,,,,,,,,,,,
9/16/2019 7:00,9/16/2019 9:00,0.821,,,,,,,,,,,
9/16/2019 8:00,9/16/2019 10:00,0.348,,,,,,,,,,,
9/16/2019 9:00,9/16/2019 11:00,0.147,,,,,,,,,,,
9/16/2019 10:00,9/16/2019 12:00,0.093,,,,,,,,,,,
9/16/2019 11:00,9/16/2019 13:00,0.164,,,,,,,,,,,
9/16/2019 12:00,9/16/2019 14:00,0.402,,,,,,,,,,,
9/16/2019 13:00,9/16/2019 15:00,0.726,,,,,,,,,,,
9/16/2019 14:00,9/16/2019 16:00,0.994,,,,,,,,,,,
9/16/2019 15:00,9/16/2019 17:00,1.189,,,,,,,,,,,
9/16/2019 16:00,9/16/2019 18:00,1.187,,,,,,,,,,,
9/16/2019 17:00,9/16/2019 19:00,1.031,,,,,,,,,,,
9/16/2019 18:00,9/16/2019 20:00,1.016,,,,,,,,,,,
9/16/2019 19:00,9/16/2019 21:00,1.149,,,,,,,,,,,
9/16/2019 20:00,9/16/2019 22:00,1.446,,,,,,,,,,,
9/16/2019 21:00,9/16/2019 23:00,1.74,,,,,,,,,,,
9/16/2019 22:00,9/17/2019 0:00,1.967,,,,,,,,,,,
9/16/2019 23:00,9/17/2019 1:00,2.164,,,,,,,,,,,
9/17/2019 0:00,9/17/2019 2:00,2.271,,,,,,,,,,,
9/17/2019 1:00,9/17/2019 3:00,2.288,,,,,,,,,,,
9/17/2019 2:00,9/17/2019 4:00,2.32,,,,,,,,,,,
9/17/2019 3:00,9/17/2019 5:00,2.485,,,,,,,,,,,
9/17/2019 4:00,9/17/2019 6:00,2.659,,,,,,,,,,,
9/17/2019 5:00,9/17/2019 7:00,2.643,,,,,,,,,,,
9/17/2019 6:00,9/17/2019 8:00,2.285,,,,,,,,,,,
9/17/2019 7:00,9/17/2019 9:00,1.882,,,,,,,,,,,
9/17/2019 8:00,9/17/2019 10:00,1.624,,,,,,,,,,,
9/17/2019 9:00,9/17/2019 11:00,0.974,,,,,,,,,,,
9/17/2019 10:00,9/17/2019 12:00,0.362,,,,,,,,,,,
9/17/2019 11:00,9/17/2019 13:00,0.098,,,,,,,,,,,
9/17/2019 12:00,9/17/2019 14:00,0.101,,,,,,,,,,,
9/17/2019 13:00,9/17/2019 15:00,0.211,,,,,,,,,,,
9/17/2019 14:00,9/17/2019 16:00,0.356,,,,,,,,,,,
9/17/2019 15:00,9/17/2019 17:00,0.675,,,,,,,,,,,
9/17/2019 16:00,9/17/2019 18:00,1.132,,,,,,,,,,,
9/17/2019 17:00,9/17/2019 19:00,1.268,,,,,,,,,,,
9/17/2019 18:00,9/17/2019 20:00,1.133,,,,,,,,,,,
9/17/2019 19:00,9/17/2019 21:00,0.855,,,,,,,,,,,
9/17/2019 20:00,9/17/2019 22:00,0.584,,,,,,,,,,,
9/17/2019 21:00,9/17/2019 23:00,0.399,,,,,,,,,,,
9/17/2019 22:00,9/18/2019 0:00,0.359,,,,,,,,,,,
9/17/2019 23:00,9/18/2019 1:00,0.57,,,,,,,,,,,
9/18/2019 0:00,9/18/2019 2:00,0.846,,,,,,,,,,,
9/18/2019 1:00,9/18/2019 3:00,1.086,,,,,,,,,,,
9/18/2019 2:00,9/18/2019 4:00,1.331,,,,,,,,,,,
9/18/2019 3:00,9/18/2019 5:00,1.788,,,,,,,,,,,
9/18/2019 4:00,9/18/2019 6:00,2.242,,,,,,,,,,,
9/18/2019 5:00,9/18/2019 7:00,2.768,,,,,,,,,,,
9/18/2019 6:00,9/18/2019 8:00,3.009,,,,,,,,,,,
9/18/2019 7:00,9/18/2019 9:00,3.586,,,,,,,,,,,
9/18/2019 8:00,9/18/2019 10:00,4.32,,,,,,,,,,,
9/18/2019 9:00,9/18/2019 11:00,4.534,,,,,,,,,,,
9/18/2019 10:00,9/18/2019 12:00,4.977,,,,,,,,,,,
9/18/2019 11:00,9/18/2019 13:00,5.394,,,,,,,,,,,
9/18/2019 12:00,9/18/2019 14:00,5.526,,,,,,,,,,,
9/18/2019 13:00,9/18/2019 15:00,5.133,,,,,,,,,,,
9/18/2019 14:00,9/18/2019 16:00,4.282,,,,,,,,,,,
9/18/2019 15:00,9/18/2019 17:00,3.185,,,,,,,,,,,
9/18/2019 16:00,9/18/2019 18:00,2.885,,,,,,,,,,,
9/18/2019 17:00,9/18/2019 19:00,3.095,,,,,,,,,,,
9/18/2019 18:00,9/18/2019 20:00,3.446,,,,,,,,,,,
9/18/2019 19:00,9/18/2019 21:00,3.456,,,,,,,,,,,
9/18/2019 20:00,9/18/2019 22:00,3.791,,,,,,,,,,,
9/18/2019 21:00,9/18/2019 23:00,4.049,,,,,,,,,,,
9/18/2019 22:00,9/19/2019 0:00,4.372,,,,,,,,,,,
9/18/2019 23:00,9/19/2019 1:00,4.502,,,,,,,,,,,
9/19/2019 0:00,9/19/2019 2:00,4.547,,,,,,,,,,,
9/19/2019 1:00,9/19/2019 3:00,4.979,,,,,,,,,,,
9/19/2019 2:00,9/19/2019 4:00,5.073,,,,,,,,,,,
9/19/2019 3:00,9/19/2019 5:00,5.555,,,,,,,,,,,
9/19/2019 4:00,9/19/2019 6:00,5.555,,,,,,,,,,,
9/19/2019 5:00,9/19/2019 7:00,5.783,,,,,,,,,,,
9/19/2019 6:00,9/19/2019 8:00,5.832,,,,,,,,,,,
9/19/2019 7:00,9/19/2019 9:00,6.257,,,,,,,,,,,
9/19/2019 8:00,9/19/2019 10:00,6.896,,,,,,,,,,,
9/19/2019 9:00,9/19/2019 11:00,8.21,,,,,,,,,,,
9/19/2019 10:00,9/19/2019 12:00,9.037,,,,,,,,,,,
9/19/2019 11:00,9/19/2019 13:00,9.461,,,,,,,,,,,
9/19/2019 12:00,9/19/2019 14:00,9.658,,,,,,,,,,,
9/19/2019 13:00,9/19/2019 15:00,9.147,,,,,,,,,,,
9/19/2019 14:00,9/19/2019 16:00,8.374,,,,,,,,,,,
9/19/2019 15:00,9/19/2019 17:00,6.695,,,,,,,,,,,
9/19/2019 16:00,9/19/2019 18:00,5.909,,,,,,,,,,,
9/19/2019 17:00,9/19/2019 19:00,6.654,,,,,,,,,,,
9/19/2019 18:00,9/19/2019 20:00,7.121,,,,,,,,,,,
9/19/2019 19:00,9/19/2019 21:00,7.093,,,,,,,,,,,
9/19/2019 20:00,9/19/2019 22:00,7.773,,,,,,,,,,,
9/19/2019 21:00,9/19/2019 23:00,7.824,,,,,,,,,,,
9/19/2019 22:00,9/20/2019 0:00,7.183,,,,,,,,,,,
9/19/2019 23:00,9/20/2019 1:00,6.762,,,,,,,,,,,
9/20/2019 0:00,9/20/2019 2:00,6.255,,,,,,,,,,,
9/20/2019 1:00,9/20/2019 3:00,5.759,,,,,,,,,,,
9/20/2019 2:00,9/20/2019 4:00,5.368,,,,,,,,,,,
9/20/2019 3:00,9/20/2019 5:00,4.569,,,,,,,,,,,
9/20/2019 4:00,9/20/2019 6:00,3.616,,,,,,,,,,,
9/20/2019 5:00,9/20/2019 7:00,2.78,,,,,,,,,,,
9/20/2019 6:00,9/20/2019 8:00,2.486,,,,,,,,,,,
9/20/2019 7:00,9/20/2019 9:00,2.208,,,,,,,,,,,
9/20/2019 8:00,9/20/2019 10:00,1.911,,,,,,,,,,,
9/20/2019 9:00,9/20/2019 11:00,1.53,,,,,,,,,,,
9/20/2019 10:00,9/20/2019 12:00,1.23,,,,,,,,,,,
9/20/2019 11:00,9/20/2019 13:00,1.173,,,,,,,,,,,
9/20/2019 12:00,9/20/2019 14:00,1.078,,,,,,,,,,,
9/20/2019 13:00,9/20/2019 15:00,0.868,,,,,,,,,,,
9/20/2019 14:00,9/20/2019 16:00,0.645,,,,,,,,,,,
9/20/2019 15:00,9/20/2019 17:00,0.681,,,,,,,,,,,
9/20/2019 16:00,9/20/2019 18:00,0.538,,,,,,,,,,,
9/20/2019 17:00,9/20/2019 19:00,0.402,,,,,,,,,,,
9/20/2019 18:00,9/20/2019 20:00,0.28,,,,,,,,,,,
9/20/2019 19:00,9/20/2019 21:00,0.326,,,,,,,,,,,
9/20/2019 20:00,9/20/2019 22:00,0.446,,,,,,,,,,,
9/20/2019 21:00,9/20/2019 23:00,0.554,,,,,,,,,,,
9/20/2019 22:00,9/21/2019 0:00,0.729,,,,,,,,,,,
9/20/2019 23:00,9/21/2019 1:00,0.943,,,,,,,,,,,
9/21/2019 0:00,9/21/2019 2:00,1.319,,,,,,,,,,,
9/21/2019 1:00,9/21/2019 3:00,1.48,,,,,,,,,,,
9/21/2019 2:00,9/21/2019 4:00,1.678,,,,,,,,,,,
9/21/2019 3:00,9/21/2019 5:00,2.194,,,,,,,,,,,
9/21/2019 4:00,9/21/2019 6:00,2.646,,,,,,,,,,,
9/21/2019 5:00,9/21/2019 7:00,3.365,,,,,,,,,,,
9/21/2019 6:00,9/21/2019 8:00,3.932,,,,,,,,,,,
9/21/2019 7:00,9/21/2019 9:00,4.106,,,,,,,,,,,
9/21/2019 8:00,9/21/2019 10:00,4.817,,,,,,,,,,,
9/21/2019 9:00,9/21/2019 11:00,5.453,,,,,,,,,,,
9/21/2019 10:00,9/21/2019 12:00,6.09,,,,,,,,,,,
9/21/2019 11:00,9/21/2019 13:00,6.097,,,,,,,,,,,
9/21/2019 12:00,9/21/2019 14:00,5.852,,,,,,,,,,,
9/21/2019 13:00,9/21/2019 15:00,5.652,,,,,,,,,,,
9/21/2019 14:00,9/21/2019 16:00,4.652,,,,,,,,,,,
9/21/2019 15:00,9/21/2019 17:00,3.707,,,,,,,,,,,
9/21/2019 16:00,9/21/2019 18:00,3.618,,,,,,,,,,,
9/21/2019 17:00,9/21/2019 19:00,3.913,,,,,,,,,,,
9/21/2019 18:00,9/21/2019 20:00,3.79,,,,,,,,,,,
9/21/2019 19:00,9/21/2019 21:00,3.762,,,,,,,,,,,
9/21/2019 20:00,9/21/2019 22:00,3.625,,,,,,,,,,,
9/21/2019 21:00,9/21/2019 23:00,3.687,,,,,,,,,,,
9/21/2019 22:00,9/22/2019 0:00,3.652,,,,,,,,,,,
9/21/2019 23:00,9/22/2019 1:00,3.95,,,,,,,,,,,
9/22/2019 0:00,9/22/2019 2:00,3.717,,,,,,,,,,,
9/22/2019 1:00,9/22/2019 3:00,3.789,,,,,,,,,,,
9/22/2019 2:00,9/22/2019 4:00,3.79,,,,,,,,,,,
9/22/2019 3:00,9/22/2019 5:00,3.635,,,,,,,,,,,
9/22/2019 4:00,9/22/2019 6:00,3.29,,,,,,,,,,,
9/22/2019 5:00,9/22/2019 7:00,2.697,,,,,,,,,,,
9/22/2019 6:00,9/22/2019 8:00,2.221,,,,,,,,,,,
9/22/2019 7:00,9/22/2019 9:00,1.937,,,,,,,,,,,
9/22/2019 8:00,9/22/2019 10:00,1.758,,,,,,,,,,,
9/22/2019 9:00,9/22/2019 11:00,1.631,,,,,,,,,,,
9/22/2019 10:00,9/22/2019 12:00,1.544,,,,,,,,,,,
9/22/2019 11:00,9/22/2019 13:00,1.464,,,,,,,,,,,
9/22/2019 12:00,9/22/2019 14:00,1.38,,,,,,,,,,,
9/22/2019 13:00,9/22/2019 15:00,1.252,,,,,,,,,,,
9/22/2019 14:00,9/22/2019 16:00,1.105,,,,,,,,,,,
9/22/2019 15:00,9/22/2019 17:00,1.244,,,,,,,,,,,
9/22/2019 16:00,9/22/2019 18:00,1.573,,,,,,,,,,,
9/22/2019 17:00,9/22/2019 19:00,1.683,,,,,,,,,,,
9/22/2019 18:00,9/22/2019 20:00,1.464,,,,,,,,,,,
9/22/2019 19:00,9/22/2019 21:00,1.261,,,,,,,,,,,
9/22/2019 20:00,9/22/2019 22:00,1.087,,,,,,,,,,,
9/22/2019 21:00,9/22/2019 23:00,0.978,,,,,,,,,,,
9/22/2019 22:00,9/23/2019 0:00,0.997,,,,,,,,,,,
9/22/2019 23:00,9/23/2019 1:00,1.078,,,,,,,,,,,
9/23/2019 0:00,9/23/2019 2:00,1.146,,,,,,,,,,,
9/23/2019 1:00,9/23/2019 3:00,1.33,,,,,,,,,,,
9/23/2019 2:00,9/23/2019 4:00,1.685,,,,,,,,,,,
9/23/2019 3:00,9/23/2019 5:00,2.151,,,,,,,,,,,
9/23/2019 4:00,9/23/2019 6:00,2.6,,,,,,,,,,,
9/23/2019 5:00,9/23/2019 7:00,2.862,,,,,,,,,,,
9/23/2019 6:00,9/23/2019 8:00,2.878,,,,,,,,,,,
9/23/2019 7:00,9/23/2019 9:00,2.2,,,,,,,,,,,
9/23/2019 8:00,9/23/2019 10:00,1.718,,,,,,,,,,,
9/23/2019 9:00,9/23/2019 11:00,1.45,,,,,,,,,,,
9/23/2019 10:00,9/23/2019 12:00,1.251,,,,,,,,,,,
9/23/2019 11:00,9/23/2019 13:00,1.181,,,,,,,,,,,
9/23/2019 12:00,9/23/2019 14:00,1.313,,,,,,,,,,,
9/23/2019 13:00,9/23/2019 15:00,1.542,,,,,,,,,,,
9/23/2019 14:00,9/23/2019 16:00,1.871,,,,,,,,,,,
9/23/2019 15:00,9/23/2019 17:00,2.219,,,,,,,,,,,
9/23/2019 16:00,9/23/2019 18:00,2.453,,,,,,,,,,,
9/23/2019 17:00,9/23/2019 19:00,2.626,,,,,,,,,,,
9/23/2019 18:00,9/23/2019 20:00,2.669,,,,,,,,,,,
9/23/2019 19:00,9/23/2019 21:00,2.461,,,,,,,,,,,
9/23/2019 20:00,9/23/2019 22:00,2.252,,,,,,,,,,,
9/23/2019 21:00,9/23/2019 23:00,2.188,,,,,,,,,,,
9/23/2019 22:00,9/24/2019 0:00,2.077,,,,,,,,,,,
9/23/2019 23:00,9/24/2019 1:00,1.973,,,,,,,,,,,
9/24/2019 0:00,9/24/2019 2:00,1.846,,,,,,,,,,,
9/24/2019 1:00,9/24/2019 3:00,1.598,,,,,,,,,,,
9/24/2019 2:00,9/24/2019 4:00,1.245,,,,,,,,,,,
9/24/2019 3:00,9/24/2019 5:00,1.038,,,,,,,,,,,
9/24/2019 4:00,9/24/2019 6:00,0.852,,,,,,,,,,,
9/24/2019 5:00,9/24/2019 7:00,0.768,,,,,,,,,,,
9/24/2019 6:00,9/24/2019 8:00,0.709,,,,,,,,,,,
9/24/2019 7:00,9/24/2019 9:00,0.565,,,,,,,,,,,
9/24/2019 8:00,9/24/2019 10:00,0.328,,,,,,,,,,,
9/24/2019 9:00,9/24/2019 11:00,0.212,,,,,,,,,,,
9/24/2019 10:00,9/24/2019 12:00,0.15,,,,,,,,,,,
9/24/2019 11:00,9/24/2019 13:00,0.138,,,,,,,,,,,
9/24/2019 12:00,9/24/2019 14:00,0.25,,,,,,,,,,,
9/24/2019 13:00,9/24/2019 15:00,0.345,,,,,,,,,,,
9/24/2019 14:00,9/24/2019 16:00,0.284,,,,,,,,,,,
9/24/2019 15:00,9/24/2019 17:00,0.248,,,,,,,,,,,
9/24/2019 16:00,9/24/2019 18:00,0.238,,,,,,,,,,,
9/24/2019 17:00,9/24/2019 19:00,0.255,,,,,,,,,,,
9/24/2019 18:00,9/24/2019 20:00,0.316,,,,,,,,,,,
9/24/2019 19:00,9/24/2019 21:00,0.472,,,,,,,,,,,
9/24/2019 20:00,9/24/2019 22:00,0.683,,,,,,,,,,,
9/24/2019 21:00,9/24/2019 23:00,0.94,,,,,,,,,,,
9/24/2019 22:00,9/25/2019 0:00,1.38,,,,,,,,,,,
9/24/2019 23:00,9/25/2019 1:00,1.876,,,,,,,,,,,
9/25/2019 0:00,9/25/2019 2:00,2.253,,,,,,,,,,,
9/25/2019 1:00,9/25/2019 3:00,2.703,,,,,,,,,,,
9/25/2019 2:00,9/25/2019 4:00,3.119,,,,,,,,,,,
9/25/2019 3:00,9/25/2019 5:00,3.379,,,,,,,,,,,
9/25/2019 4:00,9/25/2019 6:00,3.929,,,,,,,,,,,
9/25/2019 5:00,9/25/2019 7:00,4.714,,,,,,,,,,,
9/25/2019 6:00,9/25/2019 8:00,5.353,,,,,,,,,,,
9/25/2019 7:00,9/25/2019 9:00,4.554,,,,,,,,,,,
9/25/2019 8:00,9/25/2019 10:00,3.907,,,,,,,,,,,
9/25/2019 9:00,9/25/2019 11:00,3.95,,,,,,,,,,,
9/25/2019 10:00,9/25/2019 12:00,4.146,,,,,,,,,,,
9/25/2019 11:00,9/25/2019 13:00,3.871,,,,,,,,,,,
9/25/2019 12:00,9/25/2019 14:00,3.474,,,,,,,,,,,
9/25/2019 13:00,9/25/2019 15:00,3.033,,,,,,,,,,,
9/25/2019 14:00,9/25/2019 16:00,2.707,,,,,,,,,,,
9/25/2019 15:00,9/25/2019 17:00,2.645,,,,,,,,,,,
9/25/2019 16:00,9/25/2019 18:00,2.534,,,,,,,,,,,
9/25/2019 17:00,9/25/2019 19:00,2.224,,,,,,,,,,,
9/25/2019 18:00,9/25/2019 20:00,1.908,,,,,,,,,,,
9/25/2019 19:00,9/25/2019 21:00,1.74,,,,,,,,,,,
9/25/2019 20:00,9/25/2019 22:00,1.534,,,,,,,,,,,
9/25/2019 21:00,9/25/2019 23:00,1.262,,,,,,,,,,,
9/25/2019 22:00,9/26/2019 0:00,0.938,,,,,,,,,,,
9/25/2019 23:00,9/26/2019 1:00,0.613,,,,,,,,,,,
9/26/2019 0:00,9/26/2019 2:00,0.398,,,,,,,,,,,
9/26/2019 1:00,9/26/2019 3:00,0.307,,,,,,,,,,,
9/26/2019 2:00,9/26/2019 4:00,0.307,,,,,,,,,,,
9/26/2019 3:00,9/26/2019 5:00,0.407,,,,,,,,,,,
9/26/2019 4:00,9/26/2019 6:00,0.569,,,,,,,,,,,
9/26/2019 5:00,9/26/2019 7:00,0.681,,,,,,,,,,,
9/26/2019 6:00,9/26/2019 8:00,0.79,,,,,,,,,,,
9/26/2019 7:00,9/26/2019 9:00,0.78,,,,,,,,,,,
9/26/2019 8:00,9/26/2019 10:00,0.836,,,,,,,,,,,
9/26/2019 9:00,9/26/2019 11:00,1.089,,,,,,,,,,,
9/26/2019 10:00,9/26/2019 12:00,1.348,,,,,,,,,,,
9/26/2019 11:00,9/26/2019 13:00,1.634,,,,,,,,,,,
9/26/2019 12:00,9/26/2019 14:00,1.861,,,,,,,,,,,
9/26/2019 13:00,9/26/2019 15:00,2.054,,,,,,,,,,,
9/26/2019 14:00,9/26/2019 16:00,2.133,,,,,,,,,,,
9/26/2019 15:00,9/26/2019 17:00,2.742,,,,,,,,,,,
9/26/2019 16:00,9/26/2019 18:00,3.62,,,,,,,,,,,
9/26/2019 17:00,9/26/2019 19:00,4.282,,,,,,,,,,,
9/26/2019 18:00,9/26/2019 20:00,4.78,,,,,,,,,,,
9/26/2019 19:00,9/26/2019 21:00,4.873,,,,,,,,,,,
9/26/2019 20:00,9/26/2019 22:00,4.978,,,,,,,,,,,
9/26/2019 21:00,9/26/2019 23:00,5.424,,,,,,,,,,,
9/26/2019 22:00,9/27/2019 0:00,5.408,,,,,,,,,,,
9/26/2019 23:00,9/27/2019 1:00,5.401,,,,,,,,,,,
9/27/2019 0:00,9/27/2019 2:00,5.741,,,,,,,,,,,
9/27/2019 1:00,9/27/2019 3:00,6.267,,,,,,,,,,,
9/27/2019 2:00,9/27/2019 4:00,6.697,,,,,,,,,,,
9/27/2019 3:00,9/27/2019 5:00,7.03,,,,,,,,,,,
9/27/2019 4:00,9/27/2019 6:00,8.101,,,,,,,,,,,
9/27/2019 5:00,9/27/2019 7:00,8.418,,,,,,,,,,,
9/27/2019 6:00,9/27/2019 8:00,7.432,,,,,,,,,,,
9/27/2019 7:00,9/27/2019 9:00,5.736,,,,,,,,,,,
9/27/2019 8:00,9/27/2019 10:00,4.495,,,,,,,,,,,
9/27/2019 9:00,9/27/2019 11:00,3.649,,,,,,,,,,,
9/27/2019 10:00,9/27/2019 12:00,3.122,,,,,,,,,,,
9/27/2019 11:00,9/27/2019 13:00,2.711,,,,,,,,,,,
9/27/2019 12:00,9/27/2019 14:00,2.461,,,,,,,,,,,
9/27/2019 13:00,9/27/2019 15:00,2.228,,,,,,,,,,,
9/27/2019 14:00,9/27/2019 16:00,2.311,,,,,,,,,,,
9/27/2019 15:00,9/27/2019 17:00,2.659,,,,,,,,,,,
9/27/2019 16:00,9/27/2019 18:00,2.777,,,,,,,,,,,
9/27/2019 17:00,9/27/2019 19:00,2.876,,,,,,,,,,,
9/27/2019 18:00,9/27/2019 20:00,2.959,,,,,,,,,,,
9/27/2019 19:00,9/27/2019 21:00,2.911,,,,,,,,,,,
9/27/2019 20:00,9/27/2019 22:00,2.845,,,,,,,,,,,
9/27/2019 21:00,9/27/2019 23:00,2.926,,,,,,,,,,,
9/27/2019 22:00,9/28/2019 0:00,2.982,,,,,,,,,,,
9/27/2019 23:00,9/28/2019 1:00,2.899,,,,,,,,,,,
9/28/2019 0:00,9/28/2019 2:00,2.829,,,,,,,,,,,
9/28/2019 1:00,9/28/2019 3:00,2.764,,,,,,,,,,,
9/28/2019 2:00,9/28/2019 4:00,2.657,,,,,,,,,,,
9/28/2019 3:00,9/28/2019 5:00,2.246,,,,,,,,,,,
9/28/2019 4:00,9/28/2019 6:00,1.842,,,,,,,,,,,
9/28/2019 5:00,9/28/2019 7:00,1.551,,,,,,,,,,,
9/28/2019 6:00,9/28/2019 8:00,1.284,,,,,,,,,,,
9/28/2019 7:00,9/28/2019 9:00,1.008,,,,,,,,,,,
9/28/2019 8:00,9/28/2019 10:00,0.609,,,,,,,,,,,
9/28/2019 9:00,9/28/2019 11:00,0.556,,,,,,,,,,,
9/28/2019 10:00,9/28/2019 12:00,0.819,,,,,,,,,,,
9/28/2019 11:00,9/28/2019 13:00,1.155,,,,,,,,,,,
9/28/2019 12:00,9/28/2019 14:00,1.548,,,,,,,,,,,
9/28/2019 13:00,9/28/2019 15:00,1.856,,,,,,,,,,,
9/28/2019 14:00,9/28/2019 16:00,1.843,,,,,,,,,,,
9/28/2019 15:00,9/28/2019 17:00,2.063,,,,,,,,,,,
9/28/2019 16:00,9/28/2019 18:00,2.49,,,,,,,,,,,
9/28/2019 17:00,9/28/2019 19:00,2.388,,,,,,,,,,,
9/28/2019 18:00,9/28/2019 20:00,2.088,,,,,,,,,,,
9/28/2019 19:00,9/28/2019 21:00,1.914,,,,,,,,,,,
9/28/2019 20:00,9/28/2019 22:00,1.934,,,,,,,,,,,
9/28/2019 21:00,9/28/2019 23:00,1.966,,,,,,,,,,,
9/28/2019 22:00,9/29/2019 0:00,2.181,,,,,,,,,,,
9/28/2019 23:00,9/29/2019 1:00,2.291,,,,,,,,,,,
9/29/2019 0:00,9/29/2019 2:00,2.483,,,,,,,,,,,
9/29/2019 1:00,9/29/2019 3:00,2.665,,,,,,,,,,,
9/29/2019 2:00,9/29/2019 4:00,2.619,,,,,,,,,,,
9/29/2019 3:00,9/29/2019 5:00,2.46,,,,,,,,,,,
9/29/2019 4:00,9/29/2019 6:00,2.332,,,,,,,,,,,
9/29/2019 5:00,9/29/2019 7:00,2.39,,,,,,,,,,,
9/29/2019 6:00,9/29/2019 8:00,2.389,,,,,,,,,,,
9/29/2019 7:00,9/29/2019 9:00,2.381,,,,,,,,,,,
9/29/2019 8:00,9/29/2019 10:00,2.524,,,,,,,,,,,
9/29/2019 9:00,9/29/2019 11:00,2.675,,,,,,,,,,,
9/29/2019 10:00,9/29/2019 12:00,2.657,,,,,,,,,,,
9/29/2019 11:00,9/29/2019 13:00,2.494,,,,,,,,,,,
9/29/2019 12:00,9/29/2019 14:00,2.304,,,,,,,,,,,
9/29/2019 13:00,9/29/2019 15:00,2.124,,,,,,,,,,,
9/29/2019 14:00,9/29/2019 16:00,1.999,,,,,,,,,,,
9/29/2019 15:00,9/29/2019 17:00,2.146,,,,,,,,,,,
9/29/2019 16:00,9/29/2019 18:00,2.306,,,,,,,,,,,
9/29/2019 17:00,9/29/2019 19:00,2.461,,,,,,,,,,,
9/29/2019 18:00,9/29/2019 20:00,3.093,,,,,,,,,,,
9/29/2019 19:00,9/29/2019 21:00,4.198,,,,,,,,,,,
9/29/2019 20:00,9/29/2019 22:00,4.858,,,,,,,,,,,
9/29/2019 21:00,9/29/2019 23:00,6.199,,,,,,,,,,,
9/29/2019 22:00,9/30/2019 0:00,5.921,,,,,,,,,,,
9/29/2019 23:00,9/30/2019 1:00,5.405,,,,,,,,,,,
9/30/2019 0:00,9/30/2019 2:00,5.466,,,,,,,,,,,
9/30/2019 1:00,9/30/2019 3:00,5.664,,,,,,,,,,,
9/30/2019 2:00,9/30/2019 4:00,5.867,,,,,,,,,,,
9/30/2019 3:00,9/30/2019 5:00,6.409,,,,,,,,,,,
9/30/2019 4:00,9/30/2019 6:00,6.931,,,,,,,,,,,
9/30/2019 5:00,9/30/2019 7:00,7.428,,,,,,,,,,,
9/30/2019 6:00,9/30/2019 8:00,8.171,,,,,,,,,,,
9/30/2019 7:00,9/30/2019 9:00,8.459,,,,,,,,,,,
9/30/2019 8:00,9/30/2019 10:00,8.899,,,,,,,,,,,
9/30/2019 9:00,9/30/2019 11:00,7.7,,,,,,,,,,,
9/30/2019 10:00,9/30/2019 12:00,5.922,,,,,,,,,,,
9/30/2019 11:00,9/30/2019 13:00,5.009,,,,,,,,,,,
9/30/2019 12:00,9/30/2019 14:00,4.292,,,,,,,,,,,
9/30/2019 13:00,9/30/2019 15:00,3.79,,,,,,,,,,,
9/30/2019 14:00,9/30/2019 16:00,3.775,,,,,,,,,,,
9/30/2019 15:00,9/30/2019 17:00,4.886,,,,,,,,,,,
9/30/2019 16:00,9/30/2019 18:00,5.822,,,,,,,,,,,
9/30/2019 17:00,9/30/2019 19:00,6.142,,,,,,,,,,,
9/30/2019 18:00,9/30/2019 20:00,5.917,,,,,,,,,,,
9/30/2019 19:00,9/30/2019 21:00,6.075,,,,,,,,,,,
9/30/2019 20:00,9/30/2019 22:00,5.759,,,,,,,,,,,
9/30/2019 21:00,9/30/2019 23:00,5.464,,,,,,,,,,,
9/30/2019 22:00,10/1/2019 0:00,5.104,,,,,,,,,,,
9/30/2019 23:00,10/1/2019 1:00,4.535,,,,,,,,,,,
10/1/2019 0:00,10/1/2019 2:00,4.68,,,,,,,,,,,
10/1/2019 1:00,10/1/2019 3:00,4.637,,,,,,,,,,,
10/1/2019 2:00,10/1/2019 4:00,4.77,,,,,,,,,,,
10/1/2019 3:00,10/1/2019 5:00,5.627,,,,,,,,,,,
10/1/2019 4:00,10/1/2019 6:00,6.188,,,,,,,,,,,
10/1/2019 5:00,10/1/2019 7:00,8.049,,,,,,,,,,,
10/1/2019 6:00,10/1/2019 8:00,8.549,,,,,,,,,,,
10/1/2019 7:00,10/1/2019 9:00,8.518,,,,,,,,,,,
10/1/2019 8:00,10/1/2019 10:00,8.224,,,,,,,,,,,
10/1/2019 9:00,10/1/2019 11:00,11.73,,,,,,,,,,,
10/1/2019 10:00,10/1/2019 12:00,15.014,,,,,,,,,,,
10/1/2019 11:00,10/1/2019 13:00,16.123,,,,,,,,,,,
10/1/2019 12:00,10/1/2019 14:00,16.298,,,,,,,,,,,
10/1/2019 13:00,10/1/2019 15:00,16.461,,,,,,,,,,,
10/1/2019 14:00,10/1/2019 16:00,16.807,,,,,,,,,,,
10/1/2019 15:00,10/1/2019 17:00,17.528,,,,,,,,,,,
10/1/2019 16:00,10/1/2019 18:00,18.07,,,,,,,,,,,
10/1/2019 17:00,10/1/2019 19:00,17.941,,,,,,,,,,,
10/1/2019 18:00,10/1/2019 20:00,17.3,,,,,,,,,,,
10/1/2019 19:00,10/1/2019 21:00,16.451,,,,,,,,,,,
10/1/2019 20:00,10/1/2019 22:00,15.276,,,,,,,,,,,
10/1/2019 21:00,10/1/2019 23:00,15.148,,,,,,,,,,,
10/1/2019 22:00,10/2/2019 0:00,15.724,,,,,,,,,,,
10/1/2019 23:00,10/2/2019 1:00,15.871,,,,,,,,,,,
10/2/2019 0:00,10/2/2019 2:00,15.878,,,,,,,,,,,
10/2/2019 1:00,10/2/2019 3:00,15.727,,,,,,,,,,,
10/2/2019 2:00,10/2/2019 4:00,15.592,,,,,,,,,,,
10/2/2019 3:00,10/2/2019 5:00,15.937,,,,,,,,,,,
10/2/2019 4:00,10/2/2019 6:00,16.369,,,,,,,,,,,
10/2/2019 5:00,10/2/2019 7:00,15.902,,,,,,,,,,,
10/2/2019 6:00,10/2/2019 8:00,14.305,,,,,,,,,,,
10/2/2019 7:00,10/2/2019 9:00,11.299,,,,,,,,,,,
10/2/2019 8:00,10/2/2019 10:00,10.091,,,,,,,,,,,
10/2/2019 9:00,10/2/2019 11:00,11.295,,,,,,,,,,,
10/2/2019 10:00,10/2/2019 12:00,10.833,,,,,,,,,,,
10/2/2019 11:00,10/2/2019 13:00,9.461,,,,,,,,,,,
10/2/2019 12:00,10/2/2019 14:00,8.21,,,,,,,,,,,
10/2/2019 13:00,10/2/2019 15:00,6.683,,,,,,,,,,,
10/2/2019 14:00,10/2/2019 16:00,5.994,,,,,,,,,,,
10/2/2019 15:00,10/2/2019 17:00,5.953,,,,,,,,,,,
10/2/2019 16:00,10/2/2019 18:00,5.646,,,,,,,,,,,
10/2/2019 17:00,10/2/2019 19:00,5.391,,,,,,,,,,,
10/2/2019 18:00,10/2/2019 20:00,5.015,,,,,,,,,,,
10/2/2019 19:00,10/2/2019 21:00,4.596,,,,,,,,,,,
10/2/2019 20:00,10/2/2019 22:00,4.002,,,,,,,,,,,
10/2/2019 21:00,10/2/2019 23:00,3.617,,,,,,,,,,,
10/2/2019 22:00,10/3/2019 0:00,3.297,,,,,,,,,,,
10/2/2019 23:00,10/3/2019 1:00,2.946,,,,,,,,,,,
10/3/2019 0:00,10/3/2019 2:00,2.706,,,,,,,,,,,
10/3/2019 1:00,10/3/2019 3:00,2.501,,,,,,,,,,,
10/3/2019 2:00,10/3/2019 4:00,2.348,,,,,,,,,,,
10/3/2019 3:00,10/3/2019 5:00,2.071,,,,,,,,,,,
10/3/2019 4:00,10/3/2019 6:00,1.742,,,,,,,,,,,
10/3/2019 5:00,10/3/2019 7:00,1.451,,,,,,,,,,,
10/3/2019 6:00,10/3/2019 8:00,1.19,,,,,,,,,,,
10/3/2019 7:00,10/3/2019 9:00,0.983,,,,,,,,,,,
10/3/2019 8:00,10/3/2019 10:00,0.797,,,,,,,,,,,
10/3/2019 9:00,10/3/2019 11:00,0.693,,,,,,,,,,,
10/3/2019 10:00,10/3/2019 12:00,0.492,,,,,,,,,,,
10/3/2019 11:00,10/3/2019 13:00,0.265,,,,,,,,,,,
10/3/2019 12:00,10/3/2019 14:00,0.133,,,,,,,,,,,
10/3/2019 13:00,10/3/2019 15:00,0.143,,,,,,,,,,,
10/3/2019 14:00,10/3/2019 16:00,0.283,,,,,,,,,,,
10/3/2019 15:00,10/3/2019 17:00,0.425,,,,,,,,,,,
10/3/2019 16:00,10/3/2019 18:00,0.432,,,,,,,,,,,
10/3/2019 17:00,10/3/2019 19:00,0.336,,,,,,,,,,,
10/3/2019 18:00,10/3/2019 20:00,0.232,,,,,,,,,,,
10/3/2019 19:00,10/3/2019 21:00,0.151,,,,,,,,,,,
10/3/2019 20:00,10/3/2019 22:00,0.093,,,,,,,,,,,
10/3/2019 21:00,10/3/2019 23:00,0.04,,,,,,,,,,,
10/3/2019 22:00,10/4/2019 0:00,0.09,,,,,,,,,,,
10/3/2019 23:00,10/4/2019 1:00,0.291,,,,,,,,,,,
10/4/2019 0:00,10/4/2019 2:00,0.654,,,,,,,,,,,
10/4/2019 1:00,10/4/2019 3:00,0.994,,,,,,,,,,,
10/4/2019 2:00,10/4/2019 4:00,1.221,,,,,,,,,,,
10/4/2019 3:00,10/4/2019 5:00,1.188,,,,,,,,,,,
10/4/2019 4:00,10/4/2019 6:00,1.022,,,,,,,,,,,
10/4/2019 5:00,10/4/2019 7:00,0.891,,,,,,,,,,,
10/4/2019 6:00,10/4/2019 8:00,0.744,,,,,,,,,,,
10/4/2019 7:00,10/4/2019 9:00,0.788,,,,,,,,,,,
10/4/2019 8:00,10/4/2019 10:00,0.74,,,,,,,,,,,
10/4/2019 9:00,10/4/2019 11:00,0.835,,,,,,,,,,,
10/4/2019 10:00,10/4/2019 12:00,1.035,,,,,,,,,,,
10/4/2019 11:00,10/4/2019 13:00,1.068,,,,,,,,,,,
10/4/2019 12:00,10/4/2019 14:00,0.995,,,,,,,,,,,
10/4/2019 13:00,10/4/2019 15:00,0.964,,,,,,,,,,,
10/4/2019 14:00,10/4/2019 16:00,0.903,,,,,,,,,,,
10/4/2019 15:00,10/4/2019 17:00,0.912,,,,,,,,,,,
10/4/2019 16:00,10/4/2019 18:00,0.953,,,,,,,,,,,
10/4/2019 17:00,10/4/2019 19:00,0.98,,,,,,,,,,,
10/4/2019 18:00,10/4/2019 20:00,1.018,,,,,,,,,,,
10/4/2019 19:00,10/4/2019 21:00,1.03,,,,,,,,,,,
10/4/2019 20:00,10/4/2019 22:00,1.199,,,,,,,,,,,
10/4/2019 21:00,10/4/2019 23:00,1.556,,,,,,,,,,,
10/4/2019 22:00,10/5/2019 0:00,2.075,,,,,,,,,,,
10/4/2019 23:00,10/5/2019 1:00,2.93,,,,,,,,,,,
10/5/2019 0:00,10/5/2019 2:00,3.767,,,,,,,,,,,
10/5/2019 1:00,10/5/2019 3:00,4.101,,,,,,,,,,,
10/5/2019 2:00,10/5/2019 4:00,4.388,,,,,,,,,,,
10/5/2019 3:00,10/5/2019 5:00,4.851,,,,,,,,,,,
10/5/2019 4:00,10/5/2019 6:00,5.455,,,,,,,,,,,
10/5/2019 5:00,10/5/2019 7:00,5.674,,,,,,,,,,,
10/5/2019 6:00,10/5/2019 8:00,5.696,,,,,,,,,,,
10/5/2019 7:00,10/5/2019 9:00,5.13,,,,,,,,,,,
10/5/2019 8:00,10/5/2019 10:00,4.502,,,,,,,,,,,
10/5/2019 9:00,10/5/2019 11:00,4.573,,,,,,,,,,,
10/5/2019 10:00,10/5/2019 12:00,4.991,,,,,,,,,,,
10/5/2019 11:00,10/5/2019 13:00,5.229,,,,,,,,,,,
10/5/2019 12:00,10/5/2019 14:00,5.627,,,,,,,,,,,
10/5/2019 13:00,10/5/2019 15:00,5.746,,,,,,,,,,,
10/5/2019 14:00,10/5/2019 16:00,5.866,,,,,,,,,,,
10/5/2019 15:00,10/5/2019 17:00,5.921,,,,,,,,,,,
10/5/2019 16:00,10/5/2019 18:00,6.045,,,,,,,,,,,
10/5/2019 17:00,10/5/2019 19:00,5.509,,,,,,,,,,,
10/5/2019 18:00,10/5/2019 20:00,5.39,,,,,,,,,,,
10/5/2019 19:00,10/5/2019 21:00,5.096,,,,,,,,,,,
10/5/2019 20:00,10/5/2019 22:00,5.465,,,,,,,,,,,
10/5/2019 21:00,10/5/2019 23:00,5.725,,,,,,,,,,,
10/5/2019 22:00,10/6/2019 0:00,5.818,,,,,,,,,,,
10/5/2019 23:00,10/6/2019 1:00,6.635,,,,,,,,,,,
10/6/2019 0:00,10/6/2019 2:00,6.799,,,,,,,,,,,
10/6/2019 1:00,10/6/2019 3:00,7.181,,,,,,,,,,,
10/6/2019 2:00,10/6/2019 4:00,6.781,,,,,,,,,,,
10/6/2019 3:00,10/6/2019 5:00,6.69,,,,,,,,,,,
10/6/2019 4:00,10/6/2019 6:00,7.079,,,,,,,,,,,
10/6/2019 5:00,10/6/2019 7:00,7.553,,,,,,,,,,,
10/6/2019 6:00,10/6/2019 8:00,8.081,,,,,,,,,,,
10/6/2019 7:00,10/6/2019 9:00,9.009,,,,,,,,,,,
10/6/2019 8:00,10/6/2019 10:00,9.659,,,,,,,,,,,
10/6/2019 9:00,10/6/2019 11:00,9.835,,,,,,,,,,,
10/6/2019 10:00,10/6/2019 12:00,10.676,,,,,,,,,,,
10/6/2019 11:00,10/6/2019 13:00,10.699,,,,,,,,,,,
10/6/2019 12:00,10/6/2019 14:00,10.057,,,,,,,,,,,
10/6/2019 13:00,10/6/2019 15:00,10.022,,,,,,,,,,,
10/6/2019 14:00,10/6/2019 16:00,10.676,,,,,,,,,,,
10/6/2019 15:00,10/6/2019 17:00,10.854,,,,,,,,,,,
10/6/2019 16:00,10/6/2019 18:00,10.48,,,,,,,,,,,
10/6/2019 17:00,10/6/2019 19:00,9.464,,,,,,,,,,,
10/6/2019 18:00,10/6/2019 20:00,8.013,,,,,,,,,,,
10/6/2019 19:00,10/6/2019 21:00,7.322,,,,,,,,,,,
10/6/2019 20:00,10/6/2019 22:00,7.144,,,,,,,,,,,
10/6/2019 21:00,10/6/2019 23:00,7.077,,,,,,,,,,,
10/6/2019 22:00,10/7/2019 0:00,6.928,,,,,,,,,,,
10/6/2019 23:00,10/7/2019 1:00,6.481,,,,,,,,,,,
10/7/2019 0:00,10/7/2019 2:00,6.173,,,,,,,,,,,
10/7/2019 1:00,10/7/2019 3:00,6.241,,,,,,,,,,,
10/7/2019 2:00,10/7/2019 4:00,5.896,,,,,,,,,,,
10/7/2019 3:00,10/7/2019 5:00,5.469,,,,,,,,,,,
10/7/2019 4:00,10/7/2019 6:00,4.766,,,,,,,,,,,
10/7/2019 5:00,10/7/2019 7:00,4.223,,,,,,,,,,,
10/7/2019 6:00,10/7/2019 8:00,3.541,,,,,,,,,,,
10/7/2019 7:00,10/7/2019 9:00,2.658,,,,,,,,,,,
10/7/2019 8:00,10/7/2019 10:00,1.997,,,,,,,,,,,
10/7/2019 9:00,10/7/2019 11:00,2.134,,,,,,,,,,,
10/7/2019 10:00,10/7/2019 12:00,1.861,,,,,,,,,,,
10/7/2019 11:00,10/7/2019 13:00,1.534,,,,,,,,,,,
10/7/2019 12:00,10/7/2019 14:00,1.28,,,,,,,,,,,
10/7/2019 13:00,10/7/2019 15:00,1.039,,,,,,,,,,,
10/7/2019 14:00,10/7/2019 16:00,1.067,,,,,,,,,,,
10/7/2019 15:00,10/7/2019 17:00,1.635,,,,,,,,,,,
10/7/2019 16:00,10/7/2019 18:00,2.221,,,,,,,,,,,
10/7/2019 17:00,10/7/2019 19:00,2.628,,,,,,,,,,,
10/7/2019 18:00,10/7/2019 20:00,2.981,,,,,,,,,,,
10/7/2019 19:00,10/7/2019 21:00,3.422,,,,,,,,,,,
10/7/2019 20:00,10/7/2019 22:00,3.994,,,,,,,,,,,
10/7/2019 21:00,10/7/2019 23:00,4.867,,,,,,,,,,,
10/7/2019 22:00,10/8/2019 0:00,5.759,,,,,,,,,,,
10/7/2019 23:00,10/8/2019 1:00,6.149,,,,,,,,,,,
10/8/2019 0:00,10/8/2019 2:00,7.567,,,,,,,,,,,
10/8/2019 1:00,10/8/2019 3:00,8.051,,,,,,,,,,,
10/8/2019 2:00,10/8/2019 4:00,7.589,,,,,,,,,,,
10/8/2019 3:00,10/8/2019 5:00,5.996,,,,,,,,,,,
10/8/2019 4:00,10/8/2019 6:00,5.758,,,,,,,,,,,
10/8/2019 5:00,10/8/2019 7:00,6.219,,,,,,,,,,,
10/8/2019 6:00,10/8/2019 8:00,6.55,,,,,,,,,,,
10/8/2019 7:00,10/8/2019 9:00,6.468,,,,,,,,,,,
10/8/2019 8:00,10/8/2019 10:00,6.241,,,,,,,,,,,
10/8/2019 9:00,10/8/2019 11:00,7.034,,,,,,,,,,,
10/8/2019 10:00,10/8/2019 12:00,7.984,,,,,,,,,,,
10/8/2019 11:00,10/8/2019 13:00,8.937,,,,,,,,,,,
10/8/2019 12:00,10/8/2019 14:00,8.835,,,,,,,,,,,
10/8/2019 13:00,10/8/2019 15:00,8.492,,,,,,,,,,,
10/8/2019 14:00,10/8/2019 16:00,9.461,,,,,,,,,,,
10/8/2019 15:00,10/8/2019 17:00,10.629,,,,,,,,,,,
10/8/2019 16:00,10/8/2019 18:00,11.347,,,,,,,,,,,
10/8/2019 17:00,10/8/2019 19:00,10.389,,,,,,,,,,,
10/8/2019 18:00,10/8/2019 20:00,9.102,,,,,,,,,,,
10/8/2019 19:00,10/8/2019 21:00,8.118,,,,,,,,,,,
10/8/2019 20:00,10/8/2019 22:00,7.323,,,,,,,,,,,
10/8/2019 21:00,10/8/2019 23:00,7.43,,,,,,,,,,,
10/8/2019 22:00,10/9/2019 0:00,7.399,,,,,,,,,,,
10/8/2019 23:00,10/9/2019 1:00,7.077,,,,,,,,,,,
10/9/2019 0:00,10/9/2019 2:00,6.674,,,,,,,,,,,
10/9/2019 1:00,10/9/2019 3:00,6.398,,,,,,,,,,,
10/9/2019 2:00,10/9/2019 4:00,6.046,,,,,,,,,,,
10/9/2019 3:00,10/9/2019 5:00,5.506,,,,,,,,,,,
10/9/2019 4:00,10/9/2019 6:00,4.923,,,,,,,,,,,
10/9/2019 5:00,10/9/2019 7:00,4.306,,,,,,,,,,,
10/9/2019 6:00,10/9/2019 8:00,3.714,,,,,,,,,,,
10/9/2019 7:00,10/9/2019 9:00,2.916,,,,,,,,,,,
10/9/2019 8:00,10/9/2019 10:00,2.401,,,,,,,,,,,
10/9/2019 9:00,10/9/2019 11:00,2.198,,,,,,,,,,,
10/9/2019 10:00,10/9/2019 12:00,1.932,,,,,,,,,,,
10/9/2019 11:00,10/9/2019 13:00,1.619,,,,,,,,,,,
10/9/2019 12:00,10/9/2019 14:00,1.379,,,,,,,,,,,
10/9/2019 13:00,10/9/2019 15:00,1.324,,,,,,,,,,,
10/9/2019 14:00,10/9/2019 16:00,1.487,,,,,,,,,,,
10/9/2019 15:00,10/9/2019 17:00,1.588,,,,,,,,,,,
10/9/2019 16:00,10/9/2019 18:00,1.727,,,,,,,,,,,
10/9/2019 17:00,10/9/2019 19:00,1.835,,,,,,,,,,,
10/9/2019 18:00,10/9/2019 20:00,1.885,,,,,,,,,,,
10/9/2019 19:00,10/9/2019 21:00,1.881,,,,,,,,,,,
10/9/2019 20:00,10/9/2019 22:00,1.875,,,,,,,,,,,
10/9/2019 21:00,10/9/2019 23:00,1.739,,,,,,,,,,,
10/9/2019 22:00,10/10/2019 0:00,1.531,,,,,,,,,,,
10/9/2019 23:00,10/10/2019 1:00,1.385,,,,,,,,,,,
10/10/2019 0:00,10/10/2019 2:00,1.275,,,,,,,,,,,
10/10/2019 1:00,10/10/2019 3:00,1.191,,,,,,,,,,,
10/10/2019 2:00,10/10/2019 4:00,1.178,,,,,,,,,,,
10/10/2019 3:00,10/10/2019 5:00,1.228,,,,,,,,,,,
10/10/2019 4:00,10/10/2019 6:00,1.268,,,,,,,,,,,
10/10/2019 5:00,10/10/2019 7:00,1.331,,,,,,,,,,,
10/10/2019 6:00,10/10/2019 8:00,1.415,,,,,,,,,,,
10/10/2019 7:00,10/10/2019 9:00,1.451,,,,,,,,,,,
10/10/2019 8:00,10/10/2019 10:00,1.33,,,,,,,,,,,
10/10/2019 9:00,10/10/2019 11:00,1.093,,,,,,,,,,,
10/10/2019 10:00,10/10/2019 12:00,0.949,,,,,,,,,,,
10/10/2019 11:00,10/10/2019 13:00,0.858,,,,,,,,,,,
10/10/2019 12:00,10/10/2019 14:00,0.838,,,,,,,,,,,
10/10/2019 13:00,10/10/2019 15:00,0.986,,,,,,,,,,,
10/10/2019 14:00,10/10/2019 16:00,1.194,,,,,,,,,,,
10/10/2019 15:00,10/10/2019 17:00,1.355,,,,,,,,,,,
10/10/2019 16:00,10/10/2019 18:00,1.51,,,,,,,,,,,
10/10/2019 17:00,10/10/2019 19:00,1.629,,,,,,,,,,,
10/10/2019 18:00,10/10/2019 20:00,1.724,,,,,,,,,,,
10/10/2019 19:00,10/10/2019 21:00,1.734,,,,,,,,,,,
10/10/2019 20:00,10/10/2019 22:00,1.696,,,,,,,,,,,
10/10/2019 21:00,10/10/2019 23:00,1.619,,,,,,,,,,,
10/10/2019 22:00,10/11/2019 0:00,1.543,,,,,,,,,,,
10/10/2019 23:00,10/11/2019 1:00,1.489,,,,,,,,,,,
10/11/2019 0:00,10/11/2019 2:00,1.451,,,,,,,,,,,
10/11/2019 1:00,10/11/2019 3:00,1.433,,,,,,,,,,,
10/11/2019 2:00,10/11/2019 4:00,1.415,,,,,,,,,,,
10/11/2019 3:00,10/11/2019 5:00,1.353,,,,,,,,,,,
10/11/2019 4:00,10/11/2019 6:00,1.331,,,,,,,,,,,
10/11/2019 5:00,10/11/2019 7:00,1.371,,,,,,,,,,,
10/11/2019 6:00,10/11/2019 8:00,1.451,,,,,,,,,,,
10/11/2019 7:00,10/11/2019 9:00,1.522,,,,,,,,,,,
10/11/2019 8:00,10/11/2019 10:00,1.387,,,,,,,,,,,
10/11/2019 9:00,10/11/2019 11:00,1.133,,,,,,,,,,,
10/11/2019 10:00,10/11/2019 12:00,0.976,,,,,,,,,,,
10/11/2019 11:00,10/11/2019 13:00,0.883,,,,,,,,,,,
10/11/2019 12:00,10/11/2019 14:00,0.867,,,,,,,,,,,
10/11/2019 13:00,10/11/2019 15:00,1.07,,,,,,,,,,,
10/11/2019 14:00,10/11/2019 16:00,1.374,,,,,,,,,,,
10/11/2019 15:00,10/11/2019 17:00,1.619,,,,,,,,,,,
10/11/2019 16:00,10/11/2019 18:00,1.924,,,,,,,,,,,
10/11/2019 17:00,10/11/2019 19:00,2.328,,,,,,,,,,,
10/11/2019 18:00,10/11/2019 20:00,2.74,,,,,,,,,,,
10/11/2019 19:00,10/11/2019 21:00,3.092,,,,,,,,,,,
10/11/2019 20:00,10/11/2019 22:00,3.473,,,,,,,,,,,
10/11/2019 21:00,10/11/2019 23:00,3.829,,,,,,,,,,,
10/11/2019 22:00,10/12/2019 0:00,4.37,,,,,,,,,,,
10/11/2019 23:00,10/12/2019 1:00,4.903,,,,,,,,,,,
10/12/2019 0:00,10/12/2019 2:00,5.361,,,,,,,,,,,
10/12/2019 1:00,10/12/2019 3:00,5.762,,,,,,,,,,,
10/12/2019 2:00,10/12/2019 4:00,6.168,,,,,,,,,,,
10/12/2019 3:00,10/12/2019 5:00,6.174,,,,,,,,,,,
10/12/2019 4:00,10/12/2019 6:00,6.042,,,,,,,,,,,
10/12/2019 5:00,10/12/2019 7:00,5.875,,,,,,,,,,,
10/12/2019 6:00,10/12/2019 8:00,5.604,,,,,,,,,,,
10/12/2019 7:00,10/12/2019 9:00,4.831,,,,,,,,,,,
10/12/2019 8:00,10/12/2019 10:00,3.468,,,,,,,,,,,
10/12/2019 9:00,10/12/2019 11:00,2.628,,,,,,,,,,,
10/12/2019 10:00,10/12/2019 12:00,2.306,,,,,,,,,,,
10/12/2019 11:00,10/12/2019 13:00,3.003,,,,,,,,,,,
10/12/2019 12:00,10/12/2019 14:00,2.988,,,,,,,,,,,
10/12/2019 13:00,10/12/2019 15:00,3.181,,,,,,,,,,,
10/12/2019 14:00,10/12/2019 16:00,3.947,,,,,,,,,,,
10/12/2019 15:00,10/12/2019 17:00,4.378,,,,,,,,,,,
10/12/2019 16:00,10/12/2019 18:00,4.432,,,,,,,,,,,
10/12/2019 17:00,10/12/2019 19:00,4.494,,,,,,,,,,,
10/12/2019 18:00,10/12/2019 20:00,4.558,,,,,,,,,,,
10/12/2019 19:00,10/12/2019 21:00,4.63,,,,,,,,,,,
10/12/2019 20:00,10/12/2019 22:00,4.556,,,,,,,,,,,
10/12/2019 21:00,10/12/2019 23:00,4.48,,,,,,,,,,,
10/12/2019 22:00,10/13/2019 0:00,4.294,,,,,,,,,,,
10/12/2019 23:00,10/13/2019 1:00,4.112,,,,,,,,,,,
10/13/2019 0:00,10/13/2019 2:00,3.988,,,,,,,,,,,
10/13/2019 1:00,10/13/2019 3:00,3.791,,,,,,,,,,,
10/13/2019 2:00,10/13/2019 4:00,3.616,,,,,,,,,,,
10/13/2019 3:00,10/13/2019 5:00,3.485,,,,,,,,,,,
10/13/2019 4:00,10/13/2019 6:00,3.358,,,,,,,,,,,
10/13/2019 5:00,10/13/2019 7:00,3.261,,,,,,,,,,,
10/13/2019 6:00,10/13/2019 8:00,3.16,,,,,,,,,,,
10/13/2019 7:00,10/13/2019 9:00,2.968,,,,,,,,,,,
10/13/2019 8:00,10/13/2019 10:00,2.545,,,,,,,,,,,
10/13/2019 9:00,10/13/2019 11:00,1.951,,,,,,,,,,,
10/13/2019 10:00,10/13/2019 12:00,1.536,,,,,,,,,,,
10/13/2019 11:00,10/13/2019 13:00,1.306,,,,,,,,,,,
10/13/2019 12:00,10/13/2019 14:00,1.108,,,,,,,,,,,
10/13/2019 13:00,10/13/2019 15:00,1.133,,,,,,,,,,,
10/13/2019 14:00,10/13/2019 16:00,1.239,,,,,,,,,,,
10/13/2019 15:00,10/13/2019 17:00,1.267,,,,,,,,,,,
10/13/2019 16:00,10/13/2019 18:00,1.424,,,,,,,,,,,
10/13/2019 17:00,10/13/2019 19:00,1.594,,,,,,,,,,,
10/13/2019 18:00,10/13/2019 20:00,1.758,,,,,,,,,,,
10/13/2019 19:00,10/13/2019 21:00,1.891,,,,,,,,,,,
10/13/2019 20:00,10/13/2019 22:00,2.054,,,,,,,,,,,
10/13/2019 21:00,10/13/2019 23:00,2.249,,,,,,,,,,,
10/13/2019 22:00,10/14/2019 0:00,2.466,,,,,,,,,,,
10/13/2019 23:00,10/14/2019 1:00,2.674,,,,,,,,,,,
10/14/2019 0:00,10/14/2019 2:00,2.727,,,,,,,,,,,
10/14/2019 1:00,10/14/2019 3:00,2.659,,,,,,,,,,,
10/14/2019 2:00,10/14/2019 4:00,2.577,,,,,,,,,,,
10/14/2019 3:00,10/14/2019 5:00,2.44,,,,,,,,,,,
10/14/2019 4:00,10/14/2019 6:00,2.26,,,,,,,,,,,
10/14/2019 5:00,10/14/2019 7:00,2.23,,,,,,,,,,,
10/14/2019 6:00,10/14/2019 8:00,2.29,,,,,,,,,,,
10/14/2019 7:00,10/14/2019 9:00,2.289,,,,,,,,,,,
10/14/2019 8:00,10/14/2019 10:00,2.112,,,,,,,,,,,
10/14/2019 9:00,10/14/2019 11:00,1.632,,,,,,,,,,,
10/14/2019 10:00,10/14/2019 12:00,1.253,,,,,,,,,,,
10/14/2019 11:00,10/14/2019 13:00,1.017,,,,,,,,,,,
10/14/2019 12:00,10/14/2019 14:00,0.927,,,,,,,,,,,
10/14/2019 13:00,10/14/2019 15:00,1.065,,,,,,,,,,,
10/14/2019 14:00,10/14/2019 16:00,1.133,,,,,,,,,,,
10/14/2019 15:00,10/14/2019 17:00,0.976,,,,,,,,,,,
10/14/2019 16:00,10/14/2019 18:00,0.909,,,,,,,,,,,
10/14/2019 17:00,10/14/2019 19:00,0.964,,,,,,,,,,,
10/14/2019 18:00,10/14/2019 20:00,0.999,,,,,,,,,,,
10/14/2019 19:00,10/14/2019 21:00,1.027,,,,,,,,,,,
10/14/2019 20:00,10/14/2019 22:00,0.998,,,,,,,,,,,
10/14/2019 21:00,10/14/2019 23:00,1.066,,,,,,,,,,,
10/14/2019 22:00,10/15/2019 0:00,1.183,,,,,,,,,,,
10/14/2019 23:00,10/15/2019 1:00,1.245,,,,,,,,,,,
10/15/2019 0:00,10/15/2019 2:00,1.35,,,,,,,,,,,
10/15/2019 1:00,10/15/2019 3:00,1.463,,,,,,,,,,,
10/15/2019 2:00,10/15/2019 4:00,1.53,,,,,,,,,,,
10/15/2019 3:00,10/15/2019 5:00,1.515,,,,,,,,,,,
10/15/2019 4:00,10/15/2019 6:00,1.453,,,,,,,,,,,
10/15/2019 5:00,10/15/2019 7:00,1.563,,,,,,,,,,,
10/15/2019 6:00,10/15/2019 8:00,1.861,,,,,,,,,,,
10/15/2019 7:00,10/15/2019 9:00,2.145,,,,,,,,,,,
10/15/2019 8:00,10/15/2019 10:00,2.229,,,,,,,,,,,
10/15/2019 9:00,10/15/2019 11:00,2.296,,,,,,,,,,,
10/15/2019 10:00,10/15/2019 12:00,2.188,,,,,,,,,,,
10/15/2019 11:00,10/15/2019 13:00,1.893,,,,,,,,,,,
10/15/2019 12:00,10/15/2019 14:00,1.741,,,,,,,,,,,
10/15/2019 13:00,10/15/2019 15:00,1.875,,,,,,,,,,,
10/15/2019 14:00,10/15/2019 16:00,2.177,,,,,,,,,,,
10/15/2019 15:00,10/15/2019 17:00,1.988,,,,,,,,,,,
10/15/2019 16:00,10/15/2019 18:00,1.741,,,,,,,,,,,
10/15/2019 17:00,10/15/2019 19:00,1.639,,,,,,,,,,,
10/15/2019 18:00,10/15/2019 20:00,1.542,,,,,,,,,,,
10/15/2019 19:00,10/15/2019 21:00,1.424,,,,,,,,,,,
10/15/2019 20:00,10/15/2019 22:00,1.307,,,,,,,,,,,
10/15/2019 21:00,10/15/2019 23:00,1.25,,,,,,,,,,,
10/15/2019 22:00,10/16/2019 0:00,1.304,,,,,,,,,,,
10/15/2019 23:00,10/16/2019 1:00,1.411,,,,,,,,,,,
10/16/2019 0:00,10/16/2019 2:00,1.486,,,,,,,,,,,
10/16/2019 1:00,10/16/2019 3:00,1.451,,,,,,,,,,,
10/16/2019 2:00,10/16/2019 4:00,1.307,,,,,,,,,,,
10/16/2019 3:00,10/16/2019 5:00,0.881,,,,,,,,,,,
10/16/2019 4:00,10/16/2019 6:00,0.546,,,,,,,,,,,
10/16/2019 5:00,10/16/2019 7:00,0.432,,,,,,,,,,,
10/16/2019 6:00,10/16/2019 8:00,0.535,,,,,,,,,,,
10/16/2019 7:00,10/16/2019 9:00,0.81,,,,,,,,,,,
10/16/2019 8:00,10/16/2019 10:00,1.146,,,,,,,,,,,
10/16/2019 9:00,10/16/2019 11:00,1.303,,,,,,,,,,,
10/16/2019 10:00,10/16/2019 12:00,1.195,,,,,,,,,,,
10/16/2019 11:00,10/16/2019 13:00,1.141,,,,,,,,,,,
10/16/2019 12:00,10/16/2019 14:00,1.246,,,,,,,,,,,
10/16/2019 13:00,10/16/2019 15:00,1.535,,,,,,,,,,,
10/16/2019 14:00,10/16/2019 16:00,1.804,,,,,,,,,,,
10/16/2019 15:00,10/16/2019 17:00,1.997,,,,,,,,,,,
10/16/2019 16:00,10/16/2019 18:00,2.281,,,,,,,,,,,
10/16/2019 17:00,10/16/2019 19:00,2.886,,,,,,,,,,,
10/16/2019 18:00,10/16/2019 20:00,3.595,,,,,,,,,,,
10/16/2019 19:00,10/16/2019 21:00,4.317,,,,,,,,,,,
10/16/2019 20:00,10/16/2019 22:00,5.125,,,,,,,,,,,
10/16/2019 21:00,10/16/2019 23:00,5.725,,,,,,,,,,,
10/16/2019 22:00,10/17/2019 0:00,6.265,,,,,,,,,,,
10/16/2019 23:00,10/17/2019 1:00,6.857,,,,,,,,,,,
10/17/2019 0:00,10/17/2019 2:00,7.243,,,,,,,,,,,
10/17/2019 1:00,10/17/2019 3:00,7.528,,,,,,,,,,,
10/17/2019 2:00,10/17/2019 4:00,7.873,,,,,,,,,,,
10/17/2019 3:00,10/17/2019 5:00,8.081,,,,,,,,,,,
10/17/2019 4:00,10/17/2019 6:00,8.196,,,,,,,,,,,
10/17/2019 5:00,10/17/2019 7:00,8.382,,,,,,,,,,,
10/17/2019 6:00,10/17/2019 8:00,8.689,,,,,,,,,,,
10/17/2019 7:00,10/17/2019 9:00,8.416,,,,,,,,,,,
10/17/2019 8:00,10/17/2019 10:00,7.428,,,,,,,,,,,
10/17/2019 9:00,10/17/2019 11:00,6.615,,,,,,,,,,,
10/17/2019 10:00,10/17/2019 12:00,5.903,,,,,,,,,,,
10/17/2019 11:00,10/17/2019 13:00,5.318,,,,,,,,,,,
10/17/2019 12:00,10/17/2019 14:00,5.009,,,,,,,,,,,
10/17/2019 13:00,10/17/2019 15:00,5.301,,,,,,,,,,,
10/17/2019 14:00,10/17/2019 16:00,5.819,,,,,,,,,,,
10/17/2019 15:00,10/17/2019 17:00,6.234,,,,,,,,,,,
10/17/2019 16:00,10/17/2019 18:00,6.371,,,,,,,,,,,
10/17/2019 17:00,10/17/2019 19:00,6.394,,,,,,,,,,,
10/17/2019 18:00,10/17/2019 20:00,6.31,,,,,,,,,,,
10/17/2019 19:00,10/17/2019 21:00,6.015,,,,,,,,,,,
10/17/2019 20:00,10/17/2019 22:00,5.695,,,,,,,,,,,
10/17/2019 21:00,10/17/2019 23:00,5.385,,,,,,,,,,,
10/17/2019 22:00,10/18/2019 0:00,4.886,,,,,,,,,,,
10/17/2019 23:00,10/18/2019 1:00,4.311,,,,,,,,,,,
10/18/2019 0:00,10/18/2019 2:00,4.09,,,,,,,,,,,
10/18/2019 1:00,10/18/2019 3:00,3.538,,,,,,,,,,,
10/18/2019 2:00,10/18/2019 4:00,3.103,,,,,,,,,,,
10/18/2019 3:00,10/18/2019 5:00,2.474,,,,,,,,,,,
10/18/2019 4:00,10/18/2019 6:00,1.77,,,,,,,,,,,
10/18/2019 5:00,10/18/2019 7:00,1.153,,,,,,,,,,,
10/18/2019 6:00,10/18/2019 8:00,0.76,,,,,,,,,,,
10/18/2019 7:00,10/18/2019 9:00,0.399,,,,,,,,,,,
10/18/2019 8:00,10/18/2019 10:00,0.181,,,,,,,,,,,
10/18/2019 9:00,10/18/2019 11:00,0.219,,,,,,,,,,,
10/18/2019 10:00,10/18/2019 12:00,0.492,,,,,,,,,,,
10/18/2019 11:00,10/18/2019 13:00,0.899,,,,,,,,,,,
10/18/2019 12:00,10/18/2019 14:00,1.45,,,,,,,,,,,
10/18/2019 13:00,10/18/2019 15:00,2.022,,,,,,,,,,,
10/18/2019 14:00,10/18/2019 16:00,2.514,,,,,,,,,,,
10/18/2019 15:00,10/18/2019 17:00,2.988,,,,,,,,,,,
10/18/2019 16:00,10/18/2019 18:00,3.39,,,,,,,,,,,
10/18/2019 17:00,10/18/2019 19:00,3.658,,,,,,,,,,,
10/18/2019 18:00,10/18/2019 20:00,4.033,,,,,,,,,,,
10/18/2019 19:00,10/18/2019 21:00,4.593,,,,,,,,,,,
10/18/2019 20:00,10/18/2019 22:00,4.973,,,,,,,,,,,
10/18/2019 21:00,10/18/2019 23:00,5.227,,,,,,,,,,,
10/18/2019 22:00,10/19/2019 0:00,5.218,,,,,,,,,,,
10/18/2019 23:00,10/19/2019 1:00,5.031,,,,,,,,,,,
10/19/2019 0:00,10/19/2019 2:00,4.929,,,,,,,,,,,
10/19/2019 1:00,10/19/2019 3:00,4.678,,,,,,,,,,,
10/19/2019 2:00,10/19/2019 4:00,4.267,,,,,,,,,,,
10/19/2019 3:00,10/19/2019 5:00,3.773,,,,,,,,,,,
10/19/2019 4:00,10/19/2019 6:00,3.502,,,,,,,,,,,
10/19/2019 5:00,10/19/2019 7:00,3.618,,,,,,,,,,,
10/19/2019 6:00,10/19/2019 8:00,3.662,,,,,,,,,,,
10/19/2019 7:00,10/19/2019 9:00,3.652,,,,,,,,,,,
10/19/2019 8:00,10/19/2019 10:00,3.714,,,,,,,,,,,
10/19/2019 9:00,10/19/2019 11:00,3.595,,,,,,,,,,,
10/19/2019 10:00,10/19/2019 12:00,3.212,,,,,,,,,,,
10/19/2019 11:00,10/19/2019 13:00,2.813,,,,,,,,,,,
10/19/2019 12:00,10/19/2019 14:00,2.847,,,,,,,,,,,
10/19/2019 13:00,10/19/2019 15:00,2.806,,,,,,,,,,,
10/19/2019 14:00,10/19/2019 16:00,2.678,,,,,,,,,,,
10/19/2019 15:00,10/19/2019 17:00,2.464,,,,,,,,,,,
10/19/2019 16:00,10/19/2019 18:00,2.19,,,,,,,,,,,
10/19/2019 17:00,10/19/2019 19:00,1.747,,,,,,,,,,,
10/19/2019 18:00,10/19/2019 20:00,1.3,,,,,,,,,,,
10/19/2019 19:00,10/19/2019 21:00,0.993,,,,,,,,,,,
10/19/2019 20:00,10/19/2019 22:00,0.933,,,,,,,,,,,
10/19/2019 21:00,10/19/2019 23:00,1.216,,,,,,,,,,,
10/19/2019 22:00,10/20/2019 0:00,1.854,,,,,,,,,,,
10/19/2019 23:00,10/20/2019 1:00,2.721,,,,,,,,,,,
10/20/2019 0:00,10/20/2019 2:00,3.695,,,,,,,,,,,
10/20/2019 1:00,10/20/2019 3:00,4.644,,,,,,,,,,,
10/20/2019 2:00,10/20/2019 4:00,5.692,,,,,,,,,,,
10/20/2019 3:00,10/20/2019 5:00,6.256,,,,,,,,,,,
10/20/2019 4:00,10/20/2019 6:00,6.646,,,,,,,,,,,
10/20/2019 5:00,10/20/2019 7:00,7.479,,,,,,,,,,,
10/20/2019 6:00,10/20/2019 8:00,8.16,,,,,,,,,,,
10/20/2019 7:00,10/20/2019 9:00,8.311,,,,,,,,,,,
10/20/2019 8:00,10/20/2019 10:00,7.183,,,,,,,,,,,
10/20/2019 9:00,10/20/2019 11:00,5.984,,,,,,,,,,,
10/20/2019 10:00,10/20/2019 12:00,5.145,,,,,,,,,,,
10/20/2019 11:00,10/20/2019 13:00,4.705,,,,,,,,,,,
10/20/2019 12:00,10/20/2019 14:00,4.708,,,,,,,,,,,
10/20/2019 13:00,10/20/2019 15:00,5.283,,,,,,,,,,,
10/20/2019 14:00,10/20/2019 16:00,5.708,,,,,,,,,,,
10/20/2019 15:00,10/20/2019 17:00,5.769,,,,,,,,,,,
10/20/2019 16:00,10/20/2019 18:00,6.027,,,,,,,,,,,
10/20/2019 17:00,10/20/2019 19:00,6.282,,,,,,,,,,,
10/20/2019 18:00,10/20/2019 20:00,6.407,,,,,,,,,,,
10/20/2019 19:00,10/20/2019 21:00,6.684,,,,,,,,,,,
10/20/2019 20:00,10/20/2019 22:00,9.067,,,,,,,,,,,
10/20/2019 21:00,10/20/2019 23:00,9.658,,,,,,,,,,,
10/20/2019 22:00,10/21/2019 0:00,10.517,,,,,,,,,,,
10/20/2019 23:00,10/21/2019 1:00,9.302,,,,,,,,,,,
10/21/2019 0:00,10/21/2019 2:00,9.739,,,,,,,,,,,
10/21/2019 1:00,10/21/2019 3:00,10.136,,,,,,,,,,,
10/21/2019 2:00,10/21/2019 4:00,9.015,,,,,,,,,,,
10/21/2019 3:00,10/21/2019 5:00,7.575,,,,,,,,,,,
10/21/2019 4:00,10/21/2019 6:00,6.188,,,,,,,,,,,
10/21/2019 5:00,10/21/2019 7:00,4.797,,,,,,,,,,,
10/21/2019 6:00,10/21/2019 8:00,4.042,,,,,,,,,,,
10/21/2019 7:00,10/21/2019 9:00,3.451,,,,,,,,,,,
10/21/2019 8:00,10/21/2019 10:00,3.591,,,,,,,,,,,
10/21/2019 9:00,10/21/2019 11:00,4.123,,,,,,,,,,,
10/21/2019 10:00,10/21/2019 12:00,4.062,,,,,,,,,,,
10/21/2019 11:00,10/21/2019 13:00,4.644,,,,,,,,,,,
10/21/2019 12:00,10/21/2019 14:00,5.007,,,,,,,,,,,
10/21/2019 13:00,10/21/2019 15:00,4.881,,,,,,,,,,,
10/21/2019 14:00,10/21/2019 16:00,4.067,,,,,,,,,,,
10/21/2019 15:00,10/21/2019 17:00,2.716,,,,,,,,,,,
10/21/2019 16:00,10/21/2019 18:00,2.098,,,,,,,,,,,
10/21/2019 17:00,10/21/2019 19:00,2.764,,,,,,,,,,,
10/21/2019 18:00,10/21/2019 20:00,4.003,,,,,,,,,,,
10/21/2019 19:00,10/21/2019 21:00,4.726,,,,,,,,,,,
10/21/2019 20:00,10/21/2019 22:00,5.836,,,,,,,,,,,
10/21/2019 21:00,10/21/2019 23:00,7.077,,,,,,,,,,,
10/21/2019 22:00,10/22/2019 0:00,8.19,,,,,,,,,,,
10/21/2019 23:00,10/22/2019 1:00,9.56,,,,,,,,,,,
10/22/2019 0:00,10/22/2019 2:00,10.802,,,,,,,,,,,
10/22/2019 1:00,10/22/2019 3:00,11.638,,,,,,,,,,,
10/22/2019 2:00,10/22/2019 4:00,12.896,,,,,,,,,,,
10/22/2019 3:00,10/22/2019 5:00,14.305,,,,,,,,,,,
10/22/2019 4:00,10/22/2019 6:00,15.533,,,,,,,,,,,
10/22/2019 5:00,10/22/2019 7:00,17.31,,,,,,,,,,,
10/22/2019 6:00,10/22/2019 8:00,19.551,,,,,,,,,,,
10/22/2019 7:00,10/22/2019 9:00,20.941,,,,,,,,,,,
10/22/2019 8:00,10/22/2019 10:00,19.413,,,,,,,,,,,
10/22/2019 9:00,10/22/2019 11:00,23.58,,,,,,,,,,,
10/22/2019 10:00,10/22/2019 12:00,19.314,,,,,,,,,,,
10/22/2019 11:00,10/22/2019 13:00,15.415,,,,,,,,,,,
10/22/2019 12:00,10/22/2019 14:00,15.262,,,,,,,,,,,
10/22/2019 13:00,10/22/2019 15:00,14.501,,,,,,,,,,,
10/22/2019 14:00,10/22/2019 16:00,11.258,,,,,,,,,,,
10/22/2019 15:00,10/22/2019 17:00,9.302,,,,,,,,,,,
10/22/2019 16:00,10/22/2019 18:00,8.758,,,,,,,,,,,
10/22/2019 17:00,10/22/2019 19:00,9.819,,,,,,,,,,,
10/22/2019 18:00,10/22/2019 20:00,11.467,,,,,,,,,,,
10/22/2019 19:00,10/22/2019 21:00,11.73,,,,,,,,,,,
10/22/2019 20:00,10/22/2019 22:00,11.211,,,,,,,,,,,
10/22/2019 21:00,10/22/2019 23:00,9.382,,,,,,,,,,,
10/22/2019 22:00,10/23/2019 0:00,8.758,,,,,,,,,,,
10/22/2019 23:00,10/23/2019 1:00,8.867,,,,,,,,,,,
10/23/2019 0:00,10/23/2019 2:00,8.196,,,,,,,,,,,
10/23/2019 1:00,10/23/2019 3:00,8.759,,,,,,,,,,,
10/23/2019 2:00,10/23/2019 4:00,10.307,,,,,,,,,,,
10/23/2019 3:00,10/23/2019 5:00,11.442,,,,,,,,,,,
10/23/2019 4:00,10/23/2019 6:00,11.986,,,,,,,,,,,
10/23/2019 5:00,10/23/2019 7:00,12.42,,,,,,,,,,,
10/23/2019 6:00,10/23/2019 8:00,13.496,,,,,,,,,,,
10/23/2019 7:00,10/23/2019 9:00,13.858,,,,,,,,,,,
10/23/2019 8:00,10/23/2019 10:00,14.33,,,,,,,,,,,
10/23/2019 9:00,10/23/2019 11:00,13.561,,,,,,,,,,,
10/23/2019 10:00,10/23/2019 12:00,12.029,,,,,,,,,,,
10/23/2019 11:00,10/23/2019 13:00,11.37,,,,,,,,,,,
10/23/2019 12:00,10/23/2019 14:00,10.561,,,,,,,,,,,
10/23/2019 13:00,10/23/2019 15:00,9.659,,,,,,,,,,,
10/23/2019 14:00,10/23/2019 16:00,9.082,,,,,,,,,,,
10/23/2019 15:00,10/23/2019 17:00,7.765,,,,,,,,,,,
10/23/2019 16:00,10/23/2019 18:00,6.173,,,,,,,,,,,
10/23/2019 17:00,10/23/2019 19:00,4.953,,,,,,,,,,,
10/23/2019 18:00,10/23/2019 20:00,3.464,,,,,,,,,,,
10/23/2019 19:00,10/23/2019 21:00,2.306,,,,,,,,,,,
10/23/2019 20:00,10/23/2019 22:00,1.202,,,,,,,,,,,
10/23/2019 21:00,10/23/2019 23:00,0.603,,,,,,,,,,,
10/23/2019 22:00,10/24/2019 0:00,0.169,,,,,,,,,,,
10/23/2019 23:00,10/24/2019 1:00,0.139,,,,,,,,,,,
10/24/2019 0:00,10/24/2019 2:00,0.497,,,,,,,,,,,
10/24/2019 1:00,10/24/2019 3:00,1.545,,,,,,,,,,,
10/24/2019 2:00,10/24/2019 4:00,3.181,,,,,,,,,,,
10/24/2019 3:00,10/24/2019 5:00,4.581,,,,,,,,,,,
10/24/2019 4:00,10/24/2019 6:00,5.746,,,,,,,,,,,
10/24/2019 5:00,10/24/2019 7:00,7.034,,,,,,,,,,,
10/24/2019 6:00,10/24/2019 8:00,8.081,,,,,,,,,,,
10/24/2019 7:00,10/24/2019 9:00,7.995,,,,,,,,,,,
10/24/2019 8:00,10/24/2019 10:00,8.242,,,,,,,,,,,
10/24/2019 9:00,10/24/2019 11:00,8.583,,,,,,,,,,,
10/24/2019 10:00,10/24/2019 12:00,8.169,,,,,,,,,,,
10/24/2019 11:00,10/24/2019 13:00,7.206,,,,,,,,,,,
10/24/2019 12:00,10/24/2019 14:00,6.468,,,,,,,,,,,
10/24/2019 13:00,10/24/2019 15:00,6.108,,,,,,,,,,,
10/24/2019 14:00,10/24/2019 16:00,5.875,,,,,,,,,,,
10/24/2019 15:00,10/24/2019 17:00,6.311,,,,,,,,,,,
10/24/2019 16:00,10/24/2019 18:00,6.903,,,,,,,,,,,
10/24/2019 17:00,10/24/2019 19:00,7.067,,,,,,,,,,,
10/24/2019 18:00,10/24/2019 20:00,6.595,,,,,,,,,,,
10/24/2019 19:00,10/24/2019 21:00,5.092,,,,,,,,,,,
10/24/2019 20:00,10/24/2019 22:00,4.204,,,,,,,,,,,
10/24/2019 21:00,10/24/2019 23:00,3.341,,,,,,,,,,,
10/24/2019 22:00,10/25/2019 0:00,3.3,,,,,,,,,,,
10/24/2019 23:00,10/25/2019 1:00,2.646,,,,,,,,,,,
10/25/2019 0:00,10/25/2019 2:00,1.861,,,,,,,,,,,
10/25/2019 1:00,10/25/2019 3:00,1.374,,,,,,,,,,,
10/25/2019 2:00,10/25/2019 4:00,1.42,,,,,,,,,,,
10/25/2019 3:00,10/25/2019 5:00,1.604,,,,,,,,,,,
10/25/2019 4:00,10/25/2019 6:00,2.224,,,,,,,,,,,
10/25/2019 5:00,10/25/2019 7:00,3.203,,,,,,,,,,,
10/25/2019 6:00,10/25/2019 8:00,3.713,,,,,,,,,,,
10/25/2019 7:00,10/25/2019 9:00,3.996,,,,,,,,,,,
10/25/2019 8:00,10/25/2019 10:00,4.122,,,,,,,,,,,
10/25/2019 9:00,10/25/2019 11:00,3.761,,,,,,,,,,,
10/25/2019 10:00,10/25/2019 12:00,3.616,,,,,,,,,,,
10/25/2019 11:00,10/25/2019 13:00,3.631,,,,,,,,,,,
10/25/2019 12:00,10/25/2019 14:00,4.108,,,,,,,,,,,
10/25/2019 13:00,10/25/2019 15:00,4.453,,,,,,,,,,,
10/25/2019 14:00,10/25/2019 16:00,5.17,,,,,,,,,,,
10/25/2019 15:00,10/25/2019 17:00,6.379,,,,,,,,,,,
10/25/2019 16:00,10/25/2019 18:00,6.881,,,,,,,,,,,
10/25/2019 17:00,10/25/2019 19:00,8.378,,,,,,,,,,,
10/25/2019 18:00,10/25/2019 20:00,8.641,,,,,,,,,,,
10/25/2019 19:00,10/25/2019 21:00,8.521,,,,,,,,,,,
10/25/2019 20:00,10/25/2019 22:00,8.092,,,,,,,,,,,
10/25/2019 21:00,10/25/2019 23:00,7.32,,,,,,,,,,,
10/25/2019 22:00,10/26/2019 0:00,6.172,,,,,,,,,,,
10/25/2019 23:00,10/26/2019 1:00,5.862,,,,,,,,,,,
10/26/2019 0:00,10/26/2019 2:00,6.555,,,,,,,,,,,
10/26/2019 1:00,10/26/2019 3:00,7.054,,,,,,,,,,,
10/26/2019 2:00,10/26/2019 4:00,6.868,,,,,,,,,,,
10/26/2019 3:00,10/26/2019 5:00,8.081,,,,,,,,,,,
10/26/2019 4:00,10/26/2019 6:00,8.783,,,,,,,,,,,
10/26/2019 5:00,10/26/2019 7:00,8.951,,,,,,,,,,,
10/26/2019 6:00,10/26/2019 8:00,8.758,,,,,,,,,,,
10/26/2019 7:00,10/26/2019 9:00,8.354,,,,,,,,,,,
10/26/2019 8:00,10/26/2019 10:00,8.342,,,,,,,,,,,
10/26/2019 9:00,10/26/2019 11:00,8.416,,,,,,,,,,,
10/26/2019 10:00,10/26/2019 12:00,8.835,,,,,,,,,,,
10/26/2019 11:00,10/26/2019 13:00,9.883,,,,,,,,,,,
10/26/2019 12:00,10/26/2019 14:00,9.751,,,,,,,,,,,
10/26/2019 13:00,10/26/2019 15:00,9.659,,,,,,,,,,,
10/26/2019 14:00,10/26/2019 16:00,9.461,,,,,,,,,,,
10/26/2019 15:00,10/26/2019 17:00,9.992,,,,,,,,,,,
10/26/2019 16:00,10/26/2019 18:00,9.549,,,,,,,,,,,
10/26/2019 17:00,10/26/2019 19:00,8.644,,,,,,,,,,,
10/26/2019 18:00,10/26/2019 20:00,7.896,,,,,,,,,,,
10/26/2019 19:00,10/26/2019 21:00,7.797,,,,,,,,,,,
10/26/2019 20:00,10/26/2019 22:00,7.499,,,,,,,,,,,
10/26/2019 21:00,10/26/2019 23:00,7.958,,,,,,,,,,,
10/26/2019 22:00,10/27/2019 0:00,8.204,,,,,,,,,,,
10/26/2019 23:00,10/27/2019 1:00,8.682,,,,,,,,,,,
10/27/2019 0:00,10/27/2019 2:00,8.217,,,,,,,,,,,
10/27/2019 1:00,10/27/2019 2:00,7.737,,,,,,,,,,,
10/27/2019 2:00,10/27/2019 3:00,7.635,,,,,,,,,,,
10/27/2019 3:00,10/27/2019 4:00,7.48,,,,,,,,,,,
10/27/2019 4:00,10/27/2019 5:00,7.252,,,,,,,,,,,
10/27/2019 5:00,10/27/2019 6:00,6.826,,,,,,,,,,,
10/27/2019 6:00,10/27/2019 7:00,6.176,,,,,,,,,,,
10/27/2019 7:00,10/27/2019 8:00,5.447,,,,,,,,,,,
10/27/2019 8:00,10/27/2019 9:00,4.459,,,,,,,,,,,
10/27/2019 9:00,10/27/2019 10:00,3.372,,,,,,,,,,,
10/27/2019 10:00,10/27/2019 11:00,2.27,,,,,,,,,,,
10/27/2019 11:00,10/27/2019 12:00,1.451,,,,,,,,,,,
10/27/2019 12:00,10/27/2019 13:00,0.645,,,,,,,,,,,
10/27/2019 13:00,10/27/2019 14:00,0.241,,,,,,,,,,,
10/27/2019 14:00,10/27/2019 15:00,0.336,,,,,,,,,,,
10/27/2019 15:00,10/27/2019 16:00,0.564,,,,,,,,,,,
10/27/2019 16:00,10/27/2019 17:00,0.779,,,,,,,,,,,
10/27/2019 17:00,10/27/2019 18:00,0.984,,,,,,,,,,,
10/27/2019 18:00,10/27/2019 19:00,1.12,,,,,,,,,,,
10/27/2019 19:00,10/27/2019 20:00,1.22,,,,,,,,,,,
10/27/2019 20:00,10/27/2019 21:00,1.292,,,,,,,,,,,
10/27/2019 21:00,10/27/2019 22:00,1.375,,,,,,,,,,,
10/27/2019 22:00,10/27/2019 23:00,1.451,,,,,,,,,,,
10/27/2019 23:00,10/28/2019 0:00,1.591,,,,,,,,,,,
10/28/2019 0:00,10/28/2019 1:00,1.703,,,,,,,,,,,
10/28/2019 1:00,10/28/2019 2:00,1.942,,,,,,,,,,,
10/28/2019 2:00,10/28/2019 3:00,2.24,,,,,,,,,,,
10/28/2019 3:00,10/28/2019 4:00,2.882,,,,,,,,,,,
10/28/2019 4:00,10/28/2019 5:00,3.663,,,,,,,,,,,
10/28/2019 5:00,10/28/2019 6:00,4.32,,,,,,,,,,,
10/28/2019 6:00,10/28/2019 7:00,5.392,,,,,,,,,,,
10/28/2019 7:00,10/28/2019 8:00,7.76,,,,,,,,,,,
10/28/2019 8:00,10/28/2019 9:00,9.886,,,,,,,,,,,
10/28/2019 9:00,10/28/2019 10:00,10.02,,,,,,,,,,,
10/28/2019 10:00,10/28/2019 11:00,9.543,,,,,,,,,,,
10/28/2019 11:00,10/28/2019 12:00,9.419,,,,,,,,,,,
10/28/2019 12:00,10/28/2019 13:00,8.831,,,,,,,,,,,
10/28/2019 13:00,10/28/2019 14:00,8.768,,,,,,,,,,,
10/28/2019 14:00,10/28/2019 15:00,7.428,,,,,,,,,,,
10/28/2019 15:00,10/28/2019 16:00,5.83,,,,,,,,,,,
10/28/2019 16:00,10/28/2019 17:00,5.18,,,,,,,,,,,
10/28/2019 17:00,10/28/2019 18:00,5.707,,,,,,,,,,,
10/28/2019 18:00,10/28/2019 19:00,6.725,,,,,,,,,,,
10/28/2019 19:00,10/28/2019 20:00,7.272,,,,,,,,,,,
10/28/2019 20:00,10/28/2019 21:00,7.71,,,,,,,,,,,
10/28/2019 21:00,10/28/2019 22:00,8.147,,,,,,,,,,,
10/28/2019 22:00,10/28/2019 23:00,8.194,,,,,,,,,,,
10/28/2019 23:00,10/29/2019 0:00,8.008,,,,,,,,,,,
10/29/2019 0:00,10/29/2019 1:00,7.663,,,,,,,,,,,
10/29/2019 1:00,10/29/2019 2:00,6.447,,,,,,,,,,,
10/29/2019 2:00,10/29/2019 3:00,5.243,,,,,,,,,,,
10/29/2019 3:00,10/29/2019 4:00,4.006,,,,,,,,,,,
10/29/2019 4:00,10/29/2019 5:00,3.603,,,,,,,,,,,
10/29/2019 5:00,10/29/2019 6:00,3.583,,,,,,,,,,,
10/29/2019 6:00,10/29/2019 7:00,3.23,,,,,,,,,,,
10/29/2019 7:00,10/29/2019 8:00,3.049,,,,,,,,,,,
10/29/2019 8:00,10/29/2019 9:00,3.289,,,,,,,,,,,
10/29/2019 9:00,10/29/2019 10:00,3.419,,,,,,,,,,,
10/29/2019 10:00,10/29/2019 11:00,3.384,,,,,,,,,,,
10/29/2019 11:00,10/29/2019 12:00,3.11,,,,,,,,,,,
10/29/2019 12:00,10/29/2019 13:00,3.078,,,,,,,,,,,
10/29/2019 13:00,10/29/2019 14:00,2.984,,,,,,,,,,,
10/29/2019 14:00,10/29/2019 15:00,2.819,,,,,,,,,,,
10/29/2019 15:00,10/29/2019 16:00,2.784,,,,,,,,,,,
10/29/2019 16:00,10/29/2019 17:00,2.695,,,,,,,,,,,
10/29/2019 17:00,10/29/2019 18:00,2.457,,,,,,,,,,,
10/29/2019 18:00,10/29/2019 19:00,2.34,,,,,,,,,,,
10/29/2019 19:00,10/29/2019 20:00,2.383,,,,,,,,,,,
10/29/2019 20:00,10/29/2019 21:00,2.343,,,,,,,,,,,
10/29/2019 21:00,10/29/2019 22:00,2.175,,,,,,,,,,,
10/29/2019 22:00,10/29/2019 23:00,2.187,,,,,,,,,,,
10/29/2019 23:00,10/30/2019 0:00,2.557,,,,,,,,,,,
10/30/2019 0:00,10/30/2019 1:00,3.133,,,,,,,,,,,
10/30/2019 1:00,10/30/2019 2:00,3.874,,,,,,,,,,,
10/30/2019 2:00,10/30/2019 3:00,4.689,,,,,,,,,,,
10/30/2019 3:00,10/30/2019 4:00,5.626,,,,,,,,,,,
10/30/2019 4:00,10/30/2019 5:00,6.745,,,,,,,,,,,
10/30/2019 5:00,10/30/2019 6:00,7.052,,,,,,,,,,,
10/30/2019 6:00,10/30/2019 7:00,8.196,,,,,,,,,,,
10/30/2019 7:00,10/30/2019 8:00,8.607,,,,,,,,,,,
10/30/2019 8:00,10/30/2019 9:00,9.511,,,,,,,,,,,
10/30/2019 9:00,10/30/2019 10:00,10.337,,,,,,,,,,,
10/30/2019 10:00,10/30/2019 11:00,10.613,,,,,,,,,,,
10/30/2019 11:00,10/30/2019 12:00,10.081,,,,,,,,,,,
10/30/2019 12:00,10/30/2019 13:00,8.297,,,,,,,,,,,
10/30/2019 13:00,10/30/2019 14:00,6.656,,,,,,,,,,,
10/30/2019 14:00,10/30/2019 15:00,6.045,,,,,,,,,,,
10/30/2019 15:00,10/30/2019 16:00,4.91,,,,,,,,,,,
10/30/2019 16:00,10/30/2019 17:00,3.617,,,,,,,,,,,
10/30/2019 17:00,10/30/2019 18:00,3.087,,,,,,,,,,,
10/30/2019 18:00,10/30/2019 19:00,2.727,,,,,,,,,,,
10/30/2019 19:00,10/30/2019 20:00,2.641,,,,,,,,,,,
10/30/2019 20:00,10/30/2019 21:00,3.013,,,,,,,,,,,
10/30/2019 21:00,10/30/2019 22:00,3.414,,,,,,,,,,,
10/30/2019 22:00,10/30/2019 23:00,3.877,,,,,,,,,,,
10/30/2019 23:00,10/31/2019 0:00,4.368,,,,,,,,,,,
10/31/2019 0:00,10/31/2019 1:00,4.642,,,,,,,,,,,
10/31/2019 1:00,10/31/2019 2:00,4.847,,,,,,,,,,,
10/31/2019 2:00,10/31/2019 3:00,4.784,,,,,,,,,,,
10/31/2019 3:00,10/31/2019 4:00,4.644,,,,,,,,,,,
10/31/2019 4:00,10/31/2019 5:00,4.332,,,,,,,,,,,
10/31/2019 5:00,10/31/2019 6:00,3.963,,,,,,,,,,,
10/31/2019 6:00,10/31/2019 7:00,4.046,,,,,,,,,,,
10/31/2019 7:00,10/31/2019 8:00,4.568,,,,,,,,,,,
10/31/2019 8:00,10/31/2019 9:00,5.327,,,,,,,,,,,
10/31/2019 9:00,10/31/2019 10:00,6.82,,,,,,,,,,,
10/31/2019 10:00,10/31/2019 11:00,8.516,,,,,,,,,,,
10/31/2019 11:00,10/31/2019 12:00,10.678,,,,,,,,,,,
10/31/2019 12:00,10/31/2019 13:00,9.737,,,,,,,,,,,
10/31/2019 13:00,10/31/2019 14:00,8.418,,,,,,,,,,,
10/31/2019 14:00,10/31/2019 15:00,7.251,,,,,,,,,,,
10/31/2019 15:00,10/31/2019 16:00,6.517,,,,,,,,,,,
10/31/2019 16:00,10/31/2019 17:00,5.889,,,,,,,,,,,
10/31/2019 17:00,10/31/2019 18:00,5.961,,,,,,,,,,,
10/31/2019 18:00,10/31/2019 19:00,5.82,,,,,,,,,,,
10/31/2019 19:00,10/31/2019 20:00,5.506,,,,,,,,,,,
10/31/2019 20:00,10/31/2019 21:00,5.429,,,,,,,,,,,
10/31/2019 21:00,10/31/2019 22:00,5.609,,,,,,,,,,,
10/31/2019 22:00,10/31/2019 23:00,5.9,,,,,,,,,,,
10/31/2019 23:00,11/1/2019 0:00,6.188,,,,,,,,,,,
11/1/2019 0:00,11/1/2019 1:00,6.472,,,,,,,,,,,
11/1/2019 1:00,11/1/2019 2:00,6.616,,,,,,,,,,,
11/1/2019 2:00,11/1/2019 3:00,6.467,,,,,,,,,,,
11/1/2019 3:00,11/1/2019 4:00,5.684,,,,,,,,,,,
11/1/2019 4:00,11/1/2019 5:00,5.153,,,,,,,,,,,
11/1/2019 5:00,11/1/2019 6:00,4.763,,,,,,,,,,,
11/1/2019 6:00,11/1/2019 7:00,4.67,,,,,,,,,,,
11/1/2019 7:00,11/1/2019 8:00,4.283,,,,,,,,,,,
11/1/2019 8:00,11/1/2019 9:00,3.839,,,,,,,,,,,
11/1/2019 9:00,11/1/2019 10:00,3.961,,,,,,,,,,,
11/1/2019 10:00,11/1/2019 11:00,4.294,,,,,,,,,,,
11/1/2019 11:00,11/1/2019 12:00,4.258,,,,,,,,,,,
11/1/2019 12:00,11/1/2019 13:00,4.075,,,,,,,,,,,
11/1/2019 13:00,11/1/2019 14:00,3.716,,,,,,,,,,,
11/1/2019 14:00,11/1/2019 15:00,3.025,,,,,,,,,,,
11/1/2019 15:00,11/1/2019 16:00,2.253,,,,,,,,,,,
11/1/2019 16:00,11/1/2019 17:00,1.655,,,,,,,,,,,
11/1/2019 17:00,11/1/2019 18:00,1.199,,,,,,,,,,,
11/1/2019 18:00,11/1/2019 19:00,0.969,,,,,,,,,,,
11/1/2019 19:00,11/1/2019 20:00,0.844,,,,,,,,,,,
11/1/2019 20:00,11/1/2019 21:00,0.773,,,,,,,,,,,
11/1/2019 21:00,11/1/2019 22:00,0.836,,,,,,,,,,,
11/1/2019 22:00,11/1/2019 23:00,1.17,,,,,,,,,,,
11/1/2019 23:00,11/2/2019 0:00,1.722,,,,,,,,,,,
11/2/2019 0:00,11/2/2019 1:00,2.213,,,,,,,,,,,
11/2/2019 1:00,11/2/2019 2:00,2.51,,,,,,,,,,,
11/2/2019 2:00,11/2/2019 3:00,2.488,,,,,,,,,,,
11/2/2019 3:00,11/2/2019 4:00,2.092,,,,,,,,,,,
11/2/2019 4:00,11/2/2019 5:00,1.814,,,,,,,,,,,
11/2/2019 5:00,11/2/2019 6:00,1.741,,,,,,,,,,,
11/2/2019 6:00,11/2/2019 7:00,1.796,,,,,,,,,,,
11/2/2019 7:00,11/2/2019 8:00,1.86,,,,,,,,,,,
11/2/2019 8:00,11/2/2019 9:00,2.018,,,,,,,,,,,
11/2/2019 9:00,11/2/2019 10:00,2.535,,,,,,,,,,,
11/2/2019 10:00,11/2/2019 11:00,3.297,,,,,,,,,,,
11/2/2019 11:00,11/2/2019 12:00,4.039,,,,,,,,,,,
11/2/2019 12:00,11/2/2019 13:00,4.786,,,,,,,,,,,
11/2/2019 13:00,11/2/2019 14:00,5.418,,,,,,,,,,,
11/2/2019 14:00,11/2/2019 15:00,5.874,,,,,,,,,,,
11/2/2019 15:00,11/2/2019 16:00,6.437,,,,,,,,,,,
11/2/2019 16:00,11/2/2019 17:00,6.528,,,,,,,,,,,
11/2/2019 17:00,11/2/2019 18:00,6.269,,,,,,,,,,,
11/2/2019 18:00,11/2/2019 19:00,6.157,,,,,,,,,,,
11/2/2019 19:00,11/2/2019 20:00,6.059,,,,,,,,,,,
11/2/2019 20:00,11/2/2019 21:00,6.507,,,,,,,,,,,
11/2/2019 21:00,11/2/2019 22:00,7.111,,,,,,,,,,,
11/2/2019 22:00,11/2/2019 23:00,8.041,,,,,,,,,,,
11/2/2019 23:00,11/3/2019 0:00,8.198,,,,,,,,,,,
11/3/2019 0:00,11/3/2019 1:00,8.342,,,,,,,,,,,
11/3/2019 1:00,11/3/2019 2:00,8.493,,,,,,,,,,,
11/3/2019 2:00,11/3/2019 3:00,8.657,,,,,,,,,,,
11/3/2019 3:00,11/3/2019 4:00,7.871,,,,,,,,,,,
11/3/2019 4:00,11/3/2019 5:00,7.896,,,,,,,,,,,
11/3/2019 5:00,11/3/2019 6:00,8.76,,,,,,,,,,,
11/3/2019 6:00,11/3/2019 7:00,9.739,,,,,,,,,,,
11/3/2019 7:00,11/3/2019 8:00,11.646,,,,,,,,,,,
11/3/2019 8:00,11/3/2019 9:00,13.29,,,,,,,,,,,
11/3/2019 9:00,11/3/2019 10:00,13.386,,,,,,,,,,,
11/3/2019 10:00,11/3/2019 11:00,12.896,,,,,,,,,,,
11/3/2019 11:00,11/3/2019 12:00,12.264,,,,,,,,,,,
11/3/2019 12:00,11/3/2019 13:00,10.113,,,,,,,,,,,
11/3/2019 13:00,11/3/2019 14:00,8.418,,,,,,,,,,,
11/3/2019 14:00,11/3/2019 15:00,6.734,,,,,,,,,,,
11/3/2019 15:00,11/3/2019 16:00,4.977,,,,,,,,,,,
11/3/2019 16:00,11/3/2019 17:00,3.026,,,,,,,,,,,
11/3/2019 17:00,11/3/2019 18:00,1.901,,,,,,,,,,,
11/3/2019 18:00,11/3/2019 19:00,1.103,,,,,,,,,,,
11/3/2019 19:00,11/3/2019 20:00,0.445,,,,,,,,,,,
11/3/2019 20:00,11/3/2019 21:00,0.129,,,,,,,,,,,
11/3/2019 21:00,11/3/2019 22:00,0.182,,,,,,,,,,,
11/3/2019 22:00,11/3/2019 23:00,0.561,,,,,,,,,,,
11/3/2019 23:00,11/4/2019 0:00,0.934,,,,,,,,,,,
11/4/2019 0:00,11/4/2019 1:00,1.179,,,,,,,,,,,
11/4/2019 1:00,11/4/2019 2:00,1.375,,,,,,,,,,,
11/4/2019 2:00,11/4/2019 3:00,1.584,,,,,,,,,,,
11/4/2019 3:00,11/4/2019 4:00,1.74,,,,,,,,,,,
11/4/2019 4:00,11/4/2019 5:00,1.889,,,,,,,,,,,
11/4/2019 5:00,11/4/2019 6:00,2.1,,,,,,,,,,,
11/4/2019 6:00,11/4/2019 7:00,2.318,,,,,,,,,,,
11/4/2019 7:00,11/4/2019 8:00,2.702,,,,,,,,,,,
11/4/2019 8:00,11/4/2019 9:00,3.357,,,,,,,,,,,
11/4/2019 9:00,11/4/2019 10:00,4.429,,,,,,,,,,,
11/4/2019 10:00,11/4/2019 11:00,5.718,,,,,,,,,,,
11/4/2019 11:00,11/4/2019 12:00,7.275,,,,,,,,,,,
11/4/2019 12:00,11/4/2019 13:00,7.897,,,,,,,,,,,
11/4/2019 13:00,11/4/2019 14:00,7.824,,,,,,,,,,,
11/4/2019 14:00,11/4/2019 15:00,7.653,,,,,,,,,,,
11/4/2019 15:00,11/4/2019 16:00,7.183,,,,,,,,,,,
11/4/2019 16:00,11/4/2019 17:00,6.529,,,,,,,,,,,
11/4/2019 17:00,11/4/2019 18:00,5.828,,,,,,,,,,,
11/4/2019 18:00,11/4/2019 19:00,5.093,,,,,,,,,,,
11/4/2019 19:00,11/4/2019 20:00,4.185,,,,,,,,,,,
11/4/2019 20:00,11/4/2019 21:00,3.498,,,,,,,,,,,
11/4/2019 21:00,11/4/2019 22:00,3.226,,,,,,,,,,,
11/4/2019 22:00,11/4/2019 23:00,3.085,,,,,,,,,,,
11/4/2019 23:00,11/5/2019 0:00,3.242,,,,,,,,,,,
11/5/2019 0:00,11/5/2019 1:00,3.591,,,,,,,,,,,
11/5/2019 1:00,11/5/2019 2:00,3.977,,,,,,,,,,,
11/5/2019 2:00,11/5/2019 3:00,3.972,,,,,,,,,,,
11/5/2019 3:00,11/5/2019 4:00,3.433,,,,,,,,,,,
11/5/2019 4:00,11/5/2019 5:00,2.85,,,,,,,,,,,
11/5/2019 5:00,11/5/2019 6:00,2.66,,,,,,,,,,,
11/5/2019 6:00,11/5/2019 7:00,2.461,,,,,,,,,,,
11/5/2019 7:00,11/5/2019 8:00,2.452,,,,,,,,,,,
11/5/2019 8:00,11/5/2019 9:00,2.52,,,,,,,,,,,
11/5/2019 9:00,11/5/2019 10:00,2.461,,,,,,,,,,,
11/5/2019 10:00,11/5/2019 11:00,2.534,,,,,,,,,,,
11/5/2019 11:00,11/5/2019 12:00,2.64,,,,,,,,,,,
11/5/2019 12:00,11/5/2019 13:00,2.818,,,,,,,,,,,
11/5/2019 13:00,11/5/2019 14:00,2.989,,,,,,,,,,,
11/5/2019 14:00,11/5/2019 15:00,3.023,,,,,,,,,,,
11/5/2019 15:00,11/5/2019 16:00,2.784,,,,,,,,,,,
11/5/2019 16:00,11/5/2019 17:00,2.46,,,,,,,,,,,
11/5/2019 17:00,11/5/2019 18:00,2.074,,,,,,,,,,,
11/5/2019 18:00,11/5/2019 19:00,1.805,,,,,,,,,,,
11/5/2019 19:00,11/5/2019 20:00,1.575,,,,,,,,,,,
11/5/2019 20:00,11/5/2019 21:00,1.484,,,,,,,,,,,
11/5/2019 21:00,11/5/2019 22:00,1.482,,,,,,,,,,,
11/5/2019 22:00,11/5/2019 23:00,1.472,,,,,,,,,,,
11/5/2019 23:00,11/6/2019 0:00,1.396,,,,,,,,,,,
11/6/2019 0:00,11/6/2019 1:00,1.273,,,,,,,,,,,
11/6/2019 1:00,11/6/2019 2:00,1.098,,,,,,,,,,,
11/6/2019 2:00,11/6/2019 3:00,0.88,,,,,,,,,,,
11/6/2019 3:00,11/6/2019 4:00,0.677,,,,,,,,,,,
11/6/2019 4:00,11/6/2019 5:00,0.488,,,,,,,,,,,
11/6/2019 5:00,11/6/2019 6:00,0.419,,,,,,,,,,,
11/6/2019 6:00,11/6/2019 7:00,0.546,,,,,,,,,,,
11/6/2019 7:00,11/6/2019 8:00,0.841,,,,,,,,,,,
11/6/2019 8:00,11/6/2019 9:00,1.23,,,,,,,,,,,
11/6/2019 9:00,11/6/2019 10:00,1.642,,,,,,,,,,,
11/6/2019 10:00,11/6/2019 11:00,2.023,,,,,,,,,,,
11/6/2019 11:00,11/6/2019 12:00,2.369,,,,,,,,,,,
11/6/2019 12:00,11/6/2019 13:00,2.814,,,,,,,,,,,
11/6/2019 13:00,11/6/2019 14:00,3.328,,,,,,,,,,,
11/6/2019 14:00,11/6/2019 15:00,3.79,,,,,,,,,,,
11/6/2019 15:00,11/6/2019 16:00,3.867,,,,,,,,,,,
11/6/2019 16:00,11/6/2019 17:00,4.006,,,,,,,,,,,
11/6/2019 17:00,11/6/2019 18:00,4.262,,,,,,,,,,,
11/6/2019 18:00,11/6/2019 19:00,4.397,,,,,,,,,,,
11/6/2019 19:00,11/6/2019 20:00,4.495,,,,,,,,,,,
11/6/2019 20:00,11/6/2019 21:00,4.769,,,,,,,,,,,
11/6/2019 21:00,11/6/2019 22:00,5.229,,,,,,,,,,,
11/6/2019 22:00,11/6/2019 23:00,5.39,,,,,,,,,,,
11/6/2019 23:00,11/7/2019 0:00,5.305,,,,,,,,,,,
11/7/2019 0:00,11/7/2019 1:00,5.203,,,,,,,,,,,
11/7/2019 1:00,11/7/2019 2:00,5.062,,,,,,,,,,,
11/7/2019 2:00,11/7/2019 3:00,4.978,,,,,,,,,,,
11/7/2019 3:00,11/7/2019 4:00,4.977,,,,,,,,,,,
11/7/2019 4:00,11/7/2019 5:00,4.771,,,,,,,,,,,
11/7/2019 5:00,11/7/2019 6:00,4.92,,,,,,,,,,,
11/7/2019 6:00,11/7/2019 7:00,5.061,,,,,,,,,,,
11/7/2019 7:00,11/7/2019 8:00,5.808,,,,,,,,,,,
11/7/2019 8:00,11/7/2019 9:00,6.241,,,,,,,,,,,
11/7/2019 9:00,11/7/2019 10:00,6.467,,,,,,,,,,,
11/7/2019 10:00,11/7/2019 11:00,5.762,,,,,,,,,,,
11/7/2019 11:00,11/7/2019 12:00,5.15,,,,,,,,,,,
11/7/2019 12:00,11/7/2019 13:00,4.943,,,,,,,,,,,
11/7/2019 13:00,11/7/2019 14:00,4.693,,,,,,,,,,,
11/7/2019 14:00,11/7/2019 15:00,4.555,,,,,,,,,,,
11/7/2019 15:00,11/7/2019 16:00,4.526,,,,,,,,,,,
11/7/2019 16:00,11/7/2019 17:00,4.637,,,,,,,,,,,
11/7/2019 17:00,11/7/2019 18:00,4.977,,,,,,,,,,,
11/7/2019 18:00,11/7/2019 19:00,5.196,,,,,,,,,,,
11/7/2019 19:00,11/7/2019 20:00,5.321,,,,,,,,,,,
11/7/2019 20:00,11/7/2019 21:00,5.295,,,,,,,,,,,
11/7/2019 21:00,11/7/2019 22:00,5.308,,,,,,,,,,,
11/7/2019 22:00,11/7/2019 23:00,5.242,,,,,,,,,,,
11/7/2019 23:00,11/8/2019 0:00,5.124,,,,,,,,,,,
11/8/2019 0:00,11/8/2019 1:00,5.066,,,,,,,,,,,
11/8/2019 1:00,11/8/2019 2:00,5.076,,,,,,,,,,,
11/8/2019 2:00,11/8/2019 3:00,5.135,,,,,,,,,,,
11/8/2019 3:00,11/8/2019 4:00,5.062,,,,,,,,,,,
11/8/2019 4:00,11/8/2019 5:00,5.041,,,,,,,,,,,
11/8/2019 5:00,11/8/2019 6:00,5.14,,,,,,,,,,,
11/8/2019 6:00,11/8/2019 7:00,5.267,,,,,,,,,,,
11/8/2019 7:00,11/8/2019 8:00,5.295,,,,,,,,,,,
11/8/2019 8:00,11/8/2019 9:00,5.14,,,,,,,,,,,
11/8/2019 9:00,11/8/2019 10:00,4.912,,,,,,,,,,,
11/8/2019 10:00,11/8/2019 11:00,4.521,,,,,,,,,,,
11/8/2019 11:00,11/8/2019 12:00,4.316,,,,,,,,,,,
11/8/2019 12:00,11/8/2019 13:00,3.886,,,,,,,,,,,
11/8/2019 13:00,11/8/2019 14:00,3.617,,,,,,,,,,,
11/8/2019 14:00,11/8/2019 15:00,3.433,,,,,,,,,,,
11/8/2019 15:00,11/8/2019 16:00,3.424,,,,,,,,,,,
11/8/2019 16:00,11/8/2019 17:00,3.505,,,,,,,,,,,
11/8/2019 17:00,11/8/2019 18:00,3.601,,,,,,,,,,,
11/8/2019 18:00,11/8/2019 19:00,3.657,,,,,,,,,,,
11/8/2019 19:00,11/8/2019 20:00,3.787,,,,,,,,,,,
11/8/2019 20:00,11/8/2019 21:00,3.912,,,,,,,,,,,
11/8/2019 21:00,11/8/2019 22:00,4.038,,,,,,,,,,,
11/8/2019 22:00,11/8/2019 23:00,4.195,,,,,,,,,,,
11/8/2019 23:00,11/9/2019 0:00,4.293,,,,,,,,,,,
11/9/2019 0:00,11/9/2019 1:00,4.405,,,,,,,,,,,
11/9/2019 1:00,11/9/2019 2:00,4.526,,,,,,,,,,,
11/9/2019 2:00,11/9/2019 3:00,4.745,,,,,,,,,,,
11/9/2019 3:00,11/9/2019 4:00,4.842,,,,,,,,,,,
11/9/2019 4:00,11/9/2019 5:00,4.894,,,,,,,,,,,
11/9/2019 5:00,11/9/2019 6:00,4.912,,,,,,,,,,,
11/9/2019 6:00,11/9/2019 7:00,4.932,,,,,,,,,,,
11/9/2019 7:00,11/9/2019 8:00,4.931,,,,,,,,,,,
11/9/2019 8:00,11/9/2019 9:00,4.8,,,,,,,,,,,
11/9/2019 9:00,11/9/2019 10:00,4.919,,,,,,,,,,,
11/9/2019 10:00,11/9/2019 11:00,4.898,,,,,,,,,,,
11/9/2019 11:00,11/9/2019 12:00,4.698,,,,,,,,,,,
11/9/2019 12:00,11/9/2019 13:00,4.552,,,,,,,,,,,
11/9/2019 13:00,11/9/2019 14:00,4.478,,,,,,,,,,,
11/9/2019 14:00,11/9/2019 15:00,4.44,,,,,,,,,,,
11/9/2019 15:00,11/9/2019 16:00,4.402,,,,,,,,,,,
11/9/2019 16:00,11/9/2019 17:00,4.345,,,,,,,,,,,
11/9/2019 17:00,11/9/2019 18:00,4.282,,,,,,,,,,,
11/9/2019 18:00,11/9/2019 19:00,4.195,,,,,,,,,,,
11/9/2019 19:00,11/9/2019 20:00,4.097,,,,,,,,,,,
11/9/2019 20:00,11/9/2019 21:00,4.034,,,,,,,,,,,
11/9/2019 21:00,11/9/2019 22:00,4.02,,,,,,,,,,,
11/9/2019 22:00,11/9/2019 23:00,3.938,,,,,,,,,,,
11/9/2019 23:00,11/10/2019 0:00,3.866,,,,,,,,,,,
11/10/2019 0:00,11/10/2019 1:00,3.63,,,,,,,,,,,
11/10/2019 1:00,11/10/2019 2:00,3.231,,,,,,,,,,,
11/10/2019 2:00,11/10/2019 3:00,2.864,,,,,,,,,,,
11/10/2019 3:00,11/10/2019 4:00,2.65,,,,,,,,,,,
11/10/2019 4:00,11/10/2019 5:00,2.463,,,,,,,,,,,
11/10/2019 5:00,11/10/2019 6:00,2.264,,,,,,,,,,,
11/10/2019 6:00,11/10/2019 7:00,2.121,,,,,,,,,,,
11/10/2019 7:00,11/10/2019 8:00,2.098,,,,,,,,,,,
11/10/2019 8:00,11/10/2019 9:00,2.187,,,,,,,,,,,
11/10/2019 9:00,11/10/2019 10:00,2.365,,,,,,,,,,,
11/10/2019 10:00,11/10/2019 11:00,2.535,,,,,,,,,,,
11/10/2019 11:00,11/10/2019 12:00,2.674,,,,,,,,,,,
11/10/2019 12:00,11/10/2019 13:00,2.736,,,,,,,,,,,
11/10/2019 13:00,11/10/2019 14:00,2.814,,,,,,,,,,,
11/10/2019 14:00,11/10/2019 15:00,2.922,,,,,,,,,,,
11/10/2019 15:00,11/10/2019 16:00,2.77,,,,,,,,,,,
11/10/2019 16:00,11/10/2019 17:00,2.537,,,,,,,,,,,
11/10/2019 17:00,11/10/2019 18:00,2.387,,,,,,,,,,,
11/10/2019 18:00,11/10/2019 19:00,2.296,,,,,,,,,,,
11/10/2019 19:00,11/10/2019 20:00,2.276,,,,,,,,,,,
11/10/2019 20:00,11/10/2019 21:00,2.295,,,,,,,,,,,
11/10/2019 21:00,11/10/2019 22:00,2.632,,,,,,,,,,,
11/10/2019 22:00,11/10/2019 23:00,3.102,,,,,,,,,,,
11/10/2019 23:00,11/11/2019 0:00,3.603,,,,,,,,,,,
11/11/2019 0:00,11/11/2019 1:00,4.029,,,,,,,,,,,
11/11/2019 1:00,11/11/2019 2:00,4.469,,,,,,,,,,,
11/11/2019 2:00,11/11/2019 3:00,4.977,,,,,,,,,,,
11/11/2019 3:00,11/11/2019 4:00,5.108,,,,,,,,,,,
11/11/2019 4:00,11/11/2019 5:00,5.268,,,,,,,,,,,
11/11/2019 5:00,11/11/2019 6:00,5.57,,,,,,,,,,,
11/11/2019 6:00,11/11/2019 7:00,6.071,,,,,,,,,,,
11/11/2019 7:00,11/11/2019 8:00,7.004,,,,,,,,,,,
11/11/2019 8:00,11/11/2019 9:00,8.118,,,,,,,,,,,
11/11/2019 9:00,11/11/2019 10:00,9.302,,,,,,,,,,,
11/11/2019 10:00,11/11/2019 11:00,9.751,,,,,,,,,,,
11/11/2019 11:00,11/11/2019 12:00,10.217,,,,,,,,,,,
11/11/2019 12:00,11/11/2019 13:00,10.021,,,,,,,,,,,
11/11/2019 13:00,11/11/2019 14:00,9.815,,,,,,,,,,,
11/11/2019 14:00,11/11/2019 15:00,9.82,,,,,,,,,,,
11/11/2019 15:00,11/11/2019 16:00,9.686,,,,,,,,,,,
11/11/2019 16:00,11/11/2019 17:00,9.444,,,,,,,,,,,
11/11/2019 17:00,11/11/2019 18:00,8.972,,,,,,,,,,,
11/11/2019 18:00,11/11/2019 19:00,8.367,,,,,,,,,,,
11/11/2019 19:00,11/11/2019 20:00,8.67,,,,,,,,,,,
11/11/2019 20:00,11/11/2019 21:00,8.952,,,,,,,,,,,
11/11/2019 21:00,11/11/2019 22:00,8.556,,,,,,,,,,,
11/11/2019 22:00,11/11/2019 23:00,8.718,,,,,,,,,,,
11/11/2019 23:00,11/12/2019 0:00,8.878,,,,,,,,,,,
11/12/2019 0:00,11/12/2019 1:00,8.417,,,,,,,,,,,
11/12/2019 1:00,11/12/2019 2:00,8.282,,,,,,,,,,,
11/12/2019 2:00,11/12/2019 3:00,9.023,,,,,,,,,,,
11/12/2019 3:00,11/12/2019 4:00,9.82,,,,,,,,,,,
11/12/2019 4:00,11/12/2019 5:00,10.471,,,,,,,,,,,
11/12/2019 5:00,11/12/2019 6:00,11.153,,,,,,,,,,,
11/12/2019 6:00,11/12/2019 7:00,11.7,,,,,,,,,,,
11/12/2019 7:00,11/12/2019 8:00,12.085,,,,,,,,,,,
11/12/2019 8:00,11/12/2019 9:00,12.226,,,,,,,,,,,
11/12/2019 9:00,11/12/2019 10:00,12.371,,,,,,,,,,,
11/12/2019 10:00,11/12/2019 11:00,12.263,,,,,,,,,,,
11/12/2019 11:00,11/12/2019 12:00,12.646,,,,,,,,,,,
11/12/2019 12:00,11/12/2019 13:00,12.722,,,,,,,,,,,
11/12/2019 13:00,11/12/2019 14:00,13.115,,,,,,,,,,,
11/12/2019 14:00,11/12/2019 15:00,13.29,,,,,,,,,,,
11/12/2019 15:00,11/12/2019 16:00,13.203,,,,,,,,,,,
11/12/2019 16:00,11/12/2019 17:00,13.985,,,,,,,,,,,
11/12/2019 17:00,11/12/2019 18:00,15.015,,,,,,,,,,,
11/12/2019 18:00,11/12/2019 19:00,15.903,,,,,,,,,,,
11/12/2019 19:00,11/12/2019 20:00,16.696,,,,,,,,,,,
11/12/2019 20:00,11/12/2019 21:00,17.127,,,,,,,,,,,
11/12/2019 21:00,11/12/2019 22:00,17.371,,,,,,,,,,,
11/12/2019 22:00,11/12/2019 23:00,17.779,,,,,,,,,,,
11/12/2019 23:00,11/13/2019 0:00,18.084,,,,,,,,,,,
11/13/2019 0:00,11/13/2019 1:00,18.39,,,,,,,,,,,
11/13/2019 1:00,11/13/2019 2:00,18.996,,,,,,,,,,,
11/13/2019 2:00,11/13/2019 3:00,19.276,,,,,,,,,,,
11/13/2019 3:00,11/13/2019 4:00,18.998,,,,,,,,,,,
11/13/2019 4:00,11/13/2019 5:00,19.036,,,,,,,,,,,
11/13/2019 5:00,11/13/2019 6:00,18.304,,,,,,,,,,,
11/13/2019 6:00,11/13/2019 7:00,17.338,,,,,,,,,,,
11/13/2019 7:00,11/13/2019 8:00,15.51,,,,,,,,,,,
11/13/2019 8:00,11/13/2019 9:00,13.818,,,,,,,,,,,
11/13/2019 9:00,11/13/2019 10:00,12.809,,,,,,,,,,,
11/13/2019 10:00,11/13/2019 11:00,12.591,,,,,,,,,,,
11/13/2019 11:00,11/13/2019 12:00,12.03,,,,,,,,,,,
11/13/2019 12:00,11/13/2019 13:00,10.389,,,,,,,,,,,
11/13/2019 13:00,11/13/2019 14:00,9.82,,,,,,,,,,,
11/13/2019 14:00,11/13/2019 15:00,9.07,,,,,,,,,,,
11/13/2019 15:00,11/13/2019 16:00,8.342,,,,,,,,,,,
11/13/2019 16:00,11/13/2019 17:00,8.273,,,,,,,,,,,
11/13/2019 17:00,11/13/2019 18:00,8.101,,,,,,,,,,,
11/13/2019 18:00,11/13/2019 19:00,7.897,,,,,,,,,,,
11/13/2019 19:00,11/13/2019 20:00,7.574,,,,,,,,,,,
11/13/2019 20:00,11/13/2019 21:00,7.077,,,,,,,,,,,
11/13/2019 21:00,11/13/2019 22:00,6.876,,,,,,,,,,,
11/13/2019 22:00,11/13/2019 23:00,6.554,,,,,,,,,,,
11/13/2019 23:00,11/14/2019 0:00,5.963,,,,,,,,,,,
11/14/2019 0:00,11/14/2019 1:00,5.67,,,,,,,,,,,
11/14/2019 1:00,11/14/2019 2:00,5.291,,,,,,,,,,,
11/14/2019 2:00,11/14/2019 3:00,5.022,,,,,,,,,,,
11/14/2019 3:00,11/14/2019 4:00,4.693,,,,,,,,,,,
11/14/2019 4:00,11/14/2019 5:00,4.268,,,,,,,,,,,
11/14/2019 5:00,11/14/2019 6:00,3.693,,,,,,,,,,,
11/14/2019 6:00,11/14/2019 7:00,3.18,,,,,,,,,,,
11/14/2019 7:00,11/14/2019 8:00,2.862,,,,,,,,,,,
11/14/2019 8:00,11/14/2019 9:00,2.561,,,,,,,,,,,
11/14/2019 9:00,11/14/2019 10:00,2.187,,,,,,,,,,,
11/14/2019 10:00,11/14/2019 11:00,1.918,,,,,,,,,,,
11/14/2019 11:00,11/14/2019 12:00,1.559,,,,,,,,,,,
11/14/2019 12:00,11/14/2019 13:00,1.267,,,,,,,,,,,
11/14/2019 13:00,11/14/2019 14:00,1.077,,,,,,,,,,,
11/14/2019 14:00,11/14/2019 15:00,0.879,,,,,,,,,,,
11/14/2019 15:00,11/14/2019 16:00,0.86,,,,,,,,,,,
11/14/2019 16:00,11/14/2019 17:00,0.884,,,,,,,,,,,
11/14/2019 17:00,11/14/2019 18:00,0.899,,,,,,,,,,,
11/14/2019 18:00,11/14/2019 19:00,0.832,,,,,,,,,,,
11/14/2019 19:00,11/14/2019 20:00,0.812,,,,,,,,,,,
11/14/2019 20:00,11/14/2019 21:00,0.917,,,,,,,,,,,
11/14/2019 21:00,11/14/2019 22:00,1.183,,,,,,,,,,,
11/14/2019 22:00,11/14/2019 23:00,1.559,,,,,,,,,,,
11/14/2019 23:00,11/15/2019 0:00,1.79,,,,,,,,,,,
11/15/2019 0:00,11/15/2019 1:00,2.444,,,,,,,,,,,
11/15/2019 1:00,11/15/2019 2:00,3.542,,,,,,,,,,,
11/15/2019 2:00,11/15/2019 3:00,4.147,,,,,,,,,,,
11/15/2019 3:00,11/15/2019 4:00,4.122,,,,,,,,,,,
11/15/2019 4:00,11/15/2019 5:00,3.911,,,,,,,,,,,
11/15/2019 5:00,11/15/2019 6:00,3.616,,,,,,,,,,,
11/15/2019 6:00,11/15/2019 7:00,3.181,,,,,,,,,,,
11/15/2019 7:00,11/15/2019 8:00,2.626,,,,,,,,,,,
11/15/2019 8:00,11/15/2019 9:00,2.595,,,,,,,,,,,
11/15/2019 9:00,11/15/2019 10:00,2.624,,,,,,,,,,,
11/15/2019 10:00,11/15/2019 11:00,2.847,,,,,,,,,,,
11/15/2019 11:00,11/15/2019 12:00,3.418,,,,,,,,,,,
11/15/2019 12:00,11/15/2019 13:00,4.171,,,,,,,,,,,
11/15/2019 13:00,11/15/2019 14:00,4.942,,,,,,,,,,,
11/15/2019 14:00,11/15/2019 15:00,5.258,,,,,,,,,,,
11/15/2019 15:00,11/15/2019 16:00,4.977,,,,,,,,,,,
11/15/2019 16:00,11/15/2019 17:00,4.525,,,,,,,,,,,
11/15/2019 17:00,11/15/2019 18:00,4.254,,,,,,,,,,,
11/15/2019 18:00,11/15/2019 19:00,3.779,,,,,,,,,,,
11/15/2019 19:00,11/15/2019 20:00,3.959,,,,,,,,,,,
11/15/2019 20:00,11/15/2019 21:00,4.26,,,,,,,,,,,
11/15/2019 21:00,11/15/2019 22:00,4.238,,,,,,,,,,,
11/15/2019 22:00,11/15/2019 23:00,4.103,,,,,,,,,,,
11/15/2019 23:00,11/16/2019 0:00,4.493,,,,,,,,,,,
11/16/2019 0:00,11/16/2019 1:00,4.675,,,,,,,,,,,
11/16/2019 1:00,11/16/2019 2:00,4.816,,,,,,,,,,,
11/16/2019 2:00,11/16/2019 3:00,5.215,,,,,,,,,,,
11/16/2019 3:00,11/16/2019 4:00,5.385,,,,,,,,,,,
11/16/2019 4:00,11/16/2019 5:00,5.477,,,,,,,,,,,
11/16/2019 5:00,11/16/2019 6:00,5.894,,,,,,,,,,,
11/16/2019 6:00,11/16/2019 7:00,5.688,,,,,,,,,,,
11/16/2019 7:00,11/16/2019 8:00,5.247,,,,,,,,,,,
11/16/2019 8:00,11/16/2019 9:00,4.746,,,,,,,,,,,
11/16/2019 9:00,11/16/2019 10:00,4.596,,,,,,,,,,,
11/16/2019 10:00,11/16/2019 11:00,4.507,,,,,,,,,,,
11/16/2019 11:00,11/16/2019 12:00,4.341,,,,,,,,,,,
11/16/2019 12:00,11/16/2019 13:00,4.279,,,,,,,,,,,
11/16/2019 13:00,11/16/2019 14:00,4.432,,,,,,,,,,,
11/16/2019 14:00,11/16/2019 15:00,4.962,,,,,,,,,,,
11/16/2019 15:00,11/16/2019 16:00,6.203,,,,,,,,,,,
11/16/2019 16:00,11/16/2019 17:00,8.242,,,,,,,,,,,
11/16/2019 17:00,11/16/2019 18:00,10.2,,,,,,,,,,,
11/16/2019 18:00,11/16/2019 19:00,11.73,,,,,,,,,,,
11/16/2019 19:00,11/16/2019 20:00,12.325,,,,,,,,,,,
11/16/2019 20:00,11/16/2019 21:00,11.921,,,,,,,,,,,
11/16/2019 21:00,11/16/2019 22:00,11.262,,,,,,,,,,,
11/16/2019 22:00,11/16/2019 23:00,10.946,,,,,,,,,,,
11/16/2019 23:00,11/17/2019 0:00,10.604,,,,,,,,,,,
11/17/2019 0:00,11/17/2019 1:00,10.346,,,,,,,,,,,
11/17/2019 1:00,11/17/2019 2:00,10.305,,,,,,,,,,,
11/17/2019 2:00,11/17/2019 3:00,9.546,,,,,,,,,,,
11/17/2019 3:00,11/17/2019 4:00,9.001,,,,,,,,,,,
11/17/2019 4:00,11/17/2019 5:00,9.095,,,,,,,,,,,
11/17/2019 5:00,11/17/2019 6:00,9.104,,,,,,,,,,,
11/17/2019 6:00,11/17/2019 7:00,9.382,,,,,,,,,,,
11/17/2019 7:00,11/17/2019 8:00,9.819,,,,,,,,,,,
11/17/2019 8:00,11/17/2019 9:00,11.699,,,,,,,,,,,
11/17/2019 9:00,11/17/2019 10:00,11.285,,,,,,,,,,,
11/17/2019 10:00,11/17/2019 11:00,10.583,,,,,,,,,,,
11/17/2019 11:00,11/17/2019 12:00,9.641,,,,,,,,,,,
11/17/2019 12:00,11/17/2019 13:00,9.381,,,,,,,,,,,
11/17/2019 13:00,11/17/2019 14:00,8.756,,,,,,,,,,,
11/17/2019 14:00,11/17/2019 15:00,8.329,,,,,,,,,,,
11/17/2019 15:00,11/17/2019 16:00,8.007,,,,,,,,,,,
11/17/2019 16:00,11/17/2019 17:00,7.322,,,,,,,,,,,
11/17/2019 17:00,11/17/2019 18:00,6.635,,,,,,,,,,,
11/17/2019 18:00,11/17/2019 19:00,5.88,,,,,,,,,,,
11/17/2019 19:00,11/17/2019 20:00,5.518,,,,,,,,,,,
11/17/2019 20:00,11/17/2019 21:00,5.465,,,,,,,,,,,
11/17/2019 21:00,11/17/2019 22:00,5.438,,,,,,,,,,,
11/17/2019 22:00,11/17/2019 23:00,5.413,,,,,,,,,,,
11/17/2019 23:00,11/18/2019 0:00,5.234,,,,,,,,,,,
11/18/2019 0:00,11/18/2019 1:00,4.968,,,,,,,,,,,
11/18/2019 1:00,11/18/2019 2:00,4.521,,,,,,,,,,,
11/18/2019 2:00,11/18/2019 3:00,4.282,,,,,,,,,,,
11/18/2019 3:00,11/18/2019 4:00,4.055,,,,,,,,,,,
11/18/2019 4:00,11/18/2019 5:00,3.819,,,,,,,,,,,
11/18/2019 5:00,11/18/2019 6:00,3.556,,,,,,,,,,,
11/18/2019 6:00,11/18/2019 7:00,3.436,,,,,,,,,,,
11/18/2019 7:00,11/18/2019 8:00,3.593,,,,,,,,,,,
11/18/2019 8:00,11/18/2019 9:00,3.871,,,,,,,,,,,
11/18/2019 9:00,11/18/2019 10:00,4.118,,,,,,,,,,,
11/18/2019 10:00,11/18/2019 11:00,4.278,,,,,,,,,,,
11/18/2019 11:00,11/18/2019 12:00,4.087,,,,,,,,,,,
11/18/2019 12:00,11/18/2019 13:00,3.856,,,,,,,,,,,
11/18/2019 13:00,11/18/2019 14:00,3.703,,,,,,,,,,,
11/18/2019 14:00,11/18/2019 15:00,3.624,,,,,,,,,,,
11/18/2019 15:00,11/18/2019 16:00,3.855,,,,,,,,,,,
11/18/2019 16:00,11/18/2019 17:00,4.517,,,,,,,,,,,
11/18/2019 17:00,11/18/2019 18:00,5.603,,,,,,,,,,,
11/18/2019 18:00,11/18/2019 19:00,6.852,,,,,,,,,,,
11/18/2019 19:00,11/18/2019 20:00,8.583,,,,,,,,,,,
11/18/2019 20:00,11/18/2019 21:00,9.852,,,,,,,,,,,
11/18/2019 21:00,11/18/2019 22:00,9.729,,,,,,,,,,,
11/18/2019 22:00,11/18/2019 23:00,9.382,,,,,,,,,,,
11/18/2019 23:00,11/19/2019 0:00,9.46,,,,,,,,,,,
11/19/2019 0:00,11/19/2019 1:00,9.303,,,,,,,,,,,
11/19/2019 1:00,11/19/2019 2:00,9.031,,,,,,,,,,,
11/19/2019 2:00,11/19/2019 3:00,8.93,,,,,,,,,,,
11/19/2019 3:00,11/19/2019 4:00,9.138,,,,,,,,,,,
11/19/2019 4:00,11/19/2019 5:00,9.82,,,,,,,,,,,
11/19/2019 5:00,11/19/2019 6:00,10.389,,,,,,,,,,,
11/19/2019 6:00,11/19/2019 7:00,10.969,,,,,,,,,,,
11/19/2019 7:00,11/19/2019 8:00,11.942,,,,,,,,,,,
11/19/2019 8:00,11/19/2019 9:00,12.597,,,,,,,,,,,
11/19/2019 9:00,11/19/2019 10:00,12.894,,,,,,,,,,,
11/19/2019 10:00,11/19/2019 11:00,13.251,,,,,,,,,,,
11/19/2019 11:00,11/19/2019 12:00,13.628,,,,,,,,,,,
11/19/2019 12:00,11/19/2019 13:00,13.759,,,,,,,,,,,
11/19/2019 13:00,11/19/2019 14:00,13.8,,,,,,,,,,,
11/19/2019 14:00,11/19/2019 15:00,14.394,,,,,,,,,,,
11/19/2019 15:00,11/19/2019 16:00,15.09,,,,,,,,,,,
11/19/2019 16:00,11/19/2019 17:00,15.669,,,,,,,,,,,
11/19/2019 17:00,11/19/2019 18:00,15.902,,,,,,,,,,,
11/19/2019 18:00,11/19/2019 19:00,15.525,,,,,,,,,,,
11/19/2019 19:00,11/19/2019 20:00,14.982,,,,,,,,,,,
11/19/2019 20:00,11/19/2019 21:00,14.561,,,,,,,,,,,
11/19/2019 21:00,11/19/2019 22:00,14.061,,,,,,,,,,,
11/19/2019 22:00,11/19/2019 23:00,14.125,,,,,,,,,,,
11/19/2019 23:00,11/20/2019 0:00,15.32,,,,,,,,,,,
11/20/2019 0:00,11/20/2019 1:00,14.793,,,,,,,,,,,
11/20/2019 1:00,11/20/2019 2:00,15.365,,,,,,,,,,,
11/20/2019 2:00,11/20/2019 3:00,14.798,,,,,,,,,,,
11/20/2019 3:00,11/20/2019 4:00,14.5,,,,,,,,,,,
11/20/2019 4:00,11/20/2019 5:00,13.687,,,,,,,,,,,
11/20/2019 5:00,11/20/2019 6:00,12.805,,,,,,,,,,,
11/20/2019 6:00,11/20/2019 7:00,11.815,,,,,,,,,,,
11/20/2019 7:00,11/20/2019 8:00,10.333,,,,,,,,,,,
11/20/2019 8:00,11/20/2019 9:00,9.042,,,,,,,,,,,
11/20/2019 9:00,11/20/2019 10:00,7.43,,,,,,,,,,,
11/20/2019 10:00,11/20/2019 11:00,6.057,,,,,,,,,,,
11/20/2019 11:00,11/20/2019 12:00,5.858,,,,,,,,,,,
11/20/2019 12:00,11/20/2019 13:00,5.517,,,,,,,,,,,
11/20/2019 13:00,11/20/2019 14:00,4.488,,,,,,,,,,,
11/20/2019 14:00,11/20/2019 15:00,4.954,,,,,,,,,,,
11/20/2019 15:00,11/20/2019 16:00,6.857,,,,,,,,,,,
11/20/2019 16:00,11/20/2019 17:00,9.603,,,,,,,,,,,
11/20/2019 17:00,11/20/2019 18:00,12.803,,,,,,,,,,,
11/20/2019 18:00,11/20/2019 19:00,14.793,,,,,,,,,,,
11/20/2019 19:00,11/20/2019 20:00,16.779,,,,,,,,,,,
11/20/2019 20:00,11/20/2019 21:00,16.587,,,,,,,,,,,
11/20/2019 21:00,11/20/2019 22:00,16.975,,,,,,,,,,,
11/20/2019 22:00,11/20/2019 23:00,17.31,,,,,,,,,,,
11/20/2019 23:00,11/21/2019 0:00,17.015,,,,,,,,,,,
11/21/2019 0:00,11/21/2019 1:00,16.486,,,,,,,,,,,
11/21/2019 1:00,11/21/2019 2:00,14.812,,,,,,,,,,,
11/21/2019 2:00,11/21/2019 3:00,14.372,,,,,,,,,,,
11/21/2019 3:00,11/21/2019 4:00,12.468,,,,,,,,,,,
11/21/2019 4:00,11/21/2019 5:00,10.843,,,,,,,,,,,
11/21/2019 5:00,11/21/2019 6:00,9.425,,,,,,,,,,,
11/21/2019 6:00,11/21/2019 7:00,8.007,,,,,,,,,,,
11/21/2019 7:00,11/21/2019 8:00,7.078,,,,,,,,,,,
11/21/2019 8:00,11/21/2019 9:00,6.402,,,,,,,,,,,
11/21/2019 9:00,11/21/2019 10:00,5.119,,,,,,,,,,,
11/21/2019 10:00,11/21/2019 11:00,3.934,,,,,,,,,,,
11/21/2019 11:00,11/21/2019 12:00,3.244,,,,,,,,,,,
11/21/2019 12:00,11/21/2019 13:00,2.575,,,,,,,,,,,
11/21/2019 13:00,11/21/2019 14:00,2.188,,,,,,,,,,,
11/21/2019 14:00,11/21/2019 15:00,2.133,,,,,,,,,,,
11/21/2019 15:00,11/21/2019 16:00,2.144,,,,,,,,,,,
11/21/2019 16:00,11/21/2019 17:00,2.04,,,,,,,,,,,
11/21/2019 17:00,11/21/2019 18:00,1.932,,,,,,,,,,,
11/21/2019 18:00,11/21/2019 19:00,2.054,,,,,,,,,,,
11/21/2019 19:00,11/21/2019 20:00,2.328,,,,,,,,,,,
11/21/2019 20:00,11/21/2019 21:00,2.773,,,,,,,,,,,
11/21/2019 21:00,11/21/2019 22:00,3.259,,,,,,,,,,,
11/21/2019 22:00,11/21/2019 23:00,3.719,,,,,,,,,,,
11/21/2019 23:00,11/22/2019 0:00,4.155,,,,,,,,,,,
11/22/2019 0:00,11/22/2019 1:00,4.479,,,,,,,,,,,
11/22/2019 1:00,11/22/2019 2:00,4.646,,,,,,,,,,,
11/22/2019 2:00,11/22/2019 3:00,4.712,,,,,,,,,,,
11/22/2019 3:00,11/22/2019 4:00,4.709,,,,,,,,,,,
11/22/2019 4:00,11/22/2019 5:00,4.666,,,,,,,,,,,
11/22/2019 5:00,11/22/2019 6:00,4.533,,,,,,,,,,,
11/22/2019 6:00,11/22/2019 7:00,4.412,,,,,,,,,,,
11/22/2019 7:00,11/22/2019 8:00,4.236,,,,,,,,,,,
11/22/2019 8:00,11/22/2019 9:00,4.1,,,,,,,,,,,
11/22/2019 9:00,11/22/2019 10:00,4.03,,,,,,,,,,,
11/22/2019 10:00,11/22/2019 11:00,3.907,,,,,,,,,,,
11/22/2019 11:00,11/22/2019 12:00,3.764,,,,,,,,,,,
11/22/2019 12:00,11/22/2019 13:00,3.683,,,,,,,,,,,
11/22/2019 13:00,11/22/2019 14:00,3.702,,,,,,,,,,,
11/22/2019 14:00,11/22/2019 15:00,3.713,,,,,,,,,,,
11/22/2019 15:00,11/22/2019 16:00,3.836,,,,,,,,,,,
11/22/2019 16:00,11/22/2019 17:00,3.888,,,,,,,,,,,
11/22/2019 17:00,11/22/2019 18:00,3.977,,,,,,,,,,,
11/22/2019 18:00,11/22/2019 19:00,4.178,,,,,,,,,,,
11/22/2019 19:00,11/22/2019 20:00,4.386,,,,,,,,,,,
11/22/2019 20:00,11/22/2019 21:00,4.637,,,,,,,,,,,
11/22/2019 21:00,11/22/2019 22:00,4.695,,,,,,,,,,,
11/22/2019 22:00,11/22/2019 23:00,4.78,,,,,,,,,,,
11/22/2019 23:00,11/23/2019 0:00,4.993,,,,,,,,,,,
11/23/2019 0:00,11/23/2019 1:00,5.121,,,,,,,,,,,
11/23/2019 1:00,11/23/2019 2:00,5.039,,,,,,,,,,,
11/23/2019 2:00,11/23/2019 3:00,4.965,,,,,,,,,,,
11/23/2019 3:00,11/23/2019 4:00,4.387,,,,,,,,,,,
11/23/2019 4:00,11/23/2019 5:00,4.069,,,,,,,,,,,
11/23/2019 5:00,11/23/2019 6:00,4.046,,,,,,,,,,,
11/23/2019 6:00,11/23/2019 7:00,4.222,,,,,,,,,,,
11/23/2019 7:00,11/23/2019 8:00,4.283,,,,,,,,,,,
11/23/2019 8:00,11/23/2019 9:00,4.064,,,,,,,,,,,
11/23/2019 9:00,11/23/2019 10:00,3.758,,,,,,,,,,,
11/23/2019 10:00,11/23/2019 11:00,3.528,,,,,,,,,,,
11/23/2019 11:00,11/23/2019 12:00,3.292,,,,,,,,,,,
11/23/2019 12:00,11/23/2019 13:00,2.749,,,,,,,,,,,
11/23/2019 13:00,11/23/2019 14:00,2.46,,,,,,,,,,,
11/23/2019 14:00,11/23/2019 15:00,2.305,,,,,,,,,,,
11/23/2019 15:00,11/23/2019 16:00,2.236,,,,,,,,,,,
11/23/2019 16:00,11/23/2019 17:00,2.188,,,,,,,,,,,
11/23/2019 17:00,11/23/2019 18:00,2.097,,,,,,,,,,,
11/23/2019 18:00,11/23/2019 19:00,1.923,,,,,,,,,,,
11/23/2019 19:00,11/23/2019 20:00,1.725,,,,,,,,,,,
11/23/2019 20:00,11/23/2019 21:00,1.48,,,,,,,,,,,
11/23/2019 21:00,11/23/2019 22:00,1.369,,,,,,,,,,,
11/23/2019 22:00,11/23/2019 23:00,1.343,,,,,,,,,,,
11/23/2019 23:00,11/24/2019 0:00,1.327,,,,,,,,,,,
11/24/2019 0:00,11/24/2019 1:00,1.329,,,,,,,,,,,
11/24/2019 1:00,11/24/2019 2:00,1.33,,,,,,,,,,,
11/24/2019 2:00,11/24/2019 3:00,1.337,,,,,,,,,,,
11/24/2019 3:00,11/24/2019 4:00,1.326,,,,,,,,,,,
11/24/2019 4:00,11/24/2019 5:00,1.282,,,,,,,,,,,
11/24/2019 5:00,11/24/2019 6:00,1.234,,,,,,,,,,,
11/24/2019 6:00,11/24/2019 7:00,1.223,,,,,,,,,,,
11/24/2019 7:00,11/24/2019 8:00,1.239,,,,,,,,,,,
11/24/2019 8:00,11/24/2019 9:00,1.295,,,,,,,,,,,
11/24/2019 9:00,11/24/2019 10:00,1.386,,,,,,,,,,,
11/24/2019 10:00,11/24/2019 11:00,1.591,,,,,,,,,,,
11/24/2019 11:00,11/24/2019 12:00,1.83,,,,,,,,,,,
11/24/2019 12:00,11/24/2019 13:00,2.198,,,,,,,,,,,
11/24/2019 13:00,11/24/2019 14:00,2.606,,,,,,,,,,,
11/24/2019 14:00,11/24/2019 15:00,2.967,,,,,,,,,,,
11/24/2019 15:00,11/24/2019 16:00,3.382,,,,,,,,,,,
11/24/2019 16:00,11/24/2019 17:00,3.854,,,,,,,,,,,
11/24/2019 17:00,11/24/2019 18:00,4.172,,,,,,,,,,,
11/24/2019 18:00,11/24/2019 19:00,4.615,,,,,,,,,,,
11/24/2019 19:00,11/24/2019 20:00,5.081,,,,,,,,,,,
11/24/2019 20:00,11/24/2019 21:00,5.503,,,,,,,,,,,
11/24/2019 21:00,11/24/2019 22:00,5.846,,,,,,,,,,,
11/24/2019 22:00,11/24/2019 23:00,5.8,,,,,,,,,,,
11/24/2019 23:00,11/25/2019 0:00,7.323,,,,,,,,,,,
11/25/2019 0:00,11/25/2019 1:00,5.947,,,,,,,,,,,
11/25/2019 1:00,11/25/2019 2:00,5.344,,,,,,,,,,,
11/25/2019 2:00,11/25/2019 3:00,5.246,,,,,,,,,,,
11/25/2019 3:00,11/25/2019 4:00,5.367,,,,,,,,,,,
11/25/2019 4:00,11/25/2019 5:00,5.578,,,,,,,,,,,
11/25/2019 5:00,11/25/2019 6:00,4.922,,,,,,,,,,,
11/25/2019 6:00,11/25/2019 7:00,3.856,,,,,,,,,,,
11/25/2019 7:00,11/25/2019 8:00,3.097,,,,,,,,,,,
11/25/2019 8:00,11/25/2019 9:00,2.636,,,,,,,,,,,
11/25/2019 9:00,11/25/2019 10:00,2.336,,,,,,,,,,,
11/25/2019 10:00,11/25/2019 11:00,2.341,,,,,,,,,,,
11/25/2019 11:00,11/25/2019 12:00,2.451,,,,,,,,,,,
11/25/2019 12:00,11/25/2019 13:00,2.453,,,,,,,,,,,
11/25/2019 13:00,11/25/2019 14:00,2.394,,,,,,,,,,,
11/25/2019 14:00,11/25/2019 15:00,2.359,,,,,,,,,,,
11/25/2019 15:00,11/25/2019 16:00,2.276,,,,,,,,,,,
11/25/2019 16:00,11/25/2019 17:00,2.158,,,,,,,,,,,
11/25/2019 17:00,11/25/2019 18:00,2.16,,,,,,,,,,,
11/25/2019 18:00,11/25/2019 19:00,2.329,,,,,,,,,,,
11/25/2019 19:00,11/25/2019 20:00,2.645,,,,,,,,,,,
11/25/2019 20:00,11/25/2019 21:00,3.149,,,,,,,,,,,
11/25/2019 21:00,11/25/2019 22:00,3.485,,,,,,,,,,,
11/25/2019 22:00,11/25/2019 23:00,3.943,,,,,,,,,,,
11/25/2019 23:00,11/26/2019 0:00,4.161,,,,,,,,,,,
11/26/2019 0:00,11/26/2019 1:00,4.473,,,,,,,,,,,
11/26/2019 1:00,11/26/2019 2:00,4.611,,,,,,,,,,,
11/26/2019 2:00,11/26/2019 3:00,4.66,,,,,,,,,,,
11/26/2019 3:00,11/26/2019 4:00,4.593,,,,,,,,,,,
11/26/2019 4:00,11/26/2019 5:00,4.686,,,,,,,,,,,
11/26/2019 5:00,11/26/2019 6:00,5.007,,,,,,,,,,,
11/26/2019 6:00,11/26/2019 7:00,5.287,,,,,,,,,,,
11/26/2019 7:00,11/26/2019 8:00,4.977,,,,,,,,,,,
11/26/2019 8:00,11/26/2019 9:00,4.767,,,,,,,,,,,
11/26/2019 9:00,11/26/2019 10:00,4.638,,,,,,,,,,,
11/26/2019 10:00,11/26/2019 11:00,4.73,,,,,,,,,,,
11/26/2019 11:00,11/26/2019 12:00,5.143,,,,,,,,,,,
11/26/2019 12:00,11/26/2019 13:00,5.469,,,,,,,,,,,
11/26/2019 13:00,11/26/2019 14:00,5.646,,,,,,,,,,,
11/26/2019 14:00,11/26/2019 15:00,5.528,,,,,,,,,,,
11/26/2019 15:00,11/26/2019 16:00,5.222,,,,,,,,,,,
11/26/2019 16:00,11/26/2019 17:00,4.959,,,,,,,,,,,
11/26/2019 17:00,11/26/2019 18:00,4.56,,,,,,,,,,,
11/26/2019 18:00,11/26/2019 19:00,4.232,,,,,,,,,,,
11/26/2019 19:00,11/26/2019 20:00,3.939,,,,,,,,,,,
11/26/2019 20:00,11/26/2019 21:00,3.79,,,,,,,,,,,
11/26/2019 21:00,11/26/2019 22:00,3.419,,,,,,,,,,,
11/26/2019 22:00,11/26/2019 23:00,3.093,,,,,,,,,,,
11/26/2019 23:00,11/27/2019 0:00,2.818,,,,,,,,,,,
11/27/2019 0:00,11/27/2019 1:00,2.434,,,,,,,,,,,
11/27/2019 1:00,11/27/2019 2:00,2.169,,,,,,,,,,,
11/27/2019 2:00,11/27/2019 3:00,1.883,,,,,,,,,,,
11/27/2019 3:00,11/27/2019 4:00,1.719,,,,,,,,,,,
11/27/2019 4:00,11/27/2019 5:00,1.473,,,,,,,,,,,
11/27/2019 5:00,11/27/2019 6:00,1.358,,,,,,,,,,,
11/27/2019 6:00,11/27/2019 7:00,1.403,,,,,,,,,,,
11/27/2019 7:00,11/27/2019 8:00,1.556,,,,,,,,,,,
11/27/2019 8:00,11/27/2019 9:00,1.76,,,,,,,,,,,
11/27/2019 9:00,11/27/2019 10:00,1.989,,,,,,,,,,,
11/27/2019 10:00,11/27/2019 11:00,2.326,,,,,,,,,,,
11/27/2019 11:00,11/27/2019 12:00,2.788,,,,,,,,,,,
11/27/2019 12:00,11/27/2019 13:00,3.354,,,,,,,,,,,
11/27/2019 13:00,11/27/2019 14:00,3.869,,,,,,,,,,,
11/27/2019 14:00,11/27/2019 15:00,4.134,,,,,,,,,,,
11/27/2019 15:00,11/27/2019 16:00,3.962,,,,,,,,,,,
11/27/2019 16:00,11/27/2019 17:00,3.776,,,,,,,,,,,
11/27/2019 17:00,11/27/2019 18:00,3.768,,,,,,,,,,,
11/27/2019 18:00,11/27/2019 19:00,3.871,,,,,,,,,,,
11/27/2019 19:00,11/27/2019 20:00,3.982,,,,,,,,,,,
11/27/2019 20:00,11/27/2019 21:00,4.217,,,,,,,,,,,
11/27/2019 21:00,11/27/2019 22:00,4.393,,,,,,,,,,,
11/27/2019 22:00,11/27/2019 23:00,4.821,,,,,,,,,,,
11/27/2019 23:00,11/28/2019 0:00,5.359,,,,,,,,,,,
11/28/2019 0:00,11/28/2019 1:00,5.705,,,,,,,,,,,
11/28/2019 1:00,11/28/2019 2:00,5.9,,,,,,,,,,,
11/28/2019 2:00,11/28/2019 3:00,5.981,,,,,,,,,,,
11/28/2019 3:00,11/28/2019 4:00,5.99,,,,,,,,,,,
11/28/2019 4:00,11/28/2019 5:00,6.357,,,,,,,,,,,
11/28/2019 5:00,11/28/2019 6:00,6.858,,,,,,,,,,,
11/28/2019 6:00,11/28/2019 7:00,6.778,,,,,,,,,,,
11/28/2019 7:00,11/28/2019 8:00,6.563,,,,,,,,,,,
11/28/2019 8:00,11/28/2019 9:00,6.172,,,,,,,,,,,
11/28/2019 9:00,11/28/2019 10:00,6.468,,,,,,,,,,,
11/28/2019 10:00,11/28/2019 11:00,6.941,,,,,,,,,,,
11/28/2019 11:00,11/28/2019 12:00,6.796,,,,,,,,,,,
11/28/2019 12:00,11/28/2019 13:00,6.308,,,,,,,,,,,
11/28/2019 13:00,11/28/2019 14:00,5.913,,,,,,,,,,,
11/28/2019 14:00,11/28/2019 15:00,5.289,,,,,,,,,,,
11/28/2019 15:00,11/28/2019 16:00,4.525,,,,,,,,,,,
11/28/2019 16:00,11/28/2019 17:00,3.83,,,,,,,,,,,
11/28/2019 17:00,11/28/2019 18:00,3.204,,,,,,,,,,,
11/28/2019 18:00,11/28/2019 19:00,2.689,,,,,,,,,,,
11/28/2019 19:00,11/28/2019 20:00,2.251,,,,,,,,,,,
11/28/2019 20:00,11/28/2019 21:00,1.848,,,,,,,,,,,
11/28/2019 21:00,11/28/2019 22:00,1.469,,,,,,,,,,,
11/28/2019 22:00,11/28/2019 23:00,1.292,,,,,,,,,,,
11/28/2019 23:00,11/29/2019 0:00,1.17,,,,,,,,,,,
11/29/2019 0:00,11/29/2019 1:00,0.945,,,,,,,,,,,
11/29/2019 1:00,11/29/2019 2:00,0.731,,,,,,,,,,,
11/29/2019 2:00,11/29/2019 3:00,0.499,,,,,,,,,,,
11/29/2019 3:00,11/29/2019 4:00,0.337,,,,,,,,,,,
11/29/2019 4:00,11/29/2019 5:00,0.561,,,,,,,,,,,
11/29/2019 5:00,11/29/2019 6:00,1.057,,,,,,,,,,,
11/29/2019 6:00,11/29/2019 7:00,1.417,,,,,,,,,,,
11/29/2019 7:00,11/29/2019 8:00,1.452,,,,,,,,,,,
11/29/2019 8:00,11/29/2019 9:00,1.897,,,,,,,,,,,
11/29/2019 9:00,11/29/2019 10:00,2.553,,,,,,,,,,,
11/29/2019 10:00,11/29/2019 11:00,3.224,,,,,,,,,,,
11/29/2019 11:00,11/29/2019 12:00,3.76,,,,,,,,,,,
11/29/2019 12:00,11/29/2019 13:00,4.124,,,,,,,,,,,
11/29/2019 13:00,11/29/2019 14:00,4.073,,,,,,,,,,,
11/29/2019 14:00,11/29/2019 15:00,4.346,,,,,,,,,,,
11/29/2019 15:00,11/29/2019 16:00,5.391,,,,,,,,,,,
11/29/2019 16:00,11/29/2019 17:00,7.502,,,,,,,,,,,
11/29/2019 17:00,11/29/2019 18:00,11.432,,,,,,,,,,,
11/29/2019 18:00,11/29/2019 19:00,16.264,,,,,,,,,,,
11/29/2019 19:00,11/29/2019 20:00,18.491,,,,,,,,,,,
11/29/2019 20:00,11/29/2019 21:00,17.853,,,,,,,,,,,
11/29/2019 21:00,11/29/2019 22:00,15.819,,,,,,,,,,,
11/29/2019 22:00,11/29/2019 23:00,15.171,,,,,,,,,,,
11/29/2019 23:00,11/30/2019 0:00,14.824,,,,,,,,,,,
11/30/2019 0:00,11/30/2019 1:00,14.704,,,,,,,,,,,
11/30/2019 1:00,11/30/2019 2:00,14.394,,,,,,,,,,,
11/30/2019 2:00,11/30/2019 3:00,12.998,,,,,,,,,,,
11/30/2019 3:00,11/30/2019 4:00,12.115,,,,,,,,,,,
11/30/2019 4:00,11/30/2019 5:00,11.736,,,,,,,,,,,
11/30/2019 5:00,11/30/2019 6:00,13.46,,,,,,,,,,,
11/30/2019 6:00,11/30/2019 7:00,16.343,,,,,,,,,,,
11/30/2019 7:00,11/30/2019 8:00,18.475,,,,,,,,,,,
11/30/2019 8:00,11/30/2019 9:00,18.983,,,,,,,,,,,
11/30/2019 9:00,11/30/2019 10:00,17.178,,,,,,,,,,,
11/30/2019 10:00,11/30/2019 11:00,16.828,,,,,,,,,,,
11/30/2019 11:00,11/30/2019 12:00,16.123,,,,,,,,,,,
11/30/2019 12:00,11/30/2019 13:00,15.902,,,,,,,,,,,
11/30/2019 13:00,11/30/2019 14:00,17.314,,,,,,,,,,,
11/30/2019 14:00,11/30/2019 15:00,20.196,,,,,,,,,,,
11/30/2019 15:00,11/30/2019 16:00,21.304,,,,,,,,,,,
11/30/2019 16:00,11/30/2019 17:00,20.66,,,,,,,,,,,
11/30/2019 17:00,11/30/2019 18:00,21.567,,,,,,,,,,,
11/30/2019 18:00,11/30/2019 19:00,24.86,,,,,,,,,,,
11/30/2019 19:00,11/30/2019 20:00,27.401,,,,,,,,,,,
11/30/2019 20:00,11/30/2019 21:00,28.837,,,,,,,,,,,
11/30/2019 21:00,11/30/2019 22:00,28.842,,,,,,,,,,,
11/30/2019 22:00,11/30/2019 23:00,28.702,,,,,,,,,,,
11/30/2019 23:00,12/1/2019 0:00,28.54,,,,,,,,,,,
12/1/2019 0:00,12/1/2019 1:00,28.089,,,,,,,,,,,
12/1/2019 1:00,12/1/2019 2:00,27.464,,,,,,,,,,,
12/1/2019 2:00,12/1/2019 3:00,26.756,,,,,,,,,,,
12/1/2019 3:00,12/1/2019 4:00,26.922,,,,,,,,,,,
12/1/2019 4:00,12/1/2019 5:00,27.172,,,,,,,,,,,
12/1/2019 5:00,12/1/2019 6:00,27.779,,,,,,,,,,,
12/1/2019 6:00,12/1/2019 7:00,28.171,,,,,,,,,,,
12/1/2019 7:00,12/1/2019 8:00,28.398,,,,,,,,,,,
12/1/2019 8:00,12/1/2019 9:00,28.553,,,,,,,,,,,
12/1/2019 9:00,12/1/2019 10:00,28.383,,,,,,,,,,,
12/1/2019 10:00,12/1/2019 11:00,27.834,,,,,,,,,,,
12/1/2019 11:00,12/1/2019 12:00,27.515,,,,,,,,,,,
12/1/2019 12:00,12/1/2019 13:00,27.214,,,,,,,,,,,
12/1/2019 13:00,12/1/2019 14:00,26.815,,,,,,,,,,,
12/1/2019 14:00,12/1/2019 15:00,26.681,,,,,,,,,,,
12/1/2019 15:00,12/1/2019 16:00,26.686,,,,,,,,,,,
12/1/2019 16:00,12/1/2019 17:00,26.684,,,,,,,,,,,
12/1/2019 17:00,12/1/2019 18:00,26.167,,,,,,,,,,,
12/1/2019 18:00,12/1/2019 19:00,25.024,,,,,,,,,,,
12/1/2019 19:00,12/1/2019 20:00,24.521,,,,,,,,,,,
12/1/2019 20:00,12/1/2019 21:00,23.801,,,,,,,,,,,
12/1/2019 21:00,12/1/2019 22:00,23.528,,,,,,,,,,,
12/1/2019 22:00,12/1/2019 23:00,23.253,,,,,,,,,,,
12/1/2019 23:00,12/2/2019 0:00,22.443,,,,,,,,,,,
12/2/2019 0:00,12/2/2019 1:00,21.286,,,,,,,,,,,
12/2/2019 1:00,12/2/2019 2:00,19.36,,,,,,,,,,,
12/2/2019 2:00,12/2/2019 3:00,17.159,,,,,,,,,,,
12/2/2019 3:00,12/2/2019 4:00,16.157,,,,,,,,,,,
12/2/2019 4:00,12/2/2019 5:00,17.02,,,,,,,,,,,
12/2/2019 5:00,12/2/2019 6:00,18.69,,,,,,,,,,,
12/2/2019 6:00,12/2/2019 7:00,20.986,,,,,,,,,,,
12/2/2019 7:00,12/2/2019 8:00,21.286,,,,,,,,,,,
12/2/2019 8:00,12/2/2019 9:00,21.037,,,,,,,,,,,
12/2/2019 9:00,12/2/2019 10:00,20.494,,,,,,,,,,,
12/2/2019 10:00,12/2/2019 11:00,19.565,,,,,,,,,,,
12/2/2019 11:00,12/2/2019 12:00,19.731,,,,,,,,,,,
12/2/2019 12:00,12/2/2019 13:00,20.032,,,,,,,,,,,
12/2/2019 13:00,12/2/2019 14:00,20.09,,,,,,,,,,,
12/2/2019 14:00,12/2/2019 15:00,19.706,,,,,,,,,,,
12/2/2019 15:00,12/2/2019 16:00,18.793,,,,,,,,,,,
12/2/2019 16:00,12/2/2019 17:00,16.56,,,,,,,,,,,
12/2/2019 17:00,12/2/2019 18:00,15.211,,,,,,,,,,,
12/2/2019 18:00,12/2/2019 19:00,14.396,,,,,,,,,,,
12/2/2019 19:00,12/2/2019 20:00,12.723,,,,,,,,,,,
12/2/2019 20:00,12/2/2019 21:00,11.387,,,,,,,,,,,
12/2/2019 21:00,12/2/2019 22:00,10.188,,,,,,,,,,,
12/2/2019 22:00,12/2/2019 23:00,8.76,,,,,,,,,,,
12/2/2019 23:00,12/3/2019 0:00,6.917,,,,,,,,,,,
12/3/2019 0:00,12/3/2019 1:00,5.337,,,,,,,,,,,
12/3/2019 1:00,12/3/2019 2:00,4.65,,,,,,,,,,,
12/3/2019 2:00,12/3/2019 3:00,3.962,,,,,,,,,,,
12/3/2019 3:00,12/3/2019 4:00,3.708,,,,,,,,,,,
12/3/2019 4:00,12/3/2019 5:00,3.946,,,,,,,,,,,
12/3/2019 5:00,12/3/2019 6:00,4.252,,,,,,,,,,,
12/3/2019 6:00,12/3/2019 7:00,4.98,,,,,,,,,,,
12/3/2019 7:00,12/3/2019 8:00,5.815,,,,,,,,,,,
12/3/2019 8:00,12/3/2019 9:00,6.474,,,,,,,,,,,
12/3/2019 9:00,12/3/2019 10:00,7.32,,,,,,,,,,,
12/3/2019 10:00,12/3/2019 11:00,9.304,,,,,,,,,,,
12/3/2019 11:00,12/3/2019 12:00,8.418,,,,,,,,,,,
12/3/2019 12:00,12/3/2019 13:00,8.261,,,,,,,,,,,
12/3/2019 13:00,12/3/2019 14:00,7.491,,,,,,,,,,,
12/3/2019 14:00,12/3/2019 15:00,6.26,,,,,,,,,,,
12/3/2019 15:00,12/3/2019 16:00,5.235,,,,,,,,,,,
12/3/2019 16:00,12/3/2019 17:00,5.889,,,,,,,,,,,
12/3/2019 17:00,12/3/2019 18:00,6.814,,,,,,,,,,,
12/3/2019 18:00,12/3/2019 19:00,9.556,,,,,,,,,,,
12/3/2019 19:00,12/3/2019 20:00,14.9,,,,,,,,,,,
12/3/2019 20:00,12/3/2019 21:00,16.794,,,,,,,,,,,
12/3/2019 21:00,12/3/2019 22:00,18.687,,,,,,,,,,,
12/3/2019 22:00,12/3/2019 23:00,19.628,,,,,,,,,,,
12/3/2019 23:00,12/4/2019 0:00,16.829,,,,,,,,,,,
12/4/2019 0:00,12/4/2019 1:00,16.52,,,,,,,,,,,
12/4/2019 1:00,12/4/2019 2:00,13.312,,,,,,,,,,,
12/4/2019 2:00,12/4/2019 3:00,13.245,,,,,,,,,,,
12/4/2019 3:00,12/4/2019 4:00,15.225,,,,,,,,,,,
12/4/2019 4:00,12/4/2019 5:00,16.654,,,,,,,,,,,
12/4/2019 5:00,12/4/2019 6:00,17.683,,,,,,,,,,,
12/4/2019 6:00,12/4/2019 7:00,19.174,,,,,,,,,,,
12/4/2019 7:00,12/4/2019 8:00,21.644,,,,,,,,,,,
12/4/2019 8:00,12/4/2019 9:00,22.108,,,,,,,,,,,
12/4/2019 9:00,12/4/2019 10:00,21.548,,,,,,,,,,,
12/4/2019 10:00,12/4/2019 11:00,21.181,,,,,,,,,,,
12/4/2019 11:00,12/4/2019 12:00,20.66,,,,,,,,,,,
12/4/2019 12:00,12/4/2019 13:00,20.188,,,,,,,,,,,
12/4/2019 13:00,12/4/2019 14:00,20.034,,,,,,,,,,,
12/4/2019 14:00,12/4/2019 15:00,24.082,,,,,,,,,,,
12/4/2019 15:00,12/4/2019 16:00,26.832,,,,,,,,,,,
12/4/2019 16:00,12/4/2019 17:00,26.367,,,,,,,,,,,
12/4/2019 17:00,12/4/2019 18:00,25.398,,,,,,,,,,,
12/4/2019 18:00,12/4/2019 19:00,23.722,,,,,,,,,,,
12/4/2019 19:00,12/4/2019 20:00,19.731,,,,,,,,,,,
12/4/2019 20:00,12/4/2019 21:00,12.959,,,,,,,,,,,
12/4/2019 21:00,12/4/2019 22:00,8.726,,,,,,,,,,,
12/4/2019 22:00,12/4/2019 23:00,5.625,,,,,,,,,,,
12/4/2019 23:00,12/5/2019 0:00,6.172,,,,,,,,,,,
12/5/2019 0:00,12/5/2019 1:00,11.115,,,,,,,,,,,
12/5/2019 1:00,12/5/2019 2:00,19.033,,,,,,,,,,,
12/5/2019 2:00,12/5/2019 3:00,19.927,,,,,,,,,,,
12/5/2019 3:00,12/5/2019 4:00,18.542,,,,,,,,,,,
12/5/2019 4:00,12/5/2019 5:00,17.34,,,,,,,,,,,
12/5/2019 5:00,12/5/2019 6:00,19.65,,,,,,,,,,,
12/5/2019 6:00,12/5/2019 7:00,20.974,,,,,,,,,,,
12/5/2019 7:00,12/5/2019 8:00,18.39,,,,,,,,,,,
12/5/2019 8:00,12/5/2019 9:00,15.325,,,,,,,,,,,
12/5/2019 9:00,12/5/2019 10:00,14.014,,,,,,,,,,,
12/5/2019 10:00,12/5/2019 11:00,12.029,,,,,,,,,,,
12/5/2019 11:00,12/5/2019 12:00,8.76,,,,,,,,,,,
12/5/2019 12:00,12/5/2019 13:00,5.881,,,,,,,,,,,
12/5/2019 13:00,12/5/2019 14:00,4.707,,,,,,,,,,,
12/5/2019 14:00,12/5/2019 15:00,4.11,,,,,,,,,,,
12/5/2019 15:00,12/5/2019 16:00,5.722,,,,,,,,,,,
12/5/2019 16:00,12/5/2019 17:00,7.603,,,,,,,,,,,
12/5/2019 17:00,12/5/2019 18:00,10.052,,,,,,,,,,,
12/5/2019 18:00,12/5/2019 19:00,9.356,,,,,,,,,,,
12/5/2019 19:00,12/5/2019 20:00,7.323,,,,,,,,,,,
12/5/2019 20:00,12/5/2019 21:00,6.297,,,,,,,,,,,
12/5/2019 21:00,12/5/2019 22:00,5.878,,,,,,,,,,,
12/5/2019 22:00,12/5/2019 23:00,6.354,,,,,,,,,,,
12/5/2019 23:00,12/6/2019 0:00,5.529,,,,,,,,,,,
12/6/2019 0:00,12/6/2019 1:00,4.539,,,,,,,,,,,
12/6/2019 1:00,12/6/2019 2:00,3.052,,,,,,,,,,,
12/6/2019 2:00,12/6/2019 3:00,2.206,,,,,,,,,,,
12/6/2019 3:00,12/6/2019 4:00,1.248,,,,,,,,,,,
12/6/2019 4:00,12/6/2019 5:00,1.138,,,,,,,,,,,
12/6/2019 5:00,12/6/2019 6:00,2.088,,,,,,,,,,,
12/6/2019 6:00,12/6/2019 7:00,3.424,,,,,,,,,,,
12/6/2019 7:00,12/6/2019 8:00,4.981,,,,,,,,,,,
12/6/2019 8:00,12/6/2019 9:00,6.728,,,,,,,,,,,
12/6/2019 9:00,12/6/2019 10:00,8.107,,,,,,,,,,,
12/6/2019 10:00,12/6/2019 11:00,9.246,,,,,,,,,,,
12/6/2019 11:00,12/6/2019 12:00,9.74,,,,,,,,,,,
12/6/2019 12:00,12/6/2019 13:00,9.764,,,,,,,,,,,
12/6/2019 13:00,12/6/2019 14:00,9.819,,,,,,,,,,,
12/6/2019 14:00,12/6/2019 15:00,9.46,,,,,,,,,,,
12/6/2019 15:00,12/6/2019 16:00,9.32,,,,,,,,,,,
12/6/2019 16:00,12/6/2019 17:00,10.002,,,,,,,,,,,
12/6/2019 17:00,12/6/2019 18:00,11.347,,,,,,,,,,,
12/6/2019 18:00,12/6/2019 19:00,11.401,,,,,,,,,,,
12/6/2019 19:00,12/6/2019 20:00,11.207,,,,,,,,,,,
12/6/2019 20:00,12/6/2019 21:00,10.671,,,,,,,,,,,
12/6/2019 21:00,12/6/2019 22:00,10.573,,,,,,,,,,,
12/6/2019 22:00,12/6/2019 23:00,10.083,,,,,,,,,,,
12/6/2019 23:00,12/7/2019 0:00,9.125,,,,,,,,,,,
12/7/2019 0:00,12/7/2019 1:00,8.282,,,,,,,,,,,
12/7/2019 1:00,12/7/2019 2:00,7.676,,,,,,,,,,,
12/7/2019 2:00,12/7/2019 3:00,7.414,,,,,,,,,,,
12/7/2019 3:00,12/7/2019 4:00,7.181,,,,,,,,,,,
12/7/2019 4:00,12/7/2019 5:00,6.218,,,,,,,,,,,
12/7/2019 5:00,12/7/2019 6:00,5.278,,,,,,,,,,,
12/7/2019 6:00,12/7/2019 7:00,4.153,,,,,,,,,,,
12/7/2019 7:00,12/7/2019 8:00,3.077,,,,,,,,,,,
12/7/2019 8:00,12/7/2019 9:00,2.188,,,,,,,,,,,
12/7/2019 9:00,12/7/2019 10:00,1.396,,,,,,,,,,,
12/7/2019 10:00,12/7/2019 11:00,0.783,,,,,,,,,,,
12/7/2019 11:00,12/7/2019 12:00,0.387,,,,,,,,,,,
12/7/2019 12:00,12/7/2019 13:00,0.448,,,,,,,,,,,
12/7/2019 13:00,12/7/2019 14:00,1.055,,,,,,,,,,,
12/7/2019 14:00,12/7/2019 15:00,1.928,,,,,,,,,,,
12/7/2019 15:00,12/7/2019 16:00,3.288,,,,,,,,,,,
12/7/2019 16:00,12/7/2019 17:00,3.881,,,,,,,,,,,
12/7/2019 17:00,12/7/2019 18:00,4.24,,,,,,,,,,,
12/7/2019 18:00,12/7/2019 19:00,4.521,,,,,,,,,,,
12/7/2019 19:00,12/7/2019 20:00,4.783,,,,,,,,,,,
12/7/2019 20:00,12/7/2019 21:00,5.054,,,,,,,,,,,
12/7/2019 21:00,12/7/2019 22:00,4.981,,,,,,,,,,,
12/7/2019 22:00,12/7/2019 23:00,4.754,,,,,,,,,,,
12/7/2019 23:00,12/8/2019 0:00,4.298,,,,,,,,,,,
12/8/2019 0:00,12/8/2019 1:00,4.282,,,,,,,,,,,
12/8/2019 1:00,12/8/2019 2:00,4.356,,,,,,,,,,,
12/8/2019 2:00,12/8/2019 3:00,4.369,,,,,,,,,,,
12/8/2019 3:00,12/8/2019 4:00,4.122,,,,,,,,,,,
12/8/2019 4:00,12/8/2019 5:00,3.205,,,,,,,,,,,
12/8/2019 5:00,12/8/2019 6:00,2.326,,,,,,,,,,,
12/8/2019 6:00,12/8/2019 7:00,1.882,,,,,,,,,,,
12/8/2019 7:00,12/8/2019 8:00,1.788,,,,,,,,,,,
12/8/2019 8:00,12/8/2019 9:00,2.265,,,,,,,,,,,
12/8/2019 9:00,12/8/2019 10:00,2.761,,,,,,,,,,,
12/8/2019 10:00,12/8/2019 11:00,3.188,,,,,,,,,,,
12/8/2019 11:00,12/8/2019 12:00,3.79,,,,,,,,,,,
12/8/2019 12:00,12/8/2019 13:00,3.691,,,,,,,,,,,
12/8/2019 13:00,12/8/2019 14:00,3.689,,,,,,,,,,,
12/8/2019 14:00,12/8/2019 15:00,3.921,,,,,,,,,,,
12/8/2019 15:00,12/8/2019 16:00,3.96,,,,,,,,,,,
12/8/2019 16:00,12/8/2019 17:00,3.791,,,,,,,,,,,
12/8/2019 17:00,12/8/2019 18:00,3.282,,,,,,,,,,,
12/8/2019 18:00,12/8/2019 19:00,3.07,,,,,,,,,,,
12/8/2019 19:00,12/8/2019 20:00,2.988,,,,,,,,,,,
12/8/2019 20:00,12/8/2019 21:00,2.905,,,,,,,,,,,
12/8/2019 21:00,12/8/2019 22:00,2.975,,,,,,,,,,,
12/8/2019 22:00,12/8/2019 23:00,2.885,,,,,,,,,,,
12/8/2019 23:00,12/9/2019 0:00,2.687,,,,,,,,,,,
12/9/2019 0:00,12/9/2019 1:00,2.501,,,,,,,,,,,
12/9/2019 1:00,12/9/2019 2:00,2.283,,,,,,,,,,,
12/9/2019 2:00,12/9/2019 3:00,1.979,,,,,,,,,,,
12/9/2019 3:00,12/9/2019 4:00,1.366,,,,,,,,,,,
12/9/2019 4:00,12/9/2019 5:00,0.969,,,,,,,,,,,
12/9/2019 5:00,12/9/2019 6:00,0.681,,,,,,,,,,,
12/9/2019 6:00,12/9/2019 7:00,0.594,,,,,,,,,,,
12/9/2019 7:00,12/9/2019 8:00,0.85,,,,,,,,,,,
12/9/2019 8:00,12/9/2019 9:00,1.306,,,,,,,,,,,
12/9/2019 9:00,12/9/2019 10:00,1.389,,,,,,,,,,,
12/9/2019 10:00,12/9/2019 11:00,1.454,,,,,,,,,,,
12/9/2019 11:00,12/9/2019 12:00,1.502,,,,,,,,,,,
12/9/2019 12:00,12/9/2019 13:00,1.346,,,,,,,,,,,
12/9/2019 13:00,12/9/2019 14:00,1.224,,,,,,,,,,,
12/9/2019 14:00,12/9/2019 15:00,1.334,,,,,,,,,,,
12/9/2019 15:00,12/9/2019 16:00,1.75,,,,,,,,,,,
12/9/2019 16:00,12/9/2019 17:00,2.334,,,,,,,,,,,
12/9/2019 17:00,12/9/2019 18:00,3.059,,,,,,,,,,,
12/9/2019 18:00,12/9/2019 19:00,3.884,,,,,,,,,,,
12/9/2019 19:00,12/9/2019 20:00,5.652,,,,,,,,,,,
12/9/2019 20:00,12/9/2019 21:00,8.082,,,,,,,,,,,
12/9/2019 21:00,12/9/2019 22:00,8.074,,,,,,,,,,,
12/9/2019 22:00,12/9/2019 23:00,7.5,,,,,,,,,,,
12/9/2019 23:00,12/10/2019 0:00,6.811,,,,,,,,,,,
12/10/2019 0:00,12/10/2019 1:00,6.34,,,,,,,,,,,
12/10/2019 1:00,12/10/2019 2:00,5.934,,,,,,,,,,,
12/10/2019 2:00,12/10/2019 3:00,5.727,,,,,,,,,,,
12/10/2019 3:00,12/10/2019 4:00,5.685,,,,,,,,,,,
12/10/2019 4:00,12/10/2019 5:00,5.629,,,,,,,,,,,
12/10/2019 5:00,12/10/2019 6:00,5.134,,,,,,,,,,,
12/10/2019 6:00,12/10/2019 7:00,4.721,,,,,,,,,,,
12/10/2019 7:00,12/10/2019 8:00,4.441,,,,,,,,,,,
12/10/2019 8:00,12/10/2019 9:00,4.193,,,,,,,,,,,
12/10/2019 9:00,12/10/2019 10:00,4.134,,,,,,,,,,,
12/10/2019 10:00,12/10/2019 11:00,4.337,,,,,,,,,,,
12/10/2019 11:00,12/10/2019 12:00,4.084,,,,,,,,,,,
12/10/2019 12:00,12/10/2019 13:00,3.81,,,,,,,,,,,
12/10/2019 13:00,12/10/2019 14:00,3.534,,,,,,,,,,,
12/10/2019 14:00,12/10/2019 15:00,2.956,,,,,,,,,,,
12/10/2019 15:00,12/10/2019 16:00,2.707,,,,,,,,,,,
12/10/2019 16:00,12/10/2019 17:00,3.492,,,,,,,,,,,
12/10/2019 17:00,12/10/2019 18:00,5.378,,,,,,,,,,,
12/10/2019 18:00,12/10/2019 19:00,7.545,,,,,,,,,,,
12/10/2019 19:00,12/10/2019 20:00,10.269,,,,,,,,,,,
12/10/2019 20:00,12/10/2019 21:00,13.975,,,,,,,,,,,
12/10/2019 21:00,12/10/2019 22:00,16.327,,,,,,,,,,,
12/10/2019 22:00,12/10/2019 23:00,17.915,,,,,,,,,,,
12/10/2019 23:00,12/11/2019 0:00,19.848,,,,,,,,,,,
12/11/2019 0:00,12/11/2019 1:00,22.225,,,,,,,,,,,
12/11/2019 1:00,12/11/2019 2:00,23.729,,,,,,,,,,,
12/11/2019 2:00,12/11/2019 3:00,24.198,,,,,,,,,,,
12/11/2019 3:00,12/11/2019 4:00,28.652,,,,,,,,,,,
12/11/2019 4:00,12/11/2019 5:00,29.955,,,,,,,,,,,
12/11/2019 5:00,12/11/2019 6:00,29.602,,,,,,,,,,,
12/11/2019 6:00,12/11/2019 7:00,28.983,,,,,,,,,,,
12/11/2019 7:00,12/11/2019 8:00,27.779,,,,,,,,,,,
12/11/2019 8:00,12/11/2019 9:00,25.768,,,,,,,,,,,
12/11/2019 9:00,12/11/2019 10:00,24.029,,,,,,,,,,,
12/11/2019 10:00,12/11/2019 11:00,22.148,,,,,,,,,,,
12/11/2019 11:00,12/11/2019 12:00,18.668,,,,,,,,,,,
12/11/2019 12:00,12/11/2019 13:00,13.402,,,,,,,,,,,
12/11/2019 13:00,12/11/2019 14:00,14.161,,,,,,,,,,,
12/11/2019 14:00,12/11/2019 15:00,13.875,,,,,,,,,,,
12/11/2019 15:00,12/11/2019 16:00,17.701,,,,,,,,,,,
12/11/2019 16:00,12/11/2019 17:00,19.4,,,,,,,,,,,
12/11/2019 17:00,12/11/2019 18:00,21.345,,,,,,,,,,,
12/11/2019 18:00,12/11/2019 19:00,20.381,,,,,,,,,,,
12/11/2019 19:00,12/11/2019 20:00,19.36,,,,,,,,,,,
12/11/2019 20:00,12/11/2019 21:00,19.189,,,,,,,,,,,
12/11/2019 21:00,12/11/2019 22:00,18.218,,,,,,,,,,,
12/11/2019 22:00,12/11/2019 23:00,15.719,,,,,,,,,,,
12/11/2019 23:00,12/12/2019 0:00,13.329,,,,,,,,,,,
12/12/2019 0:00,12/12/2019 1:00,13.65,,,,,,,,,,,
12/12/2019 1:00,12/12/2019 2:00,14.959,,,,,,,,,,,
12/12/2019 2:00,12/12/2019 3:00,15.259,,,,,,,,,,,
12/12/2019 3:00,12/12/2019 4:00,14.044,,,,,,,,,,,
12/12/2019 4:00,12/12/2019 5:00,14.061,,,,,,,,,,,
12/12/2019 5:00,12/12/2019 6:00,14.867,,,,,,,,,,,
12/12/2019 6:00,12/12/2019 7:00,15.592,,,,,,,,,,,
12/12/2019 7:00,12/12/2019 8:00,16.963,,,,,,,,,,,
12/12/2019 8:00,12/12/2019 9:00,18.299,,,,,,,,,,,
12/12/2019 9:00,12/12/2019 10:00,18.772,,,,,,,,,,,
12/12/2019 10:00,12/12/2019 11:00,18.793,,,,,,,,,,,
12/12/2019 11:00,12/12/2019 12:00,18.304,,,,,,,,,,,
12/12/2019 12:00,12/12/2019 13:00,18.553,,,,,,,,,,,
12/12/2019 13:00,12/12/2019 14:00,17.937,,,,,,,,,,,
12/12/2019 14:00,12/12/2019 15:00,17.223,,,,,,,,,,,
12/12/2019 15:00,12/12/2019 16:00,17.838,,,,,,,,,,,
12/12/2019 16:00,12/12/2019 17:00,17.012,,,,,,,,,,,
12/12/2019 17:00,12/12/2019 18:00,16.535,,,,,,,,,,,
12/12/2019 18:00,12/12/2019 19:00,15.813,,,,,,,,,,,
12/12/2019 19:00,12/12/2019 20:00,14.738,,,,,,,,,,,
12/12/2019 20:00,12/12/2019 21:00,13.868,,,,,,,,,,,
12/12/2019 21:00,12/12/2019 22:00,13.168,,,,,,,,,,,
12/12/2019 22:00,12/12/2019 23:00,12.591,,,,,,,,,,,
12/12/2019 23:00,12/13/2019 0:00,11.939,,,,,,,,,,,
12/13/2019 0:00,12/13/2019 1:00,12.328,,,,,,,,,,,
12/13/2019 1:00,12/13/2019 2:00,12.591,,,,,,,,,,,
12/13/2019 2:00,12/13/2019 3:00,12.721,,,,,,,,,,,
12/13/2019 3:00,12/13/2019 4:00,12.196,,,,,,,,,,,
12/13/2019 4:00,12/13/2019 5:00,11.445,,,,,,,,,,,
12/13/2019 5:00,12/13/2019 6:00,11.132,,,,,,,,,,,
12/13/2019 6:00,12/13/2019 7:00,10.777,,,,,,,,,,,
12/13/2019 7:00,12/13/2019 8:00,10.172,,,,,,,,,,,
12/13/2019 8:00,12/13/2019 9:00,9.528,,,,,,,,,,,
12/13/2019 9:00,12/13/2019 10:00,8.784,,,,,,,,,,,
12/13/2019 10:00,12/13/2019 11:00,7.96,,,,,,,,,,,
12/13/2019 11:00,12/13/2019 12:00,7.752,,,,,,,,,,,
12/13/2019 12:00,12/13/2019 13:00,7.66,,,,,,,,,,,
12/13/2019 13:00,12/13/2019 14:00,7.897,,,,,,,,,,,
12/13/2019 14:00,12/13/2019 15:00,8.08,,,,,,,,,,,
12/13/2019 15:00,12/13/2019 16:00,8.105,,,,,,,,,,,
12/13/2019 16:00,12/13/2019 17:00,8.559,,,,,,,,,,,
12/13/2019 17:00,12/13/2019 18:00,9.124,,,,,,,,,,,
12/13/2019 18:00,12/13/2019 19:00,9.7,,,,,,,,,,,
12/13/2019 19:00,12/13/2019 20:00,10.554,,,,,,,,,,,
12/13/2019 20:00,12/13/2019 21:00,11.202,,,,,,,,,,,
12/13/2019 21:00,12/13/2019 22:00,11.641,,,,,,,,,,,
12/13/2019 22:00,12/13/2019 23:00,11.641,,,,,,,,,,,
12/13/2019 23:00,12/14/2019 0:00,11.554,,,,,,,,,,,
12/14/2019 0:00,12/14/2019 1:00,11.157,,,,,,,,,,,
12/14/2019 1:00,12/14/2019 2:00,10.619,,,,,,,,,,,
12/14/2019 2:00,12/14/2019 3:00,10.146,,,,,,,,,,,
12/14/2019 3:00,12/14/2019 4:00,9.819,,,,,,,,,,,
12/14/2019 4:00,12/14/2019 5:00,9.966,,,,,,,,,,,
12/14/2019 5:00,12/14/2019 6:00,10.895,,,,,,,,,,,
12/14/2019 6:00,12/14/2019 7:00,11.874,,,,,,,,,,,
12/14/2019 7:00,12/14/2019 8:00,12.592,,,,,,,,,,,
12/14/2019 8:00,12/14/2019 9:00,13.201,,,,,,,,,,,
12/14/2019 9:00,12/14/2019 10:00,13.873,,,,,,,,,,,
12/14/2019 10:00,12/14/2019 11:00,14.217,,,,,,,,,,,
12/14/2019 11:00,12/14/2019 12:00,14.264,,,,,,,,,,,
12/14/2019 12:00,12/14/2019 13:00,14.118,,,,,,,,,,,
12/14/2019 13:00,12/14/2019 14:00,13.906,,,,,,,,,,,
12/14/2019 14:00,12/14/2019 15:00,13.582,,,,,,,,,,,
12/14/2019 15:00,12/14/2019 16:00,13.202,,,,,,,,,,,
12/14/2019 16:00,12/14/2019 17:00,12.95,,,,,,,,,,,
12/14/2019 17:00,12/14/2019 18:00,12.234,,,,,,,,,,,
12/14/2019 18:00,12/14/2019 19:00,11.666,,,,,,,,,,,
12/14/2019 19:00,12/14/2019 20:00,10.645,,,,,,,,,,,
12/14/2019 20:00,12/14/2019 21:00,10.07,,,,,,,,,,,
12/14/2019 21:00,12/14/2019 22:00,9.46,,,,,,,,,,,
12/14/2019 22:00,12/14/2019 23:00,9.073,,,,,,,,,,,
12/14/2019 23:00,12/15/2019 0:00,8.681,,,,,,,,,,,
12/15/2019 0:00,12/15/2019 1:00,8.265,,,,,,,,,,,
12/15/2019 1:00,12/15/2019 2:00,8.349,,,,,,,,,,,
12/15/2019 2:00,12/15/2019 3:00,8.493,,,,,,,,,,,
12/15/2019 3:00,12/15/2019 4:00,8.497,,,,,,,,,,,
12/15/2019 4:00,12/15/2019 5:00,8.342,,,,,,,,,,,
12/15/2019 5:00,12/15/2019 6:00,8.418,,,,,,,,,,,
12/15/2019 6:00,12/15/2019 7:00,8.736,,,,,,,,,,,
12/15/2019 7:00,12/15/2019 8:00,9.235,,,,,,,,,,,
12/15/2019 8:00,12/15/2019 9:00,9.669,,,,,,,,,,,
12/15/2019 9:00,12/15/2019 10:00,9.808,,,,,,,,,,,
12/15/2019 10:00,12/15/2019 11:00,9.381,,,,,,,,,,,
12/15/2019 11:00,12/15/2019 12:00,8.836,,,,,,,,,,,
12/15/2019 12:00,12/15/2019 13:00,8.519,,,,,,,,,,,
12/15/2019 13:00,12/15/2019 14:00,8.107,,,,,,,,,,,
12/15/2019 14:00,12/15/2019 15:00,8.007,,,,,,,,,,,
12/15/2019 15:00,12/15/2019 16:00,7.824,,,,,,,,,,,
12/15/2019 16:00,12/15/2019 17:00,7.429,,,,,,,,,,,
12/15/2019 17:00,12/15/2019 18:00,6.976,,,,,,,,,,,
12/15/2019 18:00,12/15/2019 19:00,6.604,,,,,,,,,,,
12/15/2019 19:00,12/15/2019 20:00,6.086,,,,,,,,,,,
12/15/2019 20:00,12/15/2019 21:00,5.831,,,,,,,,,,,
12/15/2019 21:00,12/15/2019 22:00,5.52,,,,,,,,,,,
12/15/2019 22:00,12/15/2019 23:00,5.309,,,,,,,,,,,
12/15/2019 23:00,12/16/2019 0:00,5.242,,,,,,,,,,,
12/16/2019 0:00,12/16/2019 1:00,5.084,,,,,,,,,,,
12/16/2019 1:00,12/16/2019 2:00,5.004,,,,,,,,,,,
12/16/2019 2:00,12/16/2019 3:00,5.19,,,,,,,,,,,
12/16/2019 3:00,12/16/2019 4:00,5.118,,,,,,,,,,,
12/16/2019 4:00,12/16/2019 5:00,5.166,,,,,,,,,,,
12/16/2019 5:00,12/16/2019 6:00,4.88,,,,,,,,,,,
12/16/2019 6:00,12/16/2019 7:00,4.411,,,,,,,,,,,
12/16/2019 7:00,12/16/2019 8:00,3.908,,,,,,,,,,,
12/16/2019 8:00,12/16/2019 9:00,3.615,,,,,,,,,,,
12/16/2019 9:00,12/16/2019 10:00,3.36,,,,,,,,,,,
12/16/2019 10:00,12/16/2019 11:00,3.053,,,,,,,,,,,
12/16/2019 11:00,12/16/2019 12:00,2.992,,,,,,,,,,,
12/16/2019 12:00,12/16/2019 13:00,2.782,,,,,,,,,,,
12/16/2019 13:00,12/16/2019 14:00,2.499,,,,,,,,,,,
12/16/2019 14:00,12/16/2019 15:00,2.233,,,,,,,,,,,
12/16/2019 15:00,12/16/2019 16:00,2.161,,,,,,,,,,,
12/16/2019 16:00,12/16/2019 17:00,1.74,,,,,,,,,,,
12/16/2019 17:00,12/16/2019 18:00,1.734,,,,,,,,,,,
12/16/2019 18:00,12/16/2019 19:00,1.844,,,,,,,,,,,
12/16/2019 19:00,12/16/2019 20:00,1.861,,,,,,,,,,,
12/16/2019 20:00,12/16/2019 21:00,1.861,,,,,,,,,,,
12/16/2019 21:00,12/16/2019 22:00,1.893,,,,,,,,,,,
12/16/2019 22:00,12/16/2019 23:00,1.976,,,,,,,,,,,
12/16/2019 23:00,12/17/2019 0:00,2.156,,,,,,,,,,,
12/17/2019 0:00,12/17/2019 1:00,2.295,,,,,,,,,,,
12/17/2019 1:00,12/17/2019 2:00,2.506,,,,,,,,,,,
12/17/2019 2:00,12/17/2019 3:00,2.741,,,,,,,,,,,
12/17/2019 3:00,12/17/2019 4:00,2.828,,,,,,,,,,,
12/17/2019 4:00,12/17/2019 5:00,2.776,,,,,,,,,,,
12/17/2019 5:00,12/17/2019 6:00,2.707,,,,,,,,,,,
12/17/2019 6:00,12/17/2019 7:00,2.774,,,,,,,,,,,
12/17/2019 7:00,12/17/2019 8:00,2.812,,,,,,,,,,,
12/17/2019 8:00,12/17/2019 9:00,2.848,,,,,,,,,,,
12/17/2019 9:00,12/17/2019 10:00,3.036,,,,,,,,,,,
12/17/2019 10:00,12/17/2019 11:00,3.325,,,,,,,,,,,
12/17/2019 11:00,12/17/2019 12:00,3.559,,,,,,,,,,,
12/17/2019 12:00,12/17/2019 13:00,4.412,,,,,,,,,,,
12/17/2019 13:00,12/17/2019 14:00,5.138,,,,,,,,,,,
12/17/2019 14:00,12/17/2019 15:00,4.745,,,,,,,,,,,
12/17/2019 15:00,12/17/2019 16:00,4.504,,,,,,,,,,,
12/17/2019 16:00,12/17/2019 17:00,4.977,,,,,,,,,,,
12/17/2019 17:00,12/17/2019 18:00,5.342,,,,,,,,,,,
12/17/2019 18:00,12/17/2019 19:00,5.552,,,,,,,,,,,
12/17/2019 19:00,12/17/2019 20:00,5.589,,,,,,,,,,,
12/17/2019 20:00,12/17/2019 21:00,5.391,,,,,,,,,,,
12/17/2019 21:00,12/17/2019 22:00,5.367,,,,,,,,,,,
12/17/2019 22:00,12/17/2019 23:00,5.422,,,,,,,,,,,
12/17/2019 23:00,12/18/2019 0:00,5.391,,,,,,,,,,,
12/18/2019 0:00,12/18/2019 1:00,5.231,,,,,,,,,,,
12/18/2019 1:00,12/18/2019 2:00,5.074,,,,,,,,,,,
12/18/2019 2:00,12/18/2019 3:00,4.949,,,,,,,,,,,
12/18/2019 3:00,12/18/2019 4:00,4.856,,,,,,,,,,,
12/18/2019 4:00,12/18/2019 5:00,4.662,,,,,,,,,,,
12/18/2019 5:00,12/18/2019 6:00,4.423,,,,,,,,,,,
12/18/2019 6:00,12/18/2019 7:00,4.299,,,,,,,,,,,
12/18/2019 7:00,12/18/2019 8:00,4.281,,,,,,,,,,,
12/18/2019 8:00,12/18/2019 9:00,4.057,,,,,,,,,,,
12/18/2019 9:00,12/18/2019 10:00,3.536,,,,,,,,,,,
12/18/2019 10:00,12/18/2019 11:00,3.311,,,,,,,,,,,
12/18/2019 11:00,12/18/2019 12:00,2.996,,,,,,,,,,,
12/18/2019 12:00,12/18/2019 13:00,2.822,,,,,,,,,,,
12/18/2019 13:00,12/18/2019 14:00,2.754,,,,,,,,,,,
12/18/2019 14:00,12/18/2019 15:00,2.495,,,,,,,,,,,
12/18/2019 15:00,12/18/2019 16:00,2.041,,,,,,,,,,,
12/18/2019 16:00,12/18/2019 17:00,1.926,,,,,,,,,,,
12/18/2019 17:00,12/18/2019 18:00,1.967,,,,,,,,,,,
12/18/2019 18:00,12/18/2019 19:00,2.588,,,,,,,,,,,
12/18/2019 19:00,12/18/2019 20:00,3.191,,,,,,,,,,,
12/18/2019 20:00,12/18/2019 21:00,4.118,,,,,,,,,,,
12/18/2019 21:00,12/18/2019 22:00,4.157,,,,,,,,,,,
12/18/2019 22:00,12/18/2019 23:00,4.867,,,,,,,,,,,
12/18/2019 23:00,12/19/2019 0:00,5.118,,,,,,,,,,,
12/19/2019 0:00,12/19/2019 1:00,4.967,,,,,,,,,,,
12/19/2019 1:00,12/19/2019 2:00,4.513,,,,,,,,,,,
12/19/2019 2:00,12/19/2019 3:00,3.931,,,,,,,,,,,
12/19/2019 3:00,12/19/2019 4:00,3.233,,,,,,,,,,,
12/19/2019 4:00,12/19/2019 5:00,2.523,,,,,,,,,,,
12/19/2019 5:00,12/19/2019 6:00,1.897,,,,,,,,,,,
12/19/2019 6:00,12/19/2019 7:00,1.453,,,,,,,,,,,
12/19/2019 7:00,12/19/2019 8:00,1.133,,,,,,,,,,,
12/19/2019 8:00,12/19/2019 9:00,0.819,,,,,,,,,,,
12/19/2019 9:00,12/19/2019 10:00,0.584,,,,,,,,,,,
12/19/2019 10:00,12/19/2019 11:00,0.398,,,,,,,,,,,
12/19/2019 11:00,12/19/2019 12:00,0.286,,,,,,,,,,,
12/19/2019 12:00,12/19/2019 13:00,0.205,,,,,,,,,,,
12/19/2019 13:00,12/19/2019 14:00,0.139,,,,,,,,,,,
12/19/2019 14:00,12/19/2019 15:00,0.112,,,,,,,,,,,
12/19/2019 15:00,12/19/2019 16:00,0.151,,,,,,,,,,,
12/19/2019 16:00,12/19/2019 17:00,0.253,,,,,,,,,,,
12/19/2019 17:00,12/19/2019 18:00,0.426,,,,,,,,,,,
12/19/2019 18:00,12/19/2019 19:00,0.576,,,,,,,,,,,
12/19/2019 19:00,12/19/2019 20:00,0.65,,,,,,,,,,,
12/19/2019 20:00,12/19/2019 21:00,0.661,,,,,,,,,,,
12/19/2019 21:00,12/19/2019 22:00,0.599,,,,,,,,,,,
12/19/2019 22:00,12/19/2019 23:00,0.442,,,,,,,,,,,
12/19/2019 23:00,12/20/2019 0:00,0.294,,,,,,,,,,,
12/20/2019 0:00,12/20/2019 1:00,0.204,,,,,,,,,,,
12/20/2019 1:00,12/20/2019 2:00,0.162,,,,,,,,,,,
12/20/2019 2:00,12/20/2019 3:00,0.164,,,,,,,,,,,
12/20/2019 3:00,12/20/2019 4:00,0.171,,,,,,,,,,,
12/20/2019 4:00,12/20/2019 5:00,0.183,,,,,,,,,,,
12/20/2019 5:00,12/20/2019 6:00,0.193,,,,,,,,,,,
12/20/2019 6:00,12/20/2019 7:00,0.215,,,,,,,,,,,
12/20/2019 7:00,12/20/2019 8:00,0.268,,,,,,,,,,,
12/20/2019 8:00,12/20/2019 9:00,0.244,,,,,,,,,,,
12/20/2019 9:00,12/20/2019 10:00,0.157,,,,,,,,,,,
12/20/2019 10:00,12/20/2019 11:00,0.287,,,,,,,,,,,
12/20/2019 11:00,12/20/2019 12:00,0.591,,,,,,,,,,,
12/20/2019 12:00,12/20/2019 13:00,0.889,,,,,,,,,,,
12/20/2019 13:00,12/20/2019 14:00,1.249,,,,,,,,,,,
12/20/2019 14:00,12/20/2019 15:00,1.841,,,,,,,,,,,
12/20/2019 15:00,12/20/2019 16:00,2.528,,,,,,,,,,,
12/20/2019 16:00,12/20/2019 17:00,3.253,,,,,,,,,,,
12/20/2019 17:00,12/20/2019 18:00,3.608,,,,,,,,,,,
12/20/2019 18:00,12/20/2019 19:00,3.763,,,,,,,,,,,
12/20/2019 19:00,12/20/2019 20:00,4.195,,,,,,,,,,,
12/20/2019 20:00,12/20/2019 21:00,4.582,,,,,,,,,,,
12/20/2019 21:00,12/20/2019 22:00,5.434,,,,,,,,,,,
12/20/2019 22:00,12/20/2019 23:00,6.324,,,,,,,,,,,
12/20/2019 23:00,12/21/2019 0:00,6.987,,,,,,,,,,,
12/21/2019 0:00,12/21/2019 1:00,7.089,,,,,,,,,,,
12/21/2019 1:00,12/21/2019 2:00,7.212,,,,,,,,,,,
12/21/2019 2:00,12/21/2019 3:00,7.361,,,,,,,,,,,
12/21/2019 3:00,12/21/2019 4:00,7.101,,,,,,,,,,,
12/21/2019 4:00,12/21/2019 5:00,7.15,,,,,,,,,,,
12/21/2019 5:00,12/21/2019 6:00,7.653,,,,,,,,,,,
12/21/2019 6:00,12/21/2019 7:00,8.418,,,,,,,,,,,
12/21/2019 7:00,12/21/2019 8:00,9.052,,,,,,,,,,,
12/21/2019 8:00,12/21/2019 9:00,9.438,,,,,,,,,,,
12/21/2019 9:00,12/21/2019 10:00,9.358,,,,,,,,,,,
12/21/2019 10:00,12/21/2019 11:00,9.822,,,,,,,,,,,
12/21/2019 11:00,12/21/2019 12:00,10.558,,,,,,,,,,,
12/21/2019 12:00,12/21/2019 13:00,11.143,,,,,,,,,,,
12/21/2019 13:00,12/21/2019 14:00,11.431,,,,,,,,,,,
12/21/2019 14:00,12/21/2019 15:00,11.316,,,,,,,,,,,
12/21/2019 15:00,12/21/2019 16:00,11.36,,,,,,,,,,,
12/21/2019 16:00,12/21/2019 17:00,11.64,,,,,,,,,,,
12/21/2019 17:00,12/21/2019 18:00,12.232,,,,,,,,,,,
12/21/2019 18:00,12/21/2019 19:00,12.591,,,,,,,,,,,
12/21/2019 19:00,12/21/2019 20:00,12.808,,,,,,,,,,,
12/21/2019 20:00,12/21/2019 21:00,13.031,,,,,,,,,,,
12/21/2019 21:00,12/21/2019 22:00,13.353,,,,,,,,,,,
12/21/2019 22:00,12/21/2019 23:00,13.882,,,,,,,,,,,
12/21/2019 23:00,12/22/2019 0:00,14.247,,,,,,,,,,,
12/22/2019 0:00,12/22/2019 1:00,15.015,,,,,,,,,,,
12/22/2019 1:00,12/22/2019 2:00,14.394,,,,,,,,,,,
12/22/2019 2:00,12/22/2019 3:00,14.479,,,,,,,,,,,
12/22/2019 3:00,12/22/2019 4:00,14.615,,,,,,,,,,,
12/22/2019 4:00,12/22/2019 5:00,14.394,,,,,,,,,,,
12/22/2019 5:00,12/22/2019 6:00,13.409,,,,,,,,,,,
12/22/2019 6:00,12/22/2019 7:00,12.385,,,,,,,,,,,
12/22/2019 7:00,12/22/2019 8:00,12.116,,,,,,,,,,,
12/22/2019 8:00,12/22/2019 9:00,12.865,,,,,,,,,,,
12/22/2019 9:00,12/22/2019 10:00,12.925,,,,,,,,,,,
12/22/2019 10:00,12/22/2019 11:00,13.368,,,,,,,,,,,
12/22/2019 11:00,12/22/2019 12:00,13.73,,,,,,,,,,,
12/22/2019 12:00,12/22/2019 13:00,13.598,,,,,,,,,,,
12/22/2019 13:00,12/22/2019 14:00,12.27,,,,,,,,,,,
12/22/2019 14:00,12/22/2019 15:00,11.153,,,,,,,,,,,
12/22/2019 15:00,12/22/2019 16:00,11.139,,,,,,,,,,,
12/22/2019 16:00,12/22/2019 17:00,11.052,,,,,,,,,,,
12/22/2019 17:00,12/22/2019 18:00,10.678,,,,,,,,,,,
12/22/2019 18:00,12/22/2019 19:00,10.229,,,,,,,,,,,
12/22/2019 19:00,12/22/2019 20:00,9.778,,,,,,,,,,,
12/22/2019 20:00,12/22/2019 21:00,9.119,,,,,,,,,,,
12/22/2019 21:00,12/22/2019 22:00,8.682,,,,,,,,,,,
12/22/2019 22:00,12/22/2019 23:00,8.082,,,,,,,,,,,
12/22/2019 23:00,12/23/2019 0:00,7.503,,,,,,,,,,,
12/23/2019 0:00,12/23/2019 1:00,7.007,,,,,,,,,,,
12/23/2019 1:00,12/23/2019 2:00,6.631,,,,,,,,,,,
12/23/2019 2:00,12/23/2019 3:00,6.148,,,,,,,,,,,
12/23/2019 3:00,12/23/2019 4:00,5.526,,,,,,,,,,,
12/23/2019 4:00,12/23/2019 5:00,4.907,,,,,,,,,,,
12/23/2019 5:00,12/23/2019 6:00,4.32,,,,,,,,,,,
12/23/2019 6:00,12/23/2019 7:00,3.979,,,,,,,,,,,
12/23/2019 7:00,12/23/2019 8:00,3.878,,,,,,,,,,,
12/23/2019 8:00,12/23/2019 9:00,3.716,,,,,,,,,,,
12/23/2019 9:00,12/23/2019 10:00,3.374,,,,,,,,,,,
12/23/2019 10:00,12/23/2019 11:00,2.999,,,,,,,,,,,
12/23/2019 11:00,12/23/2019 12:00,2.707,,,,,,,,,,,
12/23/2019 12:00,12/23/2019 13:00,2.482,,,,,,,,,,,
12/23/2019 13:00,12/23/2019 14:00,2.35,,,,,,,,,,,
12/23/2019 14:00,12/23/2019 15:00,2.238,,,,,,,,,,,
12/23/2019 15:00,12/23/2019 16:00,2.23,,,,,,,,,,,
12/23/2019 16:00,12/23/2019 17:00,2.285,,,,,,,,,,,
12/23/2019 17:00,12/23/2019 18:00,2.238,,,,,,,,,,,
12/23/2019 18:00,12/23/2019 19:00,2.281,,,,,,,,,,,
12/23/2019 19:00,12/23/2019 20:00,2.525,,,,,,,,,,,
12/23/2019 20:00,12/23/2019 21:00,2.565,,,,,,,,,,,
12/23/2019 21:00,12/23/2019 22:00,2.723,,,,,,,,,,,
12/23/2019 22:00,12/23/2019 23:00,3.162,,,,,,,,,,,
12/23/2019 23:00,12/24/2019 0:00,2.756,,,,,,,,,,,
12/24/2019 0:00,12/24/2019 1:00,2.763,,,,,,,,,,,
12/24/2019 1:00,12/24/2019 2:00,2.683,,,,,,,,,,,
12/24/2019 2:00,12/24/2019 3:00,2.578,,,,,,,,,,,
12/24/2019 3:00,12/24/2019 4:00,2.66,,,,,,,,,,,
12/24/2019 4:00,12/24/2019 5:00,2.798,,,,,,,,,,,
12/24/2019 5:00,12/24/2019 6:00,2.649,,,,,,,,,,,
12/24/2019 6:00,12/24/2019 7:00,2.523,,,,,,,,,,,
12/24/2019 7:00,12/24/2019 8:00,2.475,,,,,,,,,,,
12/24/2019 8:00,12/24/2019 9:00,2.652,,,,,,,,,,,
12/24/2019 9:00,12/24/2019 10:00,2.545,,,,,,,,,,,
12/24/2019 10:00,12/24/2019 11:00,2.378,,,,,,,,,,,
12/24/2019 11:00,12/24/2019 12:00,2.161,,,,,,,,,,,
12/24/2019 12:00,12/24/2019 13:00,1.891,,,,,,,,,,,
12/24/2019 13:00,12/24/2019 14:00,1.639,,,,,,,,,,,
12/24/2019 14:00,12/24/2019 15:00,1.348,,,,,,,,,,,
12/24/2019 15:00,12/24/2019 16:00,1.07,,,,,,,,,,,
12/24/2019 16:00,12/24/2019 17:00,0.865,,,,,,,,,,,
12/24/2019 17:00,12/24/2019 18:00,0.796,,,,,,,,,,,
12/24/2019 18:00,12/24/2019 19:00,0.779,,,,,,,,,,,
12/24/2019 19:00,12/24/2019 20:00,0.816,,,,,,,,,,,
12/24/2019 20:00,12/24/2019 21:00,0.875,,,,,,,,,,,
12/24/2019 21:00,12/24/2019 22:00,1.035,,,,,,,,,,,
12/24/2019 22:00,12/24/2019 23:00,1.249,,,,,,,,,,,
12/24/2019 23:00,12/25/2019 0:00,1.553,,,,,,,,,,,
12/25/2019 0:00,12/25/2019 1:00,1.749,,,,,,,,,,,
12/25/2019 1:00,12/25/2019 2:00,1.797,,,,,,,,,,,
12/25/2019 2:00,12/25/2019 3:00,1.973,,,,,,,,,,,
12/25/2019 3:00,12/25/2019 4:00,2.146,,,,,,,,,,,
12/25/2019 4:00,12/25/2019 5:00,2.469,,,,,,,,,,,
12/25/2019 5:00,12/25/2019 6:00,2.755,,,,,,,,,,,
12/25/2019 6:00,12/25/2019 7:00,2.954,,,,,,,,,,,
12/25/2019 7:00,12/25/2019 8:00,2.832,,,,,,,,,,,
12/25/2019 8:00,12/25/2019 9:00,2.542,,,,,,,,,,,
12/25/2019 9:00,12/25/2019 10:00,2.563,,,,,,,,,,,
12/25/2019 10:00,12/25/2019 11:00,2.848,,,,,,,,,,,
12/25/2019 11:00,12/25/2019 12:00,2.887,,,,,,,,,,,
12/25/2019 12:00,12/25/2019 13:00,2.797,,,,,,,,,,,
12/25/2019 13:00,12/25/2019 14:00,2.449,,,,,,,,,,,
12/25/2019 14:00,12/25/2019 15:00,2.192,,,,,,,,,,,
12/25/2019 15:00,12/25/2019 16:00,2.254,,,,,,,,,,,
12/25/2019 16:00,12/25/2019 17:00,2.232,,,,,,,,,,,
12/25/2019 17:00,12/25/2019 18:00,2.414,,,,,,,,,,,
12/25/2019 18:00,12/25/2019 19:00,2.753,,,,,,,,,,,
12/25/2019 19:00,12/25/2019 20:00,2.779,,,,,,,,,,,
12/25/2019 20:00,12/25/2019 21:00,2.823,,,,,,,,,,,
12/25/2019 21:00,12/25/2019 22:00,2.865,,,,,,,,,,,
12/25/2019 22:00,12/25/2019 23:00,2.875,,,,,,,,,,,
12/25/2019 23:00,12/26/2019 0:00,2.776,,,,,,,,,,,
12/26/2019 0:00,12/26/2019 1:00,2.693,,,,,,,,,,,
12/26/2019 1:00,12/26/2019 2:00,2.633,,,,,,,,,,,
12/26/2019 2:00,12/26/2019 3:00,2.679,,,,,,,,,,,
12/26/2019 3:00,12/26/2019 4:00,2.706,,,,,,,,,,,
12/26/2019 4:00,12/26/2019 5:00,2.892,,,,,,,,,,,
12/26/2019 5:00,12/26/2019 6:00,3.261,,,,,,,,,,,
12/26/2019 6:00,12/26/2019 7:00,3.488,,,,,,,,,,,
12/26/2019 7:00,12/26/2019 8:00,3.896,,,,,,,,,,,
12/26/2019 8:00,12/26/2019 9:00,4.502,,,,,,,,,,,
12/26/2019 9:00,12/26/2019 10:00,5.062,,,,,,,,,,,
12/26/2019 10:00,12/26/2019 11:00,5.658,,,,,,,,,,,
12/26/2019 11:00,12/26/2019 12:00,6.183,,,,,,,,,,,
12/26/2019 12:00,12/26/2019 13:00,6.787,,,,,,,,,,,
12/26/2019 13:00,12/26/2019 14:00,7.5,,,,,,,,,,,
12/26/2019 14:00,12/26/2019 15:00,8.096,,,,,,,,,,,
12/26/2019 15:00,12/26/2019 16:00,8.549,,,,,,,,,,,
12/26/2019 16:00,12/26/2019 17:00,9.092,,,,,,,,,,,
12/26/2019 17:00,12/26/2019 18:00,9.539,,,,,,,,,,,
12/26/2019 18:00,12/26/2019 19:00,9.612,,,,,,,,,,,
12/26/2019 19:00,12/26/2019 20:00,9.469,,,,,,,,,,,
12/26/2019 20:00,12/26/2019 21:00,9.625,,,,,,,,,,,
12/26/2019 21:00,12/26/2019 22:00,10.553,,,,,,,,,,,
12/26/2019 22:00,12/26/2019 23:00,10.409,,,,,,,,,,,
12/26/2019 23:00,12/27/2019 0:00,9.307,,,,,,,,,,,
12/27/2019 0:00,12/27/2019 1:00,8.155,,,,,,,,,,,
12/27/2019 1:00,12/27/2019 2:00,7.323,,,,,,,,,,,
12/27/2019 2:00,12/27/2019 3:00,6.668,,,,,,,,,,,
12/27/2019 3:00,12/27/2019 4:00,5.625,,,,,,,,,,,
12/27/2019 4:00,12/27/2019 5:00,4.878,,,,,,,,,,,
12/27/2019 5:00,12/27/2019 6:00,4.207,,,,,,,,,,,
12/27/2019 6:00,12/27/2019 7:00,3.909,,,,,,,,,,,
12/27/2019 7:00,12/27/2019 8:00,3.7,,,,,,,,,,,
12/27/2019 8:00,12/27/2019 9:00,3.664,,,,,,,,,,,
12/27/2019 9:00,12/27/2019 10:00,3.924,,,,,,,,,,,
12/27/2019 10:00,12/27/2019 11:00,4.204,,,,,,,,,,,
12/27/2019 11:00,12/27/2019 12:00,4.238,,,,,,,,,,,
12/27/2019 12:00,12/27/2019 13:00,4.463,,,,,,,,,,,
12/27/2019 13:00,12/27/2019 14:00,4.751,,,,,,,,,,,
12/27/2019 14:00,12/27/2019 15:00,4.811,,,,,,,,,,,
12/27/2019 15:00,12/27/2019 16:00,4.52,,,,,,,,,,,
12/27/2019 16:00,12/27/2019 17:00,4.724,,,,,,,,,,,
12/27/2019 17:00,12/27/2019 18:00,5.189,,,,,,,,,,,
12/27/2019 18:00,12/27/2019 19:00,6.145,,,,,,,,,,,
12/27/2019 19:00,12/27/2019 20:00,7.079,,,,,,,,,,,
12/27/2019 20:00,12/27/2019 21:00,9.116,,,,,,,,,,,
12/27/2019 21:00,12/27/2019 22:00,11.052,,,,,,,,,,,
12/27/2019 22:00,12/27/2019 23:00,11.869,,,,,,,,,,,
12/27/2019 23:00,12/28/2019 0:00,12.318,,,,,,,,,,,
12/28/2019 0:00,12/28/2019 1:00,12.896,,,,,,,,,,,
12/28/2019 1:00,12/28/2019 2:00,13.338,,,,,,,,,,,
12/28/2019 2:00,12/28/2019 3:00,14.024,,,,,,,,,,,
12/28/2019 3:00,12/28/2019 4:00,14.969,,,,,,,,,,,
12/28/2019 4:00,12/28/2019 5:00,16.123,,,,,,,,,,,
12/28/2019 5:00,12/28/2019 6:00,17.415,,,,,,,,,,,
12/28/2019 6:00,12/28/2019 7:00,19.128,,,,,,,,,,,
12/28/2019 7:00,12/28/2019 8:00,21.362,,,,,,,,,,,
12/28/2019 8:00,12/28/2019 9:00,23.977,,,,,,,,,,,
12/28/2019 9:00,12/28/2019 10:00,24.644,,,,,,,,,,,
12/28/2019 10:00,12/28/2019 11:00,25.628,,,,,,,,,,,
12/28/2019 11:00,12/28/2019 12:00,28.4,,,,,,,,,,,
12/28/2019 12:00,12/28/2019 13:00,28.774,,,,,,,,,,,
12/28/2019 13:00,12/28/2019 14:00,28.952,,,,,,,,,,,
12/28/2019 14:00,12/28/2019 15:00,28.797,,,,,,,,,,,
12/28/2019 15:00,12/28/2019 16:00,28.682,,,,,,,,,,,
12/28/2019 16:00,12/28/2019 17:00,28.395,,,,,,,,,,,
12/28/2019 17:00,12/28/2019 18:00,28.389,,,,,,,,,,,
12/28/2019 18:00,12/28/2019 19:00,28.405,,,,,,,,,,,
12/28/2019 19:00,12/28/2019 20:00,27.782,,,,,,,,,,,
12/28/2019 20:00,12/28/2019 21:00,27.011,,,,,,,,,,,
12/28/2019 21:00,12/28/2019 22:00,25.38,,,,,,,,,,,
12/28/2019 22:00,12/28/2019 23:00,24.83,,,,,,,,,,,
12/28/2019 23:00,12/29/2019 0:00,25.552,,,,,,,,,,,
12/29/2019 0:00,12/29/2019 1:00,24.1,,,,,,,,,,,
12/29/2019 1:00,12/29/2019 2:00,21.762,,,,,,,,,,,
12/29/2019 2:00,12/29/2019 3:00,20.618,,,,,,,,,,,
12/29/2019 3:00,12/29/2019 4:00,19.147,,,,,,,,,,,
12/29/2019 4:00,12/29/2019 5:00,17.941,,,,,,,,,,,
12/29/2019 5:00,12/29/2019 6:00,19.359,,,,,,,,,,,
12/29/2019 6:00,12/29/2019 7:00,20.918,,,,,,,,,,,
12/29/2019 7:00,12/29/2019 8:00,20.79,,,,,,,,,,,
12/29/2019 8:00,12/29/2019 9:00,18.603,,,,,,,,,,,
12/29/2019 9:00,12/29/2019 10:00,17.909,,,,,,,,,,,
12/29/2019 10:00,12/29/2019 11:00,14.217,,,,,,,,,,,
12/29/2019 11:00,12/29/2019 12:00,9.659,,,,,,,,,,,
12/29/2019 12:00,12/29/2019 13:00,5.689,,,,,,,,,,,
12/29/2019 13:00,12/29/2019 14:00,3.423,,,,,,,,,,,
12/29/2019 14:00,12/29/2019 15:00,1.629,,,,,,,,,,,
12/29/2019 15:00,12/29/2019 16:00,1.74,,,,,,,,,,,
12/29/2019 16:00,12/29/2019 17:00,3.383,,,,,,,,,,,
12/29/2019 17:00,12/29/2019 18:00,4.386,,,,,,,,,,,
12/29/2019 18:00,12/29/2019 19:00,3.951,,,,,,,,,,,
12/29/2019 19:00,12/29/2019 20:00,2.989,,,,,,,,,,,
12/29/2019 20:00,12/29/2019 21:00,2.081,,,,,,,,,,,
12/29/2019 21:00,12/29/2019 22:00,2.56,,,,,,,,,,,
12/29/2019 22:00,12/29/2019 23:00,3.784,,,,,,,,,,,
12/29/2019 23:00,12/30/2019 0:00,5.551,,,,,,,,,,,
12/30/2019 0:00,12/30/2019 1:00,7.515,,,,,,,,,,,
12/30/2019 1:00,12/30/2019 2:00,8.241,,,,,,,,,,,
12/30/2019 2:00,12/30/2019 3:00,8.141,,,,,,,,,,,
12/30/2019 3:00,12/30/2019 4:00,7.63,,,,,,,,,,,
12/30/2019 4:00,12/30/2019 5:00,7.151,,,,,,,,,,,
12/30/2019 5:00,12/30/2019 6:00,6.986,,,,,,,,,,,
12/30/2019 6:00,12/30/2019 7:00,8.006,,,,,,,,,,,
12/30/2019 7:00,12/30/2019 8:00,6.387,,,,,,,,,,,
12/30/2019 8:00,12/30/2019 9:00,4.637,,,,,,,,,,,
12/30/2019 9:00,12/30/2019 10:00,2.984,,,,,,,,,,,
12/30/2019 10:00,12/30/2019 11:00,1.555,,,,,,,,,,,
12/30/2019 11:00,12/30/2019 12:00,0.909,,,,,,,,,,,
12/30/2019 12:00,12/30/2019 13:00,1.476,,,,,,,,,,,
12/30/2019 13:00,12/30/2019 14:00,2.548,,,,,,,,,,,
12/30/2019 14:00,12/30/2019 15:00,3.358,,,,,,,,,,,
12/30/2019 15:00,12/30/2019 16:00,3.807,,,,,,,,,,,
12/30/2019 16:00,12/30/2019 17:00,3.791,,,,,,,,,,,
12/30/2019 17:00,12/30/2019 18:00,3.481,,,,,,,,,,,
12/30/2019 18:00,12/30/2019 19:00,2.802,,,,,,,,,,,
12/30/2019 19:00,12/30/2019 20:00,2.214,,,,,,,,,,,
12/30/2019 20:00,12/30/2019 21:00,2.132,,,,,,,,,,,
12/30/2019 21:00,12/30/2019 22:00,2.454,,,,,,,,,,,
12/30/2019 22:00,12/30/2019 23:00,2.946,,,,,,,,,,,
12/30/2019 23:00,12/31/2019 0:00,3.452,,,,,,,,,,,
12/31/2019 0:00,12/31/2019 1:00,4.069,,,,,,,,,,,
12/31/2019 1:00,12/31/2019 2:00,4.755,,,,,,,,,,,
12/31/2019 2:00,12/31/2019 3:00,6.278,,,,,,,,,,,
12/31/2019 3:00,12/31/2019 4:00,8.082,,,,,,,,,,,
12/31/2019 4:00,12/31/2019 5:00,10.525,,,,,,,,,,,
12/31/2019 5:00,12/31/2019 6:00,11.905,,,,,,,,,,,
12/31/2019 6:00,12/31/2019 7:00,15.326,,,,,,,,,,,
12/31/2019 7:00,12/31/2019 8:00,16.432,,,,,,,,,,,
12/31/2019 8:00,12/31/2019 9:00,17.528,,,,,,,,,,,
12/31/2019 9:00,12/31/2019 10:00,19.402,,,,,,,,,,,
12/31/2019 10:00,12/31/2019 11:00,19.813,,,,,,,,,,,
12/31/2019 11:00,12/31/2019 12:00,18.508,,,,,,,,,,,
12/31/2019 12:00,12/31/2019 13:00,16.659,,,,,,,,,,,
12/31/2019 13:00,12/31/2019 14:00,16.11,,,,,,,,,,,
12/31/2019 14:00,12/31/2019 15:00,16.071,,,,,,,,,,,
12/31/2019 15:00,12/31/2019 16:00,15.934,,,,,,,,,,,
12/31/2019 16:00,12/31/2019 17:00,15.086,,,,,,,,,,,
12/31/2019 17:00,12/31/2019 18:00,13.86,,,,,,,,,,,
12/31/2019 18:00,12/31/2019 19:00,11.866,,,,,,,,,,,
12/31/2019 19:00,12/31/2019 20:00,9.493,,,,,,,,,,,
12/31/2019 20:00,12/31/2019 21:00,7.2,,,,,,,,,,,
12/31/2019 21:00,12/31/2019 22:00,5.762,,,,,,,,,,,
12/31/2019 22:00,12/31/2019 23:00,4.474,,,,,,,,,,,
12/31/2019 23:00,1/1/2020 0:00,3.124,,,,,,,,,,,
